time_s,LoPE,LaPE,VPE,LoPL_adjusted,LaPL_adjusted,VPL_adjusted
0.00000000,0.08305306,0.00479673,0.12490000,0.86640550,0.22082361,0.94084592
0.10000014,0.09302845,0.00455165,0.15790000,0.86321528,0.22401997,0.97083101
0.20000005,0.10343290,0.00944748,0.16980000,0.85257502,0.23147522,0.96870966
0.30000019,0.09335360,0.03830920,0.18810000,0.85435822,0.27017978,0.97472209
0.40100002,0.01719304,0.02338588,0.03010000,0.73053772,0.25471282,0.78120508
0.50100017,0.01487562,0.02645762,0.04010000,0.72351500,0.25967449,0.80985055
0.60100007,0.01352720,0.02008046,0.02410000,0.70367811,0.26030479,0.80051693
0.70099998,0.00774110,0.02169621,0.03010000,0.72007009,0.25893683,0.80905955
0.80100012,0.01326799,0.02175340,0.04400000,0.72422019,0.25851427,0.79731806
0.90100002,0.01031618,0.02224941,0.04510000,0.70645843,0.25834246,0.81192088
1.00100017,0.01166071,0.02590034,0.07310000,0.73002708,0.26511610,0.89449120
1.10100007,0.01775402,0.01736101,0.05910000,0.74122512,0.25657022,0.83537232
1.20099998,0.01448101,0.01592672,0.05900000,0.72924742,0.25872247,0.84254289
1.30100012,0.01790850,0.01477111,0.02700000,0.72837792,0.23998795,0.80260015
1.40100002,0.02476513,0.01756839,0.05800000,0.72648839,0.25211006,0.82423362
1.50100017,0.01647364,0.01411450,0.05200000,0.73061970,0.23922219,0.81891102
1.60200000,0.01344260,0.00124764,0.05900000,0.72533095,0.22134145,0.82917237
1.70200014,0.01711073,0.00274099,0.07100000,0.72295332,0.22700759,0.88310871
1.80200005,0.02289575,0.00714666,0.07900000,0.72138734,0.23423004,0.86043054
1.90200019,0.02589952,0.00625578,0.07400000,0.71709555,0.23569934,0.83512543
2.00200009,0.01922090,0.00960870,0.07900000,0.69300296,0.22922977,0.83910973
2.10200000,0.01273751,0.00713833,0.08000000,0.69199641,0.22541610,0.81814625
2.20200014,0.02198383,0.01201712,0.09400000,0.71504295,0.22812229,0.81608650
2.30200005,0.02774392,0.01945982,0.08500000,0.77579258,0.24419332,0.79652491
2.40200019,0.03216245,0.01651899,0.07510000,0.81020918,0.24116545,0.81210216
2.50200009,0.02484045,0.01627490,0.06000000,0.81997430,0.24456666,0.80828493
2.60200000,0.01590659,0.01223276,0.05100000,0.73355879,0.22864146,0.76133216
2.70300007,0.01384749,0.01835693,0.06110000,0.70617365,0.24359979,0.83720963
2.80299997,0.01728790,0.00766605,0.04400000,0.68457018,0.21405806,0.77603656
2.90300012,0.02299223,0.00506729,0.03900000,0.68164328,0.20560677,0.76208167
3.00300002,0.03020074,0.00442776,0.05900000,0.70626470,0.21028868,0.81345289
3.10300016,0.03248690,0.00467775,0.07590000,0.70029474,0.20637847,0.83044151
3.20300007,0.01746470,0.00126261,0.02800000,0.64462162,0.19925644,0.73809596
3.30299997,0.01531583,0.00027433,0.01500000,0.68963751,0.19880412,0.74911530
3.40300012,0.01585174,0.00411367,0.01000000,0.73184664,0.20714570,0.75735785
3.50300002,0.01744443,0.01173422,0.01600000,0.74484638,0.21600004,0.80721925
3.60300016,0.01562324,0.01274850,0.00710000,0.74658608,0.21472262,0.75360684
3.70300007,0.01036943,0.01942872,0.01600000,0.70727999,0.23024878,0.77673773
3.80400014,0.00488516,0.01984377,0.00410000,0.67069514,0.23699267,0.73490703
3.90400004,0.00318424,0.01443990,0.01800000,0.64983885,0.22322691,0.78224653
4.00400019,0.00597725,0.00236697,0.00300000,0.64225643,0.21633732,0.75219756
4.10400009,0.01022595,0.00214243,0.01200000,0.60922811,0.21263388,0.72428749
4.20400000,0.02044854,0.00430085,0.00900000,0.65812325,0.21123733,0.72615885
4.30400014,0.01864238,0.00602593,0.00300000,0.65255338,0.20835772,0.71876163
4.40400004,0.01946916,0.00845470,0.00700000,0.68716838,0.21493124,0.71584859
4.50400019,0.01485813,0.01086490,0.01400000,0.67888534,0.21440559,0.73897644
4.60400009,0.00811539,0.00989901,0.02490000,0.61773796,0.21486278,0.74469497
4.70400000,0.00314793,0.01013265,0.02790000,0.63761610,0.21981272,0.74529706
4.80400014,0.00310480,0.01272479,0.03400000,0.66661165,0.22795539,0.76397433
4.90499997,0.00454198,0.00520292,0.03590000,0.64642900,0.21579912,0.78589646
5.00500011,0.00607408,0.02770984,0.01390000,0.66819491,0.25003726,0.76873422
5.10500002,0.00524042,0.00334485,0.02000000,0.66022352,0.22424674,0.77412844
5.20500016,0.00200160,0.02360664,0.02290000,0.68033861,0.25339513,0.78303412
5.30500007,0.00184682,0.00028153,0.02900000,0.67216753,0.21682609,0.78800416
5.40499997,0.00484451,0.00159081,0.02800000,0.65233944,0.21633037,0.81276293
5.50500011,0.00443500,0.02585461,0.03390000,0.63474693,0.25415800,0.82660623
5.60500002,0.00232233,0.00078536,0.02300000,0.61458669,0.22098151,0.77634012
5.70500016,0.00346972,0.01956019,0.01990000,0.62329747,0.25527534,0.77265330
5.80500007,0.00760205,0.00038584,0.00800000,0.64641375,0.22484576,0.72824442
5.90499997,0.00419824,0.00192219,0.01600000,0.64657810,0.23186277,0.74517534
6.00600004,0.00296866,0.02766382,0.02190000,0.64612352,0.27484839,0.76658396
6.10600019,0.00253066,0.02630068,0.03390000,0.66259758,0.26912662,0.82096465
6.20600009,0.00206320,0.02513649,0.03690000,0.66428338,0.26731160,0.82535873
6.30599999,0.00235593,0.02517339,0.03590000,0.67605299,0.26757197,0.83515280
6.40600014,0.00034078,0.02099843,0.03090000,0.62966114,0.25816542,0.76778943
6.50600004,0.00279302,0.01908321,0.03600000,0.63033596,0.25924448,0.80717564
6.60600019,0.00003428,0.01339585,0.05090000,0.64227968,0.24141538,0.77858514
6.70600009,0.00313728,0.01563354,0.04700000,0.64456350,0.24080412,0.81214770
6.80599999,0.00259006,0.01573631,0.02990000,0.65508821,0.23449847,0.73803425
6.90600014,0.00053116,0.00711884,0.04000000,0.66325906,0.21769748,0.81804392
7.00600004,0.00521810,0.00830491,0.03000000,0.69866424,0.20841054,0.76058410
7.10700011,0.01276627,0.01488329,0.02490000,0.77860605,0.21436700,0.74562099
7.20700002,0.01587237,0.02474405,0.02390000,0.79119067,0.23521007,0.76174608
7.30700016,0.01695869,0.02488319,0.01990000,0.76465716,0.23782904,0.76573952
7.40700006,0.00621583,0.02294261,0.04400000,0.76239386,0.23844900,0.82535445
7.50699997,0.00595568,0.02341410,0.03890000,0.75969620,0.23988140,0.80007237
7.60700011,0.00587020,0.00788611,0.02400000,0.76067147,0.22118846,0.77058062
7.70700002,0.00553369,0.00411561,0.02500000,0.76951008,0.20956781,0.80360688
7.80700016,0.00614046,0.00328553,0.01800000,0.74248087,0.20848865,0.81212862
7.90700006,0.00643797,0.00251645,0.01700000,0.74391930,0.20017604,0.82767513
8.00699997,0.00604348,0.01294783,0.02500000,0.75336755,0.21125330,0.81956072
8.10700011,0.00593229,0.01464711,0.02200000,0.78609527,0.20889017,0.80741406
8.20700002,0.00481631,0.01632186,0.02590000,0.79523446,0.21019199,0.78751725
8.30800009,0.00146408,0.01650898,0.03490000,0.74862928,0.20932570,0.80805072
8.40799999,0.00022779,0.01998194,0.04290000,0.76122298,0.22373409,0.83471199
8.50800014,0.00000744,0.02267355,0.04590000,0.79135489,0.22442673,0.81280871
8.60800004,0.00259228,0.02315729,0.05190000,0.77192416,0.22784443,0.82124555
8.70800018,0.00176922,0.02467083,0.04990000,0.77280673,0.23090432,0.81156256
8.80800009,0.00000258,0.01451206,0.04490000,0.78233788,0.20020273,0.82795234
8.90799999,0.00434444,0.01767416,0.03790000,0.78204398,0.20412145,0.84723111
9.00800014,0.00274474,0.01999391,0.04590000,0.75639810,0.22259971,0.83479523
9.10800004,0.00166595,0.02137088,0.04290000,0.78104358,0.21860057,0.83418711
9.20800018,0.00188888,0.01958474,0.04490000,0.77277196,0.21624974,0.86147412
9.30800009,0.00010230,0.01694313,0.04990000,0.77468422,0.19403891,0.87215892
9.40900016,0.00020170,0.01776174,0.04890000,0.78138654,0.19336093,0.85908523
9.50900006,0.00250170,0.02085070,0.05190000,0.81186775,0.21228990,0.84277964
9.60899997,0.00036330,0.01969665,0.04990000,0.80503895,0.20235627,0.84236373
9.70900011,0.00245188,0.02206622,0.05390000,0.77507627,0.20117036,0.86568652
9.80900002,0.00248889,0.02317014,0.05790000,0.80479929,0.20696840,0.86848251
9.90900016,0.00131037,0.02422422,0.06190000,0.79580180,0.21398483,0.91284517
10.00900006,0.00196263,0.01576446,0.05790000,0.81039345,0.20363403,0.86609276
10.10899997,0.00541076,0.01559018,0.05490000,0.79838478,0.20802421,0.86272378
10.20900011,0.00356240,0.01425094,0.05990000,0.79511563,0.20410798,0.91480160
10.30900002,0.00400886,0.01390356,0.05890000,0.80806808,0.20473921,0.92049854
10.40900016,0.00241849,0.01612454,0.05890000,0.83009790,0.21256945,0.90367513
10.50999999,0.00179832,0.01866725,0.06090000,0.83471465,0.22110208,0.94939529
10.61000013,0.00545727,0.01841923,0.06690000,0.86338398,0.21847810,0.92147695
10.71000004,0.00211158,0.01618614,0.07390000,0.82098319,0.20714669,0.97559777
10.81000018,0.00215992,0.00933942,0.06600000,0.79932318,0.20313547,0.89904184
10.91000009,0.00430582,0.00990959,0.06200000,0.81032631,0.20142390,0.89165109
11.00999999,0.00749387,0.01181914,0.06000000,0.83899750,0.20988265,0.86064319
11.11000013,0.00656363,0.01200536,0.05800000,0.83775963,0.21011001,0.88816171
11.21000004,0.00733315,0.01472158,0.06490000,0.79064804,0.21297998,0.89113647
11.31000018,0.00533661,0.01699178,0.06990000,0.78875821,0.22117315,0.90092209
11.41000009,0.00188899,0.02039097,0.07390000,0.73991939,0.22846471,0.90919559
11.50999999,0.00277784,0.02130924,0.06790000,0.70946822,0.23984373,0.85965003
11.61100006,0.00335041,0.00868186,0.06400000,0.71277274,0.22053411,0.85888015
11.71099997,0.00217174,0.00682155,0.06000000,0.72788179,0.20902852,0.87164895
11.81100011,0.00295174,0.00863292,0.06100000,0.71928140,0.20695834,0.89913013
11.91100001,0.00329893,0.01069191,0.06590000,0.69815805,0.22041953,0.89084743
12.01100016,0.00303844,0.01116324,0.06400000,0.70360609,0.22936718,0.87030430
12.11100006,0.00471268,0.01792319,0.06500000,0.71821515,0.23473254,0.87133626
12.21099997,0.00415447,0.01755108,0.06590000,0.69852733,0.24237366,0.86032909
12.31100011,0.00585371,0.01846900,0.07090000,0.77903150,0.24918726,0.85926773
12.41100001,0.00754070,0.01545502,0.07190000,0.76742277,0.25065175,0.86140132
12.51100016,0.00636234,0.01520693,0.06490000,0.75684931,0.25357090,0.84427725
12.61100006,0.00404274,0.01602549,0.06490000,0.69739081,0.25751100,0.88138300
12.71200013,0.00391522,0.01701855,0.06990000,0.70332186,0.25799405,0.89009882
12.81200004,0.00980934,0.00697329,0.06590000,0.78581977,0.24508371,0.87545621
12.91200018,0.00957379,0.00643992,0.06400000,0.75309687,0.24068412,0.85926756
13.01200008,0.01375415,0.00283429,0.06700000,0.76143370,0.23290883,0.85975423
13.11199999,0.01553757,0.00870195,0.06590000,0.74712979,0.22656251,0.86133614
13.21200013,0.01258421,0.01135507,0.07100000,0.74799488,0.24466011,0.86300347
13.31200004,0.00986652,0.00970627,0.07300000,0.71832706,0.22332320,0.84696413
13.41200018,0.00566297,0.00786771,0.07700000,0.71077944,0.21903741,0.85572592
13.51200008,0.00424205,0.00007068,0.08700000,0.67878023,0.20688733,0.91349508
13.61199999,0.00339906,0.00057997,0.08500000,0.67520498,0.20777320,0.88035909
13.71200013,0.00326592,0.00432594,0.07200000,0.66510819,0.20714278,0.84910926
13.81299996,0.00005067,0.00120309,0.07000000,0.64846183,0.19930986,0.85439002
13.91300011,0.00025806,0.00275380,0.07300000,0.65131001,0.20513761,0.86371905
14.01300001,0.00017296,0.00102960,0.07200000,0.63267601,0.20859066,0.85010278
14.11300015,0.00022337,0.00017350,0.07000000,0.65521013,0.20937904,0.85184271
14.21300006,0.00013417,0.00213354,0.06700000,0.64716597,0.21010462,0.85635561
14.31299996,0.00155644,0.00765425,0.05100000,0.67698022,0.22205556,0.86393194
14.41300011,0.00285982,0.00852299,0.04590000,0.69829858,0.22433463,0.86875230
14.51300001,0.00176880,0.00596752,0.05200000,0.67938074,0.22254969,0.86916922
14.61300015,0.00079376,0.00009973,0.06300000,0.70648626,0.20496171,0.89560858
14.71300006,0.00094280,0.00028485,0.05300000,0.69998968,0.20444262,0.87248965
14.81299996,0.00780821,0.00516254,0.04910000,0.75053315,0.21668485,0.85707803
14.91300011,0.00533029,0.00628076,0.04000000,0.72199989,0.22415618,0.82695692
15.01400018,0.00124981,0.00750253,0.05310000,0.69405009,0.22131620,0.82488810
15.11400008,0.00036714,0.00448946,0.05900000,0.68751911,0.21654132,0.84893513
15.21399999,0.00199990,0.00145959,0.05700000,0.71385634,0.21441215,0.83572849
15.31400013,0.00687005,0.00621710,0.08000000,0.77959875,0.21485161,0.86670383
15.41400003,0.00719836,0.00363780,0.05800000,0.75439887,0.21353103,0.83153033
15.51400018,0.00482880,0.00878082,0.05310000,0.70891378,0.21814293,0.83910787
15.61400008,0.00890241,0.01081421,0.06800000,0.76022916,0.22688599,0.86774871
15.71399999,0.01080484,0.00773533,0.09500000,0.76595172,0.20549057,0.93190091
15.81400013,0.00889609,0.00608519,0.07400000,0.76105343,0.20788961,0.87330434
15.91400003,0.00670999,0.00661181,0.09700000,0.75748159,0.20136083,0.94905385
16.01400018,0.00576920,0.00528454,0.08800000,0.71122408,0.19652292,0.95628935
16.11500001,0.00068632,0.00374286,0.08000000,0.69360267,0.19979322,0.89955950
16.21500015,0.00136018,0.02059611,0.07800000,0.68435105,0.23485200,0.89494278
16.31500006,0.00046599,0.00106904,0.08200000,0.70924497,0.20103210,0.90432151
16.41499996,0.00071160,0.00150453,0.08000000,0.72582531,0.20492530,0.89453452
16.51500010,0.00005110,0.01815922,0.07790000,0.71328855,0.23241787,0.89466790
16.61500001,0.00620750,0.00343320,0.08400000,0.71091939,0.20910802,0.89458795
16.71500015,0.00648317,0.01175706,0.07890000,0.72438200,0.22845788,0.87219042
16.81500006,0.00734244,0.00630782,0.07100000,0.71919967,0.21166014,0.87669027
16.91499996,0.00773904,0.00635982,0.06900000,0.77661318,0.21225083,0.88092370
17.01500010,0.01072211,0.01331940,0.06890000,0.79799047,0.23333489,0.86183893
17.11500001,0.00860776,0.00435390,0.06900000,0.78321430,0.21122497,0.86171261
17.21600008,0.00490043,0.01741137,0.06790000,0.71073780,0.23016352,0.86897346
17.31599998,0.00012820,0.01793498,0.06200000,0.70587282,0.23242439,0.83569079
17.41600013,0.00093508,0.01756860,0.06290000,0.69476859,0.21855538,0.81867970
17.51600003,0.00250941,0.01691753,0.07890000,0.68832024,0.21206274,0.82736462
17.61600018,0.00152146,0.01704656,0.06890000,0.68820484,0.20471690,0.81376718
17.71600008,0.00203443,0.01869388,0.07190000,0.69389659,0.21289670,0.81542088
17.81599998,0.00013747,0.02196614,0.07190000,0.68918593,0.22230908,0.82036860
17.91600013,0.00098081,0.02770484,0.06890000,0.67978703,0.21876822,0.83067061
18.01600003,0.00048014,0.01607263,0.06000000,0.67415041,0.20222080,0.81568342
18.11600018,0.00258885,0.01368020,0.05890000,0.70538197,0.20815465,0.83368959
18.21600008,0.00641132,0.01358473,0.06000000,0.69919467,0.20877833,0.81220594
18.31700015,0.00472823,0.00765335,0.06400000,0.68928643,0.19039813,0.84117768
18.41700006,0.00555037,0.01551301,0.06000000,0.66452559,0.20964007,0.82467991
18.51699996,0.01012794,0.01965490,0.06590000,0.72795404,0.21262600,0.83126432
18.61700010,0.01679332,0.01586046,0.08600000,0.72664878,0.20268501,0.85261175
18.71700001,0.02210391,0.01556654,0.09790000,0.73338961,0.20498083,0.89070394
18.81700015,0.01804317,0.00994204,0.07800000,0.74438104,0.18520621,0.81173130
18.91700006,0.01159410,0.00150563,0.06290000,0.73834314,0.17942163,0.79467939
19.01699996,0.01102850,0.00026855,0.06600000,0.73849642,0.17443014,0.78928048
19.11700010,0.00982448,0.00199237,0.07200000,0.74064582,0.18548941,0.76908113
19.21700001,0.00914222,0.00202482,0.07500000,0.76977202,0.18795355,0.80574501
19.31700015,0.01207577,0.00435267,0.09590000,0.78183809,0.18396430,0.88035837
19.41799998,0.01507814,0.00114002,0.08400000,0.74248127,0.18395938,0.80144196
19.51800013,0.01630186,0.00046826,0.09700000,0.74790701,0.18254074,0.84310777
19.61800003,0.02168422,0.00680549,0.10500000,0.77491757,0.19312087,0.84324780
19.71800017,0.02236883,0.01731055,0.08490000,0.76969951,0.21720689,0.79450469
19.81800008,0.01145467,0.01411703,0.10500000,0.75386585,0.22014397,0.85322589
19.91799998,0.01203401,0.01534381,0.10190000,0.76841756,0.22545746,0.85850584
20.01800013,0.00959011,0.00759735,0.08690000,0.77451983,0.19876609,0.84682969
20.11800003,0.00606632,0.00161237,0.09200000,0.72672342,0.18206697,0.84423415
20.21800017,0.00413881,0.00529814,0.07890000,0.75859923,0.18483833,0.77361973
20.31800008,0.00014971,0.00714336,0.07900000,0.76728548,0.18795894,0.77111201
20.41799998,0.00654206,0.01066309,0.07490000,0.78991956,0.18895809,0.76108125
20.51900005,0.00796604,0.01206657,0.07000000,0.78486956,0.20844376,0.76331793
20.61899996,0.00110334,0.01054147,0.07590000,0.75737398,0.20029049,0.77540514
20.71900010,0.00531061,0.01169519,0.08890000,0.77265921,0.22103381,0.84224572
20.81900001,0.00539072,0.01299462,0.08890000,0.77451370,0.22446390,0.83895443
20.91900015,0.00549165,0.01234916,0.06990000,0.76342703,0.22408584,0.79302265
21.01900005,0.00890965,0.01241282,0.05990000,0.80000324,0.23080497,0.78722470
21.11899996,0.00791998,0.00854599,0.06900000,0.76606351,0.21901163,0.78887646
21.21900010,0.01196063,0.01293613,0.07590000,0.83053598,0.22868555,0.79640145
21.31900001,0.01061988,0.01608596,0.06890000,0.81929324,0.23135748,0.79294682
21.41900015,0.00833309,0.01728929,0.06000000,0.76998385,0.23238061,0.76880434
21.51900005,0.01018025,0.01704032,0.05690000,0.81814110,0.23358080,0.77607873
21.62000012,0.00871039,0.00493043,0.04800000,0.77430161,0.20670980,0.76210641
21.72000003,0.00228063,0.00190754,0.03800000,0.77513074,0.21085394,0.72711768
21.82000017,0.00077479,0.00049970,0.03400000,0.78518761,0.20838259,0.72176653
21.92000008,0.00072261,0.00655727,0.04800000,0.75860421,0.21834766,0.74009927
22.01999998,0.00109897,0.00307445,0.05400000,0.74218938,0.21714881,0.75883678
22.12000012,0.00174356,0.00356230,0.05100000,0.71765750,0.22169614,0.77459748
22.22000003,0.00591416,0.00713812,0.04800000,0.73196070,0.22587759,0.80179914
22.32000017,0.00728444,0.01063283,0.05000000,0.74752074,0.23751465,0.76894057
22.42000008,0.00702891,0.01118903,0.04800000,0.74228429,0.23846709,0.76071811
22.51999998,0.00179886,0.00728382,0.07300000,0.73802080,0.22904309,0.79851258
22.62000012,0.00083686,0.00786318,0.06900000,0.72722953,0.23054185,0.79089356
22.72100019,0.00278022,0.00792152,0.07900000,0.70907683,0.22978228,0.77427785
22.82100010,0.00172090,0.00593705,0.08990000,0.71256827,0.21977613,0.82469108
22.92100000,0.00548005,0.00035931,0.05500000,0.68730230,0.21792807,0.77551841
23.02100015,0.00504068,0.00092278,0.06200000,0.68528108,0.22007611,0.75636656
23.12100005,0.00573344,0.00346809,0.05600000,0.66474914,0.23076275,0.72780901
23.22100019,0.00090341,0.00090766,0.06600000,0.65458588,0.22959874,0.74446243
23.32100010,0.00052917,0.00066331,0.06500000,0.66679111,0.23014717,0.76419901
23.42100000,0.00389689,0.00385542,0.07100000,0.67143004,0.23266289,0.72729731
23.52100015,0.00126141,0.00949678,0.06900000,0.63232892,0.25346317,0.75940807
23.62100005,0.00147018,0.01060276,0.05400000,0.62837791,0.25133325,0.72291345
23.72100019,0.00595975,0.00850244,0.04300000,0.66353228,0.23902468,0.71010957
23.82200003,0.00682973,0.00730444,0.04110000,0.63665780,0.22950895,0.70528048
23.92200017,0.00386329,0.00873470,0.03700000,0.60986359,0.22673024,0.70419707
24.02200007,0.00210159,0.01013278,0.03200000,0.61415652,0.23280125,0.71203330
24.12199998,0.00360562,0.01007023,0.03700000,0.64427079,0.23496896,0.67584415
24.22200012,0.00458425,0.00885634,0.04100000,0.66096692,0.22319030,0.69181037
24.32200003,0.00771885,0.00529522,0.05410000,0.69972943,0.22114138,0.68664063
24.42200017,0.01067697,0.00658045,0.05700000,0.69751714,0.21960257,0.69293731
24.52200007,0.00556661,0.00582948,0.06500000,0.65315657,0.22195377,0.69432868
24.62199998,0.00604530,0.00466844,0.06100000,0.69432466,0.21778751,0.70346797
24.72200012,0.00613272,0.00278563,0.07800000,0.67427208,0.20942435,0.77065416
24.82200003,0.00983846,0.00073127,0.05800000,0.73739303,0.21278972,0.73547176
24.92200017,0.00893095,0.00253932,0.05010000,0.72895974,0.21845799,0.76412055
25.02300000,0.00980285,0.00224593,0.04700000,0.73400593,0.21841638,0.75306765
25.12300014,0.00852376,0.00530994,0.06200000,0.73310673,0.20824853,0.75540548
25.22300005,0.01480563,0.00483666,0.08800000,0.76135472,0.21377532,0.81806609
25.32300019,0.01747774,0.00727315,0.09000000,0.74888525,0.21467853,0.79860219
25.42300010,0.02018112,0.00719043,0.08800000,0.73251844,0.21266396,0.79629763
25.52300000,0.00947832,0.01156077,0.09900000,0.71630919,0.23378312,0.80430657
25.62300014,0.01581233,0.01159570,0.09400000,0.75381166,0.22555641,0.80756179
25.72300005,0.00550717,0.00927152,0.10500000,0.70091567,0.22485573,0.83209022
25.82300019,0.00198829,0.00924158,0.10900000,0.69985065,0.21546453,0.86649484
25.92300010,0.00705508,0.00960812,0.09800000,0.69298763,0.21545054,0.84424974
26.02300000,0.00007101,0.01397015,0.07900000,0.70906139,0.22312425,0.72419186
26.12400007,0.00830924,0.01274192,0.07900000,0.71292571,0.22233633,0.73466145
26.22399998,0.00655618,0.00775026,0.08000000,0.74384187,0.22281465,0.73128583
26.32400012,0.01012097,0.00907667,0.07810000,0.76516475,0.22571347,0.76053411
26.42400002,0.00815363,0.00948780,0.06710000,0.68344399,0.22241644,0.74901294
26.52400017,0.01076490,0.01030373,0.08500000,0.71805105,0.22232604,0.82278861
26.62400007,0.01155683,0.00948312,0.08010000,0.74081727,0.21834790,0.74472774
26.72399998,0.00265963,0.00521310,0.08010000,0.68142912,0.22393665,0.77440404
26.82400012,0.01120912,0.01076873,0.06900000,0.73027577,0.23567955,0.75124035
26.92400002,0.00947562,0.01618372,0.05910000,0.72280097,0.24806396,0.73776575
27.02400017,0.00371935,0.02062102,0.05410000,0.69115577,0.25583297,0.75929049
27.12400007,0.00400096,0.02129419,0.04910000,0.67351638,0.26218386,0.73984658
27.22500014,0.00302507,0.03905047,0.06790000,0.66821301,0.28513319,0.77841412
27.32500005,0.00320713,0.02127849,0.06410000,0.62587825,0.25069147,0.75603770
27.42500019,0.00016812,0.03914769,0.06990000,0.63450771,0.28376845,0.77213752
27.52500010,0.00156373,0.03537958,0.06290000,0.65040959,0.27430154,0.76526764
27.62500000,0.00380749,0.02634147,0.05710000,0.65733274,0.26392748,0.75755378
27.72500014,0.00511088,0.02733220,0.05190000,0.63299789,0.27000913,0.74806266
27.82500005,0.00323940,0.03425239,0.05410000,0.64104259,0.28225152,0.75208330
27.92500019,0.00609700,0.02615180,0.05490000,0.61470189,0.26559070,0.73325948
28.02500010,0.00919092,0.02973259,0.05290000,0.67178955,0.27223033,0.72078371
28.12500000,0.01029774,0.03183326,0.05210000,0.67596059,0.26583621,0.72030934
28.22500014,0.01089145,0.03287090,0.05190000,0.69019110,0.27216587,0.73328685
28.32599998,0.00538424,0.03405496,0.07090000,0.63738251,0.26907769,0.71115355
28.42600012,0.00444022,0.03415266,0.07790000,0.63421880,0.25991290,0.71258229
28.52600002,0.00590226,0.03342833,0.08990000,0.63063359,0.26026918,0.78202944
28.62600017,0.00980403,0.03420762,0.08390000,0.67633949,0.25127903,0.74122903
28.72600007,0.00671359,0.03706936,0.09180000,0.61665374,0.25584903,0.72968968
28.82599998,0.00887456,0.03230375,0.07290000,0.65719810,0.24595169,0.67313593
28.92600012,0.01272981,0.03178367,0.06590000,0.65447061,0.25050085,0.66691771
29.02600002,0.01361178,0.02928975,0.05390000,0.65090462,0.24869425,0.67183943
29.12600017,0.01459391,0.02842495,0.05090000,0.62011283,0.24424536,0.70738897
29.22600007,0.00320305,0.02489820,0.06000000,0.58191961,0.23529517,0.71794393
29.32599998,0.00333287,0.02361317,0.06590000,0.55872285,0.21048154,0.71474570
29.42700005,0.00370568,0.02437618,0.06490000,0.58038161,0.21443543,0.72014035
29.52700019,0.00222693,0.02388914,0.07090000,0.58953536,0.22529178,0.74990528
29.62700009,0.00154726,0.02340440,0.06800000,0.61051245,0.22504623,0.78205028
29.72700000,0.00004683,0.02753630,0.07390000,0.60754865,0.23887065,0.77409159
29.82700014,0.00247626,0.02731425,0.07290000,0.62435482,0.23705991,0.76423245
29.92700005,0.00249539,0.02721219,0.07290000,0.59733025,0.23333692,0.77674379
30.02700019,0.00300908,0.02048110,0.05700000,0.61162504,0.20509941,0.74913393
30.12700009,0.00254600,0.01811844,0.04800000,0.60175033,0.20600636,0.72250196
30.22700000,0.00688469,0.02094591,0.05990000,0.63255430,0.21055130,0.72859518
30.32700014,0.00877279,0.02101804,0.06190000,0.68573380,0.21795157,0.72679590
30.42700005,0.01058186,0.02168581,0.05900000,0.69688539,0.21637954,0.74828546
30.52800012,0.01117450,0.02309352,0.06590000,0.68808548,0.22678749,0.75951973
30.62800002,0.00853519,0.02383591,0.06690000,0.69334708,0.22760235,0.78648945
30.72800016,0.00203194,0.01978386,0.07800000,0.60911853,0.21132949,0.84428583
30.82800007,0.00357571,0.01738115,0.07690000,0.61467319,0.20328976,0.85556571
30.92799997,0.00476144,0.00765367,0.06100000,0.60857225,0.19099654,0.81891569
31.02800012,0.00393625,0.01198148,0.05300000,0.63276835,0.20146619,0.82066215
31.12800002,0.00382002,0.01065352,0.04990000,0.61091324,0.18996217,0.81940086
31.22800016,0.00389024,0.00733253,0.06300000,0.59304727,0.18951395,0.82750225
31.32800007,0.00416987,0.00676995,0.06200000,0.60660700,0.18694771,0.81991723
31.42799997,0.01025669,0.00937498,0.06100000,0.62806778,0.19121816,0.83961614
31.52800012,0.00735242,0.00915980,0.06690000,0.59902223,0.19250861,0.85182633
31.62800002,0.00786911,0.00904030,0.06590000,0.57464054,0.19075433,0.84396945
31.72900009,0.01017863,0.01049597,0.07400000,0.64135797,0.18504487,0.92542183
31.82900000,0.01580601,0.01001698,0.07200000,0.63960685,0.18378612,0.87188374
31.92900014,0.00735365,0.00836743,0.09000000,0.59111514,0.19107881,0.91525552
32.02900004,0.00226189,0.00246046,0.07300000,0.61131605,0.19206373,0.89959485
32.12900019,0.00323888,0.00200242,0.07200000,0.61826218,0.19355698,0.83062479
32.22900009,0.00258176,0.00102689,0.06100000,0.63405048,0.18560265,0.81958058
32.32900000,0.00341487,0.00251767,0.05810000,0.62072260,0.19486834,0.80034799
32.42900014,0.00862986,0.00354479,0.06310000,0.65893527,0.19433106,0.80163858
32.52900004,0.00823574,0.00360175,0.06100000,0.65882440,0.19367211,0.78060446
32.62900019,0.00853535,0.00223782,0.05400000,0.67259602,0.18241044,0.73675816
32.72900009,0.00670459,0.00281576,0.05400000,0.61279370,0.18549684,0.72245346
32.83000016,0.00742793,0.01211139,0.04810000,0.60701898,0.19345192,0.74029768
32.93000007,0.00420239,0.01412445,0.04800000,0.59748928,0.19943296,0.73612431
33.02999997,0.00052019,0.01509866,0.05300000,0.60010943,0.19596859,0.73098076
33.13000011,0.00029626,0.01685504,0.04910000,0.61183774,0.21803799,0.74240975
33.23000002,0.00521152,0.01325368,0.04600000,0.62545231,0.19428402,0.73128281
33.33000016,0.00920258,0.00766306,0.05200000,0.66732467,0.17734979,0.72322009
33.43000007,0.00935913,0.00347948,0.05800000,0.65089071,0.16807171,0.74203498
33.52999997,0.00956164,0.00343438,0.06100000,0.66367383,0.17075936,0.73311421
33.63000011,0.00964798,0.00331007,0.05610000,0.67030419,0.16062536,0.69921244
33.73000002,0.00422732,0.01359926,0.05110000,0.64661119,0.17918831,0.68314904
33.83000016,0.00455092,0.01607666,0.04200000,0.67073716,0.18258441,0.69100965
33.93099999,0.00479814,0.01684452,0.04410000,0.66449781,0.18223130,0.69430490
34.03100014,0.00696723,0.01820653,0.03810000,0.66154289,0.20179802,0.67320681
34.13100004,0.01179435,0.01790931,0.04410000,0.72165959,0.20124288,0.65802982
34.23100019,0.01510868,0.01157315,0.03410000,0.73685581,0.18449232,0.62605247
34.33100009,0.00950322,0.01017540,0.05000000,0.76349616,0.18508846,0.64121025
34.43099999,0.01036086,0.01104412,0.04710000,0.72158763,0.18994188,0.63406538
34.53100014,0.00710326,0.00976441,0.05810000,0.71971178,0.18245455,0.62454009
34.63100004,0.00789057,0.01085075,0.06000000,0.72807651,0.18558951,0.61335465
34.73100019,0.00914258,0.01530435,0.07610000,0.78011429,0.19004589,0.70591619
34.83100009,0.00786306,0.01551684,0.07410000,0.72415651,0.19489921,0.70654561
34.93099999,0.00978581,0.01367508,0.06810000,0.77248249,0.18963526,0.68902624
35.03200006,0.00636084,0.01323479,0.05910000,0.75543250,0.18058556,0.69462480
35.13199997,0.00146486,0.01676855,0.06700000,0.72091995,0.17773121,0.69411944
35.23200011,0.00355315,0.02252232,0.07410000,0.74595923,0.19393023,0.75694853
35.33200002,0.00771752,0.02496998,0.08310000,0.76418630,0.20180837,0.77237558
35.43200016,0.00543297,0.02707495,0.08210000,0.77120932,0.20732053,0.74886172
35.53200006,0.00336460,0.02194560,0.08310000,0.79370637,0.20354235,0.78694201
35.63199997,0.00360973,0.02332423,0.08310000,0.81618980,0.20272131,0.80098429
35.73200011,0.00160380,0.02897029,0.07310000,0.81534287,0.20728152,0.79937354
35.83200002,0.00151865,0.02449109,0.06010000,0.81246511,0.20358656,0.74485829
35.93200016,0.00191482,0.02554102,0.05710000,0.82906800,0.21165698,0.73454631
36.03200006,0.00230481,0.02709959,0.05510000,0.81469327,0.20866877,0.73544534
36.13199997,0.00286476,0.02842610,0.05410000,0.80983683,0.22167320,0.72070948
36.23300004,0.00463294,0.02091640,0.05610000,0.81695021,0.20935986,0.70427792
36.33300018,0.00682674,0.02581173,0.04710000,0.81863891,0.23375298,0.70792792
36.43300009,0.00780639,0.03477514,0.03010000,0.81448864,0.24468967,0.69004436
36.53299999,0.00601345,0.03488565,0.03610000,0.83080595,0.24899374,0.69818319
36.63300014,0.00652990,0.03591170,0.03420000,0.85598856,0.24613228,0.69549145
36.73300004,0.01031856,0.02670931,0.03410000,0.90420641,0.24177377,0.70383193
36.83300018,0.01650196,0.02083280,0.03010000,0.90446247,0.22210439,0.68708458
36.93300009,0.01266685,0.02140399,0.03810000,0.90180775,0.23851750,0.65965404
37.03299999,0.01279180,0.01517299,0.03710000,0.91325575,0.22614946,0.66182858
37.13300014,0.01423071,0.01347913,0.03310000,0.93733758,0.22637513,0.64373524
37.23300004,0.01528081,0.01134491,0.03700000,0.92920054,0.21962530,0.63630980
37.33400011,0.01138235,0.01662053,0.07110000,0.90305472,0.22867067,0.68258547
37.43400002,0.00729669,0.01807701,0.07500000,0.83034228,0.23074064,0.71988675
37.53400016,0.00665865,0.01951467,0.08210000,0.86429831,0.23445222,0.74518178
37.63400006,0.00878329,0.01881233,0.07310000,0.89265327,0.23285701,0.70914004
37.73399997,0.00874013,0.01901868,0.08310000,0.87599731,0.23493832,0.77899677
37.83400011,0.00451614,0.01756856,0.10110000,0.83776823,0.23268841,0.78454562
37.93400002,0.00056083,0.01862594,0.10710000,0.83938641,0.22951254,0.78838333
38.03400016,0.00171283,0.02373344,0.08500000,0.84071109,0.24889958,0.75087344
38.13400006,0.00279284,0.02379706,0.07410000,0.82341181,0.25546854,0.67803516
38.23399997,0.00148295,0.02054023,0.06500000,0.85278414,0.25720044,0.66899871
38.33400011,0.00475259,0.02472778,0.07010000,0.82815550,0.27033267,0.65438962
38.43500018,0.00617618,0.00248492,0.07100000,0.81633383,0.23958610,0.65931071
38.53500009,0.00833790,0.00206869,0.07390000,0.83041968,0.23077578,0.65888665
38.63499999,0.00832844,0.02613536,0.07310000,0.83752272,0.26745716,0.65950383
38.73500013,0.00733163,0.00531482,0.07700000,0.80488474,0.23883563,0.63715031
38.83500004,0.00764977,0.02702316,0.06710000,0.78365473,0.27503693,0.63298640
38.93500018,0.01084447,0.00503661,0.06400000,0.80655143,0.23695566,0.64030184
39.03500009,0.01187832,0.00707075,0.06300000,0.79951611,0.23095968,0.64522557
39.13499999,0.01452166,0.03303727,0.05110000,0.81974964,0.26703100,0.64504664
39.23500013,0.00732893,0.01006711,0.05400000,0.77770952,0.22605471,0.66682409
39.33500004,0.00078906,0.02866736,0.05910000,0.73677198,0.24941530,0.68810393
39.43500018,0.00510584,0.00098511,0.06200000,0.73669878,0.20486737,0.71742230
39.53500009,0.00242766,0.00219920,0.06700000,0.75233656,0.20675540,0.69768814
39.63600016,0.00013608,0.00017743,0.05900000,0.75791795,0.19566594,0.66274639
39.73600006,0.00450120,0.00147959,0.07900000,0.73113409,0.20196105,0.70266259
39.83599997,0.00302385,0.00649125,0.08400000,0.70791333,0.21499525,0.72473037
39.93600011,0.00035623,0.00869040,0.07400000,0.71513516,0.21335444,0.72473720
40.03600001,0.00004242,0.00662859,0.07800000,0.72262576,0.20925616,0.75762957
40.13600016,0.00003352,0.00702132,0.07800000,0.70120260,0.20810026,0.73940175
40.23600006,0.00662414,0.00686737,0.08310000,0.74633687,0.20049930,0.74517435
40.33599997,0.00660017,0.00778767,0.08700000,0.74789502,0.20092927,0.77241144
40.43600011,0.00603474,0.00748879,0.08210000,0.74018860,0.19793967,0.76646128
40.53600001,0.00403620,0.00716303,0.09300000,0.72082061,0.20143210,0.81376145
40.63700008,0.00477430,0.00834423,0.09310000,0.72516385,0.19760255,0.83093955
40.73699999,0.00439751,0.00902840,0.07500000,0.72773144,0.20367932,0.73985421
40.83700013,0.00452460,0.01073536,0.07300000,0.72756704,0.21033247,0.76281379
40.93700004,0.00308794,0.01590298,0.06500000,0.70224515,0.21108034,0.72829354
41.03700018,0.00258888,0.01752791,0.06210000,0.69032614,0.23243310,0.74836850
41.13700008,0.00343460,0.01715994,0.06210000,0.66479660,0.23170791,0.75185267
41.23699999,0.00064877,0.01433977,0.06200000,0.66369499,0.21186383,0.76666305
41.33700013,0.01073773,0.00545080,0.06410000,0.68677279,0.20294523,0.76457097
41.43700004,0.00862563,0.00453525,0.06500000,0.69125347,0.20191782,0.78880529
41.53700018,0.00072532,0.00006255,0.08900000,0.67213743,0.19371750,0.84001270
41.63700008,0.00090754,0.00109379,0.09000000,0.71436980,0.19496770,0.89017777
41.73699999,0.00836166,0.01049441,0.05700000,0.74299063,0.20660130,0.79195543
41.83800006,0.01012760,0.01483549,0.04810000,0.76952911,0.20746774,0.78400614
41.93799996,0.01212590,0.01933630,0.05410000,0.79345110,0.22739680,0.75801421
42.03800011,0.00828530,0.02365066,0.06910000,0.75650048,0.23049840,0.77843510
42.13800001,0.00922366,0.02428259,0.06910000,0.76548614,0.23245610,0.77242446
42.23800015,0.00670506,0.02497843,0.06610000,0.77602999,0.23093241,0.74668800
42.33800006,0.00053118,0.02078600,0.07210000,0.73102124,0.22255088,0.76287232
42.43799996,0.00009968,0.01669012,0.07410000,0.76658055,0.21327470,0.75530907
42.53800011,0.00125414,0.01552634,0.08510000,0.76114026,0.19785475,0.77146571
42.63800001,0.00210755,0.01691414,0.08710000,0.75651498,0.21473675,0.82796488
42.73800015,0.00090520,0.01576327,0.10410000,0.77847451,0.21028782,0.84176939
42.83800006,0.00037664,0.01484413,0.08510000,0.78016038,0.20902129,0.76752666
42.93900013,0.00252391,0.01407693,0.07500000,0.79314907,0.20477699,0.70189016
43.03900003,0.00330173,0.00812087,0.04800000,0.77494190,0.19762468,0.68243999
43.13900018,0.00054583,0.00916254,0.04900000,0.75501283,0.19843165,0.67838410
43.23900008,0.00303234,0.01494172,0.07310000,0.78095883,0.19966306,0.71477510
43.33899999,0.00580385,0.01750787,0.07800000,0.81718630,0.21919014,0.77274178
43.43900013,0.00546825,0.01825235,0.07200000,0.79810915,0.22804737,0.71958484
43.53900003,0.00006462,0.01902461,0.05000000,0.77278691,0.22624811,0.72077971
43.63900018,0.00404548,0.02153588,0.03700000,0.75790067,0.22287187,0.71975091
43.73900008,0.00021111,0.01927707,0.03610000,0.72332588,0.22521331,0.72128861
43.83899999,0.00120270,0.01844244,0.04400000,0.71553618,0.21091949,0.78977981
43.93900013,0.00633684,0.01879427,0.05310000,0.76632867,0.20989099,0.77527295
44.03999996,0.00709156,0.02025240,0.05210000,0.80182195,0.22966349,0.78056046
44.14000010,0.01005992,0.01916659,0.05510000,0.79907545,0.22389590,0.76111837
44.24000001,0.00315495,0.01258754,0.04400000,0.76908952,0.20567640,0.74180088
44.34000015,0.00062762,0.01381688,0.04600000,0.75356896,0.21244391,0.73422024
44.44000006,0.00087924,0.01561912,0.05210000,0.77096776,0.21256164,0.77207744
44.53999996,0.00181563,0.01721260,0.05300000,0.76976088,0.20745059,0.74945012
44.64000010,0.00210223,0.01899265,0.05000000,0.77450404,0.22297719,0.74385717
44.74000001,0.00215964,0.01371517,0.05900000,0.74577343,0.20419433,0.71295556
44.84000015,0.00415281,0.01895822,0.05110000,0.80347401,0.21839109,0.69507724
44.94000006,0.00374783,0.02061247,0.04610000,0.72129730,0.22118319,0.68758156
45.03999996,0.00317154,0.02066667,0.05310000,0.70996630,0.21644911,0.71501157
45.14100003,0.00119610,0.02153647,0.04910000,0.72570570,0.22241790,0.70875624
45.24100018,0.00232689,0.01106190,0.05300000,0.71745132,0.20155225,0.72035714
45.34100008,0.00342472,0.01096318,0.05100000,0.75518885,0.20162547,0.73127869
45.44099998,0.00248721,0.00249475,0.06000000,0.71223520,0.19670103,0.72866918
45.54100013,0.00116490,0.00751286,0.04400000,0.70612514,0.20884617,0.71998504
45.64100003,0.00073657,0.01074186,0.03900000,0.70140514,0.21388440,0.72304506
45.74100018,0.00161489,0.01668059,0.03410000,0.68287832,0.22040489,0.70794279
45.84100008,0.00472995,0.01540252,0.02810000,0.68240706,0.21231797,0.72619465
45.94099998,0.00632206,0.01409686,0.03410000,0.69775777,0.21241467,0.77290660
46.04100013,0.00727000,0.01483938,0.04800000,0.71444638,0.21095507,0.78395770
46.14100003,0.00765150,0.01527922,0.04710000,0.71642270,0.22134012,0.78425754
46.24100018,0.00028810,0.01336290,0.06400000,0.68209246,0.20966761,0.80030217
46.34200001,0.00132447,0.01459780,0.06110000,0.65908654,0.20492385,0.80736892
46.44200015,0.00499119,0.01464473,0.05810000,0.71630361,0.20092301,0.79673733
46.54200006,0.00674166,0.01422673,0.06100000,0.70316670,0.19395123,0.80795254
46.64199996,0.00708853,0.01670457,0.06110000,0.69804109,0.20242160,0.80125294
46.74200010,0.00193485,0.02525978,0.07210000,0.64277859,0.22761402,0.83535921
46.84200001,0.00209794,0.02787200,0.06510000,0.65782728,0.22855477,0.81115974
46.94200015,0.00156742,0.02715572,0.05610000,0.66196141,0.23102161,0.76041434
47.04200006,0.00316108,0.01406156,0.04700000,0.67065250,0.20003703,0.74418567
47.14199996,0.00365880,0.01397080,0.04610000,0.65542900,0.19567017,0.76233772
47.24200010,0.00050381,0.00946288,0.05200000,0.67945070,0.19317770,0.73787708
47.34200001,0.00013113,0.00429334,0.05200000,0.67631549,0.19195274,0.72219595
47.44300008,0.00198926,0.00412587,0.04600000,0.69647645,0.18943095,0.70387984
47.54299998,0.00064261,0.00405056,0.05200000,0.67703207,0.19455112,0.66017370
47.64300013,0.00063664,0.00456012,0.05100000,0.67604671,0.19419594,0.67406692
47.74300003,0.00771519,0.00487912,0.06010000,0.69316286,0.18933421,0.66710863
47.84300017,0.00027098,0.00950876,0.07000000,0.65140284,0.19340556,0.73783531
47.94300008,0.00154301,0.01212226,0.05910000,0.64359247,0.19572976,0.71563806
48.04299998,0.00011973,0.01971283,0.05310000,0.64403972,0.21714648,0.70539303
48.14300013,0.00055068,0.02095965,0.05200000,0.63706481,0.22157764,0.71056436
48.24300003,0.00096498,0.01650572,0.05300000,0.63580536,0.21698739,0.67780021
48.34300017,0.00354112,0.01735830,0.06000000,0.61702265,0.22886606,0.66087350
48.44300008,0.00550386,0.01661468,0.06000000,0.66042387,0.22564889,0.65796691
48.54400015,0.00374394,0.01618372,0.06500000,0.62240261,0.22559845,0.65495736
48.64400005,0.00425040,0.01506433,0.05910000,0.65361984,0.20926762,0.63886224
48.74399996,0.00049572,0.01282241,0.06900000,0.61702711,0.20788832,0.67691342
48.84400010,0.00135673,0.01664209,0.05900000,0.61738176,0.22479221,0.67181103
48.94400001,0.00584807,0.01455885,0.04710000,0.66872175,0.21068475,0.67593214
49.04400015,0.00721082,0.01368554,0.03910000,0.65798592,0.21359749,0.69042574
49.14400005,0.00947405,0.01060059,0.04710000,0.61167534,0.21082535,0.67454525
49.24399996,0.00287335,0.01368626,0.07000000,0.54661033,0.20830411,0.69798732
49.34400010,0.00881694,0.01512453,0.07400000,0.58415258,0.23194088,0.73143623
49.44400001,0.00410793,0.01422163,0.06410000,0.58457454,0.24393604,0.65174306
49.54400015,0.00177082,0.01265244,0.06500000,0.56078537,0.23488563,0.67327165
49.64499998,0.00258005,0.01219153,0.06500000,0.59185133,0.24069373,0.64584701
49.74500012,0.00803095,0.00428998,0.07690000,0.64276448,0.23201321,0.68764838
49.84500003,0.01515420,0.02013232,0.09210000,0.64919053,0.25681339,0.70274088
49.94500017,0.01037671,0.00436851,0.08700000,0.64316518,0.23165220,0.68809167
50.04500008,0.00687087,0.02506075,0.07500000,0.63611311,0.25817079,0.68000654
50.14499998,0.00809289,0.02526490,0.07310000,0.65134837,0.26627066,0.66147797
50.24500012,0.00006086,0.00417688,0.05400000,0.59674708,0.23360824,0.62795750
50.34500003,0.00037064,0.02146771,0.06810000,0.57484044,0.25890816,0.68225469
50.44500017,0.00052124,0.00122813,0.05400000,0.56632790,0.22807340,0.69831355
50.54500008,0.00093874,0.02866494,0.05710000,0.55785098,0.26556716,0.72903609
50.64499998,0.00049656,0.02710726,0.06310000,0.57557142,0.25858000,0.76241963
50.74600005,0.00015906,0.00266359,0.05300000,0.59979950,0.22444036,0.74726485
50.84600019,0.00367839,0.00719441,0.05190000,0.60728663,0.23930242,0.80428398
50.94600010,0.00768109,0.01015287,0.05190000,0.64923584,0.24330080,0.83192948
51.04600000,0.00434476,0.00777001,0.05190000,0.65287449,0.24066432,0.83980225
51.14600015,0.00084173,0.00614341,0.04800000,0.63521030,0.23807527,0.84865769
51.24600005,0.00503979,0.00935738,0.05090000,0.67974458,0.23905034,0.86206458
51.34600019,0.00087537,0.01275828,0.04900000,0.62569838,0.24566067,0.87269316
51.44600010,0.00139387,0.00807138,0.04800000,0.66052118,0.23436356,0.89236294
51.54600000,0.00153543,0.00434309,0.05800000,0.67572951,0.23114238,0.90231396
51.64600015,0.00112332,0.00247753,0.05790000,0.65981422,0.23127224,0.90545135
51.74600005,0.00060120,0.00249170,0.06400000,0.69847000,0.22471823,0.89577461
51.84700012,0.00298240,0.00659964,0.06790000,0.72080843,0.23185536,0.85894581
51.94700003,0.00213595,0.00479559,0.06200000,0.72949987,0.22732954,0.83957484
52.04700017,0.00319348,0.00022728,0.05600000,0.74747480,0.22447421,0.81706596
52.14700007,0.00286848,0.00047096,0.05400000,0.76815493,0.21967539,0.78306053
52.24699998,0.00399262,0.00327246,0.05900000,0.76362097,0.22295613,0.82340260
52.34700012,0.00226753,0.00213502,0.06800000,0.77781319,0.20609622,0.80601268
52.44700003,0.00325348,0.00081539,0.07300000,0.78206541,0.20697736,0.81604705
52.54700017,0.00047110,0.00232982,0.06590000,0.78502040,0.19943525,0.81549109
52.64700007,0.00507117,0.00147418,0.06900000,0.82427643,0.19940026,0.80111720
52.74699998,0.00320493,0.00009169,0.09000000,0.76849747,0.19379639,0.88893815
52.84700012,0.00110163,0.00452509,0.08200000,0.77144983,0.19537622,0.90363563
52.94700003,0.00037296,0.01300426,0.08010000,0.75857468,0.21933054,0.85620299
53.04800010,0.00336922,0.01360766,0.06810000,0.77343893,0.22078496,0.83507691
53.14800000,0.00314019,0.01034984,0.06410000,0.77433690,0.20520177,0.84013479
53.24800014,0.00144626,0.01166226,0.07110000,0.74729723,0.21615595,0.85266932
53.34800005,0.00511768,0.01398926,0.07110000,0.81427011,0.22590081,0.84855139
53.44800019,0.00615214,0.01426188,0.06510000,0.81277189,0.22913785,0.83776151
53.54800010,0.00248183,0.01325332,0.07210000,0.76735733,0.22849389,0.81380243
53.64800000,0.00207256,0.01437340,0.07210000,0.74997339,0.22653463,0.80509696
53.74800014,0.00147696,0.01493012,0.06510000,0.73025501,0.22339907,0.78155843
53.84800005,0.00058622,0.01638128,0.06310000,0.70653973,0.22486421,0.79402172
53.94800019,0.00209799,0.01646719,0.06300000,0.70463477,0.22042826,0.76150058
54.04800010,0.00642559,0.01380441,0.06410000,0.74567918,0.21717021,0.75345826
54.14900017,0.00529097,0.01334375,0.06300000,0.71511597,0.22153925,0.73869785
54.24900007,0.00770824,0.01349789,0.07210000,0.75340527,0.21390800,0.74337926
54.34899998,0.00895825,0.01391437,0.08200000,0.76839214,0.21945081,0.79904047
54.44900012,0.01135624,0.01421604,0.07900000,0.78634308,0.21998629,0.75292502
54.54900002,0.00568669,0.00820436,0.09000000,0.73218283,0.20269026,0.80013077
54.64900017,0.00631855,0.00767372,0.09010000,0.77954442,0.20258903,0.78758656
54.74900007,0.00545412,0.00893603,0.08800000,0.74937664,0.20037268,0.79242023
54.84899998,0.00515169,0.01274167,0.06600000,0.70949263,0.21840225,0.75891620
54.94900012,0.00447365,0.01258874,0.06500000,0.68329209,0.21560092,0.76604763
55.04900002,0.00185752,0.01581612,0.06600000,0.68473725,0.21493731,0.77620870
55.14900017,0.00250319,0.01555069,0.06600000,0.68194157,0.21433695,0.77475160
55.25000000,0.00455334,0.00705316,0.07800000,0.67018556,0.18727585,0.80938525
55.35000014,0.01144495,0.00826941,0.08400000,0.76099448,0.18802922,0.85077956
55.45000005,0.01346269,0.00780230,0.08800000,0.74994393,0.20343932,0.88076238
55.55000019,0.00811085,0.00373016,0.08300000,0.69983430,0.20535547,0.91554387
55.65000010,0.00418234,0.00090995,0.07400000,0.67509297,0.20371660,0.86315463
55.75000000,0.00666599,0.00942150,0.06800000,0.67924588,0.21145374,0.85710372
55.85000014,0.00534789,0.01243584,0.05910000,0.68155245,0.21914420,0.84125599
55.95000005,0.00348025,0.00926757,0.05800000,0.67461990,0.21700367,0.83426726
56.05000019,0.00539612,0.01477910,0.06110000,0.68087184,0.23120058,0.83286587
56.15000010,0.00540130,0.01414659,0.06010000,0.67579199,0.22721663,0.82028473
56.25000000,0.00976565,0.01239686,0.05910000,0.67625878,0.22316230,0.82835474
56.35100007,0.01030960,0.00863494,0.06500000,0.71757744,0.21948527,0.79859407
56.45099998,0.01014846,0.00792078,0.06900000,0.69977608,0.21617091,0.79700864
56.55100012,0.00681854,0.00579720,0.07100000,0.68519349,0.21410763,0.80769725
56.65100002,0.00749288,0.00472830,0.07110000,0.68657708,0.21221394,0.81924059
56.75100017,0.00005630,0.00762147,0.07200000,0.70455916,0.21880233,0.82811731
56.85100007,0.00086119,0.01904070,0.05210000,0.71212352,0.24857294,0.81605453
56.95099998,0.00520803,0.02128677,0.04510000,0.73097631,0.24697115,0.77677459
57.05100012,0.00861158,0.02011817,0.04810000,0.73919549,0.24603139,0.78330242
57.15100002,0.00926227,0.01738535,0.05210000,0.72806461,0.24278975,0.78222212
57.25100017,0.00823791,0.01462658,0.06010000,0.69992911,0.23795189,0.77818102
57.35100007,0.00810929,0.01706134,0.05700000,0.67848168,0.24640227,0.76323694
57.45200014,0.00635287,0.01433322,0.05600000,0.69129460,0.24019564,0.74426823
57.55200005,0.01087077,0.00853853,0.06310000,0.67601706,0.20948006,0.73225689
57.65200019,0.01917984,0.00611421,0.06700000,0.72539237,0.20961527,0.73791468
57.75200009,0.02242825,0.00882120,0.06410000,0.71360296,0.21422160,0.74049545
57.85200000,0.01778605,0.01378101,0.05400000,0.70358819,0.23363541,0.73006219
57.95200014,0.01539128,0.01300302,0.05210000,0.71973024,0.23757072,0.70733601
58.05200005,0.02166365,0.00949137,0.05600000,0.73261577,0.22557003,0.69163324
58.15200019,0.02489829,0.00859564,0.05510000,0.73427592,0.22483640,0.68534253
58.25200009,0.02532806,0.00783962,0.05500000,0.73660761,0.23111073,0.67840762
58.35200000,0.02133054,0.00663234,0.06210000,0.76165386,0.23389737,0.68925934
58.45200014,0.01841262,0.00566175,0.06000000,0.76424557,0.23620096,0.68247132
58.55299997,0.01329297,0.00127550,0.06110000,0.72425490,0.22535088,0.66359952
58.65300012,0.00856138,0.00639944,0.06400000,0.76460740,0.22421937,0.63272546
58.75300002,0.01094854,0.00769867,0.06400000,0.77504139,0.22486809,0.64485423
58.85300016,0.00590652,0.00632480,0.05010000,0.75244036,0.21777803,0.65317122
58.95300007,0.00505654,0.00544714,0.04910000,0.73065988,0.21351741,0.66300740
59.05299997,0.00124506,0.00888706,0.06200000,0.71567391,0.21888244,0.65909571
59.15300012,0.00418909,0.00749276,0.06200000,0.72364918,0.21376006,0.65671712
59.25300002,0.00226165,0.00339631,0.04900000,0.71461791,0.20786413,0.67660167
59.35300016,0.00296115,0.00391556,0.05500000,0.70513000,0.19719061,0.69092730
59.45300007,0.00389452,0.00056809,0.06200000,0.70957293,0.19164326,0.69772185
59.55299997,0.00887992,0.00737544,0.06800000,0.74076523,0.19609143,0.74735892
59.65400004,0.01419026,0.00486174,0.06190000,0.74329140,0.19109805,0.69287596
59.75400019,0.01040970,0.01064980,0.05200000,0.75621717,0.19573606,0.69995211
59.85400009,0.00071384,0.00396742,0.05300000,0.73849643,0.19173217,0.68391118
59.95400000,0.00133958,0.00366818,0.05200000,0.73489560,0.18482946,0.68690714
60.05400014,0.00741433,0.00654506,0.07100000,0.72072350,0.19000620,0.77907586
60.15400004,0.00655323,0.00354897,0.07310000,0.71578305,0.18331397,0.75848746
60.25400019,0.01556291,0.00207262,0.07510000,0.74166130,0.19051174,0.77523142
60.35400009,0.03662873,0.00177082,0.06210000,0.83600677,0.19115999,0.71822540
60.45400000,0.04208516,0.00968190,0.04620000,0.84327236,0.19911843,0.72886497
60.55400014,0.04627598,0.01560716,0.04720000,0.82904131,0.20446597,0.74350544
60.65400004,0.05022661,0.01672418,0.04520000,0.85656404,0.20529036,0.74433761
60.75400019,0.03771964,0.01825730,0.04110000,0.86530601,0.22044593,0.75634729
60.85500002,0.02322579,0.01555901,0.04410000,0.83925208,0.20890002,0.76980454
60.95500016,0.01521550,0.02812345,0.04600000,0.76367883,0.22629627,0.77717285
61.05500007,0.01148443,0.01536353,0.03810000,0.75164510,0.20047396,0.77457894
61.15499997,0.00997251,0.01572384,0.03710000,0.75951706,0.20322747,0.79284676
61.25500011,0.02248024,0.02579319,0.04710000,0.81230214,0.22525137,0.81100369
61.35500002,0.02406612,0.02287142,0.04510000,0.79336875,0.21339767,0.80613256
61.45500016,0.02361613,0.02186225,0.04710000,0.75979318,0.21807174,0.80948022
61.55500007,0.01385966,0.02588745,0.04910000,0.68814792,0.22527289,0.81419953
61.65499997,0.00034234,0.02750151,0.05200000,0.66994628,0.23699583,0.83399200
61.75500011,0.01134111,0.02377034,0.05690000,0.64038380,0.22800592,0.85066494
61.85500002,0.01548671,0.02711202,0.05000000,0.66947486,0.23178047,0.82260224
61.95600009,0.00946719,0.02374579,0.04900000,0.68181812,0.22899367,0.82849421
62.05599999,0.00738082,0.02154283,0.04490000,0.69804109,0.22075604,0.80782274
62.15600014,0.00180315,0.02218938,0.04600000,0.71879228,0.21997776,0.81193220
62.25600004,0.00568706,0.02365708,0.03900000,0.72143219,0.22819159,0.79414707
62.35600019,0.00894041,0.02310409,0.03900000,0.72680779,0.22825924,0.77982391
62.45600009,0.01402480,0.02349883,0.03600000,0.74181700,0.23075270,0.75908484
62.55599999,0.01115610,0.02267910,0.04200000,0.74984622,0.23353503,0.76593266
62.65600014,0.01155192,0.01987267,0.05290000,0.74375352,0.22405001,0.77713331
62.75600004,0.01903141,0.01669747,0.05890000,0.74781270,0.22263890,0.78443334
62.85600019,0.03265741,0.01694678,0.05690000,0.80695369,0.21955859,0.78583161
62.95600009,0.03583689,0.01877118,0.05280000,0.80074095,0.22120703,0.78211073
63.05700016,0.02638497,0.02191833,0.05490000,0.79912711,0.24586662,0.79309620
63.15700006,0.01462178,0.02271571,0.05700000,0.76524530,0.25052278,0.79951807
63.25699997,0.01049758,0.02428952,0.05490000,0.76804847,0.25822542,0.81264315
63.35700011,0.00756728,0.02246188,0.05690000,0.76511913,0.25371387,0.77958065
63.45700002,0.01220189,0.02114436,0.06400000,0.75721384,0.25235967,0.83230026
63.55700016,0.01147549,0.02168578,0.06390000,0.77892429,0.24911041,0.82321444
63.65700006,0.01792627,0.02313804,0.05790000,0.78394109,0.24855738,0.79160420
63.75699997,0.02127423,0.02060721,0.05490000,0.77817937,0.25962444,0.74739912
63.85700011,0.02613314,0.01636792,0.05690000,0.80360794,0.23373637,0.79181716
63.95700002,0.01582734,0.01483864,0.06300000,0.76238265,0.23026324,0.78878286
64.05700016,0.01371672,0.01742675,0.06800000,0.76887826,0.23847221,0.76618612
64.15799999,0.01573442,0.02627695,0.06490000,0.76526196,0.25713685,0.75042010
64.25800014,0.01469125,0.02132902,0.05290000,0.73539056,0.24199897,0.69429434
64.35800004,0.00844898,0.02177096,0.04790000,0.72429012,0.24585114,0.69156913
64.45800018,0.01215685,0.02034063,0.04890000,0.73825318,0.25198038,0.70932404
64.55800009,0.01024869,0.01468381,0.04090000,0.74657476,0.22993589,0.67420519
64.65799999,0.01115519,0.01427626,0.03800000,0.76275976,0.22076050,0.67579719
64.75800014,0.01605327,0.01208605,0.03690000,0.76632480,0.21474019,0.66360087
64.85800004,0.01577206,0.01151052,0.03990000,0.77943585,0.21877286,0.66669646
64.95800018,0.01992710,0.01306755,0.03890000,0.77510787,0.22298591,0.67062358
65.05800009,0.02654178,0.01005704,0.03590000,0.82236101,0.22318749,0.64577373
65.15799999,0.02857255,0.00877151,0.03490000,0.80757687,0.22479275,0.64224319
65.25900006,0.02957435,0.00932351,0.05580000,0.79736367,0.22066180,0.70194070
65.35899997,0.02904584,0.00984018,0.05090000,0.80282536,0.21517411,0.66321816
65.45900011,0.02363682,0.01017254,0.04090000,0.83532823,0.21043860,0.65872950
65.55900002,0.01998748,0.00862906,0.04490000,0.78285703,0.21140175,0.67522464
65.65900016,0.02249542,0.00931484,0.04390000,0.81726854,0.21234248,0.68725685
65.75900006,0.02472218,0.00358104,0.03990000,0.80862383,0.20534467,0.67794900
65.85899997,0.02553509,0.00541563,0.04190000,0.80585215,0.20677551,0.66060461
65.95900011,0.02833881,0.00751010,0.03290000,0.79474067,0.21197551,0.64024190
66.05900002,0.02488577,0.00735312,0.02690000,0.82095425,0.21249602,0.64898165
66.15900016,0.02822366,0.00711303,0.03790000,0.83085528,0.20364419,0.64518424
66.25900006,0.03116724,0.00769826,0.04790000,0.82942840,0.19708680,0.67041164
66.35899997,0.02781803,0.01064037,0.04290000,0.85241066,0.19286310,0.67100526
66.46000004,0.02459818,0.01566108,0.03790000,0.84638453,0.21555428,0.69884415
66.56000018,0.03451875,0.01448296,0.03880000,0.83944026,0.21042999,0.71372760
66.66000009,0.03234066,0.01192525,0.03890000,0.82362863,0.20297509,0.69898085
66.75999999,0.03340632,0.00468805,0.03690000,0.82176027,0.19346426,0.72882043
66.86000013,0.02809085,0.00459067,0.03790000,0.80074507,0.18442568,0.73725673
66.96000004,0.01990532,0.00843554,0.03590000,0.79739153,0.18858903,0.73688027
67.06000018,0.01259029,0.01207040,0.03600000,0.73407376,0.18281552,0.73319501
67.16000009,0.01040086,0.00868575,0.05190000,0.75459151,0.17472675,0.79632275
67.25999999,0.00374838,0.00682859,0.05500000,0.74188798,0.17524212,0.83560715
67.36000013,0.00709628,0.00965882,0.05190000,0.73907529,0.17932662,0.83418468
67.46000004,0.00146953,0.00516628,0.05000000,0.74241775,0.17620772,0.82631111
67.56000018,0.00382319,0.00055065,0.04600000,0.75594351,0.17074970,0.80194930
67.66100001,0.01033398,0.00280335,0.04410000,0.76229613,0.16859254,0.80060265
67.76100016,0.00921921,0.00007853,0.04800000,0.74405078,0.16683667,0.84439374
67.86100006,0.01320628,0.00208666,0.04500000,0.75545169,0.16829296,0.79151974
67.96099997,0.01751779,0.00146180,0.02810000,0.79804705,0.17022940,0.77141613
68.06100011,0.02032296,0.00354224,0.03810000,0.79322681,0.17359873,0.77890191
68.16100001,0.01727709,0.00653008,0.03710000,0.70996716,0.17976487,0.78362770
68.26100016,0.01343504,0.00718261,0.02100000,0.71293150,0.18873838,0.77425215
68.36100006,0.00787020,0.00416053,0.01100000,0.70563464,0.19115559,0.73571307
68.46099997,0.00562322,0.00682198,0.02010000,0.68943253,0.19674754,0.73099267
68.56100011,0.00076952,0.01284943,0.02400000,0.64318635,0.20207240,0.71923194
68.66200018,0.00126121,0.01366050,0.02300000,0.65313091,0.21595932,0.71224343
68.76200008,0.00434303,0.00557657,0.03390000,0.66758076,0.19600821,0.70797828
68.86199999,0.00387504,0.00733717,0.03100000,0.68153453,0.19476097,0.71104740
68.96200013,0.00166474,0.01418163,0.03000000,0.65411510,0.21038750,0.72428863
69.06200004,0.00097836,0.01115808,0.02300000,0.68521734,0.20894413,0.73013875
69.16200018,0.01126968,0.01181331,0.02200000,0.66580989,0.20534566,0.71618095
69.26200008,0.00120175,0.00352219,0.01800000,0.66922564,0.19988965,0.70899273
69.36199999,0.00240120,0.01206707,0.02300000,0.65881642,0.21444028,0.67452910
69.46200013,0.01153959,0.01124846,0.02700000,0.62618992,0.22118415,0.68508644
69.56200004,0.00264913,0.01139658,0.02600000,0.62747086,0.21201944,0.64523028
69.66200018,0.00412827,0.01116949,0.02600000,0.64203655,0.21579280,0.65291594
69.76300001,0.00300372,0.02464605,0.02600000,0.63761421,0.24069478,0.63306894
69.86300015,0.00900582,0.02812748,0.02010000,0.66165484,0.24990529,0.60715242
69.96300006,0.01182506,0.02608482,0.01710000,0.68675448,0.25041710,0.63177458
70.06299996,0.01259657,0.03179397,0.02110000,0.69306298,0.25838007,0.63763418
70.16300011,0.00663926,0.03005545,0.02310000,0.68212268,0.26589978,0.64989282
70.26300001,0.00872275,0.01800455,0.03910000,0.67910311,0.24326109,0.67387237
70.36300015,0.00149007,0.01087703,0.05500000,0.70657580,0.24260907,0.72682340
70.46300006,0.00323381,0.00900902,0.06000000,0.72519613,0.24917603,0.72756268
70.56299996,0.00908255,0.00199932,0.06910000,0.75441402,0.24377092,0.72422861
70.66300011,0.00848982,0.01119031,0.06710000,0.73807602,0.25279587,0.75386384
70.76300001,0.01188298,0.01019779,0.07410000,0.73939994,0.25862344,0.74926167
70.86300015,0.01314822,0.00820515,0.08210000,0.73998728,0.25825091,0.74926614
70.96399999,0.01615649,0.01316389,0.08410000,0.71615392,0.26028642,0.74431645
71.06400013,0.02453847,0.01602446,0.08610000,0.74771883,0.25814019,0.73874460
71.16400003,0.04102674,0.01788034,0.08020000,0.80518568,0.27083604,0.74152995
71.26400018,0.05016983,0.01914674,0.08220000,0.84440488,0.26302726,0.74593327
71.36400008,0.05098059,0.01543468,0.08220000,0.84911645,0.25585060,0.72832213
71.46399999,0.06131538,0.01920714,0.07330000,0.85335353,0.25962803,0.73673010
71.56400013,0.05768628,0.01991213,0.06530000,0.89926005,0.25846314,0.74604995
71.66400003,0.06101310,0.01920237,0.06630000,0.93556179,0.26317776,0.74621485
71.76400018,0.04827945,0.03352365,0.05720000,0.91981845,0.28440216,0.75675532
71.86400008,0.04293893,0.02932130,0.05620000,0.91747695,0.27740453,0.75816868
71.96399999,0.04662582,0.02831754,0.05720000,0.89613740,0.27816759,0.77068738
72.06500006,0.04947859,0.03568627,0.05120000,0.90228870,0.27914494,0.72865883
72.16499996,0.05477768,0.03974199,0.04630000,0.87421428,0.28277033,0.67652919
72.26500010,0.06008633,0.01615093,0.04520000,0.89053120,0.25126847,0.67542434
72.36500001,0.05401523,0.04231684,0.03720000,0.85115677,0.28696843,0.64929935
72.46500015,0.04226231,0.01224080,0.03210000,0.83120221,0.24184255,0.65458589
72.56500006,0.03075006,0.04723689,0.01920000,0.83376550,0.27892061,0.63081263
72.66499996,0.01942615,0.04724155,0.02010000,0.75754221,0.27759820,0.65078263
72.76500010,0.01750662,0.00428232,0.01810000,0.76507604,0.22356670,0.64877884
72.86500001,0.01682423,0.05045191,0.01920000,0.75494185,0.28003067,0.69359262
72.96500015,0.01996171,0.00108631,0.02710000,0.75878813,0.22067325,0.74854128
73.06500006,0.01268593,0.05550538,0.02510000,0.74464469,0.28425267,0.71841881
73.16600013,0.00962969,0.00546527,0.02400000,0.73814967,0.22124382,0.70982683
73.26600003,0.01280681,0.00541161,0.02810000,0.77147050,0.22167221,0.71845761
73.36600018,0.02578667,0.00712515,0.03310000,0.78460076,0.22375534,0.73970158
73.46600008,0.04432108,0.01079313,0.03920000,0.84071654,0.21254172,0.74786414
73.56599998,0.04797131,0.01520176,0.04710000,0.83129577,0.20765460,0.80606069
73.66600013,0.04834577,0.01630634,0.04720000,0.80010414,0.21410677,0.83949876
73.76600003,0.03171127,0.00963304,0.04110000,0.80089550,0.20349174,0.77132734
73.86600018,0.03163191,0.00921208,0.04110000,0.80718734,0.20046989,0.76196717
73.96600008,0.03296958,0.00958628,0.03610000,0.81429873,0.19952512,0.76951617
74.06599998,0.02759859,0.01295214,0.03810000,0.78707378,0.20813717,0.77198508
74.16600013,0.02598681,0.01392429,0.03610000,0.74889174,0.21594760,0.77587349
74.26699996,0.01851533,0.01040012,0.03710000,0.74442974,0.19058666,0.83286533
74.36700010,0.01600722,0.00974365,0.03700000,0.70923648,0.18881737,0.81389177
74.46700001,0.01351867,0.00918998,0.03600000,0.72447164,0.18608756,0.81977650
74.56700015,0.01196855,0.00780089,0.03600000,0.73600960,0.18456053,0.83305175
74.66700006,0.01335088,0.00224590,0.03500000,0.69107257,0.18422513,0.84591620
74.76699996,0.01197817,0.00164421,0.03310000,0.66583744,0.18345936,0.86837247
74.86700010,0.00500788,0.00879893,0.03700000,0.66993731,0.19445002,0.84694416
74.96700001,0.00578595,0.00195009,0.03600000,0.67196424,0.18784656,0.83751033
75.06700015,0.01482422,0.00514709,0.02910000,0.69008789,0.19002637,0.84725853
75.16700006,0.01486645,0.00586419,0.02510000,0.71694150,0.18734111,0.82400844
75.26699996,0.00982894,0.00142897,0.02210000,0.71810269,0.17925504,0.84607566
75.36800003,0.00324791,0.00464016,0.03300000,0.71235476,0.17742083,0.90765404
75.46800017,0.00602191,0.00147871,0.03500000,0.73312510,0.17973124,0.95240819
75.56800008,0.00337056,0.00261139,0.03190000,0.76047281,0.18810585,0.96497571
75.66799998,0.00584531,0.00268559,0.02700000,0.76513721,0.19550092,0.96580669
75.76800013,0.01480410,0.00477268,0.01500000,0.78177860,0.20041497,0.93089266
75.86800003,0.00839906,0.00626544,0.01000000,0.77551805,0.20259008,0.92037228
75.96800017,0.00849289,0.01603655,0.00090000,0.79419781,0.21817591,0.90436767
76.06800008,0.01570305,0.01687111,0.00010000,0.78253657,0.22079947,0.88173174
76.16799998,0.02387347,0.01442212,0.00690000,0.78281142,0.20331621,0.90150753
76.26800013,0.02980960,0.01677253,0.00190000,0.83582188,0.23105932,0.87701446
76.36800003,0.03158624,0.01439825,0.00310000,0.84468616,0.21354119,0.87271953
76.46900010,0.02831538,0.01618423,0.00410000,0.82863113,0.22066978,0.85622982
76.56900001,0.01889237,0.01935092,0.00510000,0.76777064,0.25281377,0.87081518
76.66900015,0.01383838,0.01902733,0.00190000,0.77942446,0.25485908,0.86725393
76.76900005,0.01596546,0.01601013,0.01500000,0.78988129,0.23448272,0.85164126
76.86899996,0.01305781,0.01985331,0.01790000,0.76718628,0.24872607,0.88158582
76.96900010,0.00111365,0.03202140,0.00290000,0.72606068,0.26112735,0.83164429
77.06900001,0.00330267,0.03215497,0.00110000,0.72745276,0.26756306,0.81839326
77.16900015,0.00521523,0.03438970,0.00090000,0.73744509,0.26543512,0.83867252
77.26900005,0.01391109,0.02886540,0.01000000,0.72873136,0.25925594,0.85491849
77.36899996,0.00897350,0.02105627,0.00600000,0.70922772,0.26518570,0.83985886
77.46900010,0.00828669,0.01567899,0.00900000,0.72427829,0.25154413,0.87358620
77.56900001,0.01016795,0.01680068,0.00700000,0.71533142,0.24979513,0.90846338
77.67000008,0.01375975,0.00341309,0.00290000,0.70876614,0.23430164,0.90285526
77.76999998,0.00955844,0.02523363,0.01110000,0.71315867,0.26993737,0.89547406
77.87000012,0.00880832,0.02601353,0.01600000,0.71328816,0.27024232,0.91174298
77.97000003,0.01303584,0.01781339,0.01290000,0.72100074,0.25420735,0.86280748
78.07000017,0.01676063,0.01566178,0.01400000,0.72248717,0.25941559,0.86697969
78.17000008,0.02406324,0.01211489,0.01690000,0.72039891,0.25942223,0.89194887
78.26999998,0.03743863,0.00919288,0.00990000,0.76294801,0.25716580,0.83094531
78.37000012,0.04309307,0.00654502,0.00490000,0.76856133,0.25646161,0.79278362
78.47000003,0.04279119,0.00846606,0.00010000,0.77570819,0.25608811,0.75721805
78.57000017,0.03978782,0.00739655,0.00390000,0.78284137,0.25418936,0.74181034
78.67000008,0.04316732,0.00790205,0.00180000,0.76962557,0.24910209,0.73066940
78.77100015,0.04620183,0.01012328,0.00320000,0.78503038,0.24754523,0.72848403
78.87100005,0.04079878,0.01735683,0.00290000,0.78994108,0.24804739,0.71101190
78.97100019,0.03962048,0.02140906,0.01780000,0.78691006,0.26606864,0.75838361
79.07100010,0.04186122,0.02093749,0.02490000,0.78475968,0.27011268,0.77063905
79.17100000,0.03956123,0.01837496,0.02390000,0.79645183,0.25239106,0.77021515
79.27100015,0.03707044,0.02106140,0.01190000,0.79797227,0.27208383,0.68998282
79.37100005,0.03908849,0.02002324,0.01690000,0.76028729,0.24628732,0.72235632
79.47100019,0.04614516,0.02291559,0.01680000,0.74212117,0.25821559,0.73147441
79.57100010,0.04867964,0.02095286,0.01090000,0.76248595,0.24510859,0.71997729
79.67100000,0.04895187,0.02079241,0.00990000,0.74073643,0.24375960,0.71939747
79.77100015,0.04737385,0.01776987,0.01880000,0.74382433,0.23837414,0.71406456
79.87199998,0.04208610,0.01696114,0.01890000,0.72428417,0.23021387,0.72082183
79.97200012,0.04284159,0.01814107,0.01190000,0.73824594,0.22025466,0.67248266
80.07200003,0.04422080,0.01601689,0.00290000,0.76754103,0.21607313,0.69930032
80.17200017,0.03788193,0.01123650,0.00690000,0.76310583,0.20852719,0.71421699
80.27200007,0.02701449,0.01110302,0.00800000,0.69135319,0.21036219,0.72090414
80.37199998,0.02193837,0.01321545,0.00890000,0.68903545,0.20728620,0.70367173
80.47200012,0.01693117,0.01274933,0.00890000,0.70445672,0.20432899,0.71185976
80.57200003,0.02582218,0.01515470,0.01390000,0.72085474,0.21167329,0.69756136
80.67200017,0.05211186,0.01426164,0.02190000,0.78701785,0.21037730,0.68029747
80.77200007,0.04705922,0.01646207,0.01880000,0.77765817,0.21527079,0.69390244
80.87199998,0.03794228,0.01830064,0.02090000,0.72370919,0.21189644,0.71350910
80.97200012,0.03436903,0.01354879,0.02690000,0.72397951,0.20638305,0.72452991
81.07300019,0.02521815,0.01426796,0.03300000,0.70084951,0.20228654,0.76945830
81.17300010,0.02512034,0.01428875,0.03700000,0.67359384,0.20256644,0.77397572
81.27300000,0.02518498,0.01315054,0.03290000,0.68138084,0.20132775,0.76638977
81.37300014,0.02702656,0.01459915,0.03590000,0.66968655,0.20501154,0.78358109
81.47300005,0.03296319,0.01895990,0.03990000,0.68667027,0.21029261,0.78437004
81.57300019,0.03186194,0.02195420,0.04000000,0.67728624,0.22656698,0.84090745
81.67300010,0.02934478,0.02024707,0.04090000,0.67701989,0.22596514,0.84104824
81.77300000,0.02812671,0.02173242,0.03290000,0.65675358,0.22498842,0.83796953
81.87300014,0.02839946,0.02157222,0.04200000,0.66401054,0.22318771,0.84597706
81.97300005,0.03337621,0.01949329,0.03290000,0.66913289,0.21731955,0.83630282
82.07400012,0.03274988,0.01799154,0.02900000,0.63495974,0.21070367,0.80240680
82.17400002,0.03167989,0.01535528,0.02400000,0.62589199,0.20778449,0.80601777
82.27400017,0.03007601,0.01406000,0.02300000,0.59034904,0.20400993,0.78557050
82.37400007,0.03004062,0.01437397,0.03100000,0.59734696,0.20035622,0.82329136
82.47399998,0.02766353,0.01569646,0.03700000,0.62500495,0.20212398,0.85676463
82.57400012,0.02802480,0.01643838,0.03900000,0.64657776,0.21090736,0.82795912
82.67400002,0.02993952,0.01245291,0.03190000,0.63659006,0.20730094,0.79930813
82.77400017,0.03427300,0.01071501,0.02690000,0.70247945,0.19694863,0.76760108
82.87400007,0.03079207,0.00828605,0.02690000,0.64715058,0.18860852,0.78402875
82.97399998,0.02831137,0.00911845,0.02500000,0.65462181,0.19982520,0.76306263
83.07400012,0.02458291,0.01226134,0.02500000,0.63673660,0.21288779,0.78604296
83.17500019,0.02566492,0.01254281,0.03200000,0.61334084,0.21339391,0.78321319
83.27500010,0.02933516,0.01442145,0.03500000,0.62384052,0.21380179,0.80035236
83.37500000,0.03044737,0.01725217,0.03500000,0.62826764,0.21732000,0.77042802
83.47500014,0.02862437,0.01733249,0.03400000,0.64494890,0.21751470,0.74746155
83.57500005,0.03157026,0.01435578,0.03090000,0.62732009,0.21912453,0.74055820
83.67500019,0.03177194,0.01482410,0.03190000,0.62256218,0.21725338,0.74467966
83.77500010,0.02572189,0.01569983,0.03300000,0.62496985,0.22077418,0.73884907
83.87500000,0.02418091,0.01807162,0.03500000,0.62513714,0.22862892,0.78137756
83.97500014,0.02386065,0.01752625,0.03200000,0.62689002,0.23190347,0.72050790
84.07500005,0.02595372,0.01871748,0.03500000,0.62554649,0.23901460,0.77911590
84.17500019,0.02615807,0.01775403,0.03100000,0.61663340,0.24099551,0.72324134
84.27600002,0.02469948,0.01714367,0.02800000,0.63228211,0.22608820,0.69386468
84.37600017,0.02365289,0.01654813,0.02500000,0.61732672,0.21922448,0.69042757
84.47600007,0.02129658,0.01796846,0.02700000,0.61577197,0.21876200,0.69457477
84.57599998,0.01761160,0.01650186,0.02700000,0.59955538,0.21832435,0.69909466
84.67600012,0.01663005,0.01476792,0.02300000,0.58415880,0.22420296,0.67296559
84.77600002,0.01487266,0.01708344,0.02100000,0.58907042,0.22518684,0.66679893
84.87600017,0.01711716,0.01946928,0.02200000,0.61178654,0.23678193,0.66049200
84.97600007,0.01726517,0.01872229,0.02500000,0.59605405,0.23668747,0.67488411
85.07599998,0.01925712,0.01799259,0.02600000,0.59326167,0.22652371,0.67094144
85.17600012,0.02177095,0.01827665,0.02700000,0.61380084,0.23138884,0.66853114
85.27600002,0.02467001,0.01796776,0.02600000,0.62319402,0.22355747,0.65341230
85.37700009,0.02495382,0.01831056,0.02400000,0.63985292,0.22702716,0.66016459
85.47700000,0.02496950,0.01841532,0.02400000,0.62428824,0.22388770,0.64490082
85.57700014,0.02449247,0.01953891,0.02400000,0.61881960,0.24131076,0.64426496
85.67700005,0.02539361,0.01944979,0.02500000,0.60429732,0.22583385,0.66367284
85.77700019,0.02464663,0.01930165,0.02500000,0.59257331,0.22663409,0.66159239
85.87700009,0.02517720,0.01939351,0.02300000,0.58733314,0.22710894,0.67330697
85.97700000,0.02673628,0.01855132,0.02000000,0.56743797,0.22782871,0.66708110
86.07700014,0.02458687,0.01757657,0.02000000,0.56654187,0.21605203,0.66726207
86.17700005,0.02166709,0.01778756,0.03000000,0.57494896,0.21980305,0.66031533
86.27700019,0.02151299,0.01802474,0.03000000,0.60034417,0.22557863,0.67048301
86.37700009,0.02243491,0.01803344,0.03000000,0.60265872,0.22210812,0.70404240
86.47800016,0.02268079,0.01726563,0.03000000,0.61777935,0.21746006,0.71888595
86.57800007,0.02224039,0.01612715,0.02300000,0.60675214,0.21930545,0.67276052
86.67799997,0.02424248,0.01499173,0.02300000,0.63437222,0.21421392,0.63647312
86.77800012,0.02507698,0.01552402,0.02400000,0.65630702,0.21244034,0.62544822
86.87800002,0.02373066,0.01448122,0.02400000,0.64447415,0.20964325,0.64173591
86.97800016,0.02451707,0.01625648,0.02300000,0.65252484,0.20942071,0.62683427
87.07800007,0.02210258,0.01646834,0.02400000,0.65221163,0.20876929,0.63003459
87.17799997,0.02079469,0.01367922,0.02500000,0.63636026,0.20452218,0.64060898
87.27800012,0.02243211,0.01414391,0.02600000,0.66753934,0.19954092,0.63793957
87.37800002,0.02454632,0.01543238,0.02700000,0.68562799,0.20748690,0.66432857
87.47800016,0.02555987,0.01491017,0.02500000,0.72142913,0.20433190,0.65612047
87.57900000,0.02703097,0.01653985,0.02500000,0.78605096,0.20738472,0.67870590
87.67900014,0.02402178,0.01585068,0.02400000,0.75244530,0.20741020,0.67314818
87.77900004,0.02060681,0.01565661,0.02500000,0.75810507,0.20472594,0.67939395
87.87900019,0.01755607,0.01477175,0.02300000,0.72531898,0.19685651,0.67717354
87.97900009,0.01942297,0.01345467,0.02400000,0.73513098,0.18997881,0.67451091
88.07900000,0.02219879,0.01593153,0.02500000,0.74279391,0.19294884,0.67660513
88.17900014,0.02265239,0.01614185,0.02500000,0.75785103,0.20367283,0.68985532
88.27900004,0.02288116,0.01721780,0.02800000,0.76736902,0.19705782,0.73144671
88.37900019,0.02238598,0.01681184,0.02900000,0.76361116,0.20296764,0.73354780
88.47900009,0.02148486,0.01690121,0.02600000,0.77236816,0.20475768,0.66997804
88.58000016,0.02405498,0.01696815,0.02300000,0.77877437,0.21191158,0.65494168
88.68000007,0.02514945,0.01826896,0.02300000,0.83814932,0.21735325,0.65844482
88.77999997,0.02695536,0.01717582,0.02300000,0.83018062,0.21685929,0.65455356
88.88000011,0.02240672,0.01690973,0.02400000,0.77739644,0.22571935,0.64373382
88.98000002,0.02030719,0.01520914,0.02400000,0.78105481,0.22985803,0.64123406
89.08000016,0.01810985,0.01352935,0.02300000,0.81378135,0.22295674,0.62380059
89.18000007,0.01962250,0.01535472,0.02100000,0.83352570,0.23233076,0.65021921
89.27999997,0.01949771,0.01476784,0.02100000,0.84893556,0.23234189,0.67094710
89.38000011,0.01876525,0.01420793,0.02100000,0.84156309,0.22657715,0.67211266
89.48000002,0.02039883,0.01467848,0.02100000,0.84312393,0.23034533,0.66434635
89.58000016,0.02186603,0.01436651,0.02200000,0.84281253,0.22896932,0.66519931
89.68099999,0.01879450,0.01338383,0.01800000,0.87486851,0.22645731,0.68837155
89.78100014,0.01647618,0.01305893,0.01800000,0.87122545,0.22135283,0.72127378
89.88100004,0.01482180,0.01249057,0.01700000,0.87272624,0.22047008,0.73339243
89.98100019,0.01411181,0.01540185,0.01800000,0.88398143,0.23364220,0.72442231
90.08100009,0.01733120,0.01563744,0.01800000,0.89498323,0.22043135,0.71858713
90.18099999,0.01596408,0.01449683,0.01700000,0.89776565,0.21677600,0.72523040
90.28100014,0.01723566,0.01422646,0.01600000,0.90249558,0.21511429,0.70180468
90.38100004,0.01808056,0.01435352,0.01600000,0.88220505,0.21447256,0.70673212
90.48100019,0.01615738,0.01588707,0.01900000,0.87504348,0.21410054,0.71133253
90.58100009,0.01720414,0.01648234,0.02000000,0.83947040,0.21805660,0.73688977
90.68099999,0.01377060,0.01475875,0.01800000,0.83102283,0.21912124,0.72683461
90.78200006,0.01332312,0.01505837,0.02000000,0.81501568,0.22126750,0.71642575
90.88199997,0.01391618,0.01544345,0.01800000,0.82517310,0.22203277,0.71361822
90.98200011,0.01483582,0.01688367,0.02000000,0.84234753,0.23223194,0.71156016
91.08200002,0.01567449,0.01650092,0.02000000,0.83522519,0.23030323,0.73134185
91.18200016,0.01658406,0.01548964,0.01900000,0.84942643,0.22433948,0.71746005
91.28200006,0.01821770,0.01596012,0.02100000,0.83938589,0.21680298,0.70155862
91.38199997,0.02049438,0.01608945,0.02000000,0.88911281,0.23426314,0.69879422
91.48200011,0.01969724,0.01666789,0.02000000,0.84181366,0.23183208,0.67162756
91.58200002,0.02037966,0.01795409,0.02200000,0.87244544,0.24611463,0.69326804
91.68200016,0.01620131,0.01465086,0.01900000,0.81015315,0.22357799,0.72470565
91.78200006,0.01250353,0.01216560,0.02200000,0.81264195,0.21078816,0.73616672
91.88300014,0.01289482,0.01208237,0.01900000,0.83252085,0.20426724,0.74596791
91.98300004,0.01435357,0.01269232,0.02000000,0.85735868,0.19995017,0.76979355
92.08300018,0.01674269,0.01238880,0.01900000,0.85449830,0.18983975,0.77008005
92.18300009,0.01533788,0.01299421,0.01900000,0.83343439,0.19494632,0.77832814
92.28299999,0.01515460,0.01405553,0.02200000,0.82262976,0.18783602,0.74964805
92.38300014,0.01488423,0.01278396,0.02000000,0.80250582,0.18578620,0.73595516
92.48300004,0.01376279,0.01087546,0.02000000,0.77794189,0.17589744,0.74230038
92.58300018,0.01379593,0.01199301,0.02300000,0.78799916,0.17738974,0.76717382
92.68300009,0.01334846,0.01229262,0.02500000,0.75163861,0.17780168,0.76188121
92.78299999,0.01086994,0.01169506,0.02400000,0.70885476,0.17722290,0.76865217
92.88300014,0.01116566,0.01020088,0.02200000,0.69128708,0.17913505,0.74364426
92.98399997,0.01256206,0.01051735,0.02200000,0.67804220,0.18042127,0.74710232
93.08400011,0.01335074,0.01086084,0.02200000,0.65372783,0.17161726,0.75521641
93.18400002,0.01489658,0.01380369,0.02500000,0.62898205,0.19037553,0.74858508
93.28400016,0.01509221,0.01376209,0.02600000,0.62529516,0.19214142,0.79479651
93.38400006,0.01566220,0.01548114,0.02700000,0.63970669,0.19867064,0.82072702
93.48399997,0.01360806,0.01591793,0.02700000,0.64200581,0.20291229,0.83940859
93.58400011,0.01480494,0.01433435,0.02200000,0.64370235,0.20633278,0.80458626
93.68400002,0.01566447,0.01404936,0.01700000,0.67125594,0.20948462,0.79500689
93.78400016,0.01689835,0.01552501,0.01700000,0.66147883,0.20719799,0.78341021
93.88400006,0.01671280,0.01801811,0.01700000,0.65989247,0.22474753,0.81465687
93.98399997,0.01596793,0.01643853,0.02100000,0.67091075,0.22777328,0.81666335
94.08500004,0.01485889,0.01554971,0.02200000,0.66038955,0.20938895,0.83395718
94.18500018,0.01340859,0.01401784,0.02100000,0.64366307,0.21399954,0.80120667
94.28500009,0.01381219,0.01495438,0.02400000,0.61709040,0.22102542,0.82404605
94.38499999,0.01546430,0.01695451,0.02600000,0.60941974,0.24286828,0.84504215
94.48500013,0.01542492,0.01532716,0.02100000,0.59220764,0.23086088,0.83177241
94.58500004,0.01611579,0.01569144,0.02200000,0.60675266,0.22945940,0.85305539
94.68500018,0.01775787,0.01524001,0.02100000,0.61365368,0.22848407,0.84556716
94.78500009,0.01992829,0.01631205,0.02100000,0.63639310,0.23047554,0.85771298
94.88499999,0.01942070,0.01488645,0.02300000,0.61640119,0.23229528,0.86306669
94.98500013,0.01568527,0.01414717,0.02400000,0.61266555,0.23976470,0.86391859
95.08599997,0.01464469,0.01406176,0.02600000,0.57814335,0.23661632,0.85214382
95.18600011,0.01637386,0.01594323,0.02400000,0.58008507,0.24330683,0.85463474
95.28600001,0.01681289,0.01656553,0.02600000,0.58821802,0.23945165,0.84182717
95.38600016,0.01688373,0.01593705,0.02400000,0.57626625,0.24093186,0.85716296
95.48600006,0.01746443,0.01530241,0.02200000,0.58341583,0.24064587,0.85545381
95.58599997,0.01846564,0.01376046,0.01800000,0.61264784,0.24581222,0.81981271
95.68600011,0.01625358,0.01249284,0.02000000,0.58149857,0.23227714,0.80281683
95.78600001,0.01486339,0.01268619,0.02300000,0.60617123,0.22965332,0.82822650
95.88600016,0.01444748,0.01072988,0.02400000,0.61114070,0.22384053,0.82650678
95.98600006,0.01412719,0.01018442,0.02400000,0.62024534,0.22233542,0.86240348
96.08599997,0.01555687,0.01161826,0.01990000,0.62139550,0.22146414,0.85873043
96.18700004,0.01601466,0.01376992,0.02490000,0.65219937,0.23797758,0.89171188
96.28700018,0.01797725,0.01386357,0.02900000,0.66499011,0.23187607,0.91857897
96.38700008,0.01724081,0.01136198,0.02600000,0.68112334,0.20844556,0.91384619
96.48699999,0.01706165,0.00813327,0.02490000,0.67680186,0.19776226,0.88317033
96.58700013,0.01785294,0.00704504,0.02000000,0.68870827,0.18971243,0.80719260
96.68700004,0.01995480,0.00731408,0.02090000,0.68343313,0.19135992,0.79259513
96.78700018,0.02282195,0.00926060,0.02390000,0.65517489,0.18862451,0.82735354
96.88700008,0.02295772,0.00749420,0.02590000,0.65934831,0.19254119,0.83557827
96.98699999,0.02288157,0.00956054,0.02990000,0.66788293,0.18499053,0.82600036
97.08700013,0.02111793,0.00461876,0.02390000,0.64801676,0.17364658,0.81902876
97.18700004,0.02099329,0.00403259,0.02400000,0.64707743,0.16481199,0.80648618
97.28800011,0.02496169,0.00299403,0.02090000,0.68100507,0.15751692,0.78523194
97.38800001,0.02691935,0.00452866,0.02390000,0.66220913,0.15426988,0.79862247
97.48800015,0.02806463,0.00509670,0.02590000,0.67676868,0.15545873,0.78268171
97.58800006,0.02955427,0.00487495,0.01990000,0.68470403,0.15875356,0.73771828
97.68799996,0.03409955,0.00267402,0.01790000,0.67671031,0.16034104,0.72086725
97.78800011,0.03471875,0.00026090,0.01790000,0.69187138,0.15814162,0.72297606
97.88800001,0.03534737,0.00113740,0.01480000,0.68999587,0.16659788,0.70243027
97.98800015,0.03213370,0.00469313,0.01180000,0.68985910,0.17440740,0.67314447
98.08800006,0.03083363,0.00692004,0.01180000,0.68322640,0.17235725,0.66312918
98.18799996,0.03613322,0.00703141,0.01190000,0.73927647,0.17643025,0.64870623
98.28800011,0.03056472,0.00352102,0.01590000,0.72439941,0.17088587,0.65619898
98.38900018,0.04425980,0.00556060,0.01380000,0.79271840,0.17342460,0.66562167
98.48900008,0.04606177,0.00446466,0.01780000,0.79781460,0.17234321,0.65797622
98.58899999,0.04811902,0.00362488,0.00780000,0.79983123,0.17366672,0.64743858
98.68900013,0.05007828,0.00541993,0.00890000,0.75432209,0.18331856,0.67497876
98.78900003,0.04620196,0.00906360,0.00790000,0.77316635,0.19806991,0.69029310
98.88900018,0.05093076,0.00633072,0.01580000,0.78085457,0.18688007,0.69211844
98.98900008,0.06112403,0.00451368,0.01480000,0.80432986,0.18683565,0.67841505
99.08899999,0.06574971,0.00607584,0.01780000,0.80446177,0.18485398,0.68879120
99.18900013,0.06146340,0.01028546,0.01380000,0.79839383,0.20375200,0.68636044
99.28900003,0.05547342,0.01421091,0.00780000,0.80630720,0.20716863,0.72576166
99.39000010,0.05344463,0.01548390,0.00290000,0.80323203,0.21170673,0.71959651
99.49000001,0.05244387,0.01180045,0.00020000,0.79900601,0.21223155,0.70523719
99.59000015,0.04949334,0.01146732,0.00310000,0.78699871,0.21474104,0.71121458
99.69000006,0.04635426,0.00870933,0.00880000,0.79463914,0.20243340,0.71688400
99.78999996,0.06039773,0.00842403,0.00780000,0.80655284,0.20192828,0.71570367
99.89000010,0.05199223,0.00360105,0.01480000,0.81903791,0.20137253,0.74096311
99.99000001,0.05071268,0.00091352,0.00420000,0.83243094,0.19699079,0.69728215
100.09000015,0.04173424,0.00295014,0.00590000,0.82091563,0.20945873,0.70560154
100.19000006,0.04939009,0.00804419,0.00190000,0.82785114,0.21743799,0.68358377
100.28999996,0.04286463,0.00914461,0.00980000,0.80531105,0.23862700,0.69937023
100.39000010,0.04041226,0.01088572,0.01290000,0.78698350,0.24266665,0.69847812
100.49000001,0.03284124,0.01276649,0.02290000,0.75775734,0.25044281,0.76892148
100.59100008,0.03626193,0.00997357,0.02190000,0.75749285,0.25114220,0.75513944
100.69099998,0.03721541,0.00633900,0.01790000,0.76790965,0.23346449,0.70098392
100.79100013,0.03149020,0.00611778,0.00990000,0.78076383,0.23630427,0.71882642
100.89100003,0.03342906,0.00565313,0.00790000,0.76094902,0.23964479,0.71523918
100.99100018,0.03807823,0.00618940,0.01090000,0.76451650,0.23318620,0.71039671
101.09100008,0.02915762,0.00892376,0.00990000,0.78140407,0.23045073,0.72823249
101.19099998,0.02585068,0.00852714,0.01490000,0.76764801,0.22730126,0.73140836
101.29100013,0.03350291,0.00836153,0.02190000,0.73413651,0.22891437,0.79374836
101.39100003,0.03850505,0.00658265,0.01390000,0.75546140,0.22581920,0.74152167
101.49100018,0.03378031,0.00284445,0.01090000,0.74517205,0.21551665,0.73898429
101.59200001,0.03080349,0.00184247,0.00490000,0.74669717,0.21849949,0.73717811
101.69200015,0.02956472,0.00314127,0.01390000,0.74503169,0.21774229,0.74991938
101.79200006,0.01519966,0.00527830,0.01990000,0.76991230,0.21075507,0.75844452
101.89199996,0.00604425,0.00806270,0.03100000,0.73934798,0.21307292,0.79280105
101.99200010,0.00910196,0.00956265,0.03790000,0.71642866,0.21882133,0.80538366
102.09200001,0.00244523,0.01685351,0.04400000,0.71333455,0.22835753,0.82010837
102.19200015,0.00343027,0.01122111,0.02500000,0.70443667,0.22589078,0.77118838
102.29200006,0.00155661,0.01191960,0.02600000,0.71818951,0.22942886,0.76404980
102.39199996,0.00056274,0.01425073,0.02700000,0.68794997,0.22744760,0.72580081
102.49200010,0.00593683,0.01324364,0.02600000,0.68555255,0.22319463,0.76067552
102.59200001,0.00951539,0.01145894,0.02810000,0.68683480,0.22632493,0.77784176
102.69300008,0.00568165,0.01085582,0.01200000,0.67320496,0.22351698,0.72661855
102.79299998,0.00026212,0.00700438,0.00800000,0.64742715,0.22731662,0.74820064
102.89300013,0.00069654,0.00332789,0.01000000,0.65278180,0.22222730,0.75314216
102.99300003,0.00010332,0.00539252,0.00900000,0.67531987,0.22400687,0.74127432
103.09300017,0.00444673,0.00071873,0.01900000,0.68083673,0.22000092,0.77232411
103.19300008,0.00664936,0.00637464,0.02000000,0.68205147,0.22154388,0.77133920
103.29299998,0.00822322,0.00668945,0.01210000,0.66024384,0.22030788,0.75886512
103.39300013,0.00873971,0.01168407,0.01110000,0.68420529,0.22906250,0.74638189
103.49300003,0.02059751,0.02070441,0.03310000,0.67498024,0.23484164,0.80627743
103.59300017,0.03216620,0.01758253,0.03610000,0.69427373,0.22337930,0.82660641
103.69300008,0.03745972,0.01870640,0.03910000,0.68112483,0.21926161,0.85530529
103.79400015,0.04366772,0.02396624,0.03920000,0.69878818,0.23896286,0.85699669
103.89400005,0.04536485,0.03198876,0.03620000,0.67631919,0.24727841,0.87211585
103.99399996,0.04885805,0.03931642,0.03330000,0.73290395,0.24722739,0.87984466
104.09400010,0.04988561,0.03937621,0.02920000,0.74463111,0.25610901,0.88270437
104.19400001,0.04893334,0.03239473,0.02820000,0.72845701,0.25483239,0.88970878
104.29400015,0.05349712,0.02989880,0.01930000,0.75873082,0.25253411,0.83823362
104.39400005,0.04633247,0.02586547,0.01220000,0.72894758,0.24810884,0.81258821
104.49399996,0.04473402,0.02786965,0.00620000,0.71962879,0.25415556,0.76704240
104.59400010,0.05143456,0.03228074,0.01420000,0.74100485,0.26884963,0.77536955
104.69400001,0.05322295,0.03148600,0.00920000,0.78964958,0.26778141,0.77560351
104.79400015,0.05751338,0.03676766,0.01030000,0.80345506,0.27185383,0.77415571
104.89499998,0.05966394,0.03785108,0.01420000,0.82408461,0.27385587,0.76247903
104.99500012,0.06060485,0.02744635,0.00920000,0.83299200,0.26585578,0.75092671
105.09500003,0.05876221,0.03733071,0.01030000,0.84672564,0.26925458,0.73957141
105.19500017,0.05958407,0.03098111,0.00910000,0.84489409,0.25906444,0.73439502
105.29500008,0.06035848,0.03883431,0.01020000,0.84441985,0.26766120,0.74304351
105.39499998,0.05465151,0.04006136,0.02030000,0.76673018,0.26659428,0.74369886
105.49500012,0.05484685,0.02728815,0.01920000,0.79767511,0.26499586,0.77112812
105.59500003,0.05546204,0.04306462,0.02620000,0.81787711,0.27995912,0.72301670
105.69500017,0.06190337,0.02340988,0.03420000,0.85887046,0.24682224,0.75336714
105.79500008,0.05535144,0.04655232,0.03330000,0.83566127,0.28491566,0.75660244
105.89499998,0.05652060,0.04880186,0.03220000,0.82425835,0.28303383,0.74923838
105.99600005,0.05108277,0.01924579,0.02820000,0.82194228,0.24137136,0.69561490
106.09600019,0.05592542,0.01700697,0.02720000,0.81601860,0.24220781,0.68434814
106.19600010,0.06647614,0.01489034,0.03220000,0.85170381,0.23889843,0.72363408
106.29600000,0.06669083,0.01338778,0.02920000,0.86586507,0.23177753,0.66836508
106.39600015,0.06776619,0.01213852,0.03020000,0.87947103,0.23152255,0.66703712
106.49600005,0.06770554,0.01015923,0.02820000,0.90548668,0.23483281,0.68541972
106.59600019,0.07455337,0.01270766,0.03430000,0.93459875,0.24212625,0.73622437
106.69600010,0.07782163,0.01787412,0.03820000,0.93651319,0.25269465,0.71131611
106.79600000,0.07852190,0.01990758,0.03430000,0.95099992,0.25397184,0.70820293
106.89600015,0.07276734,0.01694211,0.02520000,0.93032273,0.24354098,0.65568693
106.99600005,0.06833047,0.01567151,0.02030000,0.89380450,0.24057050,0.63265322
107.09700012,0.07032814,0.01564872,0.02230000,0.95463828,0.23607987,0.61261422
107.19700003,0.07692371,0.01792409,0.03420000,0.93012426,0.23570419,0.66926871
107.29700017,0.07816838,0.01692203,0.03420000,0.92371947,0.22558684,0.67255405
107.39700007,0.07569437,0.01406457,0.03220000,0.89340725,0.22028010,0.68381485
107.49699998,0.07942003,0.00764324,0.02530000,0.87368464,0.21451648,0.64523940
107.59700012,0.07451284,0.00967142,0.01830000,0.86116448,0.22009464,0.65517859
107.69700003,0.05448115,0.01752383,0.02520000,0.79016570,0.22415377,0.65741074
107.79700017,0.03623900,0.02753425,0.03410000,0.75090067,0.25029904,0.73849839
107.89700007,0.03522182,0.02664946,0.02910000,0.73484426,0.24845065,0.67970106
107.99699998,0.04316716,0.02465434,0.02810000,0.73360140,0.24357038,0.68071868
108.09700012,0.03624931,0.02965952,0.03510000,0.75419584,0.24557502,0.76968707
108.19800019,0.02747836,0.03011959,0.03310000,0.75811195,0.25307131,0.78154989
108.29800010,0.02655967,0.03224010,0.04100000,0.75348462,0.25943928,0.79283898
108.39800000,0.03162627,0.02168454,0.03910000,0.78082009,0.24671788,0.79148681
108.49800014,0.04436186,0.01394113,0.04010000,0.79843080,0.22119427,0.80684972
108.59800005,0.04330648,0.01835018,0.03710000,0.75906878,0.22977214,0.77996491
108.69800019,0.05076548,0.01489684,0.02920000,0.74466668,0.23097075,0.73963604
108.79800010,0.04872606,0.01124013,0.02410000,0.74565523,0.21661008,0.75618251
108.89800000,0.05510637,0.00258608,0.02020000,0.73976475,0.20805487,0.74234041
108.99800014,0.06784390,0.00050535,0.02330000,0.76167736,0.20508357,0.75121437
109.09800005,0.06964149,0.00162563,0.02120000,0.76737969,0.20352615,0.78055248
109.19800019,0.06993877,0.00308846,0.00830000,0.77575933,0.20414272,0.78204707
109.29900002,0.06859573,0.00047482,0.01320000,0.78971480,0.20172648,0.81358032
109.39900017,0.06556434,0.00474739,0.02030000,0.77240500,0.20911856,0.82374228
109.49900007,0.06446897,0.00167702,0.02420000,0.77228127,0.20866729,0.82888003
109.59899998,0.06243571,0.00186342,0.02220000,0.76145108,0.20136730,0.81843994
109.69900012,0.06285131,0.00406979,0.02820000,0.74548852,0.20388327,0.80246704
109.79900002,0.06561505,0.00265802,0.03920000,0.74142351,0.20034066,0.86392087
109.89900017,0.06244760,0.00481637,0.03730000,0.75217891,0.19400032,0.84987243
109.99900007,0.06221109,0.00437146,0.02520000,0.73783129,0.19909600,0.78922783
110.09899998,0.05679270,0.00601911,0.02920000,0.72085382,0.19482771,0.85370394
110.19900012,0.05648764,0.00387260,0.03520000,0.73339576,0.19719751,0.86035036
110.29900002,0.06540066,0.00420155,0.02820000,0.78339308,0.19839407,0.83626400
110.40000010,0.06782235,0.00294254,0.02220000,0.82008906,0.20211664,0.76844298
110.50000000,0.06800458,0.00265089,0.01920000,0.82478362,0.21196238,0.77006676
110.60000014,0.07609431,0.00083431,0.02320000,0.84481489,0.21150919,0.78649456
110.70000005,0.07827396,0.00341876,0.00530000,0.87402936,0.20620965,0.76368837
110.80000019,0.06489148,0.00286802,0.00180000,0.84019299,0.20208009,0.78966806
110.90000010,0.06451115,0.00356817,0.00470000,0.86676932,0.20116237,0.76333546
111.00000000,0.06083530,0.00115173,0.01280000,0.80806650,0.20502900,0.77035106
111.10000014,0.05729690,0.00329769,0.01780000,0.78875347,0.20129263,0.76506614
111.20000005,0.04853757,0.00584417,0.00290000,0.75552299,0.20500451,0.73716524
111.30000019,0.05263499,0.00710266,0.00520000,0.72997197,0.19452107,0.73833456
111.40000010,0.05312413,0.00669231,0.00180000,0.73836910,0.19034980,0.73495592
111.50100017,0.05988044,0.00297696,0.00120000,0.77602463,0.17981308,0.73295366
111.60100007,0.05764491,0.00015698,0.01780000,0.73130730,0.18024820,0.75907750
111.70099998,0.06310737,0.00804172,0.00470000,0.78028286,0.19302712,0.75487717
111.80100012,0.06566938,0.00982304,0.00220000,0.81907543,0.19356206,0.77618869
111.90100002,0.06408998,0.00615259,0.00720000,0.80830305,0.18202475,0.77518752
112.00100017,0.05506194,0.00220507,0.02420000,0.76507131,0.18023549,0.78523664
112.10100007,0.04417326,0.00337096,0.03710000,0.75238716,0.18169130,0.84752549
112.20099998,0.05144959,0.00964727,0.03320000,0.76594513,0.18556756,0.84742030
112.30100012,0.05370702,0.00941787,0.03320000,0.78777362,0.18296746,0.84201166
112.40100002,0.05859366,0.00703368,0.03520000,0.77640431,0.18240475,0.82864837
112.50100017,0.06190227,0.00221782,0.02920000,0.76970067,0.17948510,0.76781433
112.60200000,0.05604541,0.00004375,0.02020000,0.79482991,0.17490487,0.76559580
112.70200014,0.03622143,0.00741001,0.02220000,0.71912116,0.18490930,0.77096145
112.80200005,0.03468812,0.00970900,0.02220000,0.71592785,0.18428999,0.78922259
112.90200019,0.03996211,0.01458766,0.02620000,0.71400869,0.18142691,0.80459220
113.00200009,0.03898272,0.01513267,0.02810000,0.68682010,0.19119437,0.79245731
113.10200000,0.03902919,0.01624875,0.02710000,0.69183478,0.19538635,0.79934238
113.20200014,0.03304495,0.01429270,0.01910000,0.71205430,0.19675114,0.76467890
113.30200005,0.01970780,0.02020353,0.01510000,0.67216180,0.20074092,0.74717785
113.40200019,0.02592800,0.03065924,0.01710000,0.65872641,0.21957542,0.73608564
113.50200009,0.02371398,0.02843268,0.03310000,0.67694275,0.22556663,0.81886092
113.60200000,0.01752511,0.02575443,0.03110000,0.66653192,0.20969031,0.82187164
113.70300007,0.02434484,0.02680315,0.04010000,0.66658147,0.21595629,0.81131035
113.80299997,0.03352179,0.02749636,0.04220000,0.64485705,0.22576553,0.82815115
113.90300012,0.02937488,0.02681803,0.04320000,0.65973983,0.21844160,0.77851905
114.00300002,0.02289872,0.02896185,0.04010000,0.64099797,0.23014585,0.77270617
114.10300016,0.01723704,0.03092062,0.04710000,0.63257002,0.22446634,0.79052209
114.20300007,0.01231691,0.02568314,0.03710000,0.63413929,0.22199822,0.80578880
114.30299997,0.00202822,0.03109817,0.03800000,0.63762765,0.23765593,0.78530991
114.40300012,0.00454907,0.03662521,0.03100000,0.66442090,0.24310567,0.74572495
114.50300002,0.01236751,0.04014405,0.03400000,0.65467840,0.24790268,0.76067134
114.60300016,0.02172242,0.04018752,0.03900000,0.66243364,0.25974492,0.76407867
114.70300007,0.01382140,0.04152516,0.04900000,0.67747370,0.25903548,0.77255700
114.80400014,0.00926090,0.03552036,0.04500000,0.66539081,0.24850282,0.76354014
114.90400004,0.01002829,0.03185033,0.04000000,0.66364270,0.22027941,0.73315655
115.00400019,0.02357333,0.03185700,0.03300000,0.67108337,0.23025864,0.72516160
115.10400009,0.01838190,0.02797849,0.02800000,0.66168225,0.21981308,0.69506679
115.20400000,0.00629096,0.03484356,0.02600000,0.65834229,0.22475681,0.67462084
115.30400014,0.00539919,0.03691204,0.03300000,0.64360597,0.23133052,0.69441945
115.40400004,0.00752584,0.03696771,0.03800000,0.65646846,0.23599080,0.72723494
115.50400019,0.00809457,0.03737590,0.03800000,0.66695157,0.24030105,0.71983164
115.60400009,0.00474118,0.03134918,0.03700000,0.66644583,0.22771871,0.70631547
115.70400000,0.00990012,0.03540999,0.02210000,0.67221179,0.22946225,0.64751875
115.80400014,0.01583229,0.03821241,0.01310000,0.67614764,0.22803267,0.61459240
115.90499997,0.01759545,0.03807571,0.01110000,0.67443222,0.22935277,0.62629603
116.00500011,0.01642634,0.04357035,0.02000000,0.69716337,0.25259374,0.60469005
116.10500002,0.02234745,0.03337711,0.01610000,0.72679931,0.22959839,0.62001808
116.20500016,0.02262957,0.04176245,0.00300000,0.73756355,0.24417180,0.60795073
116.30500007,0.02406383,0.03537036,0.00010000,0.71167265,0.24004873,0.61169186
116.40499997,0.02681643,0.03862964,0.00410000,0.71498637,0.24896962,0.64177759
116.50500011,0.01995732,0.03880922,0.01600000,0.70806043,0.25469099,0.65822637
116.60500002,0.02739990,0.03381147,0.01310000,0.72185781,0.24269191,0.64142534
116.70500016,0.03115879,0.04182463,0.01300000,0.79660545,0.25403530,0.62879491
116.80500007,0.02507370,0.03563523,0.00810000,0.74490256,0.25124109,0.63965123
116.90499997,0.02535827,0.03604231,0.00710000,0.74183784,0.24740916,0.61465496
117.00600004,0.01211454,0.03845631,0.00500000,0.72677329,0.24684920,0.64606985
117.10600019,0.01029304,0.04005188,0.01000000,0.73349767,0.24461848,0.65079211
117.20600009,0.02884925,0.03994773,0.01310000,0.79623799,0.24995229,0.68588137
117.30599999,0.03552284,0.04522972,0.01900000,0.79548877,0.26612432,0.65845504
117.40600014,0.04133420,0.04539850,0.01510000,0.79857518,0.26497537,0.67919695
117.50600004,0.03366127,0.03970250,0.00100000,0.77332545,0.25306597,0.68539022
117.60600019,0.03327954,0.03875103,0.00090000,0.78646748,0.25734515,0.68161181
117.70600009,0.04012043,0.03521209,0.01610000,0.78480687,0.25351239,0.67958081
117.80599999,0.03618572,0.03539440,0.01700000,0.77996489,0.26177345,0.67193636
117.90600014,0.03928796,0.03608859,0.02510000,0.79886870,0.25940000,0.70495700
118.00600004,0.03599306,0.04105691,0.01310000,0.79710343,0.28403716,0.65817013
118.10700011,0.03821379,0.03988541,0.01110000,0.79767954,0.27810239,0.66567796
118.20700002,0.04213986,0.04907883,0.01900000,0.81027676,0.28996855,0.66971169
118.30700016,0.03831544,0.04758589,0.01610000,0.80912019,0.28911162,0.64169915
118.40700006,0.04063882,0.03933175,0.01810000,0.83153746,0.28403480,0.62657257
118.50699997,0.03744287,0.03558147,0.02410000,0.82640292,0.27718661,0.65518548
118.60700011,0.04102979,0.03656783,0.02410000,0.83689518,0.27088616,0.65963948
118.70700002,0.03829111,0.03637803,0.01800000,0.81752268,0.27189620,0.64502354
118.80700016,0.04655334,0.03758838,0.00610000,0.80336189,0.27830567,0.65499287
118.90700006,0.04342801,0.03423475,0.00510000,0.77099846,0.27622908,0.67988373
119.00699997,0.04468486,0.03218948,0.00410000,0.79477124,0.26122680,0.68133233
119.10700011,0.04025066,0.02980561,0.00610000,0.79628171,0.26069767,0.68412675
119.20800018,0.03969316,0.02742395,0.00910000,0.78640643,0.26033173,0.68371784
119.30800009,0.02999079,0.02198823,0.01410000,0.71783752,0.24607124,0.66400602
119.40799999,0.01549734,0.01864195,0.01100000,0.71924948,0.24191200,0.66051205
119.50800014,0.01232385,0.01666081,0.00000000,0.73685787,0.23932752,0.64189968
119.60800004,0.00159371,0.02031059,0.01000000,0.71178317,0.23756496,0.65459633
119.70800018,0.00238432,0.02384523,0.02000000,0.70729046,0.24904429,0.71756356
119.80800009,0.01468619,0.02250324,0.03290000,0.71980317,0.24329320,0.71088681
119.90799999,0.00363562,0.02559750,0.03390000,0.73145791,0.24889963,0.69228470
120.00800014,0.00658337,0.02605896,0.03290000,0.75612837,0.25030501,0.71500025
120.10800004,0.00158719,0.02771517,0.03490000,0.75975999,0.25038303,0.71471847
120.20800018,0.00429849,0.02515100,0.03600000,0.76060335,0.25508782,0.74087257
120.30900002,0.00668068,0.02012433,0.03500000,0.77889053,0.25002718,0.71328341
120.40900016,0.04502713,0.00924001,0.02610000,0.85942577,0.24148420,0.73803164
120.50900006,0.04952567,0.01098078,0.02020000,0.85169648,0.24786935,0.67629282
120.60899997,0.03501384,0.00612871,0.01710000,0.84337400,0.24440978,0.65865972
120.70900011,0.04154102,0.00823856,0.00810000,0.83506269,0.24126548,0.64541092
120.80900002,0.04126192,0.00974804,0.00190000,0.83215050,0.23476442,0.64521568
120.90900016,0.02839514,0.00906732,0.00590000,0.74925509,0.23480955,0.63688117
121.00900006,0.01875570,0.00500636,0.00590000,0.75634089,0.23734865,0.62550887
121.10899997,0.00812073,0.00792109,0.00300000,0.72786236,0.24262188,0.63850531
121.20900011,0.01207155,0.00776709,0.01700000,0.75014497,0.24487707,0.62146358
121.30900002,0.00196032,0.00780750,0.02200000,0.72259976,0.24326147,0.61565866
121.41000009,0.00293480,0.00668483,0.02100000,0.70100102,0.24129733,0.64328264
121.50999999,0.00270451,0.00826412,0.03390000,0.68684211,0.24381421,0.73382274
121.61000013,0.01295337,0.01317499,0.01600000,0.70996820,0.24732569,0.66667525
121.71000004,0.02914116,0.01952057,0.01910000,0.71367558,0.26894458,0.64239117
121.81000018,0.04613684,0.02304326,0.00910000,0.79763117,0.27561962,0.59821989
121.91000009,0.03436121,0.02239704,0.01210000,0.79086574,0.27131339,0.58634352
122.00999999,0.03479979,0.01951140,0.01410000,0.81647160,0.26844648,0.57461123
122.11000013,0.03806100,0.01922317,0.01910000,0.82677769,0.26643255,0.55860091
122.21000004,0.05025265,0.02099717,0.01810000,0.80069404,0.26825049,0.58040426
122.31000018,0.04656204,0.02413020,0.01610000,0.77944832,0.27285337,0.58336872
122.41000009,0.04843497,0.02439885,0.01520000,0.79292688,0.27130328,0.58810679
122.50999999,0.03863599,0.00872123,0.02910000,0.77434131,0.24299779,0.57345806
122.61100006,0.03892328,0.00852515,0.03010000,0.76609802,0.24163675,0.59271932
122.71099997,0.04207001,0.00062780,0.02810000,0.78584976,0.23201327,0.61298767
122.81100011,0.03659243,0.00872893,0.03120000,0.71678187,0.23603846,0.59235613
122.91100001,0.03803997,0.01500835,0.04510000,0.69619561,0.25631309,0.66736778
123.01100016,0.03121123,0.01496994,0.04510000,0.65077158,0.25653493,0.69084179
123.11100006,0.03104869,0.01426671,0.05010000,0.66249073,0.25354058,0.70186693
123.21099997,0.02967304,0.00944515,0.05510000,0.65606148,0.23069995,0.70547036
123.31100011,0.02750671,0.01005887,0.04610000,0.66131738,0.23052644,0.68582492
123.41100001,0.01946385,0.00967256,0.04410000,0.65073145,0.23210672,0.67897380
123.51100016,0.01363281,0.00590225,0.05600000,0.66804858,0.22588845,0.66396624
123.61199999,0.01571184,0.00271812,0.04810000,0.65277478,0.21858286,0.67086080
123.71200013,0.02790486,0.00681606,0.04210000,0.69109137,0.21943028,0.64527291
123.81200004,0.02990806,0.01182023,0.03910000,0.71211364,0.22338031,0.62289455
123.91200018,0.02211917,0.01290707,0.04610000,0.73850274,0.22828566,0.63056524
124.01200008,0.01986868,0.01084461,0.04810000,0.75499417,0.22292344,0.64425405
124.11199999,0.01626177,0.01052829,0.05010000,0.76177359,0.22475872,0.66739754
124.21200013,0.02621905,0.00572898,0.05410000,0.75007026,0.20906796,0.66275594
124.31200004,0.02450508,0.00519913,0.03810000,0.75177715,0.20243726,0.65823647
124.41200018,0.03733116,0.00280443,0.02610000,0.75737308,0.19700434,0.60015403
124.51200008,0.04549259,0.00087403,0.02110000,0.77590058,0.20167097,0.60257119
124.61199999,0.06062263,0.00519580,0.03920000,0.84682982,0.20641478,0.64237504
124.71200013,0.05282684,0.01151934,0.04120000,0.77186737,0.20619073,0.62224533
124.81299996,0.04215905,0.00628126,0.04720000,0.79777402,0.20323633,0.67073935
124.91300011,0.04038132,0.00355653,0.04810000,0.80109498,0.20143110,0.69145561
125.01300001,0.04405218,0.00279732,0.04810000,0.80666063,0.20206808,0.68857704
125.11300015,0.04054339,0.00011499,0.03720000,0.81838422,0.20454076,0.69579604
125.21300006,0.04010185,0.00049172,0.03210000,0.81463104,0.20717561,0.67442012
125.31299996,0.04415760,0.00273437,0.03320000,0.83038102,0.21246497,0.64646109
125.41300011,0.04481453,0.00115651,0.03210000,0.85557384,0.20760763,0.63500265
125.51300001,0.04755567,0.00171424,0.02820000,0.85214013,0.20510444,0.64234220
125.61300015,0.04868001,0.00023787,0.03320000,0.87077165,0.19978154,0.67321125
125.71300006,0.03933465,0.00358267,0.02910000,0.85825870,0.20555503,0.63963644
125.81299996,0.05614931,0.00793378,0.02020000,0.90541694,0.21121287,0.63604796
125.91400003,0.08355723,0.02156106,0.02030000,0.93584773,0.22567319,0.63868764
126.01400018,0.08183696,0.02201527,0.02030000,0.91786454,0.22256033,0.62960660
126.11400008,0.08828625,0.02006859,0.02130000,0.95293103,0.22408446,0.60162676
126.21399999,0.08173107,0.01691545,0.01730000,0.93979291,0.22734431,0.60137395
126.31400013,0.08031050,0.01924458,0.02130000,0.93763503,0.23276978,0.61261355
126.41400003,0.07779547,0.01948627,0.02130000,0.93481951,0.23511402,0.61612007
126.51400018,0.07434043,0.02117547,0.02330000,0.94735660,0.23393002,0.58665526
126.61400008,0.07180857,0.02326584,0.02530000,0.94786213,0.23025662,0.60709387
126.71399999,0.06554358,0.03088429,0.01230000,0.98320451,0.23326033,0.57854281
126.81400013,0.06749613,0.03500747,0.00730000,0.95220177,0.23516667,0.60139454
126.91499996,0.05523566,0.03331235,0.00280000,0.93329612,0.23766542,0.62244847
127.01500010,0.05535077,0.06127114,0.01030000,0.90822878,0.27125408,0.65157789
127.11500001,0.05098121,0.02128488,0.00820000,0.86478239,0.22488730,0.63986674
127.21500015,0.06306568,0.06350370,0.02030000,0.91181214,0.26950605,0.67419313
127.31500006,0.05927043,0.02478539,0.01920000,0.90939923,0.22938399,0.66622119
127.41499996,0.06164950,0.03151045,0.02730000,0.91425530,0.24897402,0.74007111
127.51500010,0.06574573,0.07923521,0.03940000,0.92781749,0.31225270,0.76633433
127.61500001,0.06271579,0.04279695,0.03730000,0.91446067,0.25632416,0.77036613
127.71500015,0.06159706,0.09179854,0.02940000,0.90766831,0.31760129,0.79218623
127.81500006,0.05170883,0.05111455,0.02230000,0.86589278,0.26497175,0.75360947
127.91499996,0.04815466,0.05620115,0.01030000,0.85088612,0.27530296,0.74634762
128.01600003,0.04607194,0.09374847,0.00730000,0.86189964,0.32093349,0.75991765
128.11600018,0.04139932,0.09570557,0.00640000,0.84763695,0.32511725,0.77734476
128.21600008,0.03451936,0.08905450,0.00740000,0.83182072,0.31221548,0.77565973
128.31599998,0.02633367,0.08273589,0.00730000,0.81272255,0.30282338,0.76049464
128.41600013,0.02141989,0.07941088,0.00270000,0.84856303,0.29765585,0.76678158
128.51600003,0.02135783,0.08369022,0.00630000,0.84153100,0.30146013,0.78459128
128.61600018,0.01745021,0.08830045,0.00930000,0.84924119,0.31552741,0.80240656
128.71600008,0.01922994,0.07274386,0.02030000,0.84326982,0.30781096,0.84785225
128.81599998,0.00840815,0.07170602,0.01930000,0.81580893,0.30111474,0.81230896
128.91600013,0.01140767,0.08110780,0.01320000,0.82079542,0.30717253,0.79543768
129.01600003,0.02227874,0.09489504,0.02120000,0.83230476,0.32333544,0.82916985
129.11700010,0.02357965,0.09883653,0.02430000,0.84126154,0.33521816,0.84436794
129.21700001,0.02064982,0.09838656,0.02730000,0.80174531,0.32835493,0.84709450
129.31700015,0.01447124,0.08645920,0.01530000,0.81585084,0.30602128,0.78529949
129.41700006,0.01745087,0.08335561,0.01830000,0.79506707,0.30339398,0.80327528
129.51699996,0.02856330,0.07676710,0.01420000,0.81471130,0.29663154,0.78926660
129.61700010,0.03320108,0.07553581,0.01320000,0.81597701,0.29507701,0.83195003
129.71700001,0.03237666,0.07033983,0.00920000,0.79068507,0.29609799,0.80554082
129.81700015,0.03043794,0.07444482,0.01720000,0.76414486,0.29533438,0.82789906
129.91700006,0.03549040,0.07204222,0.00780000,0.79166759,0.29674169,0.83040005
130.01699996,0.04153459,0.06439665,0.00520000,0.82326049,0.29382744,0.82728802
130.11700010,0.04929218,0.05546081,0.01090000,0.85365757,0.28302226,0.83903412
130.21800017,0.03293290,0.07246016,0.00080000,0.81822517,0.30960967,0.84411864
130.31800008,0.02654666,0.06374508,0.00520000,0.82522402,0.30209453,0.85600863
130.41799998,0.01100158,0.00213666,0.00900000,0.80786614,0.23534163,0.87753088
130.51800013,0.00799915,0.00401417,0.03290000,0.81552000,0.23396107,0.90629788
130.61800003,0.01792807,0.00233972,0.01800000,0.84427603,0.23035771,0.89046226
130.71800017,0.02478767,0.00576118,0.00010000,0.87655516,0.23662350,0.86618194
130.81800008,0.03135316,0.00172606,0.00910000,0.85771024,0.23457324,0.85020127
130.91799998,0.03908057,0.00009625,0.01500000,0.85152502,0.23323324,0.85870576
131.01800013,0.04508561,0.00266420,0.01510000,0.82190841,0.24317598,0.82514749
131.11800003,0.05044996,0.01060054,0.01310000,0.81967580,0.24260231,0.80684992
131.21800017,0.05519038,0.00615485,0.00410000,0.82739969,0.24175672,0.79270160
131.31800008,0.05862823,0.00922014,0.01210000,0.83364550,0.24259587,0.77730388
131.41900015,0.06095160,0.01229768,0.01620000,0.83876389,0.24093306,0.78438080
131.51900005,0.06518564,0.02344126,0.02510000,0.83139485,0.24896776,0.82803230
131.61899996,0.07377585,0.02760660,0.03020000,0.84707727,0.24778470,0.82562423
131.71900010,0.07787507,0.02538924,0.03220000,0.88734616,0.25048251,0.79978676
131.81900001,0.07923654,0.02417893,0.03420000,0.92065028,0.24958456,0.82256190
131.91900015,0.07616831,0.02519542,0.03220000,0.87717910,0.25467907,0.81738550
132.01900005,0.07557154,0.02627835,0.03820000,0.88701929,0.24898100,0.82642002
132.11899996,0.08943363,0.03203351,0.04430000,0.92499421,0.25059261,0.87403427
132.21900010,0.08069418,0.03614885,0.04820000,0.90933425,0.24948529,0.86426018
132.31900001,0.08654613,0.04473328,0.05220000,0.97144687,0.26050726,0.88169998
132.41900015,0.09980362,0.04973406,0.05630000,0.97350451,0.27648795,0.87524918
132.51999998,0.09342180,0.04463426,0.05830000,0.99325010,0.26217465,0.85845673
132.62000012,0.10418737,0.04724872,0.06630000,0.99491263,0.28133587,0.87009253
132.72000003,0.10884494,0.03360683,0.07420000,0.98126664,0.25459901,0.87357991
132.82000017,0.11746533,0.04141324,0.07630000,0.98644476,0.25534535,0.89916714
132.92000008,0.11529573,0.04284324,0.07730000,0.99748458,0.26865551,0.86792994
133.01999998,0.11284412,0.03960524,0.07520000,0.98506873,0.25940820,0.87852447
133.12000012,0.11736736,0.03508565,0.08030000,0.93480009,0.25281164,0.87672485
133.22000003,0.12032099,0.03870543,0.08530000,0.91113952,0.25019438,0.86092917
133.32000017,0.11721914,0.04310259,0.09330000,0.89862268,0.25019693,0.83332964
133.42000008,0.11799584,0.05038483,0.10730000,0.87217556,0.27107524,0.83482797
133.51999998,0.11490344,0.04771604,0.11740000,0.91787406,0.26799175,0.80709851
133.62100005,0.12154719,0.04923749,0.12340000,0.91769149,0.26485659,0.76529537
133.72100019,0.09160499,0.03433912,0.14630000,0.82445878,0.24481980,0.78839298
133.82100010,0.06039555,0.02971762,0.15120000,0.78318235,0.24023481,0.80975016
133.92100000,0.05426915,0.02328560,0.15620000,0.78420800,0.23533952,0.82837411
134.02100015,0.06262446,0.02361434,0.17120000,0.78512071,0.23837715,0.86688880
134.12100005,0.07245572,0.02558337,0.19220000,0.79740463,0.24182667,0.89943648
134.22100019,0.08355265,0.02675377,0.19620000,0.80609307,0.24067294,0.89109527
134.32100010,0.08175228,0.03021797,0.20130000,0.80777615,0.24048363,0.89624449
134.42100000,0.08980058,0.03522578,0.20520000,0.80978639,0.24583156,0.90327629
134.52100015,0.08953260,0.03918526,0.20930000,0.82519681,0.25669675,0.91790394
134.62100005,0.09451194,0.04229224,0.21730000,0.81410439,0.25698936,0.91372045
134.72200012,0.09075917,0.04068886,0.22920000,0.80367642,0.26411654,0.93545041
134.82200003,0.08899085,0.04672033,0.22230000,0.80894736,0.26025771,0.94037479
134.92200017,0.08285847,0.05286827,0.21730000,0.78297884,0.26213032,0.92502131
135.02200007,0.08888657,0.05604354,0.22730000,0.77890445,0.25844209,0.94096652
135.12199998,0.09601109,0.05594186,0.23630000,0.79001103,0.26519350,0.93027449
135.22200012,0.09916978,0.05730493,0.24130000,0.86727279,0.26946508,0.91603019
135.32200003,0.09835846,0.05922249,0.24130000,0.84575387,0.26876982,0.91237932
135.42200017,0.08474931,0.06628034,0.21440000,0.81790388,0.28793151,0.88613957
135.52200007,0.07443842,0.06310041,0.17530000,0.80176852,0.27358258,0.81540607
135.62199998,0.07840912,0.06581618,0.18130000,0.79120302,0.27901807,0.81654753
135.72200012,0.08237849,0.06773983,0.19630000,0.77314673,0.29270985,0.82885470
135.82300019,0.06550993,0.06782809,0.20530000,0.77053300,0.30277301,0.83796665
135.92300010,0.05545622,0.06685071,0.19730000,0.78659859,0.31658717,0.82969832
136.02300000,0.03967657,0.06433871,0.20330000,0.78086899,0.30257176,0.87541396
136.12300014,0.06028940,0.06743914,0.21030000,0.78983313,0.32183430,0.86271630
136.22300005,0.06662122,0.05890044,0.19630000,0.81670696,0.30397636,0.86172356
136.32300019,0.07136317,0.06054253,0.20530000,0.84113926,0.30818505,0.88232911
136.42300010,0.07516429,0.06965644,0.21930000,0.88150198,0.33100103,0.92028538
136.52300000,0.07372071,0.06732056,0.22240000,0.86874902,0.33018180,0.91301652
136.62300014,0.07746445,0.06868005,0.23030000,0.85210715,0.33371936,0.98115171
136.72300005,0.07535388,0.08368442,0.22240000,0.84383815,0.34475809,0.95485056
136.82300019,0.06055274,0.08392053,0.21130000,0.84671282,0.33568592,0.93390576
136.92300010,0.06662334,0.08363743,0.19330000,0.82997628,0.34207755,0.89246482
137.02400017,0.06808991,0.07650376,0.16630000,0.85609657,0.32803618,0.88020547
137.12400007,0.06874678,0.07976146,0.17840000,0.87375464,0.33865663,0.90205096
137.22399998,0.05913093,0.07170511,0.18030000,0.89199474,0.32742482,0.91746865
137.32400012,0.05790804,0.07073605,0.18530000,0.88202299,0.33346036,0.93352720
137.42400002,0.05556130,0.06992161,0.17030000,0.86403104,0.33070278,0.91887680
137.52400017,0.05544474,0.07333472,0.17030000,0.87118060,0.33265824,0.91662953
137.62400007,0.05799044,0.07290349,0.17530000,0.85995707,0.33037880,0.90230569
137.72399998,0.05210858,0.08062522,0.18730000,0.87520426,0.33923829,0.87790204
137.82400012,0.05283651,0.07935555,0.18940000,0.87431091,0.32940805,0.86954999
137.92400002,0.05811781,0.07486054,0.17540000,0.86991855,0.33487451,0.87224764
138.02400017,0.05332654,0.07690520,0.15840000,0.84726275,0.33743124,0.86559802
138.12500000,0.05549102,0.07849609,0.16440000,0.86970864,0.34204295,0.87098476
138.22500014,0.05581257,0.00485875,0.15110000,0.86121055,0.26436440,0.85073158
138.32500005,0.05978679,0.08958538,0.15140000,0.88448347,0.35053843,0.84792017
138.42500019,0.05372701,0.00667897,0.15210000,0.87382940,0.26512901,0.83351009
138.52500010,0.05137664,0.00332271,0.16800000,0.88558812,0.25644832,0.86067492
138.62500000,0.05366373,0.08837315,0.17240000,0.86958612,0.33955529,0.87852884
138.72500014,0.05723619,0.00495771,0.16610000,0.87465577,0.24799002,0.89850541
138.82500005,0.04972619,0.08470305,0.16240000,0.88604360,0.33021164,0.89237349
138.92500019,0.05491339,0.00660069,0.15910000,0.90242048,0.23268087,0.86629611
139.02500010,0.05726369,0.01400964,0.16110000,0.87091402,0.22940306,0.86698345
139.12500000,0.06758551,0.10482461,0.17150000,0.86417756,0.33829250,0.84278719
139.22600007,0.06543823,0.02000620,0.15920000,0.86032807,0.23363225,0.83273919
139.32599998,0.06173393,0.01547584,0.16020000,0.85796323,0.22328617,0.82968486
139.42600012,0.05743001,0.01792190,0.15310000,0.83734261,0.22236112,0.82930913
139.52600002,0.06135593,0.02264640,0.15120000,0.80431048,0.22457161,0.83826901
139.62600017,0.06052869,0.02905733,0.15120000,0.80408435,0.22881739,0.83546954
139.72600007,0.06408402,0.03202215,0.12020000,0.79354366,0.22786897,0.80843873
139.82599998,0.06820837,0.03180861,0.11820000,0.83058545,0.22712837,0.81572328
139.92600012,0.07154801,0.03279303,0.12720000,0.81485139,0.22383959,0.81939158
140.02600002,0.06874680,0.03460241,0.12820000,0.85346797,0.21908722,0.83294526
140.12600017,0.06950165,0.03833967,0.13830000,0.81702818,0.23014471,0.82008297
140.22600007,0.06415655,0.03527516,0.12520000,0.80325534,0.21589303,0.81762839
140.32700014,0.06868565,0.03253124,0.12220000,0.78610555,0.21134670,0.79951128
140.42700005,0.07230430,0.03232118,0.11820000,0.84073904,0.21003002,0.79129117
140.52700019,0.07231334,0.03295695,0.11630000,0.85968191,0.21299585,0.78207122
140.62700009,0.07486420,0.03397280,0.12120000,0.85233029,0.21201316,0.78528122
140.72700000,0.06221411,0.03809270,0.12420000,0.79036530,0.21206571,0.82840806
140.82700014,0.05238539,0.04805477,0.13820000,0.76253926,0.23016344,0.86588139
140.92700005,0.05030419,0.04798467,0.12430000,0.78597016,0.23146643,0.86162523
141.02700019,0.04888706,0.04551654,0.12220000,0.78651032,0.21959412,0.86969845
141.12700009,0.05338679,0.04359393,0.13330000,0.79891732,0.22373830,0.84943378
141.22700000,0.05095294,0.03153551,0.11420000,0.78424883,0.20848042,0.84518173
141.32700014,0.05162060,0.02873819,0.09720000,0.77016473,0.20174798,0.80873524
141.42700005,0.05357816,0.03384466,0.11020000,0.73997789,0.20786184,0.87284416
141.52800012,0.05331838,0.03257361,0.09320000,0.73599385,0.20614220,0.83414792
141.62800002,0.05491705,0.03438427,0.09520000,0.70961275,0.21086939,0.80961634
141.72800016,0.07096152,0.03552355,0.08020000,0.77930062,0.21698383,0.78651106
141.82800007,0.06395330,0.03265739,0.06120000,0.75549594,0.21066584,0.75628039
141.92799997,0.06111468,0.03168905,0.05110000,0.75384150,0.21037656,0.75813029
142.02800012,0.06217976,0.02893454,0.03720000,0.72448916,0.21370435,0.74527375
142.12800002,0.06957966,0.03172209,0.05720000,0.81146881,0.21497671,0.74043778
142.22800016,0.07055825,0.03408890,0.03920000,0.81077278,0.22072456,0.74226266
142.32800007,0.06493706,0.03757270,0.03820000,0.77262356,0.24418716,0.72773428
142.42799997,0.06159659,0.03659345,0.03720000,0.77302148,0.22764551,0.73675111
142.52800012,0.06192651,0.03776027,0.04720000,0.78042349,0.23335619,0.72807019
142.62900019,0.06286262,0.03890836,0.04920000,0.79112277,0.25250370,0.72610202
142.72900009,0.05539365,0.03481830,0.02820000,0.79232216,0.23512894,0.71481778
142.82900000,0.05843492,0.03228637,0.02120000,0.80078245,0.23200200,0.72982871
142.92900014,0.05606701,0.02665372,0.02020000,0.76537659,0.23059046,0.70991004
143.02900004,0.05035025,0.02261132,0.01010000,0.75365100,0.23261707,0.70034018
143.12900019,0.04699290,0.02268209,0.01020000,0.73875701,0.24008231,0.69842275
143.22900009,0.04952603,0.02461854,0.00120000,0.76553369,0.24074363,0.73690828
143.32900000,0.05103664,0.02744853,0.00320000,0.76142354,0.24824917,0.75531312
143.42900014,0.05011699,0.02128233,0.00480000,0.77966330,0.24241995,0.75778455
143.52900004,0.04992176,0.01875494,0.00990000,0.77205455,0.23753938,0.78054310
143.62900019,0.04674929,0.02072568,0.01490000,0.74508255,0.24372712,0.79024304
143.73000002,0.04713633,0.02615657,0.01080000,0.73381578,0.24658203,0.80461192
143.83000016,0.04535002,0.02744423,0.01580000,0.74217554,0.24723690,0.83765301
143.93000007,0.04661181,0.02925336,0.01790000,0.73445738,0.25636372,0.83368282
144.02999997,0.04602237,0.03154603,0.01790000,0.72436513,0.26622566,0.81743991
144.13000011,0.04764506,0.02859928,0.01680000,0.73477936,0.26830912,0.80141189
144.23000002,0.04432846,0.02796779,0.01890000,0.74397519,0.25859648,0.80831276
144.33000016,0.04053729,0.02651600,0.02080000,0.75577438,0.24370801,0.80362098
144.43000007,0.04334417,0.02639192,0.02290000,0.77825900,0.24474462,0.79189747
144.52999997,0.04462276,0.02778812,0.02390000,0.76916971,0.24465153,0.76681654
144.63000011,0.04500065,0.02874911,0.02480000,0.77372036,0.24973375,0.75310517
144.73000002,0.04485538,0.03163060,0.02380000,0.78149504,0.25910295,0.77792189
144.83000016,0.04524171,0.03003977,0.02680000,0.78946488,0.26054208,0.77763096
144.93099999,0.04395684,0.02979675,0.03090000,0.78607297,0.26555349,0.76284107
145.03100014,0.04700068,0.03236643,0.03790000,0.78175344,0.26285080,0.76514020
145.13100004,0.04861610,0.03389211,0.03990000,0.81019923,0.26216481,0.79089621
145.23100019,0.04696811,0.03228771,0.03890000,0.78413604,0.25901387,0.79923329
145.33100009,0.04795912,0.03119572,0.02790000,0.79964294,0.24879887,0.78886780
145.43099999,0.04192717,0.03065637,0.04490000,0.82660380,0.24197224,0.80891565
145.53100014,0.03894189,0.02901085,0.05790000,0.83305092,0.24408409,0.85090980
145.63100004,0.04004451,0.02952435,0.05590000,0.81730855,0.23864667,0.85659764
145.73100019,0.03066755,0.03227617,0.05780000,0.80797338,0.24380470,0.85189903
145.83100009,0.02772986,0.03520589,0.05880000,0.81533090,0.24528089,0.83552036
145.93099999,0.03081269,0.03729917,0.06090000,0.81731043,0.24953403,0.84585923
146.03200006,0.03517435,0.03926913,0.05890000,0.80121790,0.25113037,0.87921099
146.13199997,0.03994149,0.04015629,0.05190000,0.80889076,0.25128968,0.84611063
146.23200011,0.03213608,0.03810843,0.06380000,0.78661289,0.24019535,0.91577894
146.33200002,0.03308361,0.03668071,0.06480000,0.78426199,0.23281005,0.87873593
146.43200016,0.03251427,0.03572285,0.06690000,0.79487605,0.23196566,0.86813787
146.53200006,0.03559295,0.04163918,0.06780000,0.81277908,0.23644871,0.85950986
146.63199997,0.03768058,0.04228231,0.06680000,0.82314967,0.24701459,0.87070099
146.73200011,0.03046323,0.04603837,0.06780000,0.83714006,0.25438604,0.89043068
146.83200002,0.02746643,0.04904085,0.06680000,0.84466036,0.27105837,0.88795184
146.93200016,0.03105774,0.04912185,0.05580000,0.84046530,0.27179176,0.82334880
147.03200006,0.03389653,0.04965627,0.05280000,0.85112860,0.27403189,0.83359431
147.13300014,0.03662709,0.04567173,0.05280000,0.85578141,0.25411686,0.84529799
147.23300004,0.03591637,0.04416180,0.07480000,0.87129727,0.24514895,0.91409141
147.33300018,0.02836192,0.04893875,0.07580000,0.85403845,0.26091023,0.92149190
147.43300009,0.02336664,0.05196537,0.07980000,0.83979809,0.27485111,0.90353702
147.53299999,0.02567869,0.05037603,0.06980000,0.83307741,0.27701582,0.90593628
147.63300014,0.02675453,0.05047906,0.06780000,0.85456092,0.26745960,0.92156076
147.73300004,0.03072596,0.04725373,0.07680000,0.87774217,0.26062801,0.94421282
147.83300018,0.02588633,0.04714263,0.08080000,0.88549276,0.25705600,0.93472020
147.93300009,0.02451865,0.05109105,0.07680000,0.87482988,0.25407488,0.95248882
148.03299999,0.02786474,0.05258979,0.06280000,0.88237004,0.25433604,0.92507689
148.13300014,0.03473105,0.05360787,0.04580000,0.88982806,0.25846259,0.85984881
148.23300004,0.04364497,0.04649942,0.05380000,0.90125022,0.25627421,0.91657220
148.33400011,0.04104829,0.04291222,0.05880000,0.89539552,0.24693104,0.94474623
148.43400002,0.03517783,0.03953543,0.06080000,0.89225070,0.23576968,0.94332413
148.53400016,0.03809020,0.04387923,0.05180000,0.86688590,0.25532307,0.90799640
148.63400006,0.04465089,0.04613132,0.05280000,0.86973792,0.25586269,0.94654782
148.73399997,0.05470034,0.04568766,0.04980000,0.94236043,0.25740009,0.90367023
148.83400011,0.05464272,0.04750866,0.04370000,0.94641485,0.25701388,0.89185869
148.93400002,0.05878393,0.04523825,0.03580000,0.92963993,0.24952016,0.89168057
149.03400016,0.04849869,0.05718162,0.03570000,0.89399949,0.25699083,0.87113878
149.13400006,0.05157932,0.05794501,0.03180000,0.96874369,0.26037933,0.84445609
149.23399997,0.04754319,0.05532789,0.04570000,0.92591333,0.25883498,0.85225885
149.33400011,0.04182709,0.05012659,0.04970000,0.92366005,0.25536226,0.89370723
149.43500018,0.04576338,0.01887784,0.04510000,0.92626215,0.21120563,0.84633050
149.53500009,0.03816726,0.01091376,0.02690000,0.91533385,0.20099531,0.84092123
149.63499999,0.04111171,0.05840691,0.01780000,0.89366796,0.25698565,0.86444838
149.73500013,0.04962088,0.01050611,0.03300000,0.88636289,0.19479781,0.84399128
149.83500004,0.05453774,0.05913176,0.02680000,0.94343211,0.23911941,0.81750533
149.93500018,0.05182963,0.00418800,0.02000000,0.87687638,0.17860477,0.79634009
150.03500009,0.05003198,0.00130433,0.01000000,0.89477453,0.18018595,0.79969682
150.13499999,0.05223191,0.06934571,0.00570000,0.89342319,0.25605564,0.77188221
150.23500013,0.05687894,0.00029445,0.01600000,0.91180464,0.17818226,0.77890606
150.33500004,0.06252743,0.06808650,0.00930000,0.90053654,0.26160759,0.76307870
150.43500018,0.05259134,0.00310007,0.00810000,0.83862374,0.18798430,0.77075641
150.53500009,0.04737364,0.00259002,0.01310000,0.83894667,0.18536907,0.78541288
150.63600016,0.04975825,0.00339368,0.01900000,0.85120917,0.18833232,0.79038872
150.73600006,0.05399224,0.00309322,0.00500000,0.85858381,0.19411230,0.79669133
150.83599997,0.04565821,0.00526572,0.00110000,0.82298713,0.19446773,0.77356203
150.93600011,0.04300851,0.00498282,0.00610000,0.80422167,0.19624049,0.76697744
151.03600001,0.03753404,0.00662164,0.00410000,0.77879912,0.19693243,0.73652061
151.13600016,0.04550748,0.00513409,0.01300000,0.78267674,0.19543072,0.77933679
151.23600006,0.04054730,0.00160214,0.02790000,0.79207870,0.18811458,0.77014347
151.33599997,0.03982894,0.00141268,0.02890000,0.76438538,0.17990827,0.75580099
151.43600011,0.04443744,0.00005937,0.03190000,0.78786741,0.18828196,0.73705513
151.53600001,0.04869090,0.00484217,0.02200000,0.76568354,0.18881097,0.71476724
151.63600016,0.05097181,0.00521488,0.01790000,0.75094549,0.18959438,0.71494058
151.73699999,0.05384302,0.00427773,0.03290000,0.74046214,0.18699906,0.75461128
151.83700013,0.05403166,0.00736207,0.03590000,0.72689716,0.19228647,0.74971780
151.93700004,0.04924608,0.01166035,0.01790000,0.72811283,0.19335616,0.69969475
152.03700018,0.04220450,0.01398214,0.01890000,0.74229958,0.19943296,0.71722643
152.13700008,0.04058607,0.01540847,0.00790000,0.73125731,0.20537778,0.70308288
152.23699999,0.04140407,0.02504004,0.00590000,0.70421920,0.22010138,0.69545981
152.33700013,0.05300081,0.02421682,0.00290000,0.73376619,0.22250672,0.68629078
152.43700004,0.05543659,0.02302704,0.01280000,0.75215035,0.21213408,0.69688406
152.53700018,0.05827233,0.02042511,0.02590000,0.74094827,0.22132233,0.74094166
152.63700008,0.05610861,0.02000884,0.03190000,0.71740759,0.22474276,0.73180868
152.73699999,0.05367629,0.01850584,0.02890000,0.72580612,0.22231230,0.70929229
152.83800006,0.05248874,0.01902398,0.04490000,0.71167412,0.22159573,0.73683112
152.93799996,0.05543356,0.01570637,0.05290000,0.70563360,0.22176896,0.76042221
153.03800011,0.06131228,0.01052872,0.06490000,0.71832566,0.21051303,0.77328644
153.13800001,0.06531463,0.00863536,0.04890000,0.73036796,0.20375906,0.73796848
153.23800015,0.05625495,0.00761780,0.05290000,0.72631373,0.20345494,0.75155806
153.33800006,0.05300980,0.01424574,0.04390000,0.72072714,0.21041008,0.73079358
153.43799996,0.04982851,0.01713504,0.04480000,0.73357814,0.20495511,0.73033779
153.53800011,0.04555941,0.02412883,0.04780000,0.72630841,0.22993243,0.73308894
153.63800001,0.04808809,0.02381061,0.04690000,0.73854040,0.22907292,0.73787710
153.73800015,0.03365040,0.02419402,0.03690000,0.72290810,0.22833157,0.73686552
153.83800006,0.03850908,0.02174445,0.02890000,0.73164185,0.21438734,0.69947614
153.93799996,0.04579130,0.01748589,0.03190000,0.75628878,0.21585381,0.72373038
154.03900003,0.04669886,0.02477714,0.01680000,0.76111088,0.21730064,0.67124559
154.13900018,0.04559557,0.02676050,0.00680000,0.79024434,0.23712072,0.66835607
154.23900008,0.04636633,0.02687794,0.00120000,0.76839028,0.23629842,0.65222645
154.33899999,0.05937991,0.02128206,0.00220000,0.74061606,0.21439225,0.68445427
154.43900013,0.05944330,0.02520821,0.00510000,0.76327054,0.22128874,0.69253313
154.53900003,0.06465600,0.02368231,0.00180000,0.75142822,0.21680164,0.67810898
154.63900018,0.06923571,0.02374083,0.00110000,0.80462452,0.22287871,0.67780516
154.73900008,0.07750216,0.02571274,0.00380000,0.82606603,0.22029475,0.67347630
154.83899999,0.06809237,0.03166810,0.00120000,0.84092947,0.24004439,0.68702637
154.93900013,0.05214383,0.04025048,0.00380000,0.80778183,0.24824393,0.68655796
155.03900003,0.05985502,0.03511960,0.00080000,0.79166306,0.24538242,0.67230124
155.14000010,0.06310141,0.03553213,0.00420000,0.78649633,0.25171673,0.65844282
155.24000001,0.05000212,0.04119803,0.01120000,0.74931591,0.25661182,0.66703333
155.34000015,0.05682834,0.03581605,0.00910000,0.76840773,0.25115985,0.66019493
155.44000006,0.06999077,0.03010353,0.01120000,0.79768325,0.22766470,0.65183512
155.53999996,0.07976154,0.02982191,0.00920000,0.80621009,0.22543107,0.64549801
155.64000010,0.08442428,0.02872891,0.01220000,0.80797680,0.21683153,0.62539483
155.74000001,0.07555969,0.03396973,0.01120000,0.83010317,0.21848042,0.63207933
155.84000015,0.07156240,0.03197222,0.00820000,0.81708238,0.21902205,0.63403537
155.94000006,0.07585978,0.02232988,0.01720000,0.85962715,0.20452836,0.63512902
156.03999996,0.07389813,0.02067770,0.01010000,0.86014395,0.19759472,0.59922396
156.14000010,0.07727548,0.01936051,0.01420000,0.86352190,0.20940308,0.59406748
156.24100018,0.07225584,0.02335750,0.00220000,0.84243023,0.21382203,0.57023321
156.34100008,0.07729140,0.01983152,0.00910000,0.82582293,0.20607731,0.60616773
156.44099998,0.07411708,0.02066274,0.01510000,0.84393119,0.20728158,0.63943548
156.54100013,0.06820914,0.02278340,0.02220000,0.77939182,0.21454726,0.65900750
156.64100003,0.06153912,0.02647597,0.04220000,0.79360614,0.22513561,0.67390070
156.74100018,0.04571677,0.02574174,0.06010000,0.76343260,0.21931789,0.76042120
156.84100008,0.05047526,0.02386018,0.03610000,0.78971326,0.21975385,0.68959049
156.94099998,0.05270385,0.02938714,0.04020000,0.80673702,0.22885984,0.71411748
157.04100013,0.05434738,0.03285608,0.03320000,0.77916610,0.23199030,0.71259683
157.14100003,0.05981574,0.03793056,0.07020000,0.78149039,0.24758838,0.80448729
157.24100018,0.04729403,0.04321348,0.06720000,0.75250968,0.25092400,0.78693907
157.34100008,0.04219367,0.04484835,0.05820000,0.75483221,0.25325464,0.73461015
157.44200015,0.03807896,0.05111255,0.06020000,0.75989325,0.26143613,0.71693104
157.54200006,0.03372286,0.04559231,0.05020000,0.76100332,0.25654799,0.71880524
157.64199996,0.04452036,0.03490483,0.05710000,0.78770248,0.23681602,0.75375493
157.74200010,0.05448900,0.04105398,0.06120000,0.80218267,0.24747096,0.74498719
157.84200001,0.04549979,0.04241957,0.04620000,0.81086806,0.25570733,0.73059699
157.94200015,0.04398838,0.03811328,0.05720000,0.80906363,0.25022014,0.74727863
158.04200006,0.04341619,0.03644454,0.04720000,0.80944681,0.24584228,0.73028762
158.14199996,0.05262559,0.03226945,0.06720000,0.83856467,0.22013959,0.74277571
158.24200010,0.05126787,0.03821420,0.04920000,0.84782746,0.23309485,0.75559756
158.34200001,0.04774853,0.04088335,0.03920000,0.86705499,0.24038334,0.75732920
158.44200015,0.05075178,0.03935057,0.04220000,0.87569133,0.24610359,0.77142356
158.54299998,0.06099829,0.03655377,0.04720000,0.87084073,0.24517960,0.79610157
158.64300013,0.06384677,0.03581005,0.05120000,0.86516831,0.24381442,0.80680562
158.74300003,0.06985632,0.02974803,0.06130000,0.88871534,0.23108718,0.86124734
158.84300017,0.07267775,0.02183494,0.06220000,0.87207961,0.22331560,0.86535647
158.94300008,0.08110097,0.01524215,0.11020000,0.92620847,0.21259369,0.95764706
159.04299998,0.07622851,0.01579696,0.10520000,0.85747343,0.22071536,0.95961412
159.14300013,0.07880628,0.01419226,0.11020000,0.90605636,0.22257207,1.00104921
159.24300003,0.07195500,0.02079732,0.10720000,0.87085630,0.22538618,1.01335085
159.34300017,0.07247146,0.02434457,0.09220000,0.86666449,0.22954737,0.97890869
159.44300008,0.06985993,0.01932226,0.10020000,0.88969450,0.22249177,1.02282758
159.54299998,0.06917560,0.01760302,0.12020000,0.88858357,0.22179690,1.03004205
159.64300013,0.07852599,0.02004167,0.14020000,0.93178239,0.22176365,1.05634251
159.74399996,0.07158207,0.02371197,0.14220000,0.86864178,0.21692469,1.07788104
159.84400010,0.06495711,0.02292539,0.12630000,0.87513479,0.22001171,1.05539555
159.94400001,0.07038869,0.01756822,0.14620000,0.85412050,0.21220469,1.06374418
160.04400015,0.06811568,0.02217981,0.13530000,0.83543306,0.22074851,1.05683025
160.14400005,0.07911988,0.01910090,0.16220000,0.90728049,0.21393241,1.08279348
160.24399996,0.07098258,0.02770512,0.14330000,0.84513809,0.22516484,1.06746700
160.34400010,0.07028980,0.02704486,0.14630000,0.86433320,0.21883694,1.09574570
160.44400001,0.07114491,0.02381643,0.15420000,0.87053037,0.21299954,1.09624919
160.54400015,0.07189246,0.02629323,0.13030000,0.87760697,0.22147770,1.09676189
160.64400005,0.07454267,0.02479679,0.13530000,0.92506988,0.22879709,1.07822983
160.74399996,0.07694106,0.02563833,0.16530000,0.91299039,0.22580183,1.09615357
160.84500003,0.07616609,0.02477834,0.16220000,0.90955829,0.22980594,1.10710605
160.94500017,0.08092574,0.00411889,0.14320000,0.89930910,0.20913737,1.09993176
161.04500008,0.07167773,0.03111276,0.08830000,0.82751236,0.24591882,0.98679328
161.14499998,0.07440103,0.03039829,0.09230000,0.85290529,0.24370228,0.98669860
161.24500012,0.07110352,0.00515846,0.06520000,0.81352395,0.21018861,0.98315829
161.34500003,0.06101405,0.03789322,0.05730000,0.80331053,0.25451006,0.95379505
161.44500017,0.06629742,0.00693199,0.04930000,0.83080482,0.20068392,0.90653266
161.54500008,0.06393332,0.03672574,0.07130000,0.82670391,0.23695199,0.93265148
161.64499998,0.06659794,0.03471491,0.09230000,0.86194430,0.23771260,0.94725112
161.74500012,0.06180781,0.00728869,0.07920000,0.85644596,0.20018797,0.92085019
161.84500003,0.05501036,0.02126759,0.06120000,0.83534807,0.20589543,0.90535372
161.94600010,0.05746129,0.01680954,0.06410000,0.87872707,0.20252703,0.89358157
162.04600000,0.05443727,0.01858558,0.06910000,0.86122670,0.20313033,0.89544729
162.14600015,0.05222663,0.02343138,0.07620000,0.84935155,0.20413751,0.87469817
162.24600005,0.05397314,0.02675332,0.07320000,0.85552165,0.20833715,0.83368656
162.34600019,0.04973963,0.02419213,0.06410000,0.84342883,0.19670581,0.82214140
162.44600010,0.04954884,0.02017107,0.06520000,0.86364510,0.19592611,0.81132162
162.54600000,0.04749412,0.01682017,0.06910000,0.86007803,0.19538516,0.79350096
162.64600015,0.04975852,0.01945610,0.06310000,0.85237021,0.19689984,0.78118544
162.74600005,0.04681417,0.01475105,0.06320000,0.85679844,0.19929902,0.76918691
162.84600019,0.04369190,0.01310524,0.05310000,0.84142792,0.19730929,0.73198812
162.94600010,0.04571236,0.01471157,0.05420000,0.85639875,0.19672167,0.72137570
163.04600000,0.04338320,0.01499159,0.05320000,0.84861647,0.19558139,0.72106712
163.14700007,0.04369829,0.01678868,0.05510000,0.84142678,0.19723634,0.70490223
163.24699998,0.03875810,0.01673258,0.05910000,0.85382277,0.19533888,0.69153278
163.34700012,0.04485738,0.01645343,0.06810000,0.86491015,0.19280459,0.71868595
163.44700003,0.05029590,0.01793134,0.02920000,0.89363120,0.18916452,0.66697400
163.54700017,0.04816825,0.02167071,0.03790000,0.87201864,0.19335587,0.69909528
163.64700007,0.04493887,0.01715219,0.05790000,0.89220405,0.18164233,0.70009085
163.74699998,0.04784554,0.01506001,0.06980000,0.88616549,0.17078130,0.74643266
163.84700012,0.04297466,0.01612911,0.06980000,0.91444194,0.18229704,0.73745412
163.94700003,0.04569546,0.03038066,0.06790000,0.93131720,0.19431028,0.73084476
164.04700017,0.03960795,0.03446811,0.05780000,0.92789339,0.20346614,0.68950546
164.14700007,0.03802865,0.03760402,0.05880000,0.94609325,0.21846519,0.69230286
164.24800014,0.01809156,0.02124372,0.10990000,0.89305939,0.19811658,0.79703120
164.34800005,0.00793513,0.02671711,0.13000000,0.87233382,0.20909926,0.81799536
164.44800019,0.00657857,0.03538435,0.11200000,0.84461889,0.21688801,0.80089905
164.54800010,0.01463179,0.03971713,0.10590000,0.82229863,0.24089526,0.83500887
164.64800000,0.00572572,0.03421734,0.11400000,0.79386426,0.22530989,0.84762230
164.74800014,0.00513260,0.03672950,0.10900000,0.79205641,0.21891101,0.83393173
164.84800005,0.00033648,0.03069881,0.12400000,0.77541915,0.21281873,0.85744293
164.94800019,0.00159525,0.03144368,0.10890000,0.76815114,0.21521435,0.82862051
165.04800010,0.01081416,0.03458922,0.10600000,0.73016944,0.21860048,0.81782343
165.14800000,0.01581575,0.03594151,0.10800000,0.75536972,0.23008514,0.80184648
165.24800014,0.00417770,0.04404267,0.11490000,0.76977300,0.25414909,0.84639099
165.34899998,0.00464326,0.04433475,0.11690000,0.74997964,0.26305540,0.84741309
165.44900012,0.00417850,0.04461379,0.10700000,0.75540588,0.26846953,0.85157738
165.54900002,0.00596955,0.04386963,0.10990000,0.73772143,0.26257421,0.85660334
165.64900017,0.00208811,0.04482276,0.11000000,0.70794289,0.26240099,0.86732179
165.74900007,0.00596317,0.04860926,0.09400000,0.72058092,0.26680791,0.86437161
165.84899998,0.00095662,0.04674543,0.09400000,0.74223038,0.25771734,0.83210132
165.94900012,0.00034099,0.04792957,0.09590000,0.76626027,0.25941229,0.82549575
166.04900002,0.00028617,0.04799550,0.08790000,0.73466771,0.27077955,0.76411570
166.14900017,0.00066008,0.05381463,0.08100000,0.74429813,0.28560916,0.77248397
166.24900007,0.00038436,0.05413365,0.07190000,0.74428213,0.27626813,0.77328171
166.34899998,0.00058010,0.04864919,0.08190000,0.71670109,0.27864874,0.79378893
166.45000005,0.00137391,0.04637815,0.08990000,0.72648448,0.27305011,0.76386705
166.55000019,0.00666468,0.04366362,0.08100000,0.73034890,0.25871612,0.75824965
166.65000010,0.00818620,0.04310228,0.07190000,0.75563429,0.26294706,0.70931129
166.75000000,0.01338415,0.03995941,0.06390000,0.75430094,0.26601660,0.70546862
166.85000014,0.00984140,0.03973659,0.05390000,0.76484589,0.26976529,0.69190305
166.95000005,0.01024128,0.04285331,0.03990000,0.73912478,0.26777098,0.67054419
167.05000019,0.01461816,0.04090659,0.03690000,0.76029385,0.26703434,0.68835347
167.15000010,0.01084135,0.04439995,0.03890000,0.71321310,0.26678350,0.70230138
167.25000000,0.01261314,0.04584102,0.04290000,0.75352124,0.27955999,0.70508414
167.35000014,0.01390324,0.04084103,0.05390000,0.75631314,0.27182295,0.70577071
167.45000005,0.01833401,0.04011626,0.05690000,0.76026364,0.26855641,0.69422048
167.55000019,0.01774968,0.04056697,0.06190000,0.78594282,0.26830994,0.68170076
167.65100002,0.01102926,0.03948108,0.06390000,0.73725115,0.27304489,0.66825739
167.75100017,0.00676153,0.03316763,0.08590000,0.75096706,0.26062454,0.65563973
167.85100007,0.00854974,0.03335074,0.08390000,0.72728909,0.27144942,0.64028091
167.95099998,0.01769369,0.03645797,0.06390000,0.79165872,0.28224456,0.61762582
168.05100012,0.01784181,0.03344623,0.05790000,0.79204621,0.28063835,0.58395602
168.15100002,0.01458891,0.03248590,0.05890000,0.80604793,0.27577285,0.61489907
168.25100017,0.01309121,0.02927986,0.05590000,0.79833023,0.26692600,0.65350486
168.35100007,0.01334898,0.03502420,0.04790000,0.78172826,0.26899838,0.64280353
168.45099998,0.01370302,0.03786235,0.06090000,0.80148070,0.25867072,0.68767680
168.55100012,0.01816886,0.03613713,0.07690000,0.76984648,0.26004806,0.71078911
168.65100002,0.01518616,0.03694957,0.07690000,0.75812007,0.25895189,0.70918132
168.75200009,0.01260969,0.03294929,0.07890000,0.78905905,0.25980296,0.76319766
168.85200000,0.00461148,0.03666530,0.07690000,0.72413436,0.25918006,0.71404868
168.95200014,0.00670222,0.04036992,0.07790000,0.69041012,0.25944987,0.78991893
169.05200005,0.00730540,0.03688199,0.07790000,0.67519600,0.26195032,0.81052973
169.15200019,0.00355524,0.03778069,0.07900000,0.70256338,0.25135184,0.80360011
169.25200009,0.01331824,0.03092240,0.07390000,0.74117747,0.23124100,0.74966837
169.35200000,0.02339217,0.02962611,0.07090000,0.73752203,0.23477462,0.74406856
169.45200014,0.01983645,0.03352813,0.06790000,0.75564202,0.23051856,0.75026300
169.55200005,0.01209319,0.03640762,0.07290000,0.69416239,0.23971463,0.74803814
169.65200019,0.00704454,0.03479460,0.07290000,0.67632152,0.25243232,0.81293107
169.75200009,0.00050041,0.03741924,0.06800000,0.66251465,0.25157138,0.76506472
169.85300016,0.00229035,0.03558081,0.06290000,0.65351935,0.24959434,0.75338055
169.95300007,0.01133959,0.03091041,0.05790000,0.64941756,0.24298329,0.73163212
170.05299997,0.02005887,0.03022949,0.05990000,0.70224619,0.23309309,0.74253945
170.15300012,0.01395618,0.02963976,0.07190000,0.74246582,0.23043240,0.71524698
170.25300002,0.01477805,0.02873777,0.07390000,0.73884917,0.22233156,0.72443024
170.35300016,0.00930980,0.02416211,0.06790000,0.69864151,0.20646361,0.72654772
170.45300007,0.00637558,0.02942043,0.06490000,0.67949250,0.21165881,0.74658533
170.55299997,0.01136770,0.02660067,0.05590000,0.71930569,0.21074631,0.75126993
170.65300012,0.01747022,0.02360236,0.04790000,0.71353457,0.20583327,0.77985468
170.75300002,0.01432528,0.02427398,0.04690000,0.70570727,0.19645369,0.79690571
170.85300016,0.01115816,0.01508428,0.05000000,0.69815555,0.19630244,0.82404545
170.95400000,0.01098678,0.01564898,0.05390000,0.73431967,0.20220077,0.86926765
171.05400014,0.01549855,0.02031490,0.05490000,0.71861259,0.19839835,0.87560674
171.15400004,0.01202927,0.02833472,0.05100000,0.71295535,0.20544257,0.89603407
171.25400019,0.00678009,0.02341731,0.04900000,0.66928094,0.21272615,0.86726024
171.35400009,0.00408730,0.01900168,0.04790000,0.65219229,0.20547893,0.83664578
171.45400000,0.00097518,0.02158469,0.05190000,0.64259794,0.21549563,0.83068050
171.55400014,0.00210176,0.02470592,0.05400000,0.61736804,0.22244060,0.82063236
171.65400004,0.00631152,0.02506102,0.05400000,0.66111655,0.22288394,0.81017889
171.75400019,0.00411799,0.02017529,0.06200000,0.66407811,0.22028950,0.81816065
171.85400009,0.00818178,0.01957520,0.05900000,0.66978360,0.21665285,0.80521583
171.95400000,0.00943194,0.02322775,0.04700000,0.67114280,0.22224318,0.79619073
172.05400014,0.01067889,0.02257989,0.04700000,0.70770132,0.22120976,0.80552638
172.15499997,0.00252830,0.02377767,0.04490000,0.66785240,0.22350593,0.81358635
172.25500011,0.00000634,0.07343596,0.05780000,0.63411705,0.28598558,0.84906937
172.35500002,0.00308184,0.01895632,0.06300000,0.63844891,0.22429493,0.84651753
172.45500016,0.00149037,0.07538587,0.05090000,0.67037820,0.28493754,0.83240079
172.55500007,0.00058528,0.01670681,0.05490000,0.66621948,0.21749236,0.83420137
172.65499997,0.00377826,0.01716201,0.05000000,0.67207288,0.21643890,0.84942997
172.75500011,0.00242649,0.07058982,0.05890000,0.67254273,0.27232220,0.83288816
172.85500002,0.00646447,0.01536296,0.06500000,0.67440438,0.21188033,0.86290773
172.95500016,0.00761220,0.07230204,0.06490000,0.68360142,0.27480280,0.86130277
173.05500007,0.00211130,0.01286711,0.06200000,0.66264259,0.21315994,0.86144603
173.15499997,0.00654361,0.01460244,0.06300000,0.65261244,0.22078403,0.90700652
173.25600004,0.00901851,0.06912587,0.06890000,0.63256428,0.28507327,0.93651726
173.35600019,0.00796938,0.06630308,0.07690000,0.62187587,0.28736258,0.92506710
173.45600009,0.00811984,0.06309135,0.08100000,0.59855628,0.28112310,0.94263516
173.55599999,0.00743416,0.06340365,0.07290000,0.60513520,0.27958476,0.92532007
173.65600014,0.01077565,0.06170523,0.07190000,0.63286807,0.27223889,0.89951451
173.75600004,0.00018302,0.06658090,0.07590000,0.62081512,0.27552330,0.89733734
173.85600019,0.00101656,0.06954097,0.07990000,0.62770151,0.28663565,0.89425378
173.95600009,0.00215017,0.06884204,0.08290000,0.63404645,0.28025696,0.89552287
174.05599999,0.00420185,0.06358014,0.08990000,0.63134862,0.26502074,0.92891280
174.15600014,0.00866083,0.06135568,0.08690000,0.63328111,0.26629111,0.87045043
174.25600004,0.01316511,0.05892266,0.10700000,0.66191720,0.26747007,0.94735298
174.35700011,0.01214231,0.06037437,0.10990000,0.64884495,0.26173739,0.98023026
174.45700002,0.01029248,0.06312040,0.10300000,0.64822725,0.26977557,0.99395224
174.55700016,0.00829831,0.05838868,0.10590000,0.64397595,0.25572778,1.00287423
174.65700006,0.01436138,0.05436728,0.10900000,0.66203077,0.23936047,0.98521928
174.75699997,0.00799822,0.05294137,0.09890000,0.63667485,0.23478624,0.96055995
174.85700011,0.01103501,0.05631277,0.09590000,0.63919956,0.25972741,0.96121555
174.95700002,0.01269899,0.05414089,0.10000000,0.62701781,0.24317565,0.98508210
175.05700016,0.01317532,0.04626728,0.10900000,0.65339903,0.23731101,0.99047120
175.15700006,0.01374594,0.04567657,0.11600000,0.69946801,0.24312589,0.99914855
175.25699997,0.01643601,0.05029391,0.10590000,0.68603110,0.24580461,0.95942692
175.35700011,0.01489244,0.04888175,0.10500000,0.70267735,0.24275019,0.93042459
175.45800018,0.01281463,0.04920198,0.09500000,0.72522040,0.24671575,0.90828130
175.55800009,0.01229039,0.05427712,0.09090000,0.70301473,0.26372838,0.92167788
175.65799999,0.00785046,0.05919139,0.08690000,0.69276578,0.27476772,0.91202394
175.75800014,0.00603975,0.06037699,0.09100000,0.70710344,0.27858865,0.90060925
175.85800004,0.00872646,0.05547629,0.09290000,0.72702490,0.27681696,0.91093683
175.95800018,0.01716608,0.05257771,0.08590000,0.74564453,0.27102815,0.89086682
176.05800009,0.02338898,0.04962142,0.08700000,0.75346892,0.25840903,0.90149350
176.15799999,0.02351436,0.04560849,0.08400000,0.75156313,0.24986983,0.89392433
176.25800014,0.01680282,0.04452994,0.07900000,0.77123058,0.24946974,0.86683734
176.35800004,0.01653454,0.04398442,0.07500000,0.77361138,0.24839165,0.88056767
176.45800018,0.02132291,0.04220063,0.07700000,0.77311871,0.25288407,0.90524363
176.55900002,0.02916121,0.04189205,0.07610000,0.82231697,0.25810369,0.87662694
176.65900016,0.02565773,0.04411724,0.06900000,0.84094163,0.26290708,0.81221534
176.75900006,0.02389882,0.04350651,0.06700000,0.77035929,0.26550402,0.82256013
176.85899997,0.02368985,0.03980943,0.06200000,0.78893901,0.26340281,0.81515883
176.95900011,0.02931138,0.03840798,0.05900000,0.82999070,0.25814447,0.80923984
177.05900002,0.05149951,0.03463886,0.01610000,0.84257291,0.25853354,0.78144648
177.15900016,0.05121726,0.03034472,0.00710000,0.83328289,0.25574476,0.76652359
177.25900006,0.04701863,0.02995745,0.00910000,0.83121580,0.25076547,0.78069432
177.35899997,0.05340833,0.02546586,0.01420000,0.83507525,0.24559306,0.76217772
177.45900011,0.05848992,0.02328304,0.01410000,0.85001913,0.24677800,0.74726132
177.55900002,0.05807194,0.02255703,0.01210000,0.82559466,0.24152545,0.73184316
177.66000009,0.05888841,0.01934310,0.01410000,0.83177154,0.23763917,0.72794938
177.75999999,0.05994274,0.01385344,0.02810000,0.83762836,0.23474274,0.76535439
177.86000013,0.05152461,0.01901932,0.01720000,0.83140423,0.23833327,0.73912750
177.96000004,0.04328258,0.01766121,0.01910000,0.82071596,0.23167371,0.72859284
178.06000018,0.04027467,0.01364956,0.02610000,0.80915788,0.23083634,0.71557463
178.16000009,0.04195963,0.00889659,0.02720000,0.79506028,0.22217611,0.71966261
178.25999999,0.02742670,0.01865841,0.02200000,0.69364997,0.23111545,0.68406362
178.36000013,0.02388578,0.01964407,0.01600000,0.68326507,0.22125354,0.70249706
178.46000004,0.01654849,0.01889861,0.01400000,0.66961225,0.22428899,0.71490565
178.56000018,0.01319007,0.01848194,0.01500000,0.66459413,0.22460360,0.72306965
178.66000009,0.01490347,0.01719583,0.01100000,0.66176292,0.22510942,0.70509557
178.75999999,0.01239767,0.02207595,0.01700000,0.65836926,0.22489332,0.70821597
178.86100006,0.00365930,0.02550019,0.01900000,0.64223466,0.24259193,0.73992207
178.96099997,0.00807804,0.01725443,0.01200000,0.64654392,0.22072611,0.74878589
179.06100011,0.00965113,0.02010636,0.01800000,0.63918185,0.22351725,0.76157341
179.16100001,0.00838061,0.01935886,0.02200000,0.63016897,0.21912453,0.76771204
179.26100016,0.00575631,0.02315588,0.02100000,0.64937127,0.23124771,0.76713393
179.36100006,0.00365296,0.02016398,0.02300000,0.64081866,0.22911581,0.75700580
179.46099997,0.00178388,0.01730629,0.03190000,0.64386799,0.22734941,0.72507588
179.56100011,0.00415381,0.01136863,0.03800000,0.65253765,0.20170599,0.70308236
179.66100001,0.00966779,0.00740161,0.02490000,0.66301546,0.20063636,0.70600706
179.76100016,0.01317577,0.00761703,0.03590000,0.66099756,0.20075598,0.71045708
179.86100006,0.01377067,0.00613339,0.04500000,0.66822196,0.20609186,0.78325132
179.96200013,0.01606845,0.00237587,0.04190000,0.64882009,0.20495617,0.78012983
180.06200004,0.02485829,0.00192490,0.05090000,0.68090436,0.20592124,0.76996168
180.16200018,0.03513365,0.00048646,0.05290000,0.71202273,0.20550378,0.74333392
180.26200008,0.03449623,0.00392685,0.06090000,0.69597646,0.20984044,0.76199748
180.36199999,0.03636455,0.00224046,0.05090000,0.72486580,0.21501008,0.75536945
180.46200013,0.03462502,0.00271255,0.05790000,0.73891221,0.21846205,0.79784725
180.56200004,0.04000622,0.00519155,0.04190000,0.70895907,0.22086746,0.78606919
180.66200018,0.04791030,0.00168916,0.04390000,0.80033296,0.22568072,0.78571035
180.76200008,0.03989633,0.00815246,0.06180000,0.72912098,0.23617305,0.79987026
180.86199999,0.04866709,0.00029064,0.06980000,0.78657435,0.22550640,0.79099585
180.96200013,0.03909325,0.00442466,0.06680000,0.76857827,0.23301665,0.79655967
181.06299996,0.03715701,0.00008234,0.05790000,0.75235348,0.22200571,0.80204279
181.16300011,0.05146140,0.00754082,0.05290000,0.79108723,0.23192553,0.78187961
181.26300001,0.05038584,0.00562909,0.05690000,0.76674634,0.22701687,0.80041160
181.36300015,0.04255651,0.00172152,0.05290000,0.78511914,0.22389660,0.81561914
181.46300006,0.03820446,0.00059918,0.04590000,0.74675011,0.23233043,0.79500989
181.56299996,0.04475089,0.00045583,0.03480000,0.78582301,0.22716569,0.74089897
181.66300011,0.04332654,0.00347859,0.02890000,0.73556793,0.23208034,0.73513352
181.76300001,0.04562519,0.00178394,0.03380000,0.74034958,0.23624636,0.73526955
181.86300015,0.03699727,0.00175840,0.03690000,0.71395758,0.23762618,0.72696753
181.96300006,0.03844019,0.00077570,0.03090000,0.72490721,0.23454387,0.71364456
182.06299996,0.04917397,0.00120875,0.03780000,0.76656108,0.22991193,0.72099113
182.16400003,0.04907276,0.00208897,0.03680000,0.76957399,0.23025737,0.70380873
182.26400018,0.05674465,0.00120616,0.03080000,0.77610532,0.22458010,0.70503951
182.36400008,0.04702347,0.00056877,0.03390000,0.75529076,0.23132573,0.70382833
182.46399999,0.04942095,0.00331955,0.03390000,0.76662542,0.23557323,0.71046490
182.56400013,0.04507470,0.00489912,0.03480000,0.70283116,0.23518924,0.75047223
182.66400003,0.04407172,0.00441513,0.03490000,0.71649926,0.23057350,0.78746105
182.76400018,0.03544446,0.00368514,0.02990000,0.68533423,0.22363795,0.80981177
182.86400008,0.04699623,0.01526187,0.01280000,0.69171610,0.23653432,0.80871107
182.96399999,0.05068549,0.01653967,0.01480000,0.73948354,0.23081216,0.81410796
183.06400013,0.05476209,0.01267177,0.01980000,0.76039570,0.22349910,0.82048518
183.16400003,0.04563891,0.01070606,0.01680000,0.67930325,0.21854619,0.84201665
183.26400018,0.05853509,0.00553378,0.02980000,0.69689568,0.21001532,0.88655004
183.36500001,0.05632915,0.00204623,0.02580000,0.69529262,0.20907428,0.88274659
183.46500015,0.06158308,0.04110978,0.02470000,0.68244580,0.25654214,0.86131751
183.56500006,0.05841152,0.00449714,0.02280000,0.65856819,0.20872700,0.82666256
183.66499996,0.05799344,0.00520878,0.02280000,0.69223881,0.20203146,0.83839705
183.76500010,0.03545439,0.04461374,0.04080000,0.61834740,0.25040874,0.84721229
183.86500001,0.03194745,0.00584895,0.04490000,0.65654614,0.20151666,0.91160703
183.96500015,0.04514864,0.04535913,0.03680000,0.67617509,0.24986057,0.90187001
184.06500006,0.03951641,0.00667709,0.04480000,0.64295460,0.20466983,0.95955087
184.16499996,0.04136514,0.00355744,0.04390000,0.67002606,0.21046669,0.94289444
184.26500010,0.03162696,0.04047994,0.04880000,0.70109615,0.24484219,0.96551069
184.36500001,0.03647623,0.00957989,0.04790000,0.72910458,0.21221169,0.93694537
184.46600008,0.04650020,0.04061689,0.04480000,0.72596782,0.25070149,0.92021040
184.56599998,0.02761266,0.03671554,0.04880000,0.74153780,0.24370952,0.92968778
184.66600013,0.02914056,0.03861965,0.05180000,0.73227533,0.24720345,0.93674663
184.76600003,0.02790243,0.03857272,0.05090000,0.75473711,0.24491814,0.92934800
184.86600018,0.02990960,0.04271611,0.04990000,0.76455436,0.24671145,0.93090986
184.96600008,0.02889809,0.04367311,0.04180000,0.75112906,0.24322871,0.96714169
185.06599998,0.03059240,0.04073076,0.03680000,0.75481207,0.23830158,0.93063729
185.16600013,0.02189093,0.04017260,0.03590000,0.76782923,0.24577452,0.85584732
185.26600003,0.02941563,0.03871358,0.03990000,0.75634963,0.24946614,0.90416081
185.36600018,0.03313760,0.04352183,0.03780000,0.75269935,0.26473521,0.90231036
185.46600008,0.03791765,0.04316412,0.02980000,0.74691412,0.27156980,0.84405664
185.56700015,0.02936080,0.04252897,0.03480000,0.72842541,0.26649344,0.83471591
185.66700006,0.03676758,0.03934571,0.03190000,0.73549359,0.26066441,0.82184636
185.76699996,0.03546868,0.03772033,0.03080000,0.71730187,0.26491545,0.79553353
185.86700010,0.03917525,0.03891671,0.03480000,0.74461379,0.27007147,0.77382603
185.96700001,0.02798026,0.03909009,0.03190000,0.73073001,0.26193398,0.76383118
186.06700015,0.04754000,0.03949682,0.02280000,0.74733343,0.26328483,0.75302901
186.16700006,0.06386943,0.03991373,0.01870000,0.78377069,0.26246013,0.75196524
186.26699996,0.07812922,0.04205503,0.01670000,0.78290590,0.26347883,0.74019800
186.36700010,0.07787858,0.04430719,0.01960000,0.80889940,0.26658811,0.73991821
186.46700001,0.07585254,0.03769605,0.01960000,0.81447646,0.25428556,0.76275667
186.56700015,0.08025786,0.03652022,0.03060000,0.82793459,0.24804282,0.79408441
186.66799998,0.08379861,0.04218202,0.01670000,0.83719687,0.26650137,0.82358382
186.76800013,0.08099537,0.03929670,0.01170000,0.82134997,0.26236434,0.81798077
186.86800003,0.08413708,0.03993997,0.01860000,0.81595779,0.25634581,0.83657308
186.96800017,0.07471747,0.03792229,0.02760000,0.78974664,0.24101266,0.84796837
187.06800008,0.07329843,0.03990175,0.03470000,0.77207067,0.24913089,0.81366331
187.16799998,0.06673978,0.03598335,0.02370000,0.77811629,0.22799537,0.81846995
187.26800013,0.06250962,0.04182760,0.02080000,0.77352481,0.24500546,0.83422587
187.36800003,0.06135720,0.03900390,0.02270000,0.74227397,0.24476704,0.85273524
187.46800017,0.05962850,0.04629020,0.02470000,0.74022077,0.24799147,0.84922606
187.56800008,0.06247491,0.04442011,0.01480000,0.73945052,0.25003164,0.86343812
187.66799998,0.06051073,0.04436182,0.01270000,0.69394568,0.25396460,0.86740281
187.76800013,0.05659047,0.03223490,0.02080000,0.66850045,0.23111394,0.88401831
187.86899996,0.05799395,0.03314908,0.03370000,0.67658577,0.22992404,0.90966320
187.96900010,0.05768393,0.03243230,0.01180000,0.66696560,0.22572099,0.87009436
188.06900001,0.05643755,0.03383406,0.02470000,0.64934761,0.25074025,0.82941470
188.16900015,0.05448248,0.03132028,0.02380000,0.61897099,0.23122604,0.82692418
188.26900005,0.05143340,0.02894383,0.03380000,0.60543266,0.22963539,0.85010781
188.36899996,0.05326687,0.02662630,0.03570000,0.63890530,0.22479746,0.84011018
188.46900010,0.05365644,0.02888662,0.02880000,0.65031822,0.22716017,0.82041048
188.56900001,0.05007994,0.02403850,0.02780000,0.63676410,0.21660872,0.81192221
188.66900015,0.04593629,0.01644832,0.02480000,0.62283054,0.20428781,0.80538976
188.76900005,0.04041102,0.01899368,0.02590000,0.62014591,0.21420137,0.80509634
188.86899996,0.04306237,0.02606151,0.04480000,0.61355287,0.21876459,0.85397643
188.97000003,0.04037004,0.02461442,0.03490000,0.59670286,0.22348098,0.81314847
189.07000017,0.04247060,0.02166330,0.05190000,0.59852674,0.22250572,0.88388761
189.17000008,0.03894331,0.01874750,0.03590000,0.59403598,0.21869234,0.81845363
189.26999998,0.03239610,0.01839492,0.04690000,0.62324918,0.22139991,0.85959216
189.37000012,0.03507785,0.01446805,0.04680000,0.66493666,0.22081238,0.87694853
189.47000003,0.03399902,0.01570690,0.04780000,0.66459778,0.22296996,0.84121948
189.57000017,0.03157566,0.01217693,0.03790000,0.66445078,0.21018498,0.76328727
189.67000008,0.03211391,0.01138143,0.04280000,0.64218438,0.20615121,0.75012075
189.76999998,0.04259901,0.01473379,0.04490000,0.66809486,0.20203127,0.78463895
189.87000012,0.04296410,0.01160112,0.05380000,0.66501647,0.20210130,0.77484521
189.97000003,0.03857852,0.01057299,0.05690000,0.66675295,0.19762033,0.76702669
190.07100010,0.03151715,0.00495572,0.05290000,0.66607073,0.19585981,0.75998596
190.17100000,0.03827402,0.00201981,0.06180000,0.67063702,0.20609363,0.76912301
190.27100015,0.04505847,0.00080883,0.05090000,0.66328958,0.20712493,0.76787189
190.37100005,0.04458465,0.00211168,0.03580000,0.64083616,0.20577230,0.71074558
190.47100019,0.04928080,0.00424295,0.04080000,0.71077778,0.21336918,0.69568338
190.57100010,0.04655443,0.00284341,0.05480000,0.63799362,0.21852431,0.77581022
190.67100000,0.04092860,0.00340438,0.05690000,0.64160994,0.21863223,0.75245547
190.77100015,0.03823711,0.00083249,0.04780000,0.64739306,0.21546647,0.67960393
190.87100005,0.04617329,0.00168442,0.05290000,0.67486801,0.21050945,0.72814677
190.97100019,0.04899178,0.00237603,0.03980000,0.67677154,0.20789117,0.69358290
191.07100010,0.04985661,0.00965239,0.03380000,0.65886871,0.21826038,0.72723937
191.17200017,0.03683517,0.01340971,0.03780000,0.59766127,0.21729924,0.74289771
191.27200007,0.03787488,0.01303471,0.04090000,0.59484009,0.21763022,0.75447840
191.37199998,0.02478848,0.00174961,0.03590000,0.57539410,0.20462296,0.75450124
191.47200012,0.02143789,0.00363687,0.03890000,0.55460208,0.20381261,0.77179380
191.57200003,0.02711127,0.00064747,0.03000000,0.57014618,0.19312265,0.76901418
191.67200017,0.02967916,0.00093675,0.03290000,0.58396997,0.18469539,0.77787623
191.77200007,0.03569655,0.01082065,0.04280000,0.57563847,0.20425193,0.78861349
191.87199998,0.03981172,0.01241639,0.04680000,0.61883142,0.20614622,0.79406633
191.97200012,0.04212984,0.02590766,0.04890000,0.65701354,0.23708311,0.82407006
192.07200003,0.04124976,0.02705082,0.04780000,0.66763593,0.23476350,0.82299364
192.17200017,0.02210181,0.02850755,0.06290000,0.61522635,0.23356648,0.88137986
192.27300000,0.01883487,0.03234591,0.03790000,0.60140847,0.23478889,0.80572479
192.37300014,0.01992601,0.03561185,0.04590000,0.59104287,0.24005706,0.82293390
192.47300005,0.03553119,0.03480438,0.02880000,0.60543436,0.23368689,0.78405146
192.57300019,0.03489503,0.02897132,0.02590000,0.60254748,0.23304289,0.80156615
192.67300010,0.03357874,0.02984206,0.02390000,0.60065593,0.23816753,0.79977483
192.77300000,0.03436391,0.01692341,0.03680000,0.62688867,0.21567830,0.83400470
192.87300014,0.03790792,0.01936103,0.03590000,0.63584448,0.22207805,0.81654031
192.97300005,0.04251145,0.02140086,0.03780000,0.64916101,0.22017849,0.82100461
193.07300019,0.03029552,0.02511795,0.02990000,0.58975472,0.24825276,0.84253104
193.17300010,0.02866334,0.02566833,0.04090000,0.57164667,0.24552234,0.84292443
193.27300000,0.02252331,0.02797911,0.04590000,0.58511200,0.24018039,0.87203878
193.37400007,0.01757784,0.02877185,0.05590000,0.60789262,0.23864534,0.88768815
193.47399998,0.01811506,0.02664385,0.04390000,0.62699464,0.24234474,0.84519837
193.57400012,0.01940038,0.02652179,0.04990000,0.60111735,0.23891687,0.85323675
193.67400002,0.01991460,0.02688919,0.04590000,0.59920048,0.22576177,0.84545313
193.77400017,0.01883858,0.02561948,0.04890000,0.60312590,0.22943131,0.86914466
193.87400007,0.01875700,0.02141997,0.04990000,0.61549766,0.22018868,0.87624328
193.97399998,0.02178852,0.01764965,0.04990000,0.62679020,0.22125688,0.84913842
194.07400012,0.03247355,0.01894699,0.04380000,0.67490996,0.22551520,0.81073513
194.17400002,0.03080596,0.01856590,0.04290000,0.68820565,0.22440837,0.81444111
194.27400017,0.01749551,0.01146983,0.04790000,0.64083831,0.21669374,0.82001193
194.37400007,0.02360597,0.01065308,0.05590000,0.70402010,0.21810775,0.84897445
194.47399998,0.02367423,0.00975043,0.05490000,0.69777813,0.21837620,0.83696738
194.57500005,0.02571900,0.00956781,0.05190000,0.70377367,0.21874456,0.84253715
194.67500019,0.02327473,0.04568169,0.03680000,0.68828394,0.25988083,0.83381067
194.77500010,0.01866665,0.04530492,0.03880000,0.63456546,0.26899774,0.85584784
194.87500000,0.01252961,0.01187514,0.03190000,0.64355657,0.22826356,0.85082929
194.97500014,0.02438701,0.04334194,0.03790000,0.72176306,0.26440149,0.85324258
195.07500005,0.01858716,0.00790742,0.03290000,0.65640071,0.21760423,0.86830033
195.17500019,0.00708641,0.03795000,0.03790000,0.65717237,0.25436339,0.87294486
195.27500010,0.00941976,0.03648668,0.04390000,0.65431338,0.24983548,0.87526125
195.37500000,0.00892270,0.00195844,0.05090000,0.68108423,0.22071783,0.87099879
195.47500014,0.00846775,0.03777443,0.03990000,0.68563087,0.24931309,0.85679784
195.57500005,0.01170566,0.00577819,0.04600000,0.65885222,0.22436220,0.86777524
195.67600012,0.01246093,0.04261954,0.03390000,0.63846264,0.27015914,0.86942528
195.77600002,0.01582510,0.04109959,0.04080000,0.64439144,0.25967359,0.87797465
195.87600017,0.01350668,0.03862667,0.04290000,0.64685082,0.24933698,0.86944566
195.97600007,0.00880850,0.03832571,0.03590000,0.65610508,0.24701025,0.85711317
196.07599998,0.00811151,0.03508936,0.03790000,0.66410355,0.25092256,0.85827363
196.17600012,0.00379106,0.03497711,0.04190000,0.67562951,0.24176604,0.85079026
196.27600002,0.00663971,0.03160023,0.05100000,0.71013494,0.23273756,0.88933545
196.37600017,0.00421960,0.03082069,0.06200000,0.69788635,0.22548971,0.88130510
196.47600007,0.00283655,0.03412981,0.06800000,0.69087758,0.22975132,0.95835056
196.57599998,0.00673001,0.03400819,0.06790000,0.70325294,0.22417836,0.93495305
196.67600012,0.00985284,0.03687576,0.06590000,0.73102634,0.23348812,0.87852133
196.77700019,0.00222209,0.03848262,0.06990000,0.74844689,0.23882768,0.92846119
196.87700009,0.00478141,0.03956701,0.07690000,0.74521363,0.23237626,0.90962738
196.97700000,0.00859531,0.03916428,0.07990000,0.72489000,0.23009247,0.93620035
197.07700014,0.00684679,0.03679200,0.07390000,0.74639905,0.22766815,0.95460659
197.17700005,0.00989285,0.03938758,0.07290000,0.77316470,0.23210122,0.95607589
197.27700019,0.00730612,0.03609419,0.07190000,0.78209835,0.22456322,0.94080069
197.37700009,0.00125778,0.04250315,0.07090000,0.77146631,0.24100213,0.93605984
197.47700000,0.00278052,0.04546987,0.07000000,0.74693881,0.24546653,0.95750153
197.57700014,0.00259093,0.04800695,0.06890000,0.75182874,0.24400168,0.94051161
197.67700005,0.00199266,0.04601390,0.06390000,0.75303722,0.24225630,0.90537759
197.77700019,0.00534709,0.04418437,0.06690000,0.76334804,0.25116833,0.91174307
197.87800002,0.00975821,0.04333333,0.06990000,0.81712123,0.25279836,0.90143194
197.97800016,0.00749506,0.04857740,0.06590000,0.77541150,0.24774298,0.87453963
198.07800007,0.01372435,0.04949841,0.06080000,0.80863881,0.24925009,0.86145092
198.17799997,0.01763259,0.04984207,0.06180000,0.80527093,0.25205134,0.84109962
198.27800012,0.00546181,0.05017946,0.06490000,0.74531489,0.25380562,0.82742549
198.37800002,0.00022651,0.04724393,0.06590000,0.71059418,0.24122155,0.83141324
198.47800016,0.00395420,0.04540721,0.06590000,0.69853735,0.24072984,0.83809330
198.57800007,0.00767687,0.04122761,0.06590000,0.68319673,0.24379060,0.82799227
198.67799997,0.01317487,0.04145700,0.05900000,0.73465155,0.23914246,0.81990816
198.77800012,0.00622208,0.03983636,0.05790000,0.70461754,0.22254253,0.82223156
198.87800002,0.00470202,0.03493266,0.06000000,0.69877911,0.22106052,0.81014072
198.97900009,0.00187638,0.03395481,0.06200000,0.70740606,0.22208296,0.81232596
199.07900000,0.00252657,0.04036776,0.05200000,0.72309773,0.23938409,0.79792893
199.17900014,0.00314481,0.03514485,0.07200000,0.71678809,0.22193853,0.83322162
199.27900004,0.00396604,0.03352373,0.07200000,0.70869415,0.22163947,0.80849030
199.37900019,0.00162304,0.02923518,0.07900000,0.69790520,0.22317537,0.79166001
199.47900009,0.00660487,0.02052378,0.06700000,0.73120194,0.22055811,0.78605880
199.57900000,0.01307316,0.02176103,0.06990000,0.75808772,0.21385243,0.81032088
199.67900014,0.00558823,0.01903028,0.05900000,0.69243390,0.20949653,0.79220731
199.77900004,0.00597662,0.02182842,0.07500000,0.71096237,0.20945273,0.83866666
199.87900019,0.01066753,0.02312755,0.06600000,0.78275162,0.20838180,0.82717971
199.97900009,0.01431409,0.02362365,0.05100000,0.80125050,0.21189612,0.82548261
200.08000016,0.01010784,0.02826644,0.05000000,0.81958799,0.22384851,0.81678872
200.18000007,0.00707902,0.03236306,0.04490000,0.77191465,0.22964807,0.78933516
200.27999997,0.00085707,0.02650595,0.03590000,0.75252577,0.22186805,0.80830148
200.38000011,0.00685417,0.02956451,0.03600000,0.77300391,0.22670210,0.80347651
200.48000002,0.01533188,0.02374413,0.04800000,0.82129666,0.23331721,0.79678351
200.58000016,0.01217201,0.02808740,0.05600000,0.84644170,0.23991194,0.77301575
200.68000007,0.00268653,0.02918086,0.07500000,0.79664664,0.23946135,0.83112537
200.77999997,0.00338809,0.02495057,0.09100000,0.79554717,0.23448259,0.88423453
200.88000011,0.00442723,0.02025462,0.08200000,0.79341069,0.23097079,0.85251545
200.98000002,0.00154370,0.02352609,0.06890000,0.79388851,0.23838144,0.78778114
201.08000016,0.00283316,0.02288391,0.06900000,0.79377572,0.23838645,0.79312661
201.18000007,0.00630577,0.02513339,0.06490000,0.78108783,0.24595593,0.80025498
201.28100014,0.01207955,0.02281347,0.08590000,0.84119954,0.23700458,0.85337477
201.38100004,0.01247375,0.01922019,0.07800000,0.79036359,0.23159766,0.82067715
201.48100019,0.01431004,0.01455585,0.07090000,0.86094496,0.23141157,0.80634077
201.58100009,0.01051067,0.01664109,0.07200000,0.81466504,0.23347286,0.81494314
201.68099999,0.00522148,0.02045913,0.06000000,0.82947286,0.23997012,0.80843982
201.78100014,0.00723895,0.01570788,0.06100000,0.82945735,0.24191648,0.81313769
201.88100004,0.00466512,0.01722692,0.06700000,0.83117489,0.23814973,0.82919022
201.98100019,0.00297953,0.02166223,0.07300000,0.82168110,0.24681606,0.83723024
202.08100009,0.00380920,0.01481958,0.07200000,0.80230298,0.24515170,0.82873457
202.18099999,0.00058221,0.01827952,0.05700000,0.79749379,0.25378956,0.82707983
202.28100014,0.00249127,0.02586588,0.06400000,0.80439080,0.27455478,0.81889067
202.38199997,0.00511356,0.02073889,0.06100000,0.79255662,0.25983349,0.84322433
202.48200011,0.01116551,0.01278324,0.05500000,0.79083100,0.25385608,0.83128281
202.58200002,0.00881872,0.01438020,0.05500000,0.75630921,0.25512452,0.86142540
202.68200016,0.00911469,0.01905603,0.05800000,0.76091269,0.26380525,0.85359736
202.78200006,0.01600166,0.01953348,0.05690000,0.77127285,0.26018619,0.85804721
202.88199997,0.01668034,0.01734751,0.06290000,0.72901714,0.25787207,0.85513027
202.98200011,0.01404466,0.01331644,0.07100000,0.70664211,0.24926848,0.85438286
203.08200002,0.00819713,0.01409209,0.07100000,0.65693511,0.25169370,0.85682808
203.18200016,0.00790156,0.01310211,0.07100000,0.64651931,0.24812439,0.84192467
203.28200006,0.01484174,0.01037366,0.08200000,0.64926354,0.24331950,0.84743282
203.38199997,0.02072067,0.01341767,0.08290000,0.66877344,0.25204134,0.82680750
203.48300004,0.01585434,0.01029611,0.08090000,0.62986203,0.25360468,0.81428554
203.58300018,0.00967735,0.00809190,0.08600000,0.65779574,0.24207617,0.85370231
203.68300009,0.01579755,0.00393415,0.09590000,0.63730425,0.23361776,0.85754068
203.78299999,0.03358683,0.01219733,0.09080000,0.69987348,0.24674106,0.82763089
203.88300014,0.03101023,0.01547306,0.09290000,0.69425615,0.25531428,0.82632494
203.98300004,0.02518829,0.01573244,0.09290000,0.65111927,0.24905533,0.84837578
204.08300018,0.02717061,0.01207054,0.08790000,0.62694305,0.23367186,0.86415435
204.18300009,0.03338848,0.00703557,0.08290000,0.67355672,0.23614526,0.88184407
204.28299999,0.02786244,0.00121835,0.09790000,0.64884293,0.22373411,0.95689561
204.38300014,0.03093683,0.00909904,0.09090000,0.65090386,0.23669767,0.93512198
204.48300004,0.03056731,0.00770193,0.08790000,0.65740974,0.24007858,0.91883245
204.58400011,0.03226124,0.00822389,0.08890000,0.70535891,0.24173789,0.92576710
204.68400002,0.02596209,0.00195189,0.11500000,0.65669500,0.23821765,0.98219276
204.78400016,0.03190514,0.00317519,0.10990000,0.63268939,0.23509085,0.99691605
204.88400006,0.03337541,0.00705210,0.10690000,0.65722014,0.23846027,0.98213706
204.98399997,0.03611717,0.00897330,0.09990000,0.64608217,0.24594864,0.96587861
205.08400011,0.03812846,0.00903498,0.09990000,0.68897517,0.25026793,0.95842995
205.18400002,0.04621678,0.01931863,0.08280000,0.68678051,0.25717900,0.90361982
205.28400016,0.04234407,0.02661653,0.11180000,0.65830731,0.27591582,0.99424333
205.38400006,0.03920589,0.02367590,0.10890000,0.60149164,0.26715272,0.99201021
205.48399997,0.02742061,0.01142059,0.10790000,0.60723862,0.24017297,0.97670725
205.58400011,0.03952118,0.02703639,0.10980000,0.60141334,0.26520875,0.95508830
205.68500018,0.04305163,0.01503887,0.11500000,0.60727333,0.24755127,0.93204855
205.78500009,0.04542143,0.01371362,0.09790000,0.61806410,0.25326615,0.92422246
205.88499999,0.04414184,0.02706488,0.09390000,0.60657579,0.29421727,0.92667338
205.98500013,0.03674760,0.01498445,0.09300000,0.60806442,0.26641845,0.90549131
206.08500004,0.03755668,0.03255174,0.09480000,0.62157671,0.30267800,0.91084340
206.18500018,0.03835063,0.01435407,0.08700000,0.63086419,0.27112873,0.86688823
206.28500009,0.03583184,0.01974080,0.09510000,0.62472253,0.29460941,0.90700655
206.38499999,0.03498295,0.03052546,0.08790000,0.61418069,0.30628368,0.89830224
206.48500013,0.03031302,0.02236361,0.08000000,0.59288877,0.29991684,0.85266000
206.58500004,0.04119038,0.03205764,0.05980000,0.62358680,0.30835166,0.82511990
206.68500018,0.04517565,0.01794355,0.04300000,0.58767098,0.29695662,0.78890152
206.78600001,0.04200432,0.01457008,0.04200000,0.60858179,0.27794764,0.79040632
206.88600016,0.03074390,0.01795836,0.06100000,0.61138140,0.29281607,0.78790291
206.98600006,0.02802756,0.02395549,0.07100000,0.60171938,0.29234918,0.80381315
207.08599997,0.03959901,0.02280018,0.06300000,0.59788162,0.28857262,0.78022164
207.18600011,0.04545069,0.02864568,0.05900000,0.61332796,0.29298344,0.75196579
207.28600001,0.04572912,0.02885026,0.05110000,0.60210407,0.29315294,0.75407261
207.38600016,0.04233060,0.02393430,0.05700000,0.59781564,0.28904001,0.75389505
207.48600006,0.04166576,0.02225454,0.06300000,0.59179185,0.28123029,0.72600188
207.58599997,0.04174555,0.01974763,0.06000000,0.58353337,0.27718185,0.73440632
207.68600011,0.04364790,0.02224636,0.05000000,0.59154928,0.27943760,0.72295807
207.78600001,0.05729045,0.01944772,0.05200000,0.59515034,0.27599979,0.75235565
207.88600016,0.07192006,0.01302288,0.05090000,0.65975480,0.25535185,0.76310759
207.98699999,0.06756976,0.01450992,0.04390000,0.65381436,0.26246249,0.78091783
208.08700013,0.07240351,0.01124553,0.04190000,0.68092132,0.25577973,0.74962555
208.18700004,0.07719548,0.00431951,0.04390000,0.70000707,0.23581867,0.76888908
208.28700018,0.07929444,0.00266867,0.04690000,0.70030535,0.22817070,0.76917149
208.38700008,0.08152282,0.00398499,0.04880000,0.71930018,0.22409688,0.75840090
208.48699999,0.07960215,0.00073350,0.04490000,0.71483251,0.22484428,0.76321417
208.58700013,0.07647033,0.00037306,0.04590000,0.73520308,0.22066535,0.75593814
208.68700004,0.06833220,0.00630167,0.04790000,0.71777460,0.22814650,0.77472521
208.78700018,0.06758705,0.01095496,0.04390000,0.73217886,0.23612827,0.76633817
208.88700008,0.06404538,0.01254431,0.04200000,0.69503569,0.23456025,0.75314213
208.98699999,0.06027803,0.01306634,0.03490000,0.67979749,0.22208372,0.76549563
209.08800006,0.06108787,0.00621632,0.01990000,0.68445474,0.21980746,0.74592062
209.18799996,0.05893275,0.00612705,0.01990000,0.65253765,0.21152432,0.75767662
209.28800011,0.05327787,0.00364940,0.02790000,0.65445497,0.21212409,0.75846481
209.38800001,0.05312225,0.00422806,0.02190000,0.66427799,0.20846069,0.75596102
209.48800015,0.06364843,0.00435053,0.02490000,0.66707105,0.21431465,0.78353829
209.58800006,0.05878631,0.00356375,0.01700000,0.66936950,0.21407764,0.76449119
209.68799996,0.04624236,0.00364060,0.00990000,0.65985854,0.21123998,0.77750971
209.78800011,0.05358729,0.00253230,0.01290000,0.70088045,0.20753212,0.81276931
209.88800001,0.05526563,0.00360692,0.00200000,0.72570034,0.21443495,0.80496914
209.98800015,0.05837059,0.00096139,0.00110000,0.71456921,0.21679869,0.81448703
210.08800006,0.05800106,0.00378379,0.00510000,0.72157117,0.22639099,0.82943116
210.18900013,0.05972730,0.00022215,0.00910000,0.74281094,0.23035421,0.84010116
210.28900003,0.07350909,0.00290755,0.00510000,0.77547746,0.22963079,0.84000013
210.38900018,0.07971845,0.01394092,0.00720000,0.81998445,0.25500377,0.85568238
210.48900008,0.07971936,0.00895734,0.01620000,0.80050250,0.23696653,0.85101880
210.58899999,0.08931303,0.01069733,0.01410000,0.79757985,0.25029085,0.87009486
210.68900013,0.08692317,0.00873855,0.01910000,0.81599527,0.23355997,0.84880261
210.78900003,0.07102537,0.00478816,0.02020000,0.76440072,0.22497800,0.87625185
210.88900018,0.09178842,0.01336064,0.02720000,0.85541648,0.24778376,0.84573195
210.98900008,0.09833570,0.01235884,0.03720000,0.88392259,0.24432134,0.82271736
211.08899999,0.08676682,0.00425315,0.04610000,0.88293745,0.22211350,0.81719139
211.18900013,0.08539468,0.00085378,0.04110000,0.84610083,0.22098561,0.81766739
211.28999996,0.09044090,0.00222098,0.04610000,0.83347671,0.22546165,0.82042095
211.39000010,0.08253138,0.01029669,0.04810000,0.84848068,0.23967831,0.82176151
211.49000001,0.07995485,0.01568666,0.05000000,0.83294973,0.25056753,0.83189036
211.59000015,0.08369554,0.01249905,0.05310000,0.84780906,0.25015115,0.84520013
211.69000006,0.05836251,0.00501169,0.06810000,0.76437968,0.23296760,0.87152007
211.78999996,0.04383300,0.01613314,0.09400000,0.74261016,0.25737581,0.90948057
211.89000010,0.03595746,0.01031798,0.10900000,0.71513230,0.24634171,0.97140558
211.99000001,0.04161667,0.00768979,0.08200000,0.74183654,0.23115927,0.88827896
212.09000015,0.04521226,0.01013811,0.06910000,0.78568186,0.25282909,0.86288172
212.19000006,0.04039529,0.01230084,0.06500000,0.79514614,0.25491437,0.88846563
212.28999996,0.04290680,0.00482254,0.08400000,0.82230096,0.23492247,0.87718325
212.39000010,0.03960462,0.00255429,0.09310000,0.82000941,0.22700163,0.86902394
212.49100018,0.03883313,0.00854214,0.09610000,0.83346614,0.23660481,0.87938362
212.59100008,0.03396962,0.00620844,0.10810000,0.83046557,0.22697953,0.87896471
212.69099998,0.03101701,0.00367494,0.11900000,0.84205261,0.21574094,0.89272423
212.79100013,0.03100237,0.00553741,0.13310000,0.83328688,0.21906850,0.89857399
212.89100003,0.04217451,0.01163789,0.14010000,0.83725733,0.22092585,0.88598735
212.99100018,0.04978454,0.00720762,0.11910000,0.85966806,0.21774144,0.84585290
213.09100008,0.05780319,0.00121700,0.12010000,0.87511672,0.20802258,0.83678041
213.19099998,0.05843798,0.00550026,0.14310000,0.86347092,0.21034743,0.82610471
213.29100013,0.05319179,0.00796073,0.13410000,0.85548117,0.20970433,0.81021071
213.39100003,0.05080683,0.00914088,0.13320000,0.83366012,0.21642018,0.81370458
213.49100018,0.04730280,0.00853552,0.13110000,0.84235319,0.20455165,0.78395153
213.59200001,0.05042748,0.00767587,0.13610000,0.86365001,0.19699959,0.78732456
213.69200015,0.05494803,0.00428413,0.12300000,0.86538450,0.20025257,0.76098173
213.79200006,0.05107427,0.00101941,0.13100000,0.85879299,0.19817418,0.79442079
213.89199996,0.03971927,0.00976473,0.14210000,0.82266992,0.20926385,0.76973613
213.99200010,0.04146663,0.01254664,0.14810000,0.82106300,0.20828650,0.79673849
214.09200001,0.04810376,0.01226370,0.18410000,0.83591550,0.20770186,0.83978874
214.19200015,0.04538350,0.01259038,0.19010000,0.83347405,0.20281595,0.87046822
214.29200006,0.04776660,0.01103411,0.17410000,0.84963389,0.19752734,0.88092213
214.39199996,0.04359403,0.00260209,0.17300000,0.83552400,0.18992131,0.86520044
214.49200010,0.04454390,0.00459248,0.18110000,0.84434532,0.19693657,0.86514937
214.59200001,0.04097883,0.00788069,0.19410000,0.85010218,0.19862490,0.85691302
214.69300008,0.03627923,0.00455168,0.19810000,0.86595397,0.18923788,0.84609265
214.79299998,0.03342777,0.00508275,0.20510000,0.85761670,0.18791699,0.87780284
214.89300013,0.04082059,0.01063999,0.21510000,0.85980602,0.18731589,0.89506650
214.99300003,0.04310409,0.01175787,0.22510000,0.86437091,0.18743884,0.91778223
215.09300017,0.05439426,0.01593970,0.22810000,0.87928411,0.18358729,0.92680056
215.19300008,0.05915040,0.01971270,0.23110000,0.90242663,0.18535575,0.91741032
215.29299998,0.06472889,0.02191827,0.22810000,0.92229494,0.18274109,0.89500969
215.39300013,0.06906219,0.02417154,0.23620000,0.93379060,0.18331523,0.92699246
215.49300003,0.06403755,0.02240720,0.24420000,0.93316829,0.18428107,0.94708464
215.59300017,0.06682117,0.02465729,0.24820000,0.91858289,0.17756094,0.95018137
215.69300008,0.06445709,0.02663876,0.24520000,0.90633581,0.18070562,0.93996278
215.79299998,0.06311293,0.02968179,0.24720000,0.89697323,0.19609917,0.94107092
215.89400005,0.07023446,0.03347074,0.25620000,0.91670316,0.20316417,0.95298006
215.99399996,0.06315425,0.03329850,0.25520000,0.89228698,0.21168910,0.94662955
216.09400010,0.05489592,0.03106345,0.25520000,0.81941339,0.21218606,0.96252285
216.19400001,0.04463032,0.02565258,0.22620000,0.79182904,0.19043997,0.94693148
216.29400015,0.05035469,0.02690307,0.22920000,0.78807510,0.18843739,0.98098557
216.39400005,0.05440067,0.02922905,0.23520000,0.80195330,0.19181342,0.98963226
216.49399996,0.05478255,0.03750642,0.24520000,0.81721700,0.21111456,0.99888728
216.59400010,0.04733405,0.03430201,0.24620000,0.80573279,0.21715699,1.00568280
216.69400001,0.03983734,0.02576754,0.24110000,0.77525052,0.20605598,0.99435555
216.79400015,0.04562295,0.02918076,0.24520000,0.80597184,0.19607331,1.00872821
216.89400005,0.04852930,0.03107872,0.24920000,0.82458413,0.19347591,1.00385925
216.99500012,0.05015402,0.04810888,0.25890000,0.84119093,0.22680457,1.03168366
217.09500003,0.04957990,0.03906512,0.28120000,0.84077892,0.21885967,1.04966266
217.19500017,0.04912988,0.03348216,0.30000000,0.80538059,0.22087370,1.05173343
217.29500008,0.03716955,0.05279123,0.31720000,0.77587949,0.22946862,1.03761367
217.39499998,0.03870580,0.06035455,0.33630000,0.79871274,0.23828802,1.03709939
217.49500012,0.04561030,0.02701334,0.33800000,0.84479002,0.19953044,1.04807096
217.59500003,0.04886579,0.05853089,0.34830000,0.84073445,0.24016781,1.12467101
217.69500017,0.05076877,0.02440763,0.36700000,0.82559276,0.19583373,1.14822716
217.79500008,0.04788582,0.05670916,0.38720000,0.80461314,0.23797593,1.15859314
217.89499998,0.04398991,0.06097547,0.39320000,0.80918625,0.24629874,1.13502436
217.99500012,0.04334603,0.01666288,0.41700000,0.78836323,0.18426468,1.14660868
218.09500003,0.04759756,0.06302160,0.44430000,0.77855404,0.24647032,1.19797132
218.19600010,0.04684193,0.01902298,0.47000000,0.78550528,0.19477257,1.27174098
218.29600000,0.04642335,0.02013187,0.47800000,0.78896150,0.20031704,1.28876130
218.39600015,0.04732638,0.02800559,0.49500000,0.76535070,0.21642638,1.35022172
218.49600005,0.04868322,0.02450213,0.50200000,0.76576403,0.21302619,1.36023856
218.59600019,0.05128598,0.02291525,0.51400000,0.77213577,0.20781961,1.38193669
218.69600010,0.04913858,0.01655083,0.51800000,0.76684539,0.19934537,1.41940443
218.79600000,0.05618954,0.01556488,0.53100000,0.83799777,0.19782679,1.46195375
218.89600015,0.05552251,0.02277170,0.54100000,0.81472860,0.21354628,1.48876171
218.99600005,0.05820788,0.02210209,0.55100000,0.80600577,0.20798624,1.52707810
219.09600019,0.05886074,0.02197051,0.55800000,0.81326166,0.20723165,1.52891484
219.19600010,0.06974167,0.02771912,0.51600000,0.80926075,0.21177009,1.44884333
219.29700017,0.06795360,0.03242480,0.45100000,0.83204351,0.21922760,1.32536826
219.39700007,0.06291561,0.03234387,0.37200000,0.83208012,0.22296498,1.14919753
219.49699998,0.06466496,0.03169420,0.32400000,0.82796500,0.22278113,1.07371026
219.59700012,0.06006923,0.03353934,0.22300000,0.83837971,0.23930075,0.93354567
219.69700003,0.05596142,0.02889602,0.19500000,0.82084515,0.22290691,0.90001487
219.79700017,0.04543172,0.03221504,0.15800000,0.77839860,0.23698975,0.88526642
219.89700007,0.05006367,0.03376194,0.15900000,0.81271444,0.24819527,0.85900125
219.99699998,0.04149919,0.02801137,0.10400000,0.73903437,0.23751918,0.77909686
220.09700012,0.03014227,0.02541070,0.03500000,0.73733476,0.23193739,0.69251987
220.19700003,0.02692221,0.03111148,0.02500000,0.71980346,0.25076889,0.65917772
220.29700017,0.02631935,0.02387911,0.02200000,0.74214106,0.22562279,0.66282540
220.39800000,0.02843592,0.02287375,0.02300000,0.75302005,0.22912700,0.67567583
220.49800014,0.02830367,0.01681078,0.02590000,0.75249849,0.22179249,0.68979343
220.59800005,0.02438476,0.02048496,0.01790000,0.70565264,0.22345882,0.70092414
220.69800019,0.02323419,0.02114551,0.00590000,0.68612411,0.21641471,0.68886896
220.79800010,0.02287249,0.02164184,0.00510000,0.69247076,0.22164298,0.71265759
220.89800000,0.02449375,0.02119874,0.00600000,0.68441827,0.22863800,0.73306430
220.99800014,0.02415868,0.02128422,0.00400000,0.67082372,0.22222509,0.73340187
221.09800005,0.02454745,0.02171780,0.01300000,0.69107721,0.22932180,0.72865423
221.19800019,0.02304712,0.02543148,0.01590000,0.71469242,0.24012944,0.71293070
221.29800010,0.02977080,0.02212938,0.00800000,0.71008464,0.24600670,0.70038554
221.39800000,0.02944486,0.02053899,0.00900000,0.72939691,0.22628539,0.68328146
221.49800014,0.03251140,0.02046970,0.00600000,0.73618770,0.21838837,0.65593095
221.59899998,0.03480735,0.01689936,0.00100000,0.71151878,0.22385859,0.64136333
221.69900012,0.02662709,0.01721186,0.01200000,0.69235871,0.22302842,0.66635331
221.79900002,0.02859966,0.01563648,0.01210000,0.68230577,0.22743260,0.65671910
221.89900017,0.02551717,0.01379434,0.00600000,0.69447592,0.22900468,0.64071998
221.99900007,0.02362216,0.01580170,0.01400000,0.72155916,0.22595885,0.62702156
222.09899998,0.03107268,0.01712128,0.00900000,0.71525362,0.22662206,0.61004030
222.19900012,0.02785569,0.01106708,0.01700000,0.68980816,0.21938239,0.61805818
222.29900002,0.03232076,0.01154551,0.02400000,0.66446924,0.21182888,0.62632834
222.39900017,0.03406987,0.00539386,0.02100000,0.70000050,0.21026693,0.66310571
222.49900007,0.03118543,0.00259211,0.02300000,0.72088958,0.20784809,0.67036677
222.59899998,0.03359056,0.00030713,0.02200000,0.70325855,0.20569880,0.68985877
222.70000005,0.03291502,0.00285328,0.03490000,0.69644859,0.20955704,0.70834519
222.80000019,0.02926557,0.00562197,0.04090000,0.71580975,0.20564748,0.76763534
222.90000010,0.02543650,0.00549131,0.03590000,0.66116146,0.21037936,0.68079524
223.00000000,0.02773664,0.00752123,0.03290000,0.71890874,0.21404049,0.69868212
223.10000014,0.02797102,0.01136452,0.02490000,0.70557824,0.21812071,0.70426014
223.20000005,0.02325929,0.01213323,0.02500000,0.63188623,0.21660270,0.73065543
223.30000019,0.02212451,0.01095062,0.02790000,0.61784147,0.22026681,0.76046156
223.40000010,0.02091560,0.00371990,0.03290000,0.61126632,0.21354752,0.78138512
223.50000000,0.02142626,0.00579616,0.02700000,0.60460160,0.21690124,0.75603282
223.60000014,0.02208886,0.00772867,0.02600000,0.59746425,0.21101408,0.75828230
223.70000005,0.02328653,0.00417585,0.03600000,0.63023998,0.20961413,0.76015198
223.80000019,0.01549074,0.00822052,0.03190000,0.61150453,0.22203266,0.74941965
223.90100002,0.01179155,0.00850996,0.02800000,0.62176016,0.21524337,0.72717491
224.00100017,0.01241649,0.01074620,0.02790000,0.65409599,0.21036559,0.73885528
224.10100007,0.01181229,0.01094531,0.02900000,0.64973163,0.21934394,0.73473992
224.20099998,0.01256870,0.01262331,0.02900000,0.64610927,0.22213534,0.77577789
224.30100012,0.00744311,0.00901000,0.00810000,0.61143802,0.21647140,0.76575790
224.40100002,0.00405849,0.01111659,0.01700000,0.62526721,0.21612055,0.75962517
224.50100017,0.00453008,0.01327096,0.01900000,0.61236652,0.21852145,0.79198836
224.60100007,0.01507452,0.01097629,0.03310000,0.59501185,0.22110862,0.80180751
224.70099998,0.01938883,0.00223005,0.04000000,0.59807326,0.20591294,0.83058790
224.80100012,0.01489258,0.00399261,0.04200000,0.59696627,0.21176674,0.81463744
224.90100002,0.01550027,0.00506967,0.04500000,0.61576559,0.21742232,0.79526868
225.00200009,0.02483580,0.00881778,0.04710000,0.59334543,0.21572655,0.85770785
225.10200000,0.01991157,0.01577274,0.04800000,0.57811077,0.21951615,0.87387159
225.20200014,0.01525966,0.02327322,0.03610000,0.57410192,0.23742698,0.81662658
225.30200005,0.01624648,0.02672662,0.03910000,0.61685985,0.24324212,0.81827651
225.40200019,0.01304897,0.02553085,0.05120000,0.63142671,0.24504686,0.88677277
225.50200009,0.02279248,0.01819871,0.04610000,0.64768777,0.22432940,0.81894072
225.60200000,0.02816719,0.02005416,0.05310000,0.67963862,0.22341477,0.87669475
225.70200014,0.01809488,0.01871939,0.05810000,0.59561918,0.21641255,0.88197590
225.80200005,0.01375217,0.02536391,0.05810000,0.59961268,0.23025105,0.86593962
225.90200019,0.01603753,0.02779366,0.06110000,0.62094999,0.23287302,0.85709601
226.00200009,0.02697723,0.02981961,0.07410000,0.65289930,0.23652505,0.89084461
226.10200000,0.03065156,0.02634733,0.07010000,0.68870248,0.23563689,0.88053269
226.20300007,0.02106139,0.02805402,0.06610000,0.65287235,0.23126838,0.89189342
226.30299997,0.02288420,0.02378241,0.06910000,0.67312349,0.21984371,0.88873963
226.40300012,0.02499743,0.02485012,0.07210000,0.69139580,0.21067417,0.88480958
226.50300002,0.02738690,0.02184073,0.06620000,0.68126117,0.20850812,0.86398613
226.60300016,0.03182474,0.02561730,0.07520000,0.72330146,0.21346623,0.87966911
226.70300007,0.02503509,0.02543333,0.06720000,0.66033781,0.22223147,0.87463121
226.80299997,0.02762500,0.02727544,0.08920000,0.67516319,0.21760313,0.90435674
226.90300012,0.02944670,0.02186554,0.07810000,0.69227237,0.21187082,0.90113656
227.00300002,0.03289131,0.01801837,0.04220000,0.72749416,0.21483818,0.82277501
227.10300016,0.03699446,0.01803080,0.04910000,0.71656065,0.21554886,0.78819670
227.20300007,0.04009073,0.01478456,0.03410000,0.72172684,0.20732029,0.78122926
227.30400014,0.03811912,0.01621305,0.01520000,0.72671389,0.20909148,0.75309755
227.40400004,0.03691528,0.01463154,0.00520000,0.74240027,0.20374787,0.75357565
227.50400019,0.03114174,0.02397607,0.02280000,0.65627474,0.20722691,0.77115000
227.60400009,0.03358278,0.02645406,0.01490000,0.70295305,0.20381260,0.74823779
227.70400000,0.02779558,0.03109671,0.02790000,0.66787228,0.20598570,0.78986069
227.80400014,0.02746126,0.03404305,0.02580000,0.67708845,0.21865497,0.76780542
227.90400004,0.02783224,0.02939756,0.03890000,0.67665524,0.21664968,0.79439306
228.00400019,0.03238171,0.02811253,0.04390000,0.68627533,0.20710631,0.81194518
228.10400009,0.03017526,0.03045150,0.03680000,0.71145564,0.21231036,0.80222204
228.20400000,0.02972931,0.03408017,0.04680000,0.69784232,0.22021932,0.79551302
228.30400014,0.02128653,0.03431405,0.06480000,0.70988782,0.22140363,0.86610492
228.40400004,0.02358571,0.03246174,0.06390000,0.67554562,0.21696795,0.87701507
228.50500011,0.02600349,0.05009978,0.06510000,0.68758311,0.24575117,0.87569734
228.60500002,0.02372938,0.03129228,0.06480000,0.67632055,0.20417092,0.86730526
228.70500016,0.02868822,0.04907745,0.07110000,0.68043875,0.23477657,0.85246806
228.80500007,0.04406929,0.04579320,0.06480000,0.78018317,0.23763869,0.86285965
228.90499997,0.04725443,0.04828031,0.06180000,0.76610676,0.24583738,0.86818346
229.00500011,0.03893353,0.03642074,0.04310000,0.76532309,0.24721688,0.81040921
229.10500002,0.03892904,0.04136738,0.04680000,0.76011814,0.25165122,0.84877621
229.20500016,0.03272533,0.04527795,0.06310000,0.70866317,0.25102051,0.87276973
229.30500007,0.03391146,0.03920540,0.05880000,0.71139133,0.25125722,0.85286200
229.40499997,0.03518746,0.04502580,0.03880000,0.76904289,0.25341132,0.79484545
229.50500011,0.03395286,0.04325209,0.04410000,0.70985014,0.25550987,0.83204816
229.60600019,0.03017706,0.04320122,0.03710000,0.71854656,0.25329271,0.83998865
229.70600009,0.02520405,0.04396698,0.02910000,0.73971501,0.25494050,0.80191035
229.80599999,0.02664257,0.03896798,0.02600000,0.74906278,0.25872447,0.76810776
229.90600014,0.02452840,0.03372369,0.02710000,0.74049314,0.25407938,0.75641616
230.00600004,0.02502828,0.03297764,0.03600000,0.71605284,0.25489045,0.79568969
230.10600019,0.01889320,0.03183798,0.04210000,0.73412063,0.25086039,0.79666837
230.20600009,0.01983209,0.02867295,0.00710000,0.71777500,0.23964417,0.71939118
230.30599999,0.02117593,0.02610804,0.00200000,0.75445694,0.22546247,0.70862272
230.40600014,0.02348907,0.02543607,0.00800000,0.73196139,0.22824240,0.71065732
230.50600004,0.02728147,0.02644337,0.00690000,0.72828481,0.23590597,0.69450375
230.60600019,0.02962806,0.02276353,0.00500000,0.75219830,0.23430209,0.68531337
230.70600009,0.02971287,0.02334706,0.00000000,0.75666112,0.24770101,0.67870202
230.80700016,0.03207032,0.02151150,0.00300000,0.82781176,0.25031919,0.65914128
230.90700006,0.03052171,0.01894189,0.00100000,0.77642896,0.24030266,0.67579730
231.00699997,0.02741026,0.01703431,0.00200000,0.77638729,0.22834787,0.68208525
231.10700011,0.03029998,0.01442779,0.00010000,0.77922617,0.22562648,0.66959415
231.20700002,0.03611495,0.01525484,0.00190000,0.80861901,0.22613904,0.66487878
231.30700016,0.03564962,0.01560528,0.00100000,0.81097358,0.22694201,0.68417581
231.40700006,0.03206754,0.01219234,0.00400000,0.81066877,0.22802303,0.67273679
231.50699997,0.02729038,0.00906451,0.01100000,0.78577074,0.22422666,0.66533056
231.60700011,0.03045389,0.00710003,0.01110000,0.80158453,0.22109543,0.65358628
231.70700002,0.02035260,0.01023091,0.00900000,0.79874289,0.23522109,0.68379942
231.80700016,0.01893085,0.00760151,0.01200000,0.81499736,0.23506310,0.70564534
231.90799999,0.01312041,0.00731266,0.01600000,0.80634903,0.23139280,0.70855707
232.00800014,0.01563403,0.00453620,0.02000000,0.81739746,0.22813459,0.75468703
232.10800004,0.01528324,0.00675815,0.02400000,0.77638452,0.21780505,0.76732040
232.20800018,0.01566060,0.00905072,0.01700000,0.75774674,0.21390386,0.77273190
232.30800009,0.01820596,0.00509737,0.01300000,0.77813829,0.20837624,0.68793495
232.40799999,0.01690459,0.00295381,0.00400000,0.77481186,0.20361454,0.68420874
232.50800014,0.02090335,0.00452879,0.00500000,0.77916394,0.20696940,0.65258826
232.60800004,0.02324252,0.00350500,0.01700000,0.81180394,0.20707495,0.72074785
232.70800018,0.02054492,0.00189375,0.01100000,0.83106087,0.20915506,0.67271223
232.80800009,0.02231206,0.00204502,0.00800000,0.80655286,0.21431433,0.65457778
232.90799999,0.01989585,0.00246476,0.00800000,0.78694362,0.19786778,0.67460677
233.00800014,0.02058028,0.00639859,0.01410000,0.78427652,0.20540021,0.70790276
233.10899997,0.02359250,0.00834050,0.01500000,0.80843107,0.20152598,0.69526755
233.20900011,0.02511486,0.01086709,0.01410000,0.79435729,0.20218066,0.70017266
233.30900002,0.02203704,0.00360121,0.01400000,0.80781865,0.20764381,0.71720433
233.40900016,0.02280381,0.00256245,0.01200000,0.78361371,0.20142597,0.67717287
233.50900006,0.02370544,0.00350741,0.01310000,0.80458789,0.19643678,0.72122497
233.60899997,0.02407954,0.00724334,0.01310000,0.83344422,0.19934231,0.72325054
233.70900011,0.01382623,0.00931532,0.00100000,0.83944954,0.20592520,0.66068445
233.80900002,0.01410523,0.01060813,0.00200000,0.82711706,0.19528422,0.65859661
233.90900016,0.03516287,0.01927958,0.01690000,0.88806362,0.20388867,0.70355670
234.00900006,0.03887269,0.02032545,0.00890000,0.90885122,0.20346154,0.63294022
234.10899997,0.03722228,0.02108369,0.00480000,0.92213740,0.21141104,0.63929792
234.21000004,0.03120971,0.02085675,0.00390000,0.89779603,0.22248526,0.66120334
234.31000018,0.02973296,0.02540219,0.00390000,0.89909799,0.23694122,0.66965299
234.41000009,0.02848149,0.02750463,0.00010000,0.92183553,0.23014877,0.66558106
234.50999999,0.02978556,0.03098178,0.00380000,0.90389772,0.22640881,0.66831918
234.61000013,0.02774716,0.02684745,0.00490000,0.88604122,0.21968669,0.68258037
234.71000004,0.02200355,0.01974295,0.00210000,0.84390090,0.20474533,0.71045336
234.81000018,0.02132989,0.02054351,0.00720000,0.83544196,0.20221294,0.68242002
234.91000009,0.02467741,0.02602067,0.01120000,0.79718051,0.20739269,0.70897671
235.00999999,0.04741392,0.03697730,0.00280000,0.87220049,0.23378919,0.67758491
235.11000013,0.04215176,0.03193555,0.00480000,0.87007205,0.22277294,0.67246072
235.21000004,0.01060960,0.01138448,0.01390000,0.81804690,0.19838985,0.71820584
235.31100011,0.00757974,0.01103574,0.00900000,0.79848433,0.19775763,0.66579811
235.41100001,0.02083261,0.02219239,0.00580000,0.78099927,0.20772792,0.68392054
235.51100016,0.03563759,0.03437647,0.00080000,0.83460929,0.23110097,0.67899175
235.61100006,0.02697598,0.03048699,0.00390000,0.81514709,0.21177411,0.71612768
235.71099997,0.02541261,0.03012473,0.01890000,0.78927869,0.20722356,0.79321219
235.81100011,0.02342321,0.03119813,0.02180000,0.75728061,0.20192436,0.81132593
235.91100001,0.02200553,0.02949588,0.03390000,0.72359428,0.19602069,0.82443714
236.01100016,0.01210690,0.01951495,0.02900000,0.73985147,0.20005100,0.80672258
236.11100006,0.01087126,0.01997387,0.02790000,0.74608180,0.20056810,0.80183649
236.21099997,0.01305515,0.02130312,0.02490000,0.74006487,0.20636801,0.81625776
236.31100011,0.01061154,0.02252277,0.00990000,0.73890447,0.20668245,0.75521359
236.41100001,0.01638420,0.02669247,0.02090000,0.72957407,0.20413451,0.82586306
236.51200008,0.01556908,0.02624812,0.02490000,0.71267415,0.20526724,0.82955000
236.61199999,0.00705928,0.02776376,0.00990000,0.69037814,0.21286890,0.74200880
236.71200013,0.01488894,0.03118605,0.00790000,0.67862133,0.20884562,0.76223187
236.81200004,0.02123437,0.03462299,0.00190000,0.67180027,0.20203783,0.74808640
236.91200018,0.02317196,0.04701021,0.00320000,0.69519054,0.22778557,0.77486567
237.01200008,0.01786147,0.05181523,0.02120000,0.62966590,0.22733790,0.83062566
237.11199999,0.01838765,0.05534749,0.02220000,0.62183957,0.23393416,0.83407273
237.21200013,0.02290319,0.05583712,0.02420000,0.65274069,0.23225611,0.83300231
237.31200004,0.01810535,0.05789513,0.00920000,0.60120803,0.22936880,0.73420608
237.41200018,0.02001183,0.05699164,0.00920000,0.66891131,0.23194558,0.73039731
237.51200008,0.02133005,0.05949209,0.00520000,0.63630343,0.24835912,0.71754677
237.61300015,0.02370378,0.06075961,0.00630000,0.64683884,0.25324007,0.72574456
237.71300006,0.01792514,0.06242667,0.01120000,0.65824759,0.25463316,0.74357135
237.81299996,0.00597143,0.05941306,0.02520000,0.58707204,0.25145776,0.79427315
237.91300011,0.00352063,0.05093540,0.01420000,0.62477012,0.25151140,0.74599978
238.01300001,0.00361912,0.04770694,0.00520000,0.64213114,0.24410246,0.72174315
238.11300015,0.00474685,0.04082398,0.00590000,0.61362224,0.22682772,0.76422931
238.21300006,0.00230700,0.04651976,0.01320000,0.60658530,0.25446587,0.80126450
238.31299996,0.00391465,0.04984261,0.02420000,0.58747731,0.26003514,0.85525848
238.41300011,0.00205842,0.05425830,0.02520000,0.62699907,0.26637675,0.83678859
238.51300001,0.01004295,0.04391787,0.01820000,0.65511897,0.24639476,0.82503599
238.61300015,0.00912314,0.04420733,0.01220000,0.66526797,0.25789475,0.79650485
238.71300006,0.00024301,0.04680535,0.00480000,0.68465167,0.26327221,0.74784062
238.81400013,0.01463585,0.05262824,0.00020000,0.73279400,0.27823773,0.70507918
238.91400003,0.01515536,0.05222839,0.00020000,0.75405859,0.28289591,0.67997697
239.01400018,0.01348510,0.05259394,0.00720000,0.74552091,0.27322950,0.68126370
239.11400008,0.01397179,0.05697016,0.01020000,0.73420119,0.26904558,0.66197493
239.21399999,0.00765062,0.04940970,0.02220000,0.66924934,0.26277437,0.72832304
239.31400013,0.00822918,0.04306136,0.01520000,0.67439865,0.25321808,0.66621582
239.41400003,0.00762521,0.04029710,0.01820000,0.67145737,0.23946884,0.73128271
239.51400018,0.01049866,0.04004845,0.01120000,0.68393718,0.23703972,0.67161673
239.61400008,0.01321294,0.04450773,0.00910000,0.75877735,0.25421477,0.68562984
239.71399999,0.01845443,0.05066758,0.00320000,0.76167429,0.25406996,0.70079208
239.81400013,0.02168033,0.05119779,0.01030000,0.77615692,0.25577461,0.69434706
239.91400003,0.00897791,0.04553863,0.00820000,0.71196938,0.25785752,0.72858810
240.01500010,0.00825169,0.01858062,0.00100000,0.75628335,0.22430937,0.69451084
240.11500001,0.00878602,0.03503292,0.00210000,0.76851936,0.23996354,0.71807265
240.21500015,0.00225801,0.01622194,0.00300000,0.76595995,0.22146620,0.72590869
240.31500006,0.00599284,0.03771718,0.00180000,0.75819177,0.25594140,0.73221779
240.41499996,0.00697398,0.03718728,0.00190000,0.77867568,0.25486909,0.75712066
240.51500010,0.00558449,0.00787486,0.01400000,0.75530111,0.21618989,0.76239172
240.61500001,0.00453033,0.04329314,0.01280000,0.76408925,0.25435637,0.76629923
240.71500015,0.00084615,0.00719472,0.02100000,0.77381115,0.21765596,0.81308542
240.81500006,0.00058042,0.04529926,0.02780000,0.76958702,0.27148816,0.80030465
240.91499996,0.00374416,0.04095462,0.01790000,0.75094260,0.26861676,0.75504516
241.01500010,0.00019388,0.00633186,0.01000000,0.71499580,0.21669696,0.75513182
241.11600018,0.00090492,0.00765252,0.01510000,0.72316174,0.22020126,0.76412065
241.21600008,0.00482827,0.00428227,0.01500000,0.72848215,0.21078892,0.71556745
241.31599998,0.00824096,0.00246101,0.01400000,0.73370094,0.20635691,0.69327905
241.41600013,0.00773531,0.00318356,0.02300000,0.75104013,0.19763747,0.68512449
241.51600003,0.00782160,0.00145348,0.02800000,0.73454814,0.18894578,0.76342447
241.61600018,0.00758746,0.00044773,0.02900000,0.73490293,0.18599658,0.75884087
241.71600008,0.01058129,0.00101800,0.03400000,0.76997140,0.18369973,0.75639650
241.81599998,0.01216070,0.00677107,0.01900000,0.74497389,0.18594161,0.70903984
241.91600013,0.01127937,0.00706511,0.01100000,0.78245540,0.18309940,0.72792902
242.01600003,0.01063090,0.01373150,0.01400000,0.76563874,0.18587851,0.73646254
242.11600018,0.00645859,0.01157785,0.01410000,0.71524016,0.19086870,0.74957621
242.21700001,0.00054276,0.00509072,0.00300000,0.72368975,0.19301260,0.77594369
242.31700015,0.00597501,0.00745314,0.00590000,0.73814980,0.19543503,0.80293502
242.41700006,0.00371222,0.00951995,0.00500000,0.74906662,0.19800469,0.81581909
242.51699996,0.00602065,0.00574733,0.00000000,0.76386943,0.19152857,0.77770262
242.61700010,0.00824118,0.00920450,0.00190000,0.75641991,0.19413762,0.76435934
242.71700001,0.00358743,0.00412193,0.00600000,0.74652765,0.19643171,0.76139041
242.81700015,0.00958400,0.00213234,0.01000000,0.76520475,0.20019094,0.77783705
242.91700006,0.01023394,0.00148207,0.00900000,0.75366494,0.21010046,0.76179380
243.01699996,0.01141099,0.00039919,0.00800000,0.81370820,0.21469019,0.74261863
243.11700010,0.00115204,0.00761596,0.01500000,0.75159661,0.21743016,0.77626308
243.21700001,0.01167303,0.01668504,0.02800000,0.82583486,0.23362447,0.83288685
243.31700015,0.01086026,0.02107379,0.03390000,0.78552891,0.23856126,0.86879426
243.41799998,0.00937958,0.02534055,0.02590000,0.82165457,0.24261724,0.79733622
243.51800013,0.00504251,0.02544687,0.03990000,0.79333756,0.24407101,0.84315499
243.61800003,0.00104480,0.03340132,0.06590000,0.79232781,0.24705356,0.86028068
243.71800017,0.00686215,0.03840691,0.07580000,0.77423482,0.25413561,0.86060853
243.81800008,0.00535669,0.02282358,0.05190000,0.73699186,0.23120663,0.85074031
243.91799998,0.00771286,0.02515456,0.05390000,0.74193956,0.23066724,0.85769962
244.01800013,0.00916640,0.02427503,0.04390000,0.74974373,0.23183223,0.80145456
244.11800003,0.00581137,0.01868978,0.04490000,0.74076195,0.22774871,0.78430807
244.21800017,0.00019878,0.01341680,0.04190000,0.72379426,0.20743569,0.76858522
244.31800008,0.00512977,0.01704657,0.04890000,0.74795703,0.22234600,0.78737250
244.41799998,0.00077953,0.02299222,0.04890000,0.74709174,0.22635421,0.78741668
244.51900005,0.00550174,0.01899002,0.04490000,0.76899139,0.22401096,0.78956958
244.61899996,0.00412248,0.01960370,0.04200000,0.78736232,0.23181496,0.80429368
244.71900010,0.00931032,0.01506180,0.02490000,0.77808513,0.21637139,0.80187442
244.81900001,0.00943810,0.01487186,0.02490000,0.75320162,0.22205852,0.80472395
244.91900015,0.01144547,0.01705700,0.03300000,0.74985895,0.23835388,0.80163030
245.01900005,0.01506413,0.00942773,0.03010000,0.78610162,0.21739828,0.78209971
245.11899996,0.01614640,0.00728999,0.03400000,0.79770857,0.21510286,0.76063962
245.21900010,0.02087820,0.00132309,0.02600000,0.78436978,0.21296562,0.74371889
245.31900001,0.02683685,0.00405379,0.02010000,0.74888742,0.21339299,0.68449470
245.41900015,0.02653996,0.00564007,0.00610000,0.73620044,0.21677742,0.66184486
245.51900005,0.02651174,0.00631012,0.00510000,0.72325123,0.22072588,0.67384228
245.61899996,0.02650912,0.00425634,0.00190000,0.71619405,0.21924004,0.69519113
245.72000003,0.02977047,0.00535531,0.00390000,0.72952663,0.22677906,0.70491131
245.82000017,0.01625658,0.00097133,0.01290000,0.66801807,0.21531633,0.70261485
245.92000008,0.02050285,0.00218015,0.00590000,0.72794910,0.21718434,0.68879786
246.01999998,0.01897380,0.00251693,0.00200000,0.73296627,0.19953776,0.69568107
246.12000012,0.01864980,0.00657228,0.00210000,0.72371592,0.19443779,0.70865066
246.22000003,0.01857587,0.01108139,0.00000000,0.72703578,0.20320635,0.71097622
246.32000017,0.01714152,0.00857312,0.00490000,0.66156996,0.21185498,0.70815898
246.42000008,0.01797627,0.00768203,0.00690000,0.73089311,0.21234575,0.67500874
246.51999998,0.01564033,0.01473024,0.01000000,0.68557636,0.21419209,0.68361984
246.62000012,0.01232364,0.01797270,0.01600000,0.70894467,0.21983699,0.70878219
246.72000003,0.01833783,0.01928273,0.02100000,0.75077380,0.22368079,0.71924816
246.82100010,0.02389118,0.01860917,0.00700000,0.76470576,0.22445542,0.73295148
246.92100000,0.02469775,0.01942758,0.00900000,0.76267461,0.22652504,0.73058432
247.02100015,0.02148827,0.01988528,0.00800000,0.77113981,0.22727126,0.71480662
247.12100005,0.01491077,0.02308677,0.00600000,0.72021178,0.23006787,0.75025075
247.22100019,0.00264468,0.02433219,0.00800000,0.71604640,0.22993658,0.76743181
247.32100010,0.00257333,0.02284509,0.01600000,0.75081006,0.22762721,0.78148368
247.42100000,0.00128684,0.02197189,0.01200000,0.76029859,0.23530664,0.76399661
247.52100015,0.00609156,0.01514374,0.01300000,0.73861398,0.22585234,0.74437205
247.62100005,0.00734718,0.01760650,0.01500000,0.70274893,0.22569788,0.76783298
247.72100019,0.01562772,0.01698747,0.01700000,0.68833611,0.21986440,0.79963326
247.82100010,0.01423873,0.01612416,0.01600000,0.68758902,0.21716694,0.80613411
247.92100000,0.00814464,0.01544878,0.01800000,0.71010385,0.22114702,0.81090448
248.02200007,0.00812092,0.01546126,0.01900000,0.72716094,0.21854084,0.84808982
248.12199998,0.01344163,0.02132164,0.01200000,0.72427626,0.21996631,0.79811937
248.22200012,0.01925663,0.02468040,0.01310000,0.79213041,0.22502088,0.88868590
248.32200003,0.01563304,0.02634251,0.01300000,0.76208002,0.23025222,0.87791323
248.42200017,0.01644362,0.02788938,0.01310000,0.81000542,0.23358874,0.86786060
248.52200007,0.02279565,0.03297466,0.00000000,0.88614814,0.24679700,0.77774232
248.62199998,0.02771316,0.03202500,0.01990000,0.90059166,0.24525760,0.80150033
248.72200012,0.02301900,0.03106325,0.01200000,0.89137956,0.23651604,0.74159298
248.82200003,0.02407169,0.03275491,0.01300000,0.89553590,0.23338688,0.78803691
248.92200017,0.01645503,0.03687156,0.00100000,0.87209501,0.25380932,0.72808251
249.02200007,0.01967488,0.03573778,0.00100000,0.86820336,0.24950017,0.73307919
249.12300014,0.02608888,0.03946784,0.00490000,0.85473221,0.26352579,0.73009942
249.22300005,0.02855745,0.04306869,0.00290000,0.86379310,0.27375530,0.72671150
249.32300019,0.01851553,0.04295236,0.00500000,0.83895032,0.27712695,0.72631011
249.42300010,0.01101435,0.04115452,0.01400000,0.79899085,0.26970269,0.77683313
249.52300000,0.00492160,0.04304867,0.00890000,0.75526039,0.26947032,0.73298587
249.62300014,0.00704691,0.04451001,0.00890000,0.76819330,0.27510398,0.76472126
249.72300005,0.00776484,0.04705536,0.00490000,0.74926112,0.27267117,0.77161312
249.82300019,0.01200751,0.04759149,0.00390000,0.78555796,0.27412155,0.78679966
249.92300010,0.00605972,0.04466900,0.00990000,0.81027717,0.26746526,0.77243888
250.02300000,0.01151086,0.04330162,0.00800000,0.84328778,0.27013782,0.78962218
250.12300014,0.01173590,0.04417464,0.00900000,0.84130842,0.26751825,0.78810697
250.22399998,0.01437654,0.04147065,0.01200000,0.86607574,0.26653016,0.79114536
250.32400012,0.01390131,0.03819900,0.01500000,0.85976923,0.26516810,0.82257060
250.42400002,0.00251720,0.03744801,0.01800000,0.82537109,0.26617677,0.81969746
250.52400017,0.00153227,0.02851793,0.02900000,0.80918783,0.24434999,0.82532804
250.62400007,0.00613101,0.02906872,0.02690000,0.83505346,0.24328744,0.84895627
250.72399998,0.00667124,0.02719530,0.01800000,0.86518375,0.24716005,0.84039701
250.82400012,0.01450217,0.03481332,0.00600000,0.87051874,0.26608657,0.77628756
250.92400002,0.01188857,0.03111128,0.01500000,0.86571092,0.26675025,0.82377468
251.02400017,0.00556646,0.03310098,0.01800000,0.86156791,0.25395783,0.83853855
251.12400007,0.00481225,0.03871811,0.00800000,0.80895130,0.25615309,0.75192097
251.22399998,0.00118754,0.04305101,0.00600000,0.81057350,0.25822222,0.74063094
251.32400012,0.00241595,0.04389548,0.00100000,0.78828392,0.26653919,0.68150912
251.42500019,0.00514540,0.01054015,0.00300000,0.82345491,0.21809171,0.70471288
251.52500010,0.00839528,0.01426462,0.00100000,0.80074267,0.21724139,0.69615956
251.62500000,0.00929079,0.03798343,0.00500000,0.78294357,0.25034648,0.72865898
251.72500014,0.00180625,0.00062245,0.00300000,0.77023476,0.20123853,0.74998226
251.82500005,0.00285993,0.05544746,0.00490000,0.77219254,0.25828150,0.74596989
251.92500019,0.00437702,0.00418230,0.01600000,0.76823093,0.20655075,0.79825445
252.02500010,0.00016278,0.00611666,0.02300000,0.77278431,0.21357324,0.79187579
252.12500000,0.00995352,0.05249855,0.01800000,0.76267634,0.26714188,0.75926004
252.22500014,0.01656958,0.00210452,0.01500000,0.81911722,0.20741470,0.76222609
252.32500005,0.02386921,0.05418331,0.01100000,0.83138129,0.26470363,0.71476087
252.42500019,0.01781336,0.00267845,0.00310000,0.84664143,0.20068923,0.69274659
252.52500010,0.02661775,0.00083382,0.00690000,0.83603004,0.19879685,0.68679257
252.62600017,0.02104372,0.00155300,0.00790000,0.83122795,0.19950632,0.68328701
252.72600007,0.03009185,0.00886457,0.01080000,0.81416786,0.20844383,0.65027553
252.82599998,0.02277518,0.00722088,0.00110000,0.81663914,0.20711334,0.62713314
252.92600012,0.02422656,0.00622202,0.00010000,0.81848579,0.20513764,0.61144766
253.02600002,0.02491021,0.00270763,0.00110000,0.82800504,0.20578307,0.61467829
253.12600017,0.01784923,0.00952969,0.00590000,0.84000865,0.20549571,0.59429317
253.22600007,0.01402743,0.00919409,0.00010000,0.81679658,0.20804323,0.59384449
253.32599998,0.01550781,0.00851574,0.00290000,0.81106994,0.19751282,0.62781324
253.42600012,0.01863089,0.00420714,0.00890000,0.83167405,0.19130223,0.61979953
253.52600002,0.01592268,0.01027416,0.01690000,0.82881365,0.19779074,0.67109800
253.62700009,0.01500682,0.01068669,0.01890000,0.80777037,0.19438776,0.71203299
253.72700000,0.01712696,0.00225103,0.00690000,0.80553986,0.18867449,0.66110148
253.82700014,0.01163100,0.00063238,0.00990000,0.75031516,0.18926087,0.66477226
253.92700005,0.01193449,0.00240375,0.01090000,0.77702997,0.19819448,0.65827147
254.02700019,0.00074393,0.00930035,0.01390000,0.78109378,0.19803115,0.69534240
254.12700009,0.00196746,0.00724355,0.01700000,0.77275508,0.19999782,0.68684490
254.22700000,0.00338788,0.00445222,0.01600000,0.79950697,0.20180243,0.70362040
254.32700014,0.00821019,0.00220063,0.01700000,0.79319668,0.20292867,0.71272491
254.42700005,0.01349111,0.00026450,0.02700000,0.79228013,0.18623801,0.76832043
254.52700019,0.01197778,0.00279691,0.02700000,0.75708094,0.18690374,0.76018454
254.62700009,0.00592407,0.00364765,0.03000000,0.75405215,0.18349767,0.76456068
254.72700000,0.01813443,0.00107818,0.01800000,0.80084173,0.18691592,0.74517059
254.82800007,0.01889008,0.00562271,0.01910000,0.79930572,0.19318062,0.74067438
254.92799997,0.01337906,0.00619441,0.01800000,0.74218880,0.19481760,0.74898839
255.02800012,0.00768432,0.00384203,0.02400000,0.72575810,0.19068247,0.75019821
255.12800002,0.00826265,0.00237035,0.02710000,0.73359670,0.18101215,0.76679809
255.22800016,0.01597783,0.00763931,0.01710000,0.79235537,0.18454847,0.72105279
255.32800007,0.00912936,0.01562161,0.00800000,0.75111467,0.20452894,0.70876334
255.42799997,0.00709221,0.01610064,0.00810000,0.73601212,0.19839342,0.69212874
255.52800012,0.01163577,0.01667539,0.00600000,0.73468722,0.20818293,0.70467693
255.62800002,0.01101074,0.01661516,0.00500000,0.73607734,0.21280990,0.71568958
255.72800016,0.01071940,0.02880598,0.00100000,0.73773256,0.21780840,0.71077350
255.82800007,0.00595507,0.02078695,0.00400000,0.73047273,0.21267850,0.71279644
255.92900014,0.01033682,0.01327554,0.00510000,0.73580400,0.20744085,0.69764858
256.02900004,0.01090920,0.00655815,0.00310000,0.72005879,0.19339758,0.70262620
256.12900019,0.00682184,0.01050441,0.00600000,0.71478272,0.20362306,0.70890548
256.22900009,0.01437099,0.01415537,0.00600000,0.75026264,0.20458518,0.71800453
256.32900000,0.00602322,0.01018140,0.00900000,0.70400924,0.19731216,0.75473423
256.42900014,0.00537828,0.00529473,0.00910000,0.71593139,0.18238474,0.72984319
256.52900004,0.00876976,0.00099059,0.00510000,0.68750459,0.17648123,0.75819114
256.62900019,0.01704308,0.00076385,0.00910000,0.76198764,0.17972563,0.76861336
256.72900009,0.01497391,0.00372587,0.00900000,0.79348693,0.18166423,0.75138385
256.82900000,0.00987717,0.00175543,0.01300000,0.73885647,0.17647030,0.73735605
256.92900014,0.00976517,0.00129671,0.01300000,0.73017228,0.16801155,0.72661322
257.02999997,0.00967370,0.00384180,0.01410000,0.71225802,0.16432528,0.73438498
257.13000011,0.01686053,0.01427629,0.01110000,0.76165858,0.19248774,0.74316763
257.23000002,0.00483804,0.00474166,0.00290000,0.70706545,0.17746949,0.71178177
257.33000016,0.00547589,0.00230317,0.02690000,0.71657424,0.17089236,0.79512924
257.43000007,0.01315185,0.00217462,0.03990000,0.77491918,0.16600314,0.80738619
257.52999997,0.01562655,0.00213327,0.04190000,0.79017176,0.17423593,0.79007910
257.63000011,0.01608672,0.00367118,0.04390000,0.80158662,0.17325708,0.79474368
257.73000002,0.00392930,0.00318914,0.03600000,0.73860533,0.17170922,0.81145138
257.83000016,0.00821198,0.00219395,0.02590000,0.76978732,0.16417810,0.81248422
257.93000007,0.00741340,0.00053997,0.03200000,0.77347265,0.15990428,0.81179440
258.02999997,0.00578425,0.00872596,0.02900000,0.79927341,0.16936598,0.81091562
258.13000011,0.00477050,0.01094588,0.03100000,0.79196194,0.17143757,0.84050448
258.23100019,0.00471375,0.01348890,0.01190000,0.77077572,0.18195163,0.79729368
258.33100009,0.00855695,0.01107378,0.01900000,0.77948972,0.18411474,0.79371521
258.43099999,0.00659843,0.00888036,0.02490000,0.77901455,0.18204736,0.80324993
258.53100014,0.00097460,0.00746928,0.02600000,0.79309870,0.17743965,0.79821912
258.63100004,0.00343803,0.00886002,0.02900000,0.78436957,0.17135606,0.84723408
258.73100019,0.00190429,0.00381493,0.03400000,0.78521044,0.16189487,0.87495644
258.83100009,0.00910516,0.00462126,0.02790000,0.78192941,0.16487180,0.82450210
258.93099999,0.00042520,0.00675864,0.03200000,0.78903781,0.16124667,0.87165102
259.03100014,0.00941246,0.00535682,0.03400000,0.79996824,0.15676064,0.89470379
259.13100004,0.01017980,0.00599513,0.03300000,0.80273071,0.14700922,0.86374971
259.23100019,0.00265945,0.00042112,0.02300000,0.77361495,0.14513795,0.80545170
259.33200002,0.00800750,0.00490815,0.00300000,0.75328635,0.15467918,0.78067334
259.43200016,0.00551256,0.00906265,0.00700000,0.76590988,0.16539964,0.78087671
259.53200006,0.01072864,0.01046787,0.01990000,0.74025796,0.17011372,0.76530452
259.63199997,0.01422789,0.00861668,0.01500000,0.76248123,0.16748546,0.76324208
259.73200011,0.01213047,0.01459834,0.02100000,0.73125176,0.16355255,0.78996195
259.83200002,0.01515061,0.02146786,0.03690000,0.71973417,0.18272923,0.86196719
259.93200016,0.01376244,0.02649991,0.03990000,0.73488108,0.19440421,0.87578344
260.03200006,0.00834864,0.02770686,0.04300000,0.72264913,0.19898242,0.87769202
260.13199997,0.00470430,0.02839770,0.03300000,0.71096006,0.19419135,0.86653664
260.23200011,0.00262458,0.03345327,0.03500000,0.71711623,0.19681832,0.86899850
260.33200002,0.00408763,0.02978911,0.03700000,0.71588521,0.19282168,0.88982078
260.43200016,0.00621759,0.02729875,0.03190000,0.74130054,0.19751897,0.87923379
260.53299999,0.00553591,0.02980946,0.03100000,0.69916162,0.20316370,0.89220073
260.63300014,0.00494225,0.03234415,0.03090000,0.67273432,0.20417968,0.87560177
260.73300004,0.00206911,0.04324082,0.02890000,0.67894111,0.22017246,0.88092289
260.83300018,0.00219799,0.03416210,0.03600000,0.67920694,0.21425139,0.85125593
260.93300009,0.00221482,0.02513831,0.04590000,0.65784597,0.20485704,0.84508545
261.03299999,0.00230270,0.01991978,0.04700000,0.64794118,0.18843328,0.83224305
261.13300014,0.00385651,0.02345479,0.03290000,0.63430835,0.20592675,0.82603374
261.23300004,0.00383145,0.02765032,0.02200000,0.64370939,0.21761070,0.75404570
261.33300018,0.00876454,0.02447024,0.03590000,0.64738071,0.20984154,0.79510096
261.43300009,0.00961218,0.02076574,0.02590000,0.62717036,0.19299224,0.74939448
261.53299999,0.00427552,0.02169700,0.01790000,0.63047704,0.20089177,0.74100498
261.63400006,0.00257951,0.02243404,0.02100000,0.63682824,0.20752919,0.76254618
261.73399997,0.00829994,0.02393577,0.02090000,0.63501356,0.21438104,0.75048384
261.83400011,0.02067447,0.02458223,0.01590000,0.65165698,0.21932945,0.72254985
261.93400002,0.02857120,0.02052161,0.00990000,0.65541849,0.20504375,0.72730104
262.03400016,0.03675760,0.01335399,0.00090000,0.70902591,0.20506324,0.70715147
262.13400006,0.04419451,0.01175692,0.00210000,0.70985645,0.21176643,0.71650812
262.23399997,0.04502239,0.01716141,0.01180000,0.71041173,0.22345178,0.74336768
262.33400011,0.04810332,0.02392071,0.02180000,0.73153709,0.22506048,0.76711423
262.43400002,0.05711629,0.02259600,0.02480000,0.77240698,0.22670552,0.77280154
262.53400016,0.04887480,0.01825222,0.02980000,0.75133925,0.22012279,0.76168258
262.63400006,0.05237650,0.01863604,0.02880000,0.77359810,0.22322660,0.76848624
262.73500013,0.04248398,0.01508415,0.01490000,0.77010954,0.22321603,0.74090336
262.83500004,0.02177437,0.02823857,0.01390000,0.72181021,0.25482674,0.69561327
262.93500018,0.00882303,0.01266034,0.00800000,0.69824301,0.23405950,0.68854649
263.03500009,0.02059998,0.01213922,0.00700000,0.70750351,0.23759363,0.70228807
263.13499999,0.02173825,0.03068319,0.00590000,0.70767795,0.26411485,0.72735945
263.23500013,0.05572344,0.01330217,0.02080000,0.77695857,0.24062986,0.73997581
263.33500004,0.06119413,0.02861187,0.01370000,0.79416128,0.26243973,0.74014072
263.43500018,0.05943196,0.01395500,0.00290000,0.79194009,0.22858160,0.71429011
263.53500009,0.06229592,0.01672209,0.01180000,0.78805302,0.22924046,0.73018835
263.63499999,0.06021015,0.02305793,0.01670000,0.85574601,0.25173994,0.73228290
263.73500013,0.05731838,0.01709044,0.02180000,0.86493965,0.23504104,0.77254819
263.83500004,0.05393605,0.02321643,0.01570000,0.85816799,0.24641373,0.75110532
263.93600011,0.05076715,0.01820705,0.02680000,0.86491434,0.23589633,0.78742370
264.03600001,0.04484085,0.01738356,0.03590000,0.87489263,0.23901461,0.84694349
264.13600016,0.04565633,0.01650755,0.03380000,0.91217824,0.23601654,0.84775614
264.23600006,0.04366582,0.01358954,0.03090000,0.89335744,0.23571438,0.82932846
264.33599997,0.05355798,0.02320501,0.02990000,0.92040687,0.24556260,0.84394292
264.43600011,0.06856078,0.02900894,0.02980000,0.93960618,0.25506909,0.81322252
264.53600001,0.07388833,0.02395841,0.03370000,0.95325406,0.24849020,0.82770391
264.63600016,0.08122892,0.01971706,0.02880000,0.94895679,0.24311638,0.82521870
264.73600006,0.05535877,0.01384833,0.03190000,0.90298070,0.22162841,0.83965834
264.83599997,0.04617721,0.01586554,0.03180000,0.90164489,0.22437101,0.85273707
264.93600011,0.04058325,0.01463727,0.02490000,0.87645551,0.22184734,0.83312703
265.03700018,0.05185643,0.01802335,0.02280000,0.89108553,0.24332553,0.79157241
265.13700008,0.05243771,0.01790911,0.02790000,0.87512719,0.23996255,0.82414293
265.23699999,0.04832688,0.00756061,0.02480000,0.85842443,0.21615073,0.76912602
265.33700013,0.02277552,0.00588522,0.03890000,0.77794818,0.21846584,0.78433894
265.43700004,0.00186538,0.00337940,0.03800000,0.73123853,0.22057768,0.78704944
265.53700018,0.00944781,0.00295107,0.03690000,0.72578930,0.21717248,0.77692451
265.63700008,0.00736317,0.00044019,0.03700000,0.73010654,0.21411002,0.74823114
265.73699999,0.01340489,0.00044612,0.03300000,0.71568854,0.21583168,0.77226339
265.83700013,0.01109140,0.00170615,0.03000000,0.70535149,0.22314307,0.77185297
265.93700004,0.01584742,0.00570871,0.02790000,0.66459437,0.22846666,0.76467508
266.03700018,0.00824283,0.01100980,0.01800000,0.68115933,0.23488122,0.70400359
266.13800001,0.00866824,0.01325751,0.01290000,0.67851262,0.24475064,0.69272706
266.23800015,0.01372837,0.00463162,0.01290000,0.67481026,0.22339618,0.68078141
266.33800006,0.00808687,0.00657134,0.02000000,0.69808353,0.22641627,0.68702151
266.43799996,0.00755432,0.00666200,0.01300000,0.69615585,0.23271793,0.68908886
266.53800011,0.00032231,0.00181000,0.02500000,0.71217257,0.22977578,0.74303012
266.63800001,0.00290498,0.00581473,0.01700000,0.70072117,0.23500084,0.68121229
266.73800015,0.00882481,0.00811004,0.01190000,0.66522801,0.23689585,0.65500434
266.83800006,0.00850592,0.00429061,0.01800000,0.66199204,0.23631715,0.60241461
266.93799996,0.01511079,0.00970794,0.02500000,0.66998569,0.24553185,0.67872994
267.03800011,0.01660283,0.00294382,0.02590000,0.65814802,0.23181994,0.68554349
267.13800001,0.01639109,0.00196266,0.02600000,0.63307003,0.22910911,0.66809731
267.23800015,0.01081673,0.00767323,0.00690000,0.61845618,0.23395403,0.61657710
267.33899999,0.00249692,0.01537873,0.00610000,0.62762429,0.24825130,0.64020779
267.43900013,0.00315804,0.01548247,0.00100000,0.61456640,0.24937694,0.63390531
267.53900003,0.00654103,0.01126831,0.00400000,0.62634146,0.24268899,0.65956238
267.63900018,0.00748152,0.01280612,0.00300000,0.64488880,0.24934031,0.66369698
267.73900008,0.00743624,0.00739137,0.01100000,0.62990644,0.22770208,0.68406952
267.83899999,0.00046233,0.00777472,0.00600000,0.63490653,0.22712023,0.67119534
267.93900013,0.01107453,0.00649576,0.00200000,0.65645957,0.23354044,0.63862861
268.03900003,0.01866016,0.00077364,0.00590000,0.68135736,0.22847290,0.65122998
268.13900018,0.01715166,0.00065612,0.00000000,0.68221507,0.22398876,0.62053120
268.23900008,0.02801221,0.00341853,0.00210000,0.68609902,0.22907822,0.65929435
268.33899999,0.02768242,0.00402038,0.00800000,0.67450272,0.22052634,0.69700499
268.44000006,0.02620749,0.00618202,0.01410000,0.69325585,0.21166237,0.69526389
268.53999996,0.02954679,0.00648051,0.00410000,0.75391011,0.21598769,0.66525250
268.64000010,0.03037554,0.00323832,0.01110000,0.75808913,0.21398114,0.64640264
268.74000001,0.03116150,0.01063959,0.00210000,0.75302154,0.23060114,0.65063338
268.84000015,0.03140668,0.00986259,0.01210000,0.75847652,0.22300002,0.61770373
268.94000006,0.02754161,0.00619918,0.02110000,0.72474702,0.19699554,0.67096467
269.03999996,0.02623342,0.00535704,0.02310000,0.77073892,0.19345132,0.69232003
269.14000010,0.02694675,0.00347023,0.02910000,0.77177837,0.18810703,0.68636106
269.24000001,0.03042177,0.01100527,0.02010000,0.77866609,0.20777822,0.67085192
269.34000015,0.03868646,0.00900931,0.01410000,0.82274950,0.21917195,0.61659508
269.44000006,0.04116729,0.00959710,0.01910000,0.81963709,0.22334311,0.66719653
269.53999996,0.04025159,0.00631658,0.01910000,0.79067325,0.20057378,0.63964189
269.64100003,0.03794366,0.00794221,0.02010000,0.77074620,0.20866961,0.67553797
269.74100018,0.03404844,0.00981753,0.01010000,0.76401070,0.22665341,0.62053343
269.84100008,0.03884965,0.01450775,0.00410000,0.77907378,0.22697083,0.64757817
269.94099998,0.03486155,0.00790205,0.02210000,0.79502860,0.20765998,0.74623110
270.04100013,0.04094124,0.00290259,0.02210000,0.78768429,0.20692953,0.72937418
270.14100003,0.04160824,0.00787427,0.02220000,0.79634026,0.21419605,0.74374870
270.24100018,0.04838621,0.00610040,0.01810000,0.82885029,0.21609561,0.74694018
270.34100008,0.04820998,0.01003984,0.01010000,0.80075800,0.23940736,0.71404671
270.44099998,0.04762837,0.00779990,0.01120000,0.80156690,0.22843002,0.70209541
270.54100013,0.04174586,0.01040399,0.00610000,0.79163250,0.24447717,0.67545872
270.64199996,0.03589191,0.00982908,0.00510000,0.78130686,0.24404327,0.67596665
270.74200010,0.03421428,0.01061053,0.01110000,0.74927682,0.23706442,0.69668254
270.84200001,0.03264324,0.00809314,0.02210000,0.72803830,0.22689587,0.73058155
270.94200015,0.03667535,0.00497181,0.02310000,0.78013127,0.22763208,0.71726990
271.04200006,0.03761063,0.00456515,0.02710000,0.75169868,0.22789094,0.75409560
271.14199996,0.03735185,0.00431381,0.01710000,0.73370594,0.22803005,0.70050835
271.24200010,0.04113186,0.00523642,0.01510000,0.72772237,0.23286835,0.70731542
271.34200001,0.04026976,0.00112544,0.01410000,0.72072983,0.22700312,0.69536606
271.44200015,0.03296958,0.00650593,0.00910000,0.69321637,0.23434463,0.71810886
271.54200006,0.03034362,0.00634859,0.01110000,0.69028236,0.24045015,0.74947690
271.64199996,0.03152191,0.00752455,0.02910000,0.70961014,0.23788830,0.80220717
271.74300003,0.03790820,0.00163962,0.02220000,0.74231459,0.22697341,0.82265961
271.84300017,0.03221463,0.00184055,0.01510000,0.70545589,0.23301271,0.78636281
271.94300008,0.02544991,0.00058470,0.02310000,0.70740242,0.23430117,0.87328386
272.04299998,0.01833825,0.00248163,0.00410000,0.70026172,0.23537054,0.82327989
272.14300013,0.01777437,0.00269660,0.00700000,0.69592650,0.22865004,0.82162683
272.24300003,0.01389823,0.00291360,0.00600000,0.69756021,0.22585177,0.81776388
272.34300017,0.00662028,0.01003453,0.01700000,0.69259787,0.23066304,0.81020502
272.44300008,0.00178482,0.00919045,0.02900000,0.69233458,0.22069677,0.86078526
272.54299998,0.00026499,0.01058725,0.02600000,0.69351778,0.22078979,0.86344175
272.64300013,0.00214193,0.01212238,0.02800000,0.69928439,0.22788315,0.87037405
272.74300003,0.01477510,0.00078512,0.02100000,0.72850470,0.21423767,0.78981343
272.84300017,0.02452569,0.00067849,0.00310000,0.74778907,0.20703405,0.79741287
272.94400001,0.02859564,0.00220212,0.00010000,0.76122417,0.20882472,0.81344097
273.04400015,0.03115736,0.00545332,0.01090000,0.74710819,0.21511879,0.81757391
273.14400005,0.02982343,0.00546471,0.00710000,0.74761023,0.20535616,0.81784399
273.24399996,0.02425543,0.01119706,0.01010000,0.73595233,0.22223797,0.80838604
273.34400010,0.02032570,0.01505211,0.01110000,0.73159166,0.23701146,0.79745047
273.44400001,0.02448763,0.01893664,0.02710000,0.74388279,0.23865556,0.82232599
273.54400015,0.02184476,0.01793562,0.02010000,0.73340366,0.23355483,0.74972498
273.64400005,0.02133288,0.02069682,0.02410000,0.76163595,0.23928941,0.77411150
273.74399996,0.03178135,0.03365762,0.03110000,0.76713661,0.24644151,0.75073424
273.84400010,0.02978881,0.03291743,0.03220000,0.78487776,0.25478224,0.71911853
273.94400001,0.03448162,0.02415446,0.02910000,0.82392626,0.24754732,0.70688062
274.04500008,0.03627937,0.02754573,0.04210000,0.81451589,0.25253723,0.70740542
274.14499998,0.03332964,0.03655058,0.04610000,0.82569992,0.25709785,0.69767898
274.24500012,0.02625396,0.00375896,0.03610000,0.79394803,0.21032476,0.67704078
274.34500003,0.03073111,0.03159143,0.01720000,0.85103813,0.24838388,0.61768428
274.44500017,0.04039269,0.00002176,0.01220000,0.87026250,0.20419069,0.63387705
274.54500008,0.03987919,0.03628802,0.01220000,0.86278006,0.24496977,0.60552000
274.64499998,0.04074040,0.03925901,0.01420000,0.84061649,0.24462993,0.55956140
274.74500012,0.02691446,0.00159116,0.03210000,0.76962474,0.19370762,0.65553800
274.84500003,0.02977933,0.03414149,0.02210000,0.81201571,0.24236671,0.62925015
274.94500017,0.03344939,0.00818157,0.01910000,0.80955713,0.19881669,0.57229107
275.04500008,0.03255957,0.03131221,0.03120000,0.79806167,0.23219574,0.61938976
275.14600015,0.02824286,0.00031802,0.04010000,0.78635922,0.19057149,0.61708437
275.24600005,0.01569247,0.00937371,0.05300000,0.70906137,0.20629262,0.65964220
275.34600019,0.00792384,0.00880583,0.05210000,0.69906062,0.20742589,0.67598557
275.44600010,0.01451612,0.00469172,0.04510000,0.68548316,0.20322511,0.68845286
275.54600000,0.01582893,0.00654941,0.03710000,0.72279735,0.21022288,0.66561146
275.64600015,0.03844555,0.00154579,0.00820000,0.77646545,0.20548113,0.57645346
275.74600005,0.03366999,0.00301689,0.01010000,0.78162470,0.21040086,0.60590686
275.84600019,0.03139969,0.00423195,0.03010000,0.77262019,0.21756852,0.67914732
275.94600010,0.03238060,0.01310674,0.02510000,0.76797930,0.22833069,0.62512863
276.04600000,0.02911658,0.01394004,0.01010000,0.75926982,0.23137062,0.53691855
276.14600015,0.01935532,0.01172142,0.00090000,0.70131736,0.22688089,0.52288065
276.24699998,0.00987460,0.01419128,0.00100000,0.68861405,0.23866171,0.52082563
276.34700012,0.02639302,0.01566424,0.00300000,0.71849944,0.23763472,0.49951892
276.44700003,0.03308548,0.01474622,0.00200000,0.73873335,0.23501684,0.52049654
276.54700017,0.03844230,0.01722554,0.01090000,0.75181932,0.23648233,0.55010525
276.64700007,0.03166837,0.01582796,0.00890000,0.74508531,0.23268274,0.57081471
276.74699998,0.02455991,0.01678364,0.00190000,0.67739891,0.23424098,0.60585330
276.84700012,0.02612589,0.01706716,0.01510000,0.69572163,0.23784796,0.64785722
276.94700003,0.02331734,0.01639578,0.00000000,0.70438641,0.23119863,0.65577421
277.04700017,0.01426056,0.02000641,0.00200000,0.67782930,0.24192612,0.67564209
277.14700007,0.01495028,0.01899840,0.00200000,0.66343236,0.24256350,0.70644164
277.24699998,0.00096951,0.01874327,0.00700000,0.68020354,0.24161198,0.72491465
277.34800005,0.00104910,0.01459518,0.00400000,0.66640850,0.22695693,0.73142093
277.44800019,0.01551793,0.01708783,0.00910000,0.70699728,0.23495846,0.73202187
277.54800010,0.01488479,0.01745890,0.00300000,0.69171487,0.23681383,0.70019006
277.64800000,0.01444017,0.01778431,0.00300000,0.71735004,0.24166400,0.70949880
277.74800014,0.01116349,0.01831165,0.01400000,0.73456456,0.24227645,0.74180024
277.84800005,0.01440977,0.01976002,0.00790000,0.75981624,0.24413817,0.71813360
277.94800019,0.01176957,0.01796016,0.00100000,0.78484782,0.24194113,0.76031037
278.04800010,0.00985784,0.01535425,0.02200000,0.78041819,0.23943075,0.80775206
278.14800000,0.01572290,0.02027635,0.01000000,0.80589634,0.24292024,0.72931386
278.24800014,0.02120874,0.01426883,0.01410000,0.82514945,0.24171085,0.73548597
278.34800005,0.01603185,0.01423656,0.02410000,0.84901704,0.23707179,0.74354191
278.44900012,0.01313997,0.01135699,0.03900000,0.82545404,0.22114365,0.72672109
278.54900002,0.01208721,0.01214205,0.03100000,0.84621210,0.23566416,0.70803549
278.64900017,0.01217694,0.01130231,0.03200000,0.82724835,0.21348512,0.72380746
278.74900007,0.01519598,0.00437976,0.01110000,0.82874990,0.20263371,0.68469361
278.84899998,0.01287392,0.00877395,0.00600000,0.81344357,0.19601413,0.65349131
278.94900012,0.01555382,0.01008061,0.00000000,0.81683493,0.19594832,0.66105690
279.04900002,0.01971754,0.01071394,0.00390000,0.83102995,0.19790528,0.71039394
279.14900017,0.02144526,0.00854990,0.00000000,0.81927529,0.19673600,0.70893587
279.24900007,0.02321824,0.01162727,0.01290000,0.82786241,0.20544478,0.72995123
279.34899998,0.02683120,0.01126662,0.02090000,0.83557729,0.20894771,0.77657171
279.44900012,0.02974327,0.00635122,0.03090000,0.90175785,0.18359793,0.79445951
279.54900002,0.02969082,0.00698104,0.02790000,0.93915871,0.18445052,0.81354076
279.65000010,0.02769582,0.00767800,0.02590000,0.89148702,0.18429071,0.83749229
279.75000000,0.02968377,0.00781240,0.00990000,0.93199120,0.19036834,0.78290343
279.85000014,0.03164708,0.00865809,0.00790000,0.93216173,0.18672346,0.75927379
279.95000005,0.03075058,0.00494992,0.00490000,0.92453072,0.18861227,0.74348504
280.05000019,0.02549108,0.00447826,0.00590000,0.86796187,0.18566812,0.74514670
280.15000010,0.02651437,0.00400852,0.00090000,0.89819850,0.18437774,0.75914241
280.25000000,0.02466534,0.00020306,0.00410000,0.90187938,0.17558791,0.75163470
280.35000014,0.02854472,0.00085958,0.01210000,0.91211329,0.17856743,0.72144043
280.45000005,0.02953704,0.00357254,0.02010000,0.90382375,0.18293344,0.78621695
280.55000019,0.03548378,0.00338694,0.02210000,0.90359612,0.18613841,0.80395552
280.65100002,0.04164333,0.00005209,0.03310000,0.92216471,0.18727790,0.80352022
280.75100017,0.04561966,0.00067543,0.03210000,0.91711489,0.18621024,0.79845168
280.85100007,0.04459770,0.00188298,0.04010000,0.92019406,0.19185006,0.83256619
280.95099998,0.03821988,0.00141461,0.04320000,0.90512877,0.19371386,0.82651994
281.05100012,0.03299210,0.00237514,0.04310000,0.89199207,0.19305949,0.81703392
281.15100002,0.03311478,0.00243128,0.04310000,0.88604787,0.19879259,0.81973239
281.25100017,0.03330069,0.00512876,0.02710000,0.87137706,0.20651597,0.84611471
281.35100007,0.03016026,0.00207334,0.02110000,0.85498385,0.20425041,0.79107779
281.45099998,0.03110978,0.00529450,0.02210000,0.84578173,0.20970717,0.81589439
281.55100012,0.02984939,0.00198345,0.02310000,0.86530447,0.20493011,0.84346327
281.65100002,0.02957852,0.00130044,0.02410000,0.83993862,0.20990186,0.85271905
281.75100017,0.02540096,0.00741899,0.00200000,0.81263893,0.21579803,0.81651284
281.85200000,0.01681162,0.00459014,0.00310000,0.81751147,0.22100315,0.79763837
281.95200014,0.01365780,0.00192727,0.01410000,0.81502280,0.22696775,0.82302388
282.05200005,0.01838939,0.00034713,0.00200000,0.82029202,0.22210321,0.78874451
282.15200019,0.01809447,0.00001510,0.00110000,0.81956461,0.21894110,0.77672346
282.25200009,0.02422374,0.00064837,0.00910000,0.82896445,0.21974397,0.78747438
282.35200000,0.03229924,0.00134864,0.00210000,0.89319697,0.22744755,0.79219863
282.45200014,0.03128866,0.00177468,0.00510000,0.90132022,0.22303481,0.79042262
282.55200005,0.03241344,0.00049875,0.00810000,0.89790219,0.21918882,0.80777077
282.65200019,0.03219385,0.00116457,0.00910000,0.87497597,0.21876184,0.78914100
282.75200009,0.02701963,0.00109072,0.01110000,0.80494324,0.22006206,0.75639188
282.85200000,0.02504224,0.00203383,0.01410000,0.81885701,0.21829934,0.74181926
282.95200014,0.02330813,0.00348299,0.01210000,0.81312867,0.22660946,0.75175985
283.05299997,0.01042541,0.00847117,0.02010000,0.79524686,0.22505105,0.77304711
283.15300012,0.00833453,0.01039306,0.02110000,0.78966048,0.23036429,0.73932033
283.25300002,0.00273104,0.01771416,0.03300000,0.76152346,0.25097902,0.77226809
283.35300016,0.00913687,0.01458690,0.01790000,0.75575636,0.25431296,0.73354013
283.45300007,0.01437227,0.01250991,0.01000000,0.75324405,0.23490845,0.74263288
283.55299997,0.01829957,0.01504811,0.01300000,0.78676633,0.24952651,0.74152447
283.65300012,0.02189988,0.01601015,0.01400000,0.76115466,0.24950999,0.72455165
283.75300002,0.02128493,0.01825382,0.02300000,0.76134466,0.24866703,0.74357641
283.85300016,0.03363455,0.01895513,0.02600000,0.79859927,0.25838288,0.75209599
283.95300007,0.03354201,0.01379071,0.02590000,0.78657007,0.23248994,0.72328946
284.05400014,0.03424553,0.02032076,0.04190000,0.77305800,0.25476430,0.78635227
284.15400004,0.01346627,0.03568683,0.05500000,0.70324361,0.27116958,0.78419586
284.25400019,0.00233550,0.03280664,0.04400000,0.69948856,0.26811642,0.79615786
284.35400009,0.00834686,0.02746816,0.04910000,0.73839227,0.26009237,0.75136939
284.45400000,0.00877938,0.02599351,0.05110000,0.71756445,0.26257947,0.75709426
284.55400014,0.01379386,0.02244214,0.04810000,0.71932179,0.26112541,0.74557116
284.65400004,0.00564815,0.02657345,0.06610000,0.71371582,0.27368058,0.76779204
284.75400019,0.02087612,0.03335742,0.04910000,0.72998236,0.27304560,0.73950116
284.85400009,0.01620273,0.03692048,0.04110000,0.72925670,0.27252690,0.75052161
284.95400000,0.01939580,0.03447974,0.02910000,0.71862024,0.26347527,0.70793292
285.05400014,0.02273585,0.03147414,0.01610000,0.75110817,0.26187248,0.67185084
285.15499997,0.02444469,0.02570344,0.01410000,0.73646092,0.25490782,0.70065886
285.25500011,0.01646865,0.00684351,0.03200000,0.72807453,0.22855906,0.73346097
285.35500002,0.02465713,0.01949887,0.01410000,0.72805752,0.25514210,0.67170344
285.45500016,0.00745851,0.00410983,0.02610000,0.70906033,0.22294424,0.67573218
285.55500007,0.01279903,0.02256867,0.04010000,0.68803955,0.24603784,0.72395937
285.65499997,0.02198536,0.02024312,0.03320000,0.72463894,0.24134492,0.74704063
285.75500011,0.02228571,0.00063007,0.04310000,0.74797663,0.21537415,0.75755983
285.85500002,0.02065402,0.01737416,0.04710000,0.78560820,0.24814780,0.76664647
285.95500016,0.01891959,0.00298815,0.04410000,0.78344675,0.22365619,0.77125391
286.05500007,0.02232333,0.01417565,0.03610000,0.79817737,0.22660542,0.77722335
286.15499997,0.02396565,0.01551573,0.03510000,0.82401533,0.23046977,0.77985221
286.25600004,0.04113365,0.00479507,0.02310000,0.88460981,0.22431185,0.74558160
286.35600019,0.05436545,0.00029692,0.02010000,0.90669330,0.22074102,0.73480986
286.45600009,0.04947167,0.01158292,0.03420000,0.92920760,0.22433429,0.79311101
286.55599999,0.04524597,0.01300355,0.01720000,0.93985403,0.23372780,0.75415829
286.65600014,0.02585717,0.01669452,0.00020000,0.83162020,0.25275553,0.72024628
286.75600004,0.02585766,0.01339072,0.00490000,0.85763921,0.24214553,0.72647507
286.85600019,0.03385232,0.01478176,0.00010000,0.89915124,0.24129096,0.70796161
286.95600009,0.04009417,0.01919968,0.02820000,0.92396358,0.25157497,0.73183811
287.05599999,0.04574085,0.02100986,0.04120000,0.92569753,0.26185947,0.79021994
287.15600014,0.04487158,0.02055118,0.02920000,0.92067472,0.26201220,0.73334953
287.25600004,0.05795458,0.01136692,0.02920000,0.93974121,0.23861206,0.73353237
287.35700011,0.05343775,0.00448626,0.02010000,0.93251222,0.23074261,0.72651565
287.45700002,0.05250395,0.00493813,0.02320000,0.88717356,0.23287726,0.75815728
287.55700016,0.05014064,0.00141627,0.01920000,0.92782680,0.22715703,0.73795311
287.65700006,0.05093154,0.00092638,0.01920000,0.94037325,0.22925373,0.74056042
287.75699997,0.05368238,0.00378184,0.03620000,0.92567108,0.22528139,0.77689716
287.85700011,0.05166744,0.00383092,0.03510000,0.94806952,0.22706181,0.78985253
287.95700002,0.04727029,0.00902271,0.03110000,0.91308800,0.24549675,0.73234592
288.05700016,0.03727030,0.00682826,0.02510000,0.91340390,0.24636098,0.73102270
288.15700006,0.03731446,0.00814131,0.02510000,0.89234316,0.24386582,0.74154089
288.25699997,0.03180739,0.00381446,0.03110000,0.86753339,0.24390561,0.71934075
288.35700011,0.02692297,0.01012588,0.02110000,0.87585756,0.25570951,0.71997150
288.45800018,0.02227091,0.01291536,0.02600000,0.90106287,0.25533454,0.74927122
288.55800009,0.01796843,0.01464601,0.01500000,0.89761919,0.26243462,0.74132812
288.65799999,0.01002746,0.00824318,0.02200000,0.90344411,0.24901711,0.75608928
288.75800014,0.01705601,0.00688133,0.01710000,0.87983380,0.25078154,0.72341533
288.85800004,0.01068463,0.00058193,0.02010000,0.85778387,0.24778644,0.71911298
288.95800018,0.02581469,0.00004449,0.01610000,0.86719839,0.24110536,0.70762787
289.05800009,0.02683021,0.00101474,0.00200000,0.85609092,0.24041494,0.66794679
289.15799999,0.01824905,0.00076302,0.01310000,0.84207206,0.24060334,0.67242324
289.25800014,0.02356539,0.00696651,0.03010000,0.83754964,0.23937159,0.70064520
289.35800004,0.02067856,0.01387434,0.04710000,0.84945186,0.25492016,0.78104853
289.45800018,0.01329796,0.01259699,0.04610000,0.85515624,0.25835411,0.78870961
289.55900002,0.01717756,0.00581133,0.04110000,0.86091443,0.25231533,0.70991577
289.65900016,0.00685126,0.00103450,0.03300000,0.85146686,0.24144905,0.68037124
289.75900006,0.00358240,0.00253109,0.03510000,0.88960915,0.24184898,0.70856245
289.85899997,0.00913034,0.00324453,0.03000000,0.88253370,0.23722933,0.71949958
289.95900011,0.01669901,0.00745071,0.02410000,0.90043592,0.24262919,0.73592189
290.05900002,0.02329770,0.00330108,0.03210000,0.88796429,0.23889373,0.73266214
290.15900016,0.02859008,0.00178525,0.03910000,0.90147566,0.23028123,0.74870528
290.25900006,0.03688340,0.00367077,0.03520000,0.95028360,0.22547951,0.76159514
290.35899997,0.04389724,0.00422874,0.03810000,0.95045559,0.22582081,0.76270744
290.45900011,0.03553022,0.00428296,0.04610000,0.93274293,0.22646534,0.80913243
290.55900002,0.02415222,0.00118756,0.04310000,0.91175335,0.22425965,0.75471062
290.65900016,0.01289401,0.00285387,0.05910000,0.88110682,0.22903295,0.83605670
290.75999999,0.01415348,0.00857724,0.05400000,0.86597347,0.22957238,0.83672119
290.86000013,0.02457567,0.00948083,0.03510000,0.91886446,0.24246237,0.79283903
290.96000004,0.03341816,0.00955387,0.03620000,0.91194079,0.23775537,0.81151841
291.06000018,0.01356081,0.00801901,0.05010000,0.86431414,0.21578582,0.88327740
291.16000009,0.01314514,0.01027303,0.05200000,0.86518481,0.22605442,0.87308247
291.25999999,0.00273182,0.01270973,0.04800000,0.84896455,0.23248873,0.88421915
291.36000013,0.00188318,0.00960331,0.03710000,0.82770157,0.23174009,0.80465876
291.46000004,0.01272321,0.00652839,0.06000000,0.79807629,0.22602281,0.85436291
291.56000018,0.01004889,0.00097459,0.04310000,0.79322064,0.22114132,0.80066747
291.66000009,0.00890109,0.00026575,0.04100000,0.77065907,0.22253934,0.79392051
291.75999999,0.01195881,0.00134050,0.04700000,0.77171867,0.21996418,0.80870309
291.86100006,0.01370075,0.00299156,0.04800000,0.77669811,0.22640223,0.79973657
291.96099997,0.01697954,0.01099341,0.04610000,0.78307006,0.24292549,0.80691719
292.06100011,0.01994063,0.00874880,0.04710000,0.76446703,0.23051961,0.80908936
292.16100001,0.01960770,0.00796165,0.04810000,0.76071708,0.23222255,0.81534241
292.26100016,0.02127576,0.01169025,0.05310000,0.78925426,0.24703009,0.81349545
292.36100006,0.02274994,0.02067414,0.06400000,0.82120291,0.26830833,0.81090144
292.46099997,0.02488471,0.02054048,0.06810000,0.81241820,0.26558684,0.77352251
292.56100011,0.03520295,0.01627428,0.06810000,0.82986845,0.26128859,0.78730083
292.66100001,0.03634146,0.01518118,0.07210000,0.79323745,0.25260649,0.80115406
292.76100016,0.02949213,0.01552625,0.05500000,0.79564710,0.25139614,0.79021332
292.86100006,0.03101963,0.01037461,0.05310000,0.79813568,0.23156094,0.76965507
292.96200013,0.03343149,0.00810157,0.06410000,0.79875645,0.23427085,0.78022803
293.06200004,0.02970147,0.00155961,0.06410000,0.79440085,0.22541736,0.76505404
293.16200018,0.02066559,0.00327768,0.04510000,0.75681373,0.22967223,0.76368876
293.26200008,0.00989815,0.01228278,0.01510000,0.73470599,0.24048402,0.67334444
293.36199999,0.00025737,0.01241708,0.02190000,0.75742307,0.23992470,0.65791735
293.46200013,0.00777963,0.01062814,0.00700000,0.75477666,0.23636230,0.63389218
293.56200004,0.01189380,0.01242045,0.00110000,0.77429979,0.24293800,0.63131485
293.66200018,0.00440150,0.01401095,0.01100000,0.73971808,0.25845997,0.64451244
293.76200008,0.00487750,0.01319356,0.01210000,0.74507367,0.23905303,0.63853257
293.86199999,0.00334301,0.00878887,0.00500000,0.73774293,0.23727618,0.61567718
293.96200013,0.00809039,0.00233787,0.00490000,0.74074044,0.23572194,0.62337512
294.06299996,0.02166098,0.00247017,0.00110000,0.81651860,0.24523125,0.59337632
294.16300011,0.02303322,0.00562589,0.00110000,0.81138099,0.24456606,0.58472474
294.26300001,0.01591048,0.00402200,0.00110000,0.72468677,0.24121888,0.59586497
294.36300015,0.01551952,0.00250490,0.00610000,0.74152532,0.23598894,0.60290001
294.46300006,0.01366971,0.00875608,0.00490000,0.73934348,0.23742634,0.62809307
294.56299996,0.01395273,0.01219678,0.00010000,0.78059009,0.23580814,0.65472278
294.66300011,0.01380387,0.01431479,0.00910000,0.77807710,0.23730751,0.66822516
294.76300001,0.01193134,0.01392886,0.00400000,0.78193656,0.23010267,0.65744645
294.86300015,0.01223979,0.01339692,0.01390000,0.79176445,0.23629443,0.67812082
294.96300006,0.01844902,0.01117110,0.02490000,0.77150416,0.23817275,0.69925445
295.06299996,0.02076223,0.01557337,0.02790000,0.80513239,0.24195529,0.69413506
295.16400003,0.03088830,0.01370267,0.01890000,0.82439582,0.24508227,0.71317914
295.26400018,0.03195882,0.00832609,0.02390000,0.82565978,0.24235053,0.73902192
295.36400008,0.02952916,0.01006373,0.02890000,0.80039175,0.25086708,0.73758280
295.46399999,0.01630674,0.01987310,0.00290000,0.77336668,0.25041355,0.68691966
295.56400013,0.02861884,0.02065724,0.00380000,0.82640449,0.25456279,0.69857259
295.66400003,0.04175730,0.01914231,0.00880000,0.84146434,0.25389569,0.70114271
295.76400018,0.04194938,0.02060629,0.00280000,0.87461005,0.25935003,0.68926353
295.86400008,0.02463434,0.01647875,0.00790000,0.85211628,0.25957840,0.69883464
295.96399999,0.00802892,0.01752873,0.00190000,0.78638055,0.26252290,0.70760200
296.06400013,0.00246019,0.02377998,0.00000000,0.77322395,0.26247912,0.71986148
296.16400003,0.00317932,0.02096883,0.00590000,0.76256426,0.26420297,0.74103477
296.26500010,0.01181748,0.03006605,0.02500000,0.76610362,0.28439290,0.72704657
296.36500001,0.02040311,0.00919147,0.03790000,0.83880004,0.25424484,0.77306870
296.46500015,0.01517098,0.03495556,0.03300000,0.75615164,0.29365399,0.76368466
296.56500006,0.01402769,0.00975263,0.04290000,0.77592819,0.25711046,0.78943212
296.66499996,0.00906735,0.01132621,0.05890000,0.76534523,0.25606331,0.85010969
296.76500010,0.00752115,0.03991845,0.06600000,0.77361571,0.29193293,0.85166755
296.86500001,0.01096421,0.00459196,0.07290000,0.75750251,0.25231609,0.85418542
296.96500015,0.00980572,0.04022994,0.07600000,0.76801857,0.29067950,0.87755911
297.06500006,0.01293146,0.00098861,0.07900000,0.76672727,0.24226114,0.87176908
297.16499996,0.00947478,0.00154871,0.07100000,0.75361920,0.24185353,0.86324676
297.26500010,0.00766216,0.04266358,0.06200000,0.74877886,0.29555992,0.85707400
297.36600018,0.00942853,0.04503235,0.08300000,0.79092702,0.30369420,0.85767060
297.46600008,0.00779589,0.04377070,0.09000000,0.76203384,0.30464196,0.85625815
297.56599998,0.01221210,0.04633535,0.08200000,0.76434856,0.31133429,0.86703330
297.66600013,0.00776288,0.04461634,0.08610000,0.75665509,0.31246498,0.85561844
297.76600003,0.00618413,0.04830607,0.09710000,0.75296376,0.31549086,0.85705612
297.86600018,0.00041500,0.04532911,0.08600000,0.75267161,0.32238673,0.85368611
297.96600008,0.00050422,0.04673752,0.09210000,0.73093577,0.32543292,0.84192246
298.06599998,0.00535142,0.04498191,0.08710000,0.73550695,0.31997562,0.84397996
298.16600013,0.00564912,0.03997734,0.08810000,0.75267748,0.31740691,0.85595457
298.26600003,0.00709414,0.04261823,0.10500000,0.74549350,0.30332840,0.85940246
298.36600018,0.00538618,0.04082878,0.09000000,0.76492056,0.30067945,0.84014805
298.46700001,0.00092080,0.03816860,0.07310000,0.77354963,0.29573324,0.82771918
298.56700015,0.00010893,0.03373586,0.06910000,0.75556743,0.28876635,0.87303502
298.66700006,0.00410606,0.02901345,0.06400000,0.76701723,0.27734254,0.82369606
298.76699996,0.01136864,0.02728963,0.06200000,0.75194199,0.27243384,0.80552217
298.86700010,0.01797179,0.02819317,0.05200000,0.80907315,0.27175991,0.81751560
298.96700001,0.02380868,0.03304704,0.04500000,0.81765288,0.27267170,0.77758471
299.06700015,0.02782077,0.03876977,0.05000000,0.82531760,0.29110426,0.76899951
299.16700006,0.02783435,0.03368173,0.06900000,0.81889371,0.26931299,0.80205948
299.26699996,0.02338672,0.03378685,0.09190000,0.82767575,0.26100333,0.81696344
299.36700010,0.02255050,0.03338570,0.09500000,0.83084975,0.26302024,0.83051486
299.46700001,0.03092356,0.03388486,0.08300000,0.83109192,0.25905740,0.81990862
299.56700015,0.03141832,0.03566888,0.07090000,0.86034294,0.26832423,0.81581570
299.66799998,0.02889665,0.03568184,0.05590000,0.86741054,0.27613579,0.74415742
299.76800013,0.03129840,0.03615108,0.05500000,0.87862365,0.27791046,0.74435745
299.86800003,0.02989704,0.03115152,0.05700000,0.86146743,0.25811366,0.77554427
299.96800017,0.01730852,0.03027532,0.06300000,0.85249687,0.25906886,0.77510560
300.06800008,0.01442457,0.02882953,0.06100000,0.84147248,0.26052902,0.78269048
300.16799998,0.01403127,0.02671972,0.05800000,0.83570929,0.25404098,0.77145214
300.26800013,0.01252489,0.01905274,0.06100000,0.77350677,0.24015062,0.79287174
300.36800003,0.00892999,0.01919258,0.07600000,0.77583072,0.23191545,0.83628127
300.46800017,0.00393031,0.02650194,0.07410000,0.75981461,0.23504238,0.86380004
300.56800008,0.00105300,0.02475523,0.06500000,0.77722899,0.23029529,0.81035738
300.66799998,0.00672806,0.02093474,0.04610000,0.79614940,0.21805550,0.80162662
300.76900005,0.01009432,0.01841371,0.04310000,0.79048436,0.20772589,0.80106927
300.86899996,0.01372443,0.01580917,0.04310000,0.83392440,0.20339544,0.80784962
300.96900010,0.01767262,0.01164168,0.03510000,0.83498368,0.18915797,0.79821162
301.06900001,0.01965433,0.00930361,0.03310000,0.86221288,0.17890192,0.78616340
301.16900015,0.01886765,0.01178269,0.02410000,0.86895123,0.17417499,0.76908802
301.26900005,0.01900275,0.01884345,0.01810000,0.86566296,0.17890149,0.76119577
301.36899996,0.01632994,0.01946337,0.02010000,0.86150047,0.19333652,0.78255277
301.46900010,0.00186569,0.02174211,0.02300000,0.79042770,0.18629884,0.78233516
301.56900001,0.00099405,0.02624523,0.01910000,0.76101918,0.19015694,0.76766879
301.66900015,0.00089555,0.02651826,0.01710000,0.76170777,0.20841943,0.75272651
301.76900005,0.01246636,0.02676266,0.00890000,0.75732308,0.20391512,0.75081554
301.87000012,0.00375194,0.02364959,0.01110000,0.73547943,0.19338241,0.74933858
301.97000003,0.00191779,0.02592377,0.02610000,0.72233736,0.20454234,0.75423788
302.07000017,0.00238019,0.02319881,0.03300000,0.73154574,0.19449062,0.78896219
302.17000008,0.01122377,0.01850802,0.02810000,0.72223073,0.18293372,0.78824244
302.26999998,0.01445741,0.01881577,0.02710000,0.78971539,0.19021026,0.78165463
302.37000012,0.01151131,0.02060436,0.03810000,0.75473767,0.19519987,0.77509366
302.47000003,0.00866220,0.02166717,0.03810000,0.74276275,0.20321592,0.80064744
302.57000017,0.00470821,0.02530381,0.04500000,0.71825364,0.21132067,0.79372659
302.67000008,0.00717911,0.02264311,0.04500000,0.71408904,0.21426137,0.79172785
302.76999998,0.00083305,0.02258597,0.05700000,0.67782011,0.20728611,0.85055167
302.87000012,0.00147925,0.02208873,0.06900000,0.65547806,0.20000039,0.83323886
302.97100019,0.00063959,0.02505176,0.08010000,0.66170414,0.20534975,0.80927888
303.07100010,0.00281155,0.02120059,0.05500000,0.65199459,0.19961158,0.73481060
303.17100000,0.00214073,0.01819443,0.04500000,0.67660069,0.20128737,0.71885517
303.27100015,0.00303345,0.01631558,0.03700000,0.67762968,0.18723614,0.71450671
303.37100005,0.00796593,0.01313103,0.04100000,0.70640620,0.18916219,0.71034101
303.47100019,0.00808125,0.00885344,0.02600000,0.70261409,0.19381369,0.73487842
303.57100010,0.00315449,0.00930480,0.04400000,0.68596250,0.20403858,0.70452051
303.67100000,0.00147406,0.01070360,0.04900000,0.68055708,0.20106499,0.69217577
303.77100015,0.00745715,0.01162372,0.05300000,0.68627388,0.20375333,0.70316380
303.87100005,0.00761551,0.01177684,0.04500000,0.63894917,0.20238103,0.69568960
303.97100019,0.00074391,0.01063093,0.03300000,0.62711509,0.20490305,0.68805195
304.07100010,0.01179003,0.00906450,0.04100000,0.64423796,0.21027491,0.68076670
304.17200017,0.01204035,0.01069019,0.04500000,0.60398797,0.21517785,0.68516320
304.27200007,0.00224154,0.01315202,0.04010000,0.59053321,0.22186844,0.65828144
304.37199998,0.00138088,0.01250213,0.04800000,0.59172393,0.21714501,0.65149634
304.47200012,0.01037928,0.01118796,0.04210000,0.59032595,0.21829249,0.61752128
304.57200003,0.00419237,0.01295083,0.05510000,0.58823903,0.21979628,0.63469207
304.67200017,0.00217036,0.01353291,0.05410000,0.60372007,0.21634822,0.63376470
304.77200007,0.00008592,0.00841681,0.04600000,0.56485179,0.20956068,0.61229337
304.87199998,0.00371249,0.00406170,0.03600000,0.57147940,0.20987545,0.61660370
304.97200012,0.00482163,0.00471189,0.05400000,0.59301864,0.21612552,0.62983523
305.07200003,0.01097689,0.00185418,0.06600000,0.58339803,0.21482205,0.65948970
305.17200017,0.00930782,0.00103178,0.05590000,0.58185053,0.21287613,0.65890179
305.27300000,0.01763617,0.00103231,0.05800000,0.61457897,0.22064408,0.66759786
305.37300014,0.02508316,0.00245864,0.06990000,0.67140727,0.21900488,0.70361445
305.47300005,0.01624747,0.00221803,0.06600000,0.61803783,0.21759428,0.71414950
305.57300019,0.01635066,0.00452394,0.07200000,0.61049529,0.22214838,0.70495659
305.67300010,0.00642010,0.00364311,0.04890000,0.61793730,0.22562148,0.67601571
305.77300000,0.00798427,0.00252019,0.04690000,0.59329961,0.21956145,0.68647317
305.87300014,0.00808731,0.00512693,0.05700000,0.59381345,0.22705409,0.69824733
305.97300005,0.02124900,0.00234951,0.06490000,0.61015263,0.23120363,0.74549331
306.07300019,0.02875865,0.00001305,0.07890000,0.68085165,0.23021075,0.80204907
306.17300010,0.03131666,0.00103273,0.08090000,0.68154680,0.22492618,0.80170508
306.27300000,0.01620469,0.00286499,0.07800000,0.62670805,0.22586562,0.74636686
306.37400007,0.01185118,0.00022277,0.08000000,0.63371360,0.22406371,0.78585386
306.47399998,0.02537162,0.00249412,0.07000000,0.66701243,0.22370517,0.73214897
306.57400012,0.03803976,0.00171660,0.06090000,0.66651777,0.22234365,0.70131699
306.67400002,0.02879661,0.00899641,0.05290000,0.65757903,0.22279774,0.72872408
306.77400017,0.02871835,0.00897643,0.06190000,0.64557919,0.22641226,0.74383213
306.87400007,0.02794458,0.00429888,0.08390000,0.64348776,0.22657704,0.74714727
306.97399998,0.03742901,0.00060758,0.08790000,0.68286034,0.23225738,0.81947191
307.07400012,0.03136577,0.00142782,0.07690000,0.67470524,0.24073317,0.76725267
307.17400002,0.00870130,0.00493229,0.06600000,0.63270571,0.24563514,0.78329997
307.27400017,0.01537402,0.00313043,0.06300000,0.65205403,0.24796271,0.78334264
307.37400007,0.02219569,0.00120465,0.05700000,0.66520850,0.24765869,0.78843237
307.47500014,0.03171949,0.03723297,0.06300000,0.70035080,0.29310631,0.81712809
307.57500005,0.04343751,0.01086431,0.06480000,0.73547661,0.24937135,0.82300845
307.67500019,0.05050055,0.02214463,0.06990000,0.73598461,0.27460444,0.84527368
307.77500010,0.06090426,0.02797787,0.08480000,0.72705701,0.28798591,0.88163425
307.87500000,0.05622876,0.00606106,0.09080000,0.77101498,0.25984544,0.91565531
307.97500014,0.04754554,0.03386327,0.08200000,0.74417538,0.29251905,0.89410756
308.07500005,0.04574702,0.01031746,0.08790000,0.71948994,0.24876717,0.91155840
308.17500019,0.04768945,0.03175242,0.08900000,0.72656514,0.28383321,0.89072387
308.27500010,0.03442853,0.04689058,0.07200000,0.70407574,0.29581614,0.84383314
308.37500000,0.01630722,0.00398428,0.07790000,0.62575322,0.24701838,0.85100232
308.47500014,0.02139040,0.02931912,0.09600000,0.62119192,0.28755171,0.84691205
308.57500005,0.01783656,0.01468458,0.10290000,0.59904453,0.26436473,0.90339182
308.67600012,0.01779043,0.03107460,0.09310000,0.62238605,0.28555211,0.84221559
308.77600002,0.00365059,0.03445306,0.09110000,0.61484506,0.28520607,0.84701410
308.87600017,0.00578579,0.03828478,0.08900000,0.62715137,0.29081692,0.83225296
308.97600007,0.00220451,0.03303922,0.08210000,0.62943419,0.28352694,0.82421910
309.07599998,0.00712382,0.03100744,0.07010000,0.64941069,0.27767592,0.79537788
309.17600012,0.00508563,0.02315656,0.08800000,0.65768398,0.27048604,0.82557045
309.27600002,0.00773499,0.02344312,0.10310000,0.68271391,0.27465357,0.85270475
309.37600017,0.00830870,0.02326834,0.10010000,0.67777230,0.27776540,0.86197265
309.47600007,0.00067691,0.02695852,0.10610000,0.68829444,0.27801795,0.89788843
309.57599998,0.00735326,0.02588647,0.11210000,0.70879313,0.27973826,0.90131465
309.67600012,0.00888933,0.02966850,0.09510000,0.73532020,0.27950609,0.82948546
309.77700019,0.00553542,0.02492547,0.10110000,0.73919177,0.26719392,0.83863559
309.87700009,0.00709516,0.02008753,0.11110000,0.72281036,0.26078307,0.90321409
309.97700000,0.01610776,0.02125135,0.09710000,0.70429920,0.25601525,0.82555610
310.07700014,0.02371526,0.01610734,0.08610000,0.74877582,0.23850495,0.78337398
310.17700005,0.01575097,0.01447608,0.08910000,0.70265029,0.23024797,0.78700677
310.27700019,0.01350363,0.01124509,0.08210000,0.68400594,0.22033714,0.75751203
310.37700009,0.01313993,0.01342543,0.07610000,0.71665442,0.21853136,0.76560943
310.47700000,0.00388985,0.01485662,0.09210000,0.71348354,0.21571778,0.78716703
310.57700014,0.00012639,0.01512329,0.09600000,0.72150221,0.22362459,0.77418186
310.67700005,0.01164506,0.01773112,0.10510000,0.74404978,0.23091643,0.76243526
310.77700019,0.01919101,0.02015205,0.10510000,0.79528364,0.24877310,0.74142294
310.87800002,0.01968232,0.01667022,0.12110000,0.80727537,0.22895987,0.76279336
310.97800016,0.01781788,0.01997557,0.11710000,0.77820942,0.24038455,0.72107139
311.07800007,0.00805515,0.01320661,0.10610000,0.75794098,0.22210720,0.67183913
311.17799997,0.00360786,0.01220669,0.09610000,0.77224127,0.22913121,0.66480059
311.27800012,0.00068353,0.01027292,0.09600000,0.80610405,0.22027574,0.67202357
311.37800002,0.00185795,0.00867629,0.10100000,0.82948091,0.21943332,0.70633714
311.47800016,0.00470827,0.00735406,0.09310000,0.82852229,0.21209659,0.69422767
311.57800007,0.01286799,0.00861015,0.09610000,0.86725839,0.20520757,0.72379611
311.67799997,0.01643191,0.00529077,0.09400000,0.85795308,0.19883328,0.71947746
311.77800012,0.01601905,0.00372021,0.09500000,0.83963116,0.20172724,0.73676354
311.87800002,0.00998027,0.00765273,0.08800000,0.81885464,0.19986891,0.71628143
311.97800016,0.00780176,0.00877169,0.08400000,0.76418174,0.20482388,0.73187978
312.07900000,0.00991731,0.01352579,0.07700000,0.82385253,0.21318680,0.73319794
312.17900014,0.00965948,0.00739556,0.08710000,0.80977401,0.20329261,0.74112476
312.27900004,0.00234260,0.00113236,0.09100000,0.76376041,0.18973444,0.75873269
312.37900019,0.00187979,0.00353078,0.09800000,0.76523565,0.19457858,0.76845652
312.47900009,0.01244424,0.00549461,0.08190000,0.81185545,0.19384387,0.74918851
312.57900000,0.00510143,0.00872613,0.09000000,0.74776745,0.19769898,0.79252965
312.67900014,0.00754993,0.00560791,0.08600000,0.73646182,0.19767400,0.80060991
312.77900004,0.00262642,0.00302025,0.07400000,0.73648034,0.20357599,0.78496992
312.87900019,0.00312977,0.00370061,0.06710000,0.74800280,0.20878387,0.77045023
312.97900009,0.00982298,0.00645051,0.06610000,0.82201603,0.21248387,0.74431680
313.07900000,0.00363263,0.00553931,0.07410000,0.80104159,0.22004877,0.76065378
313.18000007,0.00400756,0.00527062,0.07300000,0.80342916,0.21519335,0.76392781
313.27999997,0.00211151,0.00814810,0.07800000,0.79147284,0.22020226,0.75399886
313.38000011,0.00213398,0.00763191,0.08200000,0.76550317,0.22101655,0.76317169
313.48000002,0.00528595,0.00684607,0.08000000,0.75535546,0.21899424,0.73344275
313.58000016,0.00305062,0.00786726,0.08000000,0.74090438,0.22114149,0.73367050
313.68000007,0.00391615,0.00319902,0.07200000,0.75880463,0.21351052,0.75196344
313.77999997,0.00300245,0.00045307,0.07000000,0.73822969,0.20438788,0.76910148
313.88000011,0.00214543,0.00008432,0.07000000,0.75673075,0.20565277,0.78703565
313.98000002,0.00826478,0.00333967,0.05700000,0.80456160,0.21075491,0.79199282
314.08000016,0.01339439,0.00557855,0.06100000,0.82317909,0.21373796,0.81729711
314.18000007,0.01621830,0.00994820,0.05900000,0.79806613,0.23262572,0.81156235
314.28100014,0.01711533,0.00531371,0.06600000,0.78720154,0.20865676,0.81682456
314.38100004,0.01584422,0.00205196,0.07310000,0.77236272,0.20614393,0.80534650
314.48100019,0.01135702,0.00317460,0.07400000,0.76944873,0.20653506,0.78776432
314.58100009,0.00701314,0.00653421,0.07500000,0.73177609,0.21159977,0.79260892
314.68099999,0.00059529,0.01497149,0.07200000,0.72302176,0.24456372,0.76514711
314.78100014,0.00276667,0.01663717,0.07090000,0.75848972,0.25554675,0.76500818
314.88100004,0.00059313,0.01698965,0.07500000,0.77515083,0.25763332,0.75194609
314.98100019,0.00214555,0.02110442,0.07800000,0.77742416,0.25930548,0.76409489
315.08100009,0.00306586,0.01669522,0.06790000,0.79552462,0.25235745,0.77405124
315.18099999,0.00651175,0.01215636,0.06490000,0.76157601,0.24510382,0.74635654
315.28100014,0.00898091,0.01121219,0.06900000,0.79846026,0.25477962,0.74311754
315.38100004,0.00683607,0.01354726,0.07300000,0.76886906,0.25918341,0.73497990
315.48200011,0.00424762,0.00780562,0.06490000,0.70450307,0.24888070,0.72364842
315.58200002,0.00499273,0.00258507,0.07300000,0.70318032,0.22532991,0.72633511
315.68200016,0.00385126,0.00760972,0.06000000,0.68633836,0.24340263,0.69434293
315.78200006,0.00302591,0.01226107,0.06600000,0.71523738,0.24351927,0.69287906
315.88199997,0.00094273,0.00554989,0.07790000,0.70543445,0.21783715,0.71916240
315.98200011,0.00057545,0.00170847,0.06100000,0.69812083,0.21642210,0.70670448
316.08200002,0.00614354,0.00164525,0.06300000,0.71157866,0.21479079,0.74769987
316.18200016,0.00300372,0.00463332,0.06300000,0.68313815,0.21730967,0.72476435
316.28200006,0.00006809,0.00126308,0.06800000,0.70072188,0.21555168,0.73522834
316.38199997,0.00333951,0.00330873,0.06400000,0.72274812,0.21679722,0.74599468
316.48200011,0.00742077,0.00086148,0.07400000,0.80484037,0.21561284,0.75026898
316.58300018,0.00898097,0.00477412,0.07790000,0.80049239,0.22579950,0.80842448
316.68300009,0.00136488,0.00535043,0.06600000,0.75453742,0.22344943,0.78435406
316.78299999,0.00672956,0.00311818,0.05700000,0.75269673,0.22406261,0.74545421
316.88300014,0.00418119,0.00362873,0.06600000,0.74965897,0.22801289,0.74937633
316.98300004,0.01024571,0.00400442,0.07300000,0.80821724,0.22878755,0.75699723
317.08300018,0.00943721,0.00839220,0.07790000,0.79569997,0.24159361,0.76484410
317.18300009,0.00444205,0.01599588,0.08900000,0.75059175,0.24420387,0.80538140
317.28299999,0.00899758,0.00476902,0.08800000,0.83026898,0.21485926,0.83033037
317.38300014,0.00908378,0.00342562,0.07700000,0.81991423,0.21312352,0.76540246
317.48300004,0.00785874,0.00816396,0.06800000,0.83070230,0.23254493,0.76829210
317.58300018,0.01171364,0.00107730,0.07000000,0.80950940,0.21001461,0.77741828
317.68400002,0.00944615,0.00500901,0.06890000,0.80408836,0.21400415,0.78579452
317.78400016,0.00338879,0.00552504,0.06990000,0.77172488,0.21115816,0.79801315
317.88400006,0.00552725,0.00456613,0.07100000,0.77424749,0.20238460,0.82413494
317.98399997,0.00523465,0.00054625,0.07000000,0.76762480,0.19981949,0.81904920
318.08400011,0.00194162,0.00167335,0.09400000,0.74381282,0.20168332,0.89126677
318.18400002,0.00372748,0.00086940,0.10000000,0.70763062,0.20631763,0.87932493
318.28400016,0.00050830,0.00226310,0.07700000,0.74414410,0.20909225,0.83029876
318.38400006,0.00307335,0.00207954,0.08000000,0.76979483,0.20320794,0.83363037
318.48399997,0.00181970,0.00055560,0.07900000,0.77880849,0.21056614,0.82516653
318.58400011,0.00501683,0.00288469,0.08500000,0.79761386,0.21863594,0.82432168
318.68400002,0.00505813,0.00603865,0.08000000,0.79975983,0.22871911,0.85515058
318.78500009,0.00319783,0.02064035,0.07210000,0.81636281,0.25108688,0.84303691
318.88499999,0.00074768,0.01238592,0.06010000,0.79750690,0.23716934,0.84046466
318.98500013,0.00155881,0.00927201,0.05600000,0.78052454,0.23139102,0.84849881
319.08500004,0.00173040,0.00246084,0.07200000,0.78098081,0.21977622,0.86244266
319.18500018,0.00179042,0.00361170,0.07100000,0.78277935,0.22269095,0.84220538
319.28500009,0.01117074,0.00186400,0.07500000,0.84354389,0.21581990,0.84416402
319.38499999,0.00762556,0.00482605,0.08100000,0.76915386,0.21710597,0.83803842
319.48500013,0.01319466,0.00317978,0.08500000,0.82305585,0.21833028,0.85217208
319.58500004,0.01087499,0.01486387,0.09890000,0.73533483,0.24327343,0.91578497
319.68500018,0.01167219,0.00750001,0.09900000,0.78494501,0.23422953,0.87232971
319.78500009,0.00931051,0.00266166,0.08590000,0.71780141,0.21519984,0.87082261
319.88600016,0.00832867,0.01074864,0.07800000,0.68908584,0.23263678,0.82807853
319.98600006,0.00364469,0.01313340,0.06400000,0.69324782,0.23464999,0.81744309
320.08599997,0.00966891,0.00795312,0.06290000,0.67762127,0.22690814,0.79044967
320.18600011,0.00705004,0.00654194,0.06600000,0.68866100,0.21213506,0.79905628
320.28600001,0.00555784,0.00685568,0.06390000,0.69701651,0.23390413,0.80535221
320.38600016,0.01008853,0.00286034,0.07590000,0.66881213,0.22653358,0.78638458
320.48600006,0.01412698,0.00232993,0.07500000,0.73616647,0.22211747,0.76767119
320.58599997,0.01807040,0.00619359,0.06700000,0.72171297,0.23275454,0.75642605
320.68600011,0.01885128,0.00829936,0.06300000,0.73079621,0.25437971,0.76711409
320.78600001,0.01465835,0.00815983,0.06300000,0.73139582,0.24685006,0.74880163
320.88600016,0.00993481,0.00466901,0.08600000,0.67662471,0.23399590,0.79209715
320.98699999,0.01422377,0.01023056,0.08390000,0.72343888,0.25714814,0.76419183
321.08700013,0.00435342,0.00246125,0.08700000,0.66904167,0.22962003,0.78000618
321.18700004,0.01080056,0.00126806,0.07790000,0.70973925,0.23278222,0.74069625
321.28700018,0.01610667,0.00688659,0.06190000,0.80500161,0.23577414,0.71091997
321.38700008,0.01061314,0.01002453,0.06000000,0.73306238,0.24533465,0.72114704
321.48699999,0.00916404,0.00863252,0.05100000,0.71852016,0.24750704,0.69904926
321.58700013,0.01278142,0.00669294,0.05100000,0.76854775,0.22491203,0.71560761
321.68700004,0.01178578,0.00789781,0.05600000,0.69939115,0.24007099,0.73742338
321.78700018,0.01452971,0.00963055,0.05600000,0.73007283,0.23960155,0.69397038
321.88700008,0.01143820,0.01025951,0.05500000,0.67688772,0.24606772,0.69677988
321.98699999,0.01844769,0.00216626,0.05590000,0.72973698,0.22957563,0.67556702
322.08700013,0.01783874,0.00081198,0.06300000,0.73114435,0.23486903,0.64125508
322.18799996,0.01826402,0.00115128,0.05290000,0.69822601,0.22328414,0.61906728
322.28800011,0.01701223,0.00262946,0.05900000,0.69766297,0.22185495,0.63307568
322.38800001,0.01528914,0.00318312,0.05490000,0.65540493,0.22464341,0.64735052
322.48800015,0.01530399,0.01105612,0.04390000,0.68233413,0.25520728,0.64621694
322.58800006,0.01669959,0.01296818,0.05500000,0.66960867,0.24850848,0.67307429
322.68799996,0.01773601,0.00657982,0.06200000,0.75193120,0.24116415,0.69050442
322.78800011,0.01053172,0.00571339,0.06800000,0.70765568,0.22408408,0.71094690
322.88800001,0.01561974,0.00015354,0.06200000,0.73883827,0.22186821,0.71293680
322.98800015,0.01856681,0.00131283,0.06990000,0.76817928,0.21605054,0.70206977
323.08800006,0.00548847,0.00262426,0.06000000,0.74191895,0.21677951,0.71922768
323.18799996,0.00362643,0.00541747,0.05500000,0.74682849,0.21966184,0.72379860
323.28900003,0.02096965,0.00112869,0.07400000,0.75277858,0.21726093,0.71811923
323.38900018,0.01783743,0.00735024,0.07500000,0.73136459,0.21833453,0.72808746
323.48900008,0.01540566,0.00430762,0.07190000,0.73189472,0.20924439,0.73564368
323.58899999,0.01308334,0.00373446,0.06500000,0.75099084,0.21318122,0.74115457
323.68900013,0.01029459,0.00575164,0.06390000,0.75697903,0.20606452,0.73513659
323.78900003,0.00364040,0.00218346,0.07100000,0.74700066,0.20193551,0.74331347
323.88900018,0.00669545,0.00083720,0.06900000,0.76901300,0.20276404,0.74277073
323.98900008,0.00293557,0.00301205,0.06600000,0.75983489,0.20148573,0.77817782
324.08899999,0.00470523,0.00709865,0.07600000,0.80605209,0.20145202,0.83354243
324.18900013,0.00201817,0.00650054,0.07910000,0.79385172,0.21089421,0.84012706
324.28900003,0.00062484,0.00358184,0.07000000,0.78580621,0.20900881,0.81589505
324.39000010,0.00213492,0.00136093,0.07490000,0.76873554,0.20351084,0.84884463
324.49000001,0.00474983,0.00986403,0.08200000,0.78167888,0.22297805,0.84370477
324.59000015,0.00738432,0.00060977,0.07790000,0.78381298,0.20378111,0.87183633
324.69000006,0.02061081,0.00280082,0.05190000,0.79491653,0.21173439,0.80953490
324.78999996,0.01535698,0.00160097,0.06300000,0.79923517,0.20839243,0.79694470
324.89000010,0.02824577,0.00103264,0.06490000,0.81142127,0.21139107,0.82594350
324.99000001,0.03564858,0.00570600,0.08290000,0.85908923,0.21573061,0.85738176
325.09000015,0.03975070,0.00087871,0.05980000,0.88296854,0.21053270,0.78068385
325.19000006,0.02465341,0.00615299,0.07400000,0.83163791,0.20873997,0.87113814
325.28999996,0.02358121,0.00436654,0.07590000,0.86713371,0.21998804,0.88348715
325.39000010,0.03434250,0.00451694,0.06090000,0.91625377,0.22394858,0.81880122
325.49000001,0.02534108,0.00624259,0.05090000,0.88177706,0.22595502,0.80810048
325.59000015,0.04048575,0.00882461,0.05190000,0.94130905,0.23040421,0.83017868
325.69099998,0.04113928,0.01447791,0.04990000,0.96540293,0.24238933,0.77582017
325.79100013,0.04967312,0.01865881,0.03390000,0.96608701,0.24886774,0.74633133
325.89100003,0.05074708,0.01281927,0.03180000,0.95866586,0.24227879,0.74765549
325.99100018,0.03224747,0.01518818,0.05890000,0.90010644,0.25183432,0.77593264
326.09100008,0.03323684,0.01901295,0.04600000,0.88422380,0.26113896,0.77483645
326.19099998,0.03514543,0.00907848,0.04390000,0.89261443,0.24372917,0.75413096
326.29100013,0.03429518,0.01036245,0.04990000,0.88085247,0.26593468,0.75761069
326.39100003,0.03769804,0.01476204,0.03990000,0.94994079,0.26927761,0.76560492
326.49100018,0.04691230,0.01420339,0.04300000,0.96083967,0.27317054,0.75235831
326.59200001,0.05008274,0.01254032,0.03790000,0.98298903,0.27047279,0.75788251
326.69200015,0.04723060,0.00263061,0.03680000,0.99187329,0.24898476,0.78301089
326.79200006,0.03976920,0.00507058,0.02990000,0.95736289,0.25986572,0.77789028
326.89199996,0.04018731,0.00777947,0.02790000,0.95539894,0.26215393,0.76111584
326.99200010,0.03711249,0.00329739,0.03190000,0.90391806,0.26468778,0.76979806
327.09200001,0.04382431,0.00380524,0.03590000,0.95952274,0.26282409,0.75625086
327.19200015,0.03786813,0.01137122,0.02890000,0.85560337,0.26414165,0.74262911
327.29200006,0.05011136,0.00519148,0.01590000,0.91994204,0.25001458,0.73770872
327.39199996,0.06238839,0.00347118,0.00680000,0.93549160,0.24715809,0.72475340
327.49200010,0.05949269,0.00211432,0.01680000,0.93485958,0.24103262,0.72218739
327.59200001,0.04963870,0.00206154,0.02890000,0.92087871,0.24425952,0.74915054
327.69300008,0.03401377,0.00380305,0.03100000,0.84108731,0.23649433,0.75267508
327.79299998,0.03112484,0.00779515,0.03400000,0.84776672,0.23706037,0.72962097
327.89300013,0.03131438,0.00618222,0.04600000,0.85122749,0.24102675,0.78393726
327.99300003,0.04627449,0.00352863,0.06390000,0.92307311,0.22386999,0.87136399
328.09300017,0.05326185,0.00307171,0.05990000,0.92259958,0.22651127,0.87372406
328.19300008,0.04474922,0.00670130,0.05700000,0.86845688,0.23373840,0.87447218
328.29299998,0.03187959,0.00488895,0.06590000,0.87148418,0.23624355,0.94078284
328.39300013,0.03493476,0.01762448,0.06090000,0.84207225,0.25602293,0.94236491
328.49300003,0.03460689,0.01835574,0.06200000,0.83858513,0.25817650,0.93274732
328.59300017,0.03521385,0.02479687,0.06100000,0.83203375,0.26062936,0.92930376
328.69300008,0.02309979,0.01739539,0.06410000,0.79807467,0.25641802,0.90636280
328.79400015,0.01711424,0.01366721,0.05600000,0.76162796,0.23331394,0.84582874
328.89400005,0.01767120,0.01145682,0.05900000,0.74298277,0.23015086,0.84587493
328.99399996,0.02052424,0.01244209,0.05000000,0.74637347,0.23012879,0.81004136
329.09400010,0.02144442,0.01484914,0.05800000,0.73884408,0.22902789,0.80565090
329.19400001,0.04066904,0.01932043,0.04900000,0.76698073,0.24940385,0.80718011
329.29400015,0.04542289,0.01664156,0.06000000,0.76904600,0.24598428,0.81750124
329.39400005,0.04532570,0.01634107,0.06090000,0.77881536,0.23096293,0.80115820
329.49399996,0.04401609,0.01095601,0.05600000,0.77159947,0.21225242,0.83686813
329.59400010,0.04359566,0.01138151,0.05400000,0.77191347,0.19777698,0.81985790
329.69400001,0.04670919,0.01425663,0.04990000,0.75788501,0.20008648,0.82255933
329.79400015,0.03795938,0.01208576,0.04490000,0.72503027,0.19069014,0.80582449
329.89400005,0.02867232,0.01442733,0.05100000,0.73642050,0.18980092,0.82285423
329.99500012,0.02273665,0.03459790,0.04880000,0.74232937,0.21926982,0.82844698
330.09500003,0.02200689,0.01873758,0.07000000,0.73537684,0.20111127,0.90561028
330.19500017,0.04986726,0.02775079,0.05280000,0.81678841,0.20701819,0.85354531
330.29500008,0.05092241,0.01752450,0.05290000,0.79804254,0.18894728,0.85155989
330.39499998,0.05422435,0.01785945,0.04600000,0.80519740,0.18284065,0.83882848
330.49500012,0.04178335,0.02973502,0.05790000,0.74887890,0.20072687,0.88019813
330.59500003,0.03416148,0.01093037,0.05190000,0.73818328,0.17287417,0.87510726
330.69500017,0.02623883,0.02951209,0.05880000,0.74598364,0.21000666,0.87087435
330.79500008,0.02600929,0.01508963,0.05900000,0.77800008,0.19420703,0.88650439
330.89499998,0.02560003,0.01672150,0.06200000,0.75225584,0.19887494,0.92239063
330.99500012,0.02893410,0.02263356,0.05590000,0.77790845,0.20754287,0.89204311
331.09600019,0.02965199,0.02152323,0.05490000,0.78443362,0.21712598,0.91046523
331.19600010,0.04132774,0.01688278,0.05580000,0.82300165,0.19122674,0.91151497
331.29600000,0.04040879,0.01824226,0.04180000,0.79616142,0.19819362,0.86020614
331.39600015,0.04678530,0.01596858,0.04090000,0.84682049,0.20173827,0.84601526
331.49600005,0.04504228,0.01314090,0.06990000,0.83709959,0.19188134,0.87808020
331.59600019,0.04108821,0.01434325,0.07190000,0.78425329,0.19853947,0.88896788
331.69600010,0.04522473,0.00011668,0.06690000,0.81559531,0.18778534,0.89691539
331.79600000,0.04472093,0.00108569,0.06390000,0.82261016,0.18386469,0.89135097
331.89600015,0.04084079,0.01644292,0.08590000,0.78040778,0.20018123,0.98356907
331.99600005,0.04330799,0.02057519,0.09490000,0.84655860,0.20213888,1.00850115
332.09600019,0.05402985,0.01448778,0.08990000,0.89017535,0.19770049,1.02670975
332.19700003,0.05313961,0.01102823,0.06890000,0.89752367,0.20019226,0.95843682
332.29700017,0.04545672,0.01168487,0.06680000,0.88444234,0.20239019,0.96895210
332.39700007,0.03628245,0.01723031,0.05990000,0.82602200,0.20580421,0.95892692
332.49699998,0.04028624,0.01952098,0.06290000,0.87071607,0.21622154,0.97763040
332.59700012,0.04159557,0.01972153,0.06280000,0.86887967,0.21813020,0.95181645
332.69700003,0.04079740,0.01908984,0.06190000,0.87027708,0.23033945,0.96127609
332.79700017,0.02577171,0.01650057,0.06990000,0.82003559,0.23498324,0.95670084
332.89700007,0.03383968,0.01360905,0.06890000,0.83451525,0.24067263,0.94672826
332.99699998,0.03257864,0.01812435,0.07580000,0.83587083,0.24256930,1.00894116
333.09700012,0.02484317,0.02773205,0.07180000,0.80784200,0.26519087,1.00815713
333.19700003,0.02177314,0.02427469,0.06090000,0.79287532,0.26449567,0.94952722
333.29700017,0.04359772,0.01647813,0.06390000,0.85982930,0.24444340,0.93500979
333.39800000,0.04509949,0.01628760,0.06280000,0.85087047,0.24555564,0.94333896
333.49800014,0.05128037,0.01283796,0.07680000,0.83885227,0.25510202,1.00391538
333.59800005,0.04335860,0.01897476,0.07980000,0.83543302,0.27589926,1.00576620
333.69800019,0.02096464,0.01304354,0.06800000,0.77610383,0.25800907,0.96878468
333.79800010,0.02487631,0.01453029,0.05190000,0.76958816,0.24862239,0.89602707
333.89800000,0.01685192,0.02034362,0.05290000,0.74920455,0.25566982,0.87594936
333.99800014,0.01287059,0.02652787,0.06290000,0.74816086,0.25674176,0.86709643
334.09800005,0.01798240,0.02419263,0.04680000,0.72554730,0.25474544,0.87673005
334.19800019,0.03444290,0.02729627,0.05480000,0.75901671,0.24701997,0.85856703
334.29800010,0.03500347,0.02858264,0.06090000,0.74010516,0.25061159,0.88979348
334.39800000,0.03601312,0.02991814,0.06190000,0.76342391,0.24759355,0.90462354
334.49900007,0.02717519,0.02349019,0.05980000,0.69994353,0.23128271,0.90332082
334.59899998,0.02343463,0.01590277,0.07300000,0.72156641,0.23086529,0.92406536
334.69900012,0.02081393,0.01384848,0.07590000,0.72943727,0.20833141,0.93279165
334.79900002,0.02159335,0.01271130,0.07790000,0.73655631,0.20889781,0.93476881
334.89900017,0.02269740,0.01516997,0.06690000,0.73031540,0.21812929,0.93131967
334.99900007,0.01646599,0.01248403,0.06290000,0.73123007,0.21664784,0.93394960
335.09899998,0.00256956,0.00832150,0.04890000,0.72800942,0.21221764,0.84325999
335.19900012,0.00399998,0.00656050,0.05400000,0.70575558,0.20947703,0.87656657
335.29900002,0.00083112,0.00544787,0.05400000,0.70050665,0.19687522,0.93627762
335.39900017,0.00580127,0.00333395,0.05600000,0.71932541,0.19150922,0.93692183
335.49900007,0.01644247,0.00684435,0.05100000,0.74869659,0.18815870,0.88012563
335.60000014,0.01746182,0.00529291,0.05000000,0.73826907,0.18933139,0.88814718
335.70000005,0.00786633,0.00294803,0.04300000,0.73805423,0.18499520,0.89059505
335.80000019,0.01668346,0.00948431,0.04100000,0.73846999,0.19463954,0.91177869
335.90000010,0.01961757,0.00776989,0.02300000,0.75084110,0.18337802,0.88378512
336.00000000,0.02964344,0.00940830,0.01000000,0.79432785,0.18284106,0.89309123
336.10000014,0.02485078,0.00272739,0.00600000,0.78936193,0.17785436,0.87700297
336.20000005,0.01039309,0.00842102,0.00410000,0.75069179,0.17748302,0.88787525
336.30000019,0.01615405,0.00492611,0.01590000,0.75660920,0.17493154,0.87011045
336.40000010,0.01469297,0.00008154,0.01790000,0.75691385,0.17187364,0.89444599
336.50000000,0.01270934,0.00760281,0.01200000,0.78921809,0.17440666,0.87587927
336.60000014,0.01243452,0.00769692,0.01600000,0.80316592,0.16611156,0.87936792
336.70000005,0.01184675,0.01182305,0.01000000,0.79259061,0.17103477,0.83692114
336.80100012,0.01107770,0.01079141,0.01100000,0.81753962,0.17180236,0.86032164
336.90100002,0.01315999,0.01497046,0.00900000,0.80767761,0.17475133,0.89524329
337.00100017,0.01561765,0.00928757,0.00500000,0.82404797,0.17194527,0.87725351
337.10100007,0.00964751,0.00325968,0.00700000,0.82740575,0.16637939,0.90039798
337.20099998,0.00805623,0.00130277,0.00800000,0.83243839,0.16355091,0.86146774
337.30100012,0.00339880,0.00080507,0.01700000,0.84820268,0.17533855,0.83827129
337.40100002,0.00439471,0.00704177,0.01100000,0.83920756,0.18385398,0.82845906
337.50100017,0.00374613,0.00629416,0.00800000,0.82069151,0.18113550,0.81438018
337.60100007,0.00678436,0.00778283,0.02300000,0.81273807,0.18726555,0.82595301
337.70099998,0.00542616,0.00689324,0.02500000,0.81020286,0.17958828,0.77779785
337.80100012,0.01501084,0.01999812,0.05000000,0.80481431,0.20562649,0.84240730
337.90200019,0.01720434,0.01876861,0.05600000,0.80211669,0.20240912,0.85368500
338.00200009,0.01091329,0.01435653,0.05700000,0.80401812,0.18432374,0.87452270
338.10200000,0.01926575,0.01335967,0.04900000,0.86198752,0.18660005,0.87260890
338.20200014,0.01563162,0.00872368,0.02700000,0.79837678,0.17902639,0.83466632
338.30200005,0.01155366,0.00700878,0.02600000,0.79002050,0.17727150,0.80530454
338.40200019,0.01292522,0.00824795,0.03300000,0.81916507,0.18894818,0.82568453
338.50200009,0.01651627,0.01022609,0.04200000,0.81701644,0.18964267,0.83749176
338.60200000,0.01391041,0.00583614,0.04100000,0.80021323,0.18783726,0.82288627
338.70200014,0.01234477,0.02440341,0.05900000,0.77349987,0.21529106,0.87507587
338.80200005,0.01041020,0.02503353,0.07100000,0.76588155,0.21594705,0.87181392
338.90200019,0.00757323,0.03336609,0.06910000,0.77480307,0.21726166,0.84888241
339.00300002,0.01822361,0.04793527,0.06410000,0.78075404,0.23992015,0.84786582
339.10300016,0.01268298,0.03127798,0.06210000,0.77299170,0.22660921,0.82947966
339.20300007,0.00243405,0.01654193,0.05910000,0.77031725,0.19917258,0.80615865
339.30299997,0.00046458,0.01907103,0.06110000,0.75734223,0.20428382,0.77945058
339.40300012,0.00217582,0.02204713,0.06910000,0.74987115,0.20262734,0.81570344
339.50300002,0.00205328,0.02827497,0.06600000,0.70923198,0.22052134,0.79399249
339.60300016,0.00924781,0.02291131,0.06110000,0.68957102,0.20879855,0.80698007
339.70300007,0.00831745,0.02516466,0.06110000,0.70313189,0.23353286,0.82131891
339.80299997,0.00885727,0.02710035,0.06310000,0.69940671,0.24153314,0.81254273
339.90300012,0.00443277,0.03523578,0.05510000,0.68931982,0.24959149,0.80653772
340.00300002,0.01396913,0.02978780,0.04610000,0.72534387,0.25050402,0.76858433
340.10300016,0.02450504,0.02657203,0.04510000,0.76274375,0.25054037,0.72676240
340.20400000,0.02784628,0.01724978,0.03610000,0.77184816,0.22820134,0.68376844
340.30400014,0.02395974,0.01931659,0.03410000,0.77250955,0.23804841,0.68338111
340.40400004,0.03349015,0.02216777,0.03420000,0.77585262,0.24090263,0.72131966
340.50400019,0.03302180,0.02150722,0.03610000,0.76733890,0.24141444,0.73599522
340.60400009,0.03529223,0.02155709,0.03610000,0.77249687,0.24180346,0.76475727
340.70400000,0.03734033,0.02393720,0.03720000,0.80436436,0.24090690,0.76920063
340.80400014,0.04013154,0.02292836,0.02810000,0.81136691,0.24749073,0.79765541
340.90400004,0.04453566,0.03016530,0.03020000,0.83602818,0.26647226,0.79559678
341.00400019,0.04719422,0.03128507,0.02920000,0.86163057,0.26489837,0.77172812
341.10400009,0.04509468,0.04217428,0.04120000,0.87355109,0.27473486,0.76354543
341.20400000,0.04278543,0.04238097,0.04220000,0.86302730,0.27289902,0.77476649
341.30500007,0.04934253,0.03865715,0.03920000,0.85676856,0.27463044,0.76923363
341.40499997,0.04809738,0.02432986,0.03510000,0.86924810,0.25554936,0.77542613
341.50500011,0.04056683,0.02746693,0.02610000,0.82279364,0.26772422,0.75566860
341.60500002,0.04148676,0.01454608,0.02710000,0.81391580,0.24352991,0.74822874
341.70500016,0.03453097,0.02441705,0.02010000,0.79885178,0.25053202,0.76511832
341.80500007,0.03098273,0.01057926,0.00290000,0.84154214,0.24222307,0.77283753
341.90499997,0.04505680,0.01509984,0.00510000,0.84469078,0.24655494,0.75515835
342.00500011,0.03771023,0.03659657,0.01220000,0.85141526,0.28417069,0.78786371
342.10500002,0.03412602,0.02018551,0.01410000,0.85390590,0.24724785,0.79161362
342.20500016,0.04675375,0.01909391,0.00110000,0.86173945,0.24877930,0.76503363
342.30500007,0.00540700,0.00467058,0.03800000,0.76198476,0.23609909,0.81023407
342.40600014,0.00792613,0.02668007,0.05290000,0.77771235,0.27132419,0.87546186
342.50600004,0.00709672,0.02728070,0.05480000,0.78157785,0.27576327,0.87368204
342.60600019,0.00974717,0.02576049,0.06190000,0.82569071,0.27514501,0.87000797
342.70600009,0.00610479,0.02727694,0.03090000,0.84102520,0.27090275,0.81229195
342.80599999,0.00728716,0.02773368,0.03390000,0.81506366,0.26782703,0.82164149
342.90600014,0.00472750,0.02643673,0.03590000,0.81319220,0.26188981,0.86078816
343.00600004,0.00241206,0.02600581,0.02890000,0.77855840,0.26822888,0.85749732
343.10600019,0.01012696,0.01515073,0.03600000,0.78284803,0.24790652,0.87350439
343.20600009,0.01513074,0.01933573,0.01590000,0.78847713,0.24774660,0.85138224
343.30599999,0.00794993,0.01856283,0.01390000,0.77689118,0.24944906,0.87987740
343.40600014,0.01059829,0.02000790,0.01190000,0.78543787,0.24901433,0.88809009
343.50600004,0.01350578,0.01587589,0.02400000,0.79306136,0.24201683,0.90308702
343.60700011,0.00952869,0.01844272,0.01790000,0.81484698,0.24428917,0.88405771
343.70700002,0.01498393,0.01118802,0.03800000,0.82408528,0.24127941,0.88482698
343.80700016,0.01713207,0.01141719,0.04200000,0.79435887,0.24528619,0.88065751
343.90700006,0.00945901,0.02154570,0.03100000,0.81034319,0.26000835,0.84335480
344.00699997,0.00769632,0.01137219,0.03890000,0.79134182,0.23650873,0.85757735
344.10700011,0.00266984,0.00256358,0.02300000,0.76571501,0.22715910,0.85517996
344.20700002,0.00367673,0.00663940,0.02290000,0.76415077,0.22752564,0.85900062
344.30700016,0.00667672,0.00772537,0.02400000,0.75461896,0.22991350,0.85694701
344.40700006,0.00609668,0.00995191,0.06090000,0.74565589,0.23102110,0.94120085
344.50699997,0.00681614,0.00656584,0.04900000,0.74002813,0.22495332,0.86844123
344.60700011,0.00672568,0.00863859,0.04900000,0.75513926,0.22303586,0.84322102
344.70800018,0.00062816,0.00103219,0.06500000,0.75256588,0.21221426,0.89294416
344.80800009,0.00013818,0.00205448,0.06600000,0.76227692,0.22168766,0.88990485
344.90799999,0.00205309,0.00619878,0.06400000,0.73658778,0.21562987,0.83380356
345.00800014,0.00651681,0.01531735,0.06100000,0.75465236,0.22562023,0.84517620
345.10800004,0.00917691,0.01767581,0.06500000,0.74487714,0.23091064,0.85270958
345.20800018,0.01946577,0.00903680,0.06400000,0.78149048,0.21657103,0.84862075
345.30800009,0.02106789,0.00679073,0.06710000,0.78557687,0.20910084,0.86597834
345.40799999,0.00617170,0.01865154,0.04900000,0.73172159,0.23105730,0.85228467
345.50800014,0.00460808,0.01156441,0.05100000,0.72558976,0.21169277,0.85560025
345.60800004,0.00090123,0.00881407,0.05100000,0.72757724,0.20765959,0.86336736
345.70800018,0.00458216,0.00600115,0.05900000,0.70079609,0.19689597,0.86081232
345.80900002,0.01424516,0.01104062,0.06900000,0.69817211,0.20504106,0.83744586
345.90900016,0.01588502,0.00493925,0.06000000,0.71523530,0.19667703,0.81296991
346.00900006,0.01322122,0.00461512,0.06110000,0.73582973,0.19749258,0.79500391
346.10899997,0.01518899,0.00283278,0.07000000,0.74150302,0.18657820,0.80766512
346.20900011,0.01223668,0.00423717,0.07910000,0.71848435,0.17936362,0.81439179
346.30900002,0.00164946,0.00865155,0.05000000,0.70512067,0.18504250,0.80114557
346.40900016,0.00394582,0.00686735,0.05100000,0.71560661,0.18916852,0.78133749
346.50900006,0.00008843,0.00126182,0.07700000,0.69549436,0.18407330,0.80609737
346.60899997,0.00110525,0.00152919,0.07900000,0.69544729,0.18205227,0.79882869
346.70900011,0.00130606,0.00774559,0.07000000,0.68427864,0.18239661,0.80636052
346.80900002,0.00150613,0.01243911,0.07510000,0.66321355,0.18047370,0.79162833
346.90900016,0.00024222,0.00998956,0.09000000,0.67922926,0.17590861,0.79565892
347.00999999,0.00097558,0.00875147,0.09000000,0.66833876,0.17291296,0.82019367
347.11000013,0.00364515,0.01393172,0.09400000,0.67052652,0.17787269,0.79644296
347.21000004,0.01578950,0.02055582,0.09500000,0.68503053,0.18804735,0.78491217
347.31000018,0.01810119,0.01912372,0.09700000,0.65299179,0.18806036,0.78200781
347.41000009,0.01851750,0.01586197,0.09790000,0.68322602,0.18183576,0.77029831
347.50999999,0.01917420,0.01680328,0.09890000,0.68095068,0.18557379,0.75125680
347.61000013,0.01208570,0.01848393,0.10000000,0.65022331,0.19335577,0.75051919
347.71000004,0.01772501,0.01792886,0.09200000,0.64845654,0.19314471,0.75914867
347.81000018,0.02363441,0.02061054,0.08600000,0.66706454,0.20102052,0.75554915
347.91000009,0.02962358,0.02242283,0.07990000,0.68995752,0.20096833,0.71979322
348.00999999,0.03344645,0.02389173,0.07690000,0.73668099,0.20469209,0.70510599
348.11100006,0.03383321,0.02677973,0.07190000,0.72468337,0.21021607,0.68379124
348.21099997,0.03487384,0.02803400,0.09990000,0.75366999,0.21151107,0.66682931
348.31100011,0.04054078,0.02714508,0.11490000,0.76135914,0.21381690,0.71563390
348.41100001,0.04538075,0.02860259,0.11590000,0.77482193,0.21655682,0.73711371
348.51100016,0.04725571,0.02957224,0.12290000,0.78312860,0.22460593,0.73136677
348.61100006,0.05697188,0.03043756,0.11790000,0.78777438,0.23669009,0.71369475
348.71099997,0.07507824,0.03240459,0.13780000,0.81249468,0.23917497,0.74748420
348.81100011,0.08495964,0.03381405,0.13780000,0.81071190,0.24639217,0.76805910
348.91100001,0.08225931,0.04042729,0.15580000,0.79564570,0.25691315,0.81015849
349.01100016,0.06306480,0.04234704,0.16590000,0.75514724,0.25788444,0.79529171
349.11100006,0.06710245,0.04319850,0.16790000,0.76486610,0.25232830,0.79752265
349.21200013,0.04221784,0.03357893,0.14990000,0.74227078,0.24466487,0.74098575
349.31200004,0.04424528,0.03354945,0.15090000,0.76795473,0.23358284,0.74513710
349.41200018,0.04793118,0.03432102,0.14590000,0.76039478,0.23646244,0.74646564
349.51200008,0.03005352,0.04096078,0.12100000,0.68725918,0.24664387,0.69154491
349.61199999,0.03047359,0.04231313,0.11800000,0.69627177,0.24245944,0.67816733
349.71200013,0.03462370,0.03527746,0.11490000,0.70082222,0.22632548,0.68979458
349.81200004,0.04211474,0.03534726,0.12190000,0.72126654,0.23423604,0.69063406
349.91200018,0.03392953,0.03630409,0.11290000,0.71611089,0.23545703,0.69975558
350.01200008,0.03307894,0.03787550,0.10990000,0.69693934,0.24203727,0.69971022
350.11199999,0.03333804,0.03779915,0.10990000,0.68723285,0.25092611,0.69369160
350.21200013,0.03744888,0.03724556,0.11600000,0.67914886,0.25820980,0.72009043
350.31299996,0.04676897,0.04103016,0.12300000,0.67877602,0.26842361,0.75289034
350.41300011,0.04689825,0.04670711,0.11700000,0.70223086,0.27896026,0.74108368
350.51300001,0.04302159,0.04254871,0.13300000,0.67996736,0.27031152,0.74102158
350.61300015,0.04319525,0.04249965,0.13400000,0.69651541,0.27056761,0.75374291
350.71300006,0.04418750,0.04206560,0.13400000,0.73550235,0.26051577,0.76675867
350.81299996,0.02116415,0.01898233,0.11300000,0.71801449,0.22654367,0.73724061
350.91300011,0.01474694,0.02962647,0.12700000,0.73255450,0.23439998,0.73741157
351.01300001,0.01542843,0.02548987,0.13100000,0.71896728,0.23055137,0.76365090
351.11300015,0.04112214,0.02805388,0.14690000,0.74608478,0.23248626,0.84932673
351.21300006,0.05236340,0.02699341,0.16090000,0.81876872,0.22718297,0.88304394
351.31299996,0.06743543,0.03224209,0.16980000,0.80187603,0.23307740,0.89390036
351.41300011,0.06000218,0.03180657,0.16380000,0.79661530,0.22454307,0.84549118
351.51400018,0.05320301,0.03200328,0.15890000,0.80143674,0.22601250,0.82758454
351.61400008,0.05243496,0.03036355,0.15380000,0.80033033,0.22188762,0.83122759
351.71399999,0.04283603,0.03096844,0.13590000,0.75444885,0.22400740,0.83398973
351.81400013,0.04212854,0.03448284,0.13790000,0.73793879,0.22712687,0.85026747
351.91400003,0.04235189,0.03482940,0.13790000,0.82740303,0.22580311,0.82460050
352.01400018,0.04693201,0.03178155,0.12790000,0.85466229,0.21847167,0.75089462
352.11400008,0.03943962,0.03548263,0.12600000,0.83947234,0.21891794,0.80464002
352.21399999,0.04149844,0.04587341,0.13700000,0.83938386,0.24791895,0.81132582
352.31400013,0.03138150,0.04625420,0.14500000,0.78176490,0.24664481,0.85048554
352.41400003,0.03212587,0.04652364,0.14500000,0.75061865,0.25657416,0.84951211
352.51400018,0.02242880,0.03852374,0.13800000,0.78649334,0.25178665,0.84849571
352.61500001,0.04205810,0.03257248,0.12590000,0.86421190,0.23799413,0.81591176
352.71500015,0.04251037,0.02685085,0.11780000,0.87028996,0.23635815,0.80147699
352.81500006,0.03583860,0.03257168,0.11790000,0.88036492,0.24283242,0.80251415
352.91499996,0.02967567,0.03308965,0.11490000,0.84362322,0.23705177,0.81664543
353.01500010,0.02582774,0.02804315,0.11890000,0.83677121,0.23276572,0.79568100
353.11500001,0.02539620,0.03137918,0.10290000,0.83634366,0.23732327,0.74923364
353.21500015,0.02765601,0.02329046,0.07390000,0.84304931,0.22121911,0.72243516
353.31500006,0.02730778,0.03632265,0.06700000,0.86800808,0.23814405,0.71737304
353.41499996,0.02165248,0.03434793,0.05990000,0.87673262,0.24264127,0.70136969
353.51500010,0.02230936,0.02472939,0.06590000,0.85732346,0.21741354,0.71605583
353.61500001,0.02671365,0.03653588,0.06800000,0.86372550,0.24939588,0.72653231
353.71600008,0.02663290,0.02385579,0.06790000,0.87593443,0.22298688,0.71646751
353.81599998,0.01589096,0.02346588,0.06590000,0.83650366,0.22809522,0.71435186
353.91600013,0.01586270,0.02418791,0.06490000,0.83263886,0.23325328,0.73346354
354.01600003,0.01352982,0.01737567,0.06390000,0.81447092,0.22850641,0.72424274
354.11600018,0.01348921,0.01905102,0.05990000,0.83443880,0.23109132,0.73477307
354.21600008,0.00915632,0.02031974,0.05690000,0.82721936,0.23429380,0.73408550
354.31599998,0.00975177,0.02136640,0.05190000,0.82235100,0.23782566,0.71733399
354.41600013,0.00559698,0.02365257,0.02790000,0.81756762,0.24595334,0.70767238
354.51600003,0.00808301,0.02132311,0.02890000,0.84199127,0.24914850,0.73452085
354.61600018,0.01032069,0.02282068,0.02690000,0.84071133,0.24987779,0.72801971
354.71600008,0.01888500,0.01780328,0.02290000,0.86169213,0.24735576,0.73133471
354.81599998,0.01954330,0.02023535,0.01990000,0.84726042,0.25058816,0.73153937
354.91700006,0.01570501,0.02441828,0.02690000,0.85393148,0.27063752,0.73529085
355.01699996,0.01851646,0.02515772,0.02290000,0.83015357,0.27602894,0.74322889
355.11700010,0.02081813,0.02678032,0.02090000,0.87475543,0.27760409,0.77328707
355.21700001,0.02036315,0.01627275,0.01490000,0.91735553,0.25842340,0.77262069
355.31700015,0.01290685,0.01459840,0.02490000,0.85448683,0.26137560,0.77840663
355.41700006,0.01557228,0.01233224,0.02090000,0.85445930,0.26387240,0.77047586
355.51699996,0.01994409,0.01126824,0.02500000,0.91415470,0.26129337,0.77704134
355.61700010,0.02499885,0.01255219,0.01790000,0.91186039,0.25252682,0.74099470
355.71700001,0.01921499,0.01186567,0.01590000,0.90004954,0.25153727,0.74252259
355.81700015,0.00674295,0.01536173,0.00310000,0.84835630,0.25521421,0.76001616
355.91700006,0.00807070,0.01549303,0.00500000,0.81949482,0.25079420,0.75630882
356.01800013,0.01328996,0.01629899,0.01190000,0.81723347,0.25346224,0.72182884
356.11800003,0.01338320,0.01885577,0.01800000,0.85005315,0.26644174,0.74599368
356.21800017,0.00391911,0.01999851,0.03490000,0.81255102,0.26375324,0.74717170
356.31800008,0.00197267,0.01337006,0.03800000,0.79087139,0.24895247,0.77346669
356.41799998,0.00060382,0.01150893,0.02900000,0.79269601,0.24601957,0.71863582
356.51800013,0.00068680,0.00768234,0.02200000,0.78351875,0.23381404,0.69429014
356.61800003,0.00490031,0.01114571,0.01500000,0.79465723,0.23469684,0.68355403
356.71800017,0.01129223,0.01097113,0.00390000,0.79887138,0.23375383,0.66713239
356.81800008,0.00549008,0.00469458,0.01000000,0.78520484,0.23743898,0.71244002
356.91799998,0.00678907,0.00428469,0.00990000,0.80654252,0.23246971,0.71196085
357.01800013,0.01071444,0.00296154,0.00900000,0.80599480,0.22730387,0.71357399
357.11899996,0.01523734,0.00393997,0.00290000,0.81722592,0.22906551,0.73751646
357.21900010,0.00341089,0.00272503,0.00100000,0.74063784,0.22606460,0.72817061
357.31900001,0.00410363,0.00380266,0.00300000,0.77030418,0.22532989,0.70413761
357.41900015,0.00359658,0.00437088,0.01100000,0.75675687,0.22476892,0.72064197
357.51900005,0.00417578,0.00081416,0.01100000,0.74390868,0.21121376,0.71602650
357.61899996,0.00294341,0.00154479,0.00700000,0.70997613,0.20276068,0.70606672
357.71900010,0.00186407,0.00104654,0.01300000,0.67864337,0.19802480,0.70112265
357.81900001,0.00171179,0.00259033,0.01100000,0.66828473,0.20062588,0.70198146
357.91900015,0.00067890,0.00768304,0.01200000,0.69393668,0.20124527,0.69420055
358.01900005,0.00257620,0.00898572,0.02300000,0.71814973,0.19979056,0.70313417
358.11899996,0.00172128,0.00933205,0.02300000,0.74669106,0.19988512,0.69538322
358.22000003,0.00146525,0.00657518,0.02100000,0.73949553,0.19628371,0.67597131
358.32000017,0.00231971,0.00692163,0.01800000,0.72023998,0.19541564,0.69491940
358.42000008,0.00314055,0.00495852,0.01600000,0.72395980,0.19021087,0.70770299
358.51999998,0.00407025,0.01582192,0.03200000,0.74266098,0.21421304,0.68781290
358.62000012,0.00502305,0.01898339,0.03910000,0.76629670,0.21110372,0.73138577
358.72000003,0.00143298,0.01840127,0.05410000,0.74162244,0.22208192,0.75091036
358.82000017,0.00456847,0.01766519,0.04600000,0.72993539,0.22047492,0.75884809
358.92000008,0.01128237,0.00939404,0.04200000,0.75690229,0.19755297,0.76222997
359.01999998,0.00962509,0.00446516,0.04800000,0.70717484,0.19562283,0.73399426
359.12000012,0.01012842,0.00345182,0.04990000,0.71012367,0.20062663,0.76186211
359.22000003,0.01237350,0.00386090,0.05000000,0.79136988,0.20720393,0.76740904
359.32000017,0.01243127,0.00216184,0.05300000,0.77940934,0.20388399,0.78523388
359.42100000,0.02119433,0.00439320,0.06000000,0.81669350,0.20286110,0.79888039
359.52100015,0.01938860,0.00310682,0.06100000,0.80238779,0.20861653,0.80791169
359.62100005,0.01635062,0.00191498,0.06400000,0.77613885,0.21823872,0.80513978
359.72100019,0.01653877,0.00028110,0.05900000,0.78288690,0.22122487,0.81197374
359.82100010,0.01777221,0.00043410,0.05500000,0.76824530,0.21443362,0.84790746
359.92100000,0.02260989,0.00049261,0.04300000,0.79577150,0.21240873,0.79898103
360.02100015,0.02238270,0.00552765,0.04200000,0.79888927,0.22375267,0.75857820
360.12100005,0.02250719,0.00465686,0.04290000,0.82564725,0.22309748,0.73538288
360.22100019,0.01844722,0.00958958,0.05890000,0.84956522,0.22532857,0.77923752
360.32100010,0.01549312,0.01341541,0.05290000,0.85726130,0.24417457,0.80254282
360.42100000,0.01479389,0.01291321,0.05300000,0.83697309,0.23875808,0.79507146
360.52200007,0.01836658,0.01163394,0.04600000,0.81974342,0.23573869,0.74548895
360.62199998,0.02080430,0.00915593,0.04300000,0.84191258,0.24645610,0.75581424
360.72200012,0.01375293,0.01590054,0.03400000,0.88095142,0.26782862,0.73733170
360.82200003,0.01035364,0.01807214,0.03400000,0.87163629,0.27125649,0.74253104
360.92200017,0.01021542,0.01927655,0.03400000,0.87783718,0.26623200,0.74058336
361.02200007,0.00812607,0.01617613,0.03400000,0.83907891,0.26706274,0.76177085
361.12199998,0.00705600,0.02062869,0.03500000,0.82337483,0.26626020,0.74429305
361.22200012,0.00754888,0.02436031,0.04500000,0.79694407,0.26888761,0.77961128
361.32200003,0.00448001,0.02693955,0.04710000,0.79539736,0.26820785,0.76216969
361.42200017,0.00633417,0.02138991,0.04410000,0.79403284,0.26259851,0.76127500
361.52200007,0.00499647,0.01824980,0.04400000,0.76558162,0.25658512,0.75748719
361.62300014,0.00618793,0.01449688,0.04100000,0.75945063,0.23705785,0.76892373
361.72300005,0.00490870,0.01575420,0.04600000,0.73894481,0.23659220,0.77336598
361.82300019,0.00230129,0.01839005,0.04400000,0.71571597,0.23568979,0.78474805
361.92300010,0.00187284,0.01642627,0.04300000,0.71556800,0.23623917,0.76902909
362.02300000,0.00016526,0.01340719,0.03500000,0.73396443,0.23630811,0.72764787
362.12300014,0.00198624,0.01136903,0.03500000,0.73512683,0.23368098,0.76052308
362.22300005,0.00593187,0.01475442,0.04610000,0.71635715,0.23199617,0.74231318
362.32300019,0.00673176,0.01680635,0.04410000,0.69839779,0.23064899,0.75027300
362.42300010,0.00847510,0.01465001,0.04000000,0.70399178,0.23100924,0.73111786
362.52300000,0.00408990,0.01806468,0.03500000,0.68823742,0.24084325,0.74276674
362.62300014,0.00542098,0.01492993,0.03610000,0.69594687,0.23395626,0.75699823
362.72399998,0.00353668,0.01557408,0.03400000,0.71781989,0.23252508,0.77647453
362.82400012,0.00584592,0.00976141,0.02800000,0.71646032,0.21930502,0.76713285
362.92400002,0.00640196,0.00725706,0.02800000,0.73814843,0.21778566,0.73871270
363.02400017,0.01076662,0.01117899,0.01890000,0.72383378,0.21823075,0.72958794
363.12400007,0.01311734,0.00775792,0.02100000,0.71364468,0.20844251,0.70340607
363.22399998,0.01737228,0.02108303,0.03900000,0.68749985,0.21605816,0.72800118
363.32400012,0.02054296,0.02170615,0.04390000,0.69436298,0.21587033,0.73243452
363.42400002,0.02355351,0.01678666,0.04600000,0.73697357,0.20386257,0.72133644
363.52400017,0.02717894,0.01808163,0.04990000,0.75032460,0.20138385,0.69971749
363.62400007,0.02771791,0.01652172,0.05000000,0.79669993,0.20113420,0.67469824
363.72399998,0.02843409,0.01890271,0.05290000,0.79108728,0.19537585,0.67156251
363.82400012,0.02274688,0.02387048,0.05600000,0.70744428,0.20235345,0.66633596
363.92500019,0.02688310,0.03033725,0.05590000,0.74809162,0.21854020,0.68410310
364.02500010,0.02805185,0.03087691,0.06080000,0.73707292,0.22099863,0.69420185
364.12500000,0.02984722,0.02488822,0.06000000,0.73999849,0.20351317,0.67157971
364.22500014,0.02723455,0.03399131,0.05990000,0.72078039,0.22998289,0.68205792
364.32500005,0.02549659,0.01806444,0.06100000,0.72975361,0.20153038,0.67540833
364.42500019,0.03183991,0.03628581,0.05780000,0.71995460,0.23432512,0.69795348
364.52500010,0.03656959,0.03598937,0.06580000,0.71557764,0.23967802,0.72000061
364.62500000,0.03727802,0.01743988,0.06390000,0.69689432,0.21086257,0.66706055
364.72500014,0.03623036,0.03706779,0.06580000,0.70121293,0.24116699,0.74395870
364.82500005,0.02420381,0.01954777,0.07190000,0.63537751,0.21714571,0.75278100
364.92500019,0.02362151,0.03269059,0.07290000,0.65694476,0.23917069,0.76698659
365.02600002,0.02750608,0.03069113,0.07290000,0.66281477,0.23059937,0.77803153
365.12600017,0.02673317,0.03130619,0.07090000,0.66743345,0.23038113,0.78890578
365.22600007,0.02299073,0.02838778,0.06390000,0.68075124,0.22449857,0.73774772
365.32599998,0.02539596,0.02936486,0.06590000,0.68309799,0.21812731,0.77941047
365.42600012,0.02102392,0.02698323,0.07190000,0.68127075,0.20532957,0.83254160
365.52600002,0.02726211,0.02554031,0.07190000,0.71145256,0.20291123,0.84335234
365.62600017,0.02479473,0.02560686,0.07190000,0.69416091,0.20628051,0.84212160
365.72600007,0.03973683,0.02953362,0.07280000,0.75137747,0.22157795,0.81637752
365.82599998,0.03734830,0.03026392,0.08190000,0.75365386,0.22160561,0.81321038
365.92600012,0.03781239,0.03284392,0.08380000,0.75084450,0.22584079,0.83338245
366.02600002,0.02490915,0.03860303,0.06590000,0.71184676,0.23410235,0.75864565
366.12700009,0.02478204,0.03600486,0.05680000,0.71460090,0.22701037,0.75137010
366.22700000,0.03365520,0.02406361,0.06180000,0.77391772,0.20151785,0.77529388
366.32700014,0.03053234,0.02302143,0.05880000,0.74374799,0.21148713,0.77013299
366.42700005,0.02458645,0.02481464,0.06390000,0.73870017,0.21437678,0.78839564
366.52700019,0.02793661,0.02525759,0.06480000,0.73876574,0.21700880,0.77877478
366.62700009,0.02736220,0.02896844,0.06280000,0.73832151,0.23455584,0.80532787
366.72700000,0.01532589,0.02763362,0.05090000,0.70492683,0.23057271,0.79634531
366.82700014,0.01706332,0.02993832,0.05090000,0.68618317,0.23924584,0.81104387
366.92700005,0.02881700,0.03005179,0.04790000,0.69796047,0.24658699,0.80755260
367.02700019,0.04287992,0.02600312,0.04280000,0.74740498,0.24472532,0.78853992
367.12700009,0.04466895,0.02752044,0.04080000,0.75606917,0.24372679,0.79845100
367.22800016,0.02241261,0.02324317,0.05790000,0.70590105,0.22731176,0.80219538
367.32800007,0.02298518,0.01922113,0.06390000,0.70718898,0.22564927,0.82052678
367.42799997,0.02494929,0.01517573,0.06390000,0.68479992,0.23017033,0.81559573
367.52800012,0.03115813,0.01828417,0.06380000,0.70949831,0.23073194,0.83351221
367.62800002,0.03205197,0.01991711,0.06390000,0.75921753,0.22625033,0.83322671
367.72800016,0.03761499,0.01950571,0.06180000,0.79393776,0.22908248,0.84850603
367.82800007,0.02450452,0.01810686,0.04380000,0.73085098,0.23570785,0.81858034
367.92799997,0.01984974,0.01655046,0.05490000,0.75222527,0.23258453,0.82578752
368.02800012,0.01315999,0.01531616,0.05490000,0.74966383,0.22686814,0.81096494
368.12800002,0.01168196,0.01671263,0.05590000,0.76744836,0.23758756,0.79941247
368.22800016,0.02081056,0.01676218,0.04690000,0.77029118,0.23810572,0.80771330
368.32900000,0.02285978,0.01753969,0.04490000,0.76960636,0.24696779,0.81286046
368.42900014,0.02483793,0.01764758,0.04790000,0.78292750,0.24944535,0.79278285
368.52900004,0.02829327,0.01925152,0.04780000,0.81098123,0.24887519,0.78141741
368.62900019,0.02565004,0.02063408,0.04480000,0.78030259,0.25814704,0.78738450
368.72900009,0.02452630,0.01874888,0.03290000,0.77814875,0.23904809,0.79323881
368.82900000,0.02513419,0.01045575,0.06290000,0.78876503,0.23680352,0.81351644
368.92900014,0.03008779,0.00686183,0.07590000,0.80481538,0.22800226,0.85878934
369.02900004,0.04485646,0.00701058,0.08780000,0.89085443,0.22576779,0.86355845
369.12900019,0.04451004,0.00881680,0.08590000,0.87961489,0.21908609,0.85478753
369.22900009,0.03669513,0.00401339,0.09390000,0.87878032,0.20829183,0.87266014
369.32900000,0.03335888,0.00439032,0.09490000,0.80325117,0.21495141,0.86037587
369.42900014,0.03894330,0.00486412,0.09580000,0.85315658,0.21570406,0.84741390
369.52999997,0.04070691,0.00326300,0.10390000,0.86896121,0.21292170,0.83340241
369.63000011,0.04166103,0.00500384,0.10380000,0.86382452,0.21617638,0.82194870
369.73000002,0.02564744,0.00819808,0.11890000,0.82488710,0.21674904,0.86707933
369.83000016,0.02178847,0.01134692,0.11190000,0.82121346,0.21967405,0.88699873
369.93000007,0.01865325,0.00834903,0.11300000,0.83862270,0.20919322,0.90028151
370.02999997,0.02004837,0.00464679,0.11090000,0.82282218,0.19877879,0.85363528
370.13000011,0.02618534,0.00366985,0.10590000,0.81998365,0.19659214,0.84645923
370.23000002,0.00791124,0.00209576,0.11190000,0.80252083,0.20105567,0.82037446
370.33000016,0.00379897,0.00502174,0.11500000,0.79103938,0.20452360,0.82857967
370.43000007,0.00930672,0.01003319,0.11500000,0.79395564,0.20416683,0.81797475
370.52999997,0.00818663,0.01452271,0.11600000,0.81957265,0.20135263,0.80453594
370.63100004,0.00634005,0.01257195,0.11400000,0.82730104,0.20224415,0.77395510
370.73100019,0.00808608,0.01151239,0.12300000,0.83170858,0.20876976,0.82709051
370.83100009,0.01918145,0.00517319,0.12090000,0.84404642,0.19893617,0.80957640
370.93099999,0.01953382,0.00525072,0.11390000,0.84877901,0.19298673,0.75631864
371.03100014,0.01747186,0.00973519,0.11900000,0.81615838,0.19336558,0.75992263
371.13100004,0.02377241,0.00973871,0.11790000,0.83818596,0.19929060,0.76346553
371.23100019,0.04482748,0.02217989,0.13690000,0.88934970,0.21488564,0.82234328
371.33100009,0.04740203,0.02131426,0.13990000,0.90521388,0.21352054,0.81453809
371.43099999,0.03816691,0.02144147,0.13300000,0.83655283,0.20384113,0.81046533
371.53100014,0.04073333,0.01974275,0.12990000,0.87846958,0.20550065,0.81293979
371.63100004,0.04413917,0.01774186,0.12390000,0.86535462,0.20369146,0.75909818
371.73200011,0.06126204,0.00668824,0.11880000,0.89248285,0.18459490,0.73960796
371.83200002,0.06182345,0.00276969,0.12080000,0.91032217,0.17806922,0.72051066
371.93200016,0.06383643,0.00038800,0.11980000,0.90475822,0.16994864,0.73027563
372.03200006,0.04291601,0.01110252,0.11090000,0.87382555,0.18304018,0.69409319
372.13199997,0.04484871,0.01232248,0.11080000,0.86191742,0.18743116,0.68166212
372.23200011,0.04932018,0.01293832,0.11090000,0.85659217,0.19695713,0.69809615
372.33200002,0.05099969,0.01116432,0.11090000,0.85304000,0.20163587,0.69780922
372.43200016,0.04819989,0.01082868,0.11280000,0.86834630,0.19957582,0.71018732
372.53200006,0.04734990,0.01317902,0.10990000,0.86633543,0.19656979,0.72633402
372.63199997,0.04697857,0.01045295,0.10780000,0.84560636,0.19503689,0.73278788
372.73200011,0.04618565,0.01587249,0.10890000,0.84672059,0.20060362,0.73955924
372.83300018,0.03630961,0.01885239,0.10590000,0.77054766,0.21543164,0.75344409
372.93300009,0.03599018,0.09024787,0.13910000,0.76973998,0.31488383,0.77774688
