time_s,LoPE,LaPE,VPE,LoPL_adjusted,LaPL_adjusted,VPL_adjusted
0.00000000,0.00473538,0.07051522,0.02680000,0.75739360,0.30796070,0.83911248
0.10000014,0.02734946,0.00821263,0.03190000,0.81103712,0.22768851,0.84604905
0.20099998,0.00164755,0.02917011,0.00810000,0.72371619,0.26223252,0.76901193
0.30100012,0.00455131,0.01372354,0.00800000,0.73852080,0.23514290,0.75889239
0.40100002,0.00210248,0.01194276,0.01710000,0.72711932,0.23117873,0.76187501
0.50100017,0.00540933,0.00748059,0.01600000,0.72625481,0.22932607,0.78095133
0.60100007,0.01544585,0.00034022,0.01990000,0.76248958,0.22979376,0.79040450
0.70099998,0.01422837,0.00395013,0.02790000,0.78351708,0.22984525,0.84612008
0.80100012,0.00669594,0.00487077,0.03100000,0.73310452,0.22917703,0.82652805
0.90100002,0.00430180,0.00555108,0.03290000,0.71635430,0.22912034,0.84281394
1.00100017,0.00938981,0.00863026,0.03500000,0.79001958,0.23528328,0.85766422
1.10100007,0.01634816,0.00810788,0.03400000,0.80394969,0.23429140,0.85584643
1.20099998,0.01910448,0.00365498,0.03390000,0.79823855,0.23428583,0.86177972
1.30100012,0.01827075,0.00339846,0.03000000,0.79433022,0.22919242,0.84639284
1.40100002,0.01587215,0.00040584,0.02700000,0.78336312,0.22345913,0.83641606
1.50200009,0.01320674,0.00028655,0.02800000,0.79154100,0.22689855,0.83535806
1.60200000,0.00753248,0.00332291,0.02700000,0.73825590,0.22292880,0.83639906
1.70200014,0.00900764,0.00434310,0.02200000,0.77784739,0.22847748,0.78362070
1.80200005,0.01148301,0.00581297,0.01500000,0.77172244,0.23331212,0.74737699
1.90200019,0.01386923,0.00854251,0.01290000,0.76610567,0.23845363,0.72436273
2.00200009,0.01239168,0.00959668,0.00700000,0.74598422,0.22931225,0.71685189
2.10200000,0.00476061,0.00799166,0.00600000,0.69824427,0.22631316,0.69368808
2.20200014,0.00180498,0.00785761,0.00600000,0.70936261,0.22508758,0.67869199
2.30200005,0.00644887,0.00581481,0.00500000,0.72258245,0.22003937,0.66498516
2.40200019,0.00164279,0.00201029,0.00400000,0.74758131,0.21654621,0.68621365
2.50200009,0.00035217,0.00359527,0.00200000,0.76187684,0.22219911,0.69482456
2.60200000,0.00270168,0.00759940,0.00500000,0.72993155,0.22674141,0.70447062
2.70200014,0.00219630,0.01169172,0.00200000,0.70264054,0.22715652,0.72438607
2.80299997,0.00040433,0.01725475,0.00890000,0.67498408,0.22482853,0.73090133
2.90300012,0.00190572,0.02490017,0.01000000,0.66755510,0.23799778,0.72393370
3.00300002,0.00412388,0.02524368,0.00700000,0.64320780,0.24392318,0.71144918
3.10300016,0.00689522,0.02564051,0.01090000,0.63940842,0.24018327,0.71803942
3.20300007,0.00640861,0.02499860,0.00700000,0.64257958,0.23590180,0.71145157
3.30299997,0.00274892,0.02517466,0.01800000,0.68674814,0.23720490,0.74461952
3.40300012,0.00057959,0.02096650,0.02600000,0.68178569,0.23903382,0.76457355
3.50300002,0.00236425,0.01960536,0.02600000,0.69409357,0.24056418,0.80908387
3.60300016,0.00108574,0.01587297,0.01200000,0.69556744,0.22231606,0.75332636
3.70300007,0.00651357,0.01860170,0.02100000,0.70988420,0.23373544,0.77643503
3.80299997,0.01108104,0.02173961,0.01990000,0.72748546,0.24300409,0.74632586
3.90300012,0.00932773,0.02625021,0.02500000,0.66283261,0.25086744,0.78597158
4.00300002,0.00402454,0.02430336,0.01300000,0.64891948,0.25297381,0.75926266
4.10400009,0.00282911,0.02495929,0.02100000,0.61218003,0.24944037,0.73218639
4.20400000,0.00409777,0.02429112,0.03190000,0.60988144,0.24504046,0.74709426
4.30400014,0.00378657,0.02083703,0.03690000,0.60654267,0.23663588,0.79452522
4.40400004,0.00324393,0.01115916,0.02400000,0.64050701,0.22013811,0.73186910
4.50400019,0.00166753,0.01086045,0.02700000,0.63580767,0.21701175,0.75179853
4.60400009,0.00590349,0.00973390,0.02900000,0.62943937,0.21781314,0.75037136
4.70400000,0.01141124,0.00865526,0.03510000,0.70331461,0.22198975,0.75464258
4.80400014,0.01248001,0.01248877,0.03700000,0.73309490,0.23126547,0.81401230
4.90400004,0.00982517,0.01896064,0.03690000,0.70947598,0.23138751,0.83445765
5.00400019,0.00807493,0.01804898,0.03500000,0.68496052,0.23150492,0.79132334
5.10400009,0.00780720,0.02319521,0.03790000,0.67839515,0.25829192,0.79391508
5.20400000,0.00910718,0.02589439,0.04490000,0.74806359,0.25874104,0.85198709
5.30400014,0.01041148,0.02661524,0.04500000,0.74288437,0.25602386,0.85244011
5.40499997,0.00574772,0.02579096,0.04600000,0.67240020,0.25309011,0.87842733
5.50500011,0.00511627,0.02718536,0.04490000,0.65479087,0.25739753,0.84225602
5.60500002,0.00607105,0.03054247,0.05100000,0.63755914,0.26243568,0.85131266
5.70500016,0.00965325,0.02618978,0.05200000,0.69322456,0.26305484,0.85069343
5.80500007,0.00752887,0.01909676,0.05300000,0.66652927,0.24348787,0.81799217
5.90499997,0.00503635,0.00932122,0.04800000,0.66830801,0.24034160,0.82209130
6.00500011,0.00888995,0.00258242,0.05300000,0.71724583,0.24175624,0.84141494
6.10500002,0.01708209,0.00064194,0.05410000,0.74133907,0.23482729,0.84124645
6.20500016,0.01700094,0.00592099,0.05500000,0.74415710,0.23844424,0.84212683
6.30500007,0.01488751,0.01247887,0.04900000,0.75443948,0.24466229,0.84710700
6.40499997,0.00941379,0.01453481,0.04700000,0.70525957,0.24007054,0.78207141
6.50500011,0.00913402,0.01102042,0.04200000,0.70266905,0.23982747,0.76698094
6.60500002,0.01366946,0.01159163,0.04700000,0.72103630,0.24028257,0.72973060
6.70500016,0.01365146,0.01351028,0.05200000,0.72054014,0.23915111,0.81338928
6.80500007,0.00929948,0.01740401,0.05000000,0.72603928,0.23621810,0.79710194
6.90600014,0.00969302,0.01640199,0.04200000,0.73474462,0.22636639,0.77045124
7.00600004,0.00951649,0.01732300,0.04090000,0.76393295,0.21682792,0.76583750
7.10600019,0.01046764,0.01573145,0.03500000,0.79132877,0.21607258,0.75045342
7.20600009,0.01022701,0.02096517,0.03890000,0.79923373,0.23332755,0.77057358
7.30599999,0.01212387,0.02421842,0.04200000,0.77208921,0.23949028,0.78151320
7.40600014,0.00986259,0.02548527,0.04100000,0.77580202,0.24348713,0.77561893
7.50600004,0.00804628,0.02482715,0.03990000,0.72535787,0.24430541,0.79894740
7.60600019,0.00467803,0.02055447,0.03900000,0.72260610,0.24939638,0.78171519
7.70600009,0.00519330,0.02003072,0.03690000,0.73134545,0.24011321,0.81259400
7.80599999,0.00462803,0.01876916,0.03700000,0.70272983,0.23851965,0.82782443
7.90700006,0.00022741,0.02349017,0.04100000,0.69996999,0.23435459,0.84811259
8.00699997,0.00120375,0.02427243,0.03690000,0.71065231,0.23661328,0.83022459
8.10700011,0.00295542,0.03053843,0.05190000,0.74484491,0.23812063,0.87999986
8.20700002,0.00355310,0.03243679,0.05290000,0.75538910,0.23956335,0.85893827
8.30700016,0.00556995,0.03266459,0.04990000,0.75916581,0.23834142,0.82352071
8.40700006,0.00253677,0.02774914,0.05190000,0.77084624,0.23164564,0.88896114
8.50699997,0.00335668,0.01926065,0.05290000,0.80244973,0.22149971,0.86580890
8.60700011,0.00719465,0.01670590,0.05290000,0.78511902,0.20916834,0.86855593
8.70700002,0.00900773,0.01566240,0.05690000,0.78918861,0.20960933,0.86424875
8.80700016,0.00404097,0.01440002,0.05390000,0.79655831,0.19850591,0.88164079
8.90700006,0.00054575,0.01072764,0.04700000,0.79005285,0.19567899,0.85443058
9.00699997,0.00768041,0.00479701,0.04500000,0.77325136,0.19347760,0.83242352
9.10700011,0.01152849,0.00324867,0.04400000,0.80213336,0.18582862,0.83326978
9.20700002,0.00735584,0.00370831,0.03810000,0.79001752,0.18509000,0.85098242
9.30800009,0.00713061,0.00304210,0.03700000,0.79411942,0.17699911,0.85503846
9.40799999,0.00707367,0.00696873,0.03610000,0.80140889,0.17925443,0.84152920
9.50800014,0.00780396,0.00609821,0.02900000,0.83101245,0.18229280,0.81573526
9.60800004,0.00753620,0.00205079,0.02900000,0.82667007,0.16913571,0.81611143
9.70800018,0.00843541,0.00028965,0.02600000,0.79594751,0.16400421,0.83238595
9.80800009,0.00782862,0.00631448,0.02900000,0.82483570,0.17458521,0.83415396
9.90799999,0.01016421,0.01044121,0.02610000,0.81904823,0.18483279,0.82744128
10.00800014,0.01520672,0.01212459,0.03110000,0.88309051,0.19740984,0.83261621
10.10800004,0.01514315,0.00918286,0.03910000,0.86884687,0.19975165,0.83907510
10.20800018,0.01331188,0.00747889,0.04100000,0.86638480,0.19544518,0.88700497
10.30800009,0.01052851,0.01073641,0.03400000,0.87633888,0.19974158,0.88716251
10.40799999,0.00681787,0.00842001,0.03600000,0.85145784,0.20421851,0.87339347
10.50800014,0.00423449,0.00794412,0.03710000,0.85425604,0.19714439,0.91793322
10.60899997,0.01191490,0.00863801,0.04100000,0.88674126,0.19527987,0.88985054
10.70900011,0.01737690,0.01407456,0.03610000,0.89783841,0.20394087,0.88993396
10.80900002,0.01778118,0.01532187,0.03910000,0.87671527,0.20735055,0.86944977
10.90900016,0.01596176,0.01668899,0.04010000,0.88328585,0.20654842,0.86659623
11.00900006,0.01326405,0.01587719,0.04300000,0.86123692,0.21338337,0.84154954
11.10899997,0.01068748,0.01029697,0.04410000,0.85775521,0.20877491,0.91662356
11.20900011,0.01086806,0.01104922,0.04910000,0.81126987,0.21027822,0.91870530
11.30900002,0.01581711,0.01074752,0.05100000,0.81644835,0.20352524,0.92631711
11.40900016,0.02091385,0.01465404,0.05010000,0.82007491,0.21189629,0.93079192
11.50900006,0.02231965,0.01890194,0.04710000,0.78948183,0.23987471,0.88587042
11.60899997,0.00647754,0.02111970,0.03800000,0.73156748,0.24704310,0.83541925
11.70900011,0.00757896,0.02324154,0.04210000,0.74703181,0.23851890,0.89968671
11.80900002,0.00667559,0.02560345,0.03900000,0.73700843,0.23676856,0.92263467
11.91000009,0.01148525,0.02645920,0.04010000,0.76487839,0.24998791,0.91036596
12.00999999,0.01594370,0.02627258,0.04220000,0.77528775,0.25904056,0.89297819
12.11000013,0.00726670,0.02676649,0.03800000,0.73480348,0.24542480,0.88840515
12.21000004,0.00263913,0.03144543,0.02710000,0.70993817,0.25888805,0.82144565
12.31000018,0.00106099,0.02576382,0.02490000,0.74078057,0.26065930,0.81321604
12.41000009,0.00725016,0.03374367,0.02810000,0.73252106,0.27208406,0.81720295
12.50999999,0.01472795,0.03270088,0.03020000,0.77382559,0.27399567,0.80764590
12.61000013,0.00980123,0.02558878,0.02590000,0.71132681,0.27074483,0.83893622
12.71000004,0.01037104,0.03408462,0.02210000,0.76105984,0.27771958,0.83868357
12.81000018,0.00147338,0.02127250,0.02090000,0.73955854,0.26272255,0.82515920
12.91000009,0.00123961,0.04442436,0.02420000,0.70711388,0.29222866,0.81240342
13.00999999,0.01070240,0.03909730,0.03220000,0.72017656,0.28261853,0.81745700
13.11100006,0.00842356,0.02079865,0.02590000,0.70312970,0.24100381,0.81436849
13.21100020,0.01065154,0.01862887,0.02700000,0.70939559,0.24212363,0.81244052
13.31100011,0.00539387,0.01837161,0.02290000,0.67761320,0.23432545,0.79117779
13.41100001,0.00038074,0.02047474,0.02290000,0.66933513,0.23341496,0.79601284
13.51100016,0.00521044,0.01670034,0.03000000,0.68686353,0.22444617,0.80616838
13.61100006,0.00825136,0.01406041,0.03200000,0.68760563,0.22238721,0.77749900
13.71100020,0.00302381,0.01812696,0.03400000,0.67378990,0.22125931,0.80390213
13.81100011,0.00198274,0.01488048,0.03600000,0.65997588,0.21250946,0.81259206
13.91100001,0.00381451,0.01304835,0.01790000,0.66505000,0.21559001,0.80277548
14.01100016,0.00237153,0.00964499,0.00400000,0.64610520,0.21815218,0.77802596
14.11100006,0.00119745,0.00727022,0.00300000,0.66735009,0.21769989,0.78069817
14.21100020,0.00090791,0.00205565,0.00500000,0.65997059,0.21192594,0.78976731
14.31100011,0.00206622,0.00110033,0.00800000,0.68935556,0.21850657,0.81478208
14.41200018,0.00135275,0.00119166,0.01300000,0.70869792,0.22020715,0.82937625
14.51200008,0.00246329,0.00435111,0.01800000,0.69192337,0.22362485,0.82910569
14.61199999,0.00050958,0.01142411,0.02690000,0.71713172,0.21696007,0.85325107
14.71200013,0.00231529,0.01513207,0.02890000,0.71144324,0.21970517,0.84245508
14.81200004,0.00239584,0.01668652,0.01900000,0.71112539,0.22962833,0.82325714
14.91200018,0.00609236,0.02291840,0.02490000,0.73211241,0.24203437,0.80842674
15.01200008,0.00789661,0.02278099,0.02890000,0.70903964,0.23792978,0.79765133
15.11199999,0.00541324,0.02127949,0.03890000,0.70055602,0.23459023,0.82471405
15.21200013,0.00442181,0.01874507,0.04400000,0.72385696,0.23318811,0.81711737
15.31200004,0.00113756,0.03608928,0.05290000,0.73761869,0.24490877,0.83406831
15.41200018,0.01136720,0.03496522,0.06190000,0.72188272,0.24512012,0.87177786
15.51200008,0.01322193,0.03933447,0.06690000,0.72536014,0.24882480,0.88765582
15.61199999,0.01770699,0.03730848,0.06780000,0.73339902,0.24095012,0.90312660
15.71300006,0.03042997,0.04164753,0.00690000,0.74924710,0.23886441,0.79849057
15.81300020,0.03672534,0.03151538,0.00600000,0.75217589,0.23381283,0.80253712
15.91300011,0.04508452,0.03528209,0.00790000,0.75852840,0.22998578,0.81406119
16.01300001,0.05014588,0.03543149,0.00390000,0.76294926,0.22621069,0.82524176
16.11300015,0.05256247,0.03852981,0.00790000,0.75347518,0.23415438,0.82427281
16.21300006,0.05857020,0.03951268,0.01090000,0.74962779,0.24281131,0.82338171
16.31300020,0.06042908,0.04717167,0.02790000,0.77657304,0.24599309,0.84343946
16.41300011,0.06440190,0.05172230,0.03180000,0.79695549,0.25436516,0.83843483
16.51300001,0.06937580,0.05653316,0.03690000,0.79090773,0.25834443,0.84632760
16.61300015,0.07431292,0.05877406,0.03990000,0.78884394,0.26333690,0.84415362
16.71300006,0.07959727,0.06078622,0.04490000,0.80799914,0.26441793,0.83279926
16.81300020,0.08444274,0.06371989,0.04890000,0.80699428,0.26832116,0.84908991
16.91300011,0.09057849,0.06843126,0.05690000,0.82520950,0.27343586,0.86286918
17.01400018,0.09719531,0.07329101,0.06480000,0.85024102,0.28062403,0.85220217
17.11400008,0.10428774,0.07715910,0.06890000,0.84441456,0.28301748,0.85632659
17.21399999,0.11177484,0.08105212,0.07180000,0.82758919,0.28073803,0.86762670
17.31400013,0.11779971,0.08540350,0.07590000,0.83304671,0.28721217,0.84482289
17.41400003,0.12190787,0.09040509,0.08580000,0.82570787,0.29058936,0.83706671
17.51400018,0.12821283,0.09429353,0.09580000,0.82427695,0.28871713,0.84114230
17.61400008,0.13364499,0.09897326,0.10370000,0.83065362,0.28592255,0.84436384
17.71399999,0.13935852,0.10415807,0.10980000,0.84244566,0.29834683,0.84943315
17.81400013,0.14412013,0.10714531,0.11480000,0.84446992,0.30889040,0.85929784
17.91400003,0.15173749,0.11307517,0.12070000,0.84192384,0.30573085,0.87770976
18.01400018,0.15987880,0.11927791,0.12670000,0.84399514,0.30610894,0.87599437
18.11400008,0.17559191,0.12947232,0.11570000,0.88713975,0.33411063,0.88506587
18.21399999,0.18401998,0.13622051,0.12170000,0.88510079,0.34715407,0.86915879
18.31500006,0.18987898,0.13911517,0.12960000,0.88201473,0.35189188,0.90155711
18.41500020,0.19658291,0.13848343,0.13770000,0.86348595,0.34940078,0.89680157
18.51500010,0.20431511,0.14528205,0.14470000,0.88563080,0.35976053,0.90484172
18.61500001,0.21358642,0.15243061,0.15370000,0.88742605,0.36440937,0.91574894
18.71500015,0.22320793,0.15891039,0.16060000,0.89871941,0.37744808,0.90538701
18.81500006,0.23240980,0.16983914,0.16560000,0.92225339,0.39406357,0.89350375
18.91500020,0.23246551,0.15058817,0.16870000,0.92273524,0.35884185,0.89240253
19.01500010,0.24278352,0.15351943,0.17470000,0.93338909,0.35775990,0.89017651
19.11500001,0.25099661,0.13161592,0.18170000,0.98952812,0.32867357,0.87104632
19.21500015,0.26458861,0.10314902,0.18790000,1.03105761,0.29197274,0.90904577
19.31500006,0.25953078,0.08452705,0.19290000,1.03720983,0.26802803,0.92376745
19.41500020,0.26809170,0.08280901,0.19090000,1.00442160,0.26875691,0.89867658
19.51500010,0.28326520,0.09339747,0.18690000,1.02356417,0.27636775,0.88170642
19.61600018,0.29316802,0.09588719,0.19090000,1.05556396,0.28225292,0.87859482
19.71600008,0.30554761,0.09485223,0.19680000,1.06190436,0.28204100,0.89772945
19.81599998,0.30668347,0.08202354,0.19890000,1.05785775,0.27514288,0.89568059
19.91600013,0.28344737,0.07165779,0.19490000,1.00627155,0.26945593,0.89999347
20.01600003,0.29490876,0.07221907,0.20190000,1.06977245,0.26193894,0.90733776
20.11600018,0.27600919,0.07273633,0.18990000,1.00811245,0.25002082,0.88970657
20.21600008,0.27380617,0.05803757,0.19200000,1.03944707,0.23587084,0.87825935
20.31599998,0.26841427,0.05663455,0.18990000,1.04593449,0.23580069,0.87510877
20.41600013,0.26426617,0.05015766,0.19000000,1.05881204,0.22763884,0.87038359
20.51600003,0.26270303,0.04500808,0.19600000,1.05018769,0.22886858,0.88273307
20.61600018,0.27456327,0.04512492,0.19500000,1.03861245,0.23561819,0.88987751
20.71600008,0.28428073,0.05217286,0.20090000,1.05929600,0.24965875,0.90686893
20.81599998,0.25020165,0.08158746,0.20980000,1.02940248,0.27865581,0.91318302
20.91700006,0.25603314,0.07815779,0.22280000,1.02345258,0.27619933,0.94206463
21.01700020,0.26229218,0.08544720,0.23180000,2.02878406,0.29066861,0.95424843
21.11700010,0.26025339,0.09505510,0.24980000,2.01365696,0.30463098,0.96517926
21.21700001,0.26669532,0.10165361,0.26070000,2.03524127,0.30386615,0.97728677
21.31700015,0.25259995,0.11705757,0.27270000,2.13170103,0.31847637,0.99178283
21.41700006,0.24841598,0.12281559,0.28870000,2.05519533,0.32449605,0.99232984
21.51700020,0.25893165,0.13310485,0.28960000,2.09829128,0.33609427,1.00561879
21.61700010,0.26204238,0.13833293,0.28560000,2.07668525,0.33778797,0.99884319
21.71700001,0.26731061,0.14213465,0.29760000,2.12151187,0.36171202,0.98605240
21.81700015,0.27597150,0.12846326,0.30970000,2.18978497,0.33594744,0.99578014
21.91700006,0.29175083,0.14136161,0.31660000,2.22804007,0.36544499,1.00804561
22.01700020,0.30012623,0.13933735,0.31970000,2.12600852,0.35335933,1.02503535
22.11700010,0.30630804,0.14088074,0.33460000,2.11421857,0.37234232,1.10151932
22.21800017,0.30768182,0.13580035,0.34360000,2.01166408,0.35639338,1.13982992
22.31800008,0.31579564,0.13520539,0.34460000,1.97200168,0.35159539,1.10807237
22.41799998,0.30565865,0.13320301,0.34270000,1.87736166,0.35029498,1.10120414
22.51800013,0.29557202,0.13958177,0.32570000,1.84503177,0.36321420,1.05686659
22.61800003,0.29623697,0.13508042,0.32170000,1.83984300,0.36027931,1.04931700
22.71800017,0.29737185,0.13265505,0.33570000,1.95528559,0.35700695,1.08149254
22.81800008,0.29880301,0.13339824,0.33770000,1.92167327,0.34864092,1.07891982
22.91799998,0.31716856,0.12988257,0.34070000,1.86494623,0.34839672,1.10685379
23.01800013,0.31723605,0.13213530,0.34070000,1.95041676,0.35224638,1.08105695
23.11800003,0.31817071,0.13968507,0.34470000,1.94887667,0.36819220,1.06083103
23.21800017,0.30735582,0.14657353,0.34570000,1.98284668,0.37580170,1.06789405
23.31800008,0.32448363,0.13960783,0.33380000,2.06948480,0.37006952,1.03231011
23.41799998,0.33151253,0.13706688,0.29270000,1.92286808,0.36718417,0.95408879
23.51900005,0.34125358,0.14121223,0.29070000,1.94729964,0.37408746,0.98437430
23.61900020,0.33045029,0.14469296,0.28980000,1.89418083,0.37396951,0.96104357
23.71900010,0.33595407,0.14786379,0.29470000,1.84446043,0.37946488,0.96155005
23.81900001,0.34710237,0.12592139,0.25280000,1.77606402,0.35083559,0.91978070
23.91900015,0.35235238,0.12532638,0.25180000,1.89791134,0.34609174,0.92039034
24.01900005,0.36484121,0.13430301,0.26380000,1.93463621,0.34597057,0.94222616
24.11900020,0.37553701,0.13900551,0.27780000,1.85874324,0.35251378,0.91517456
24.21900010,0.38191126,0.14152229,0.27590000,1.83213748,0.35743863,0.92654917
24.31900001,0.38399162,0.14550450,0.28280000,1.78845864,0.36259773,0.91730004
24.41900015,0.39258964,0.15143743,0.29280000,1.67844527,0.36513938,0.92992147
24.51900005,0.40706585,0.15610844,0.30180000,1.73984910,0.37269166,0.93140077
24.61900020,0.41678092,0.15862469,0.30770000,1.83478065,0.37247861,0.94830603
24.71900010,0.42036100,0.16537207,0.32180000,1.72694097,0.38388108,1.01177168
24.82000017,0.41720481,0.13024556,0.31590000,1.68748566,0.34551082,0.98732411
24.92000008,0.42493853,0.16418371,0.31880000,1.69834859,0.39331582,1.06821420
25.01999998,0.41933171,0.15048628,0.31290000,1.68936297,0.36859094,1.05353174
25.12000012,0.41645745,0.11675999,0.30290000,1.69327890,0.32425103,0.98743354
25.22000003,0.41583078,0.15825022,0.30180000,1.71516779,0.36920094,0.97959733
25.32000017,0.42829398,0.12950191,0.28990000,1.73495809,0.34050117,0.94762084
25.42000008,0.43809026,0.16332535,0.27280000,1.73062796,0.38126118,0.93107934
25.51999998,0.43801037,0.16180752,0.25780000,1.79810490,0.38942850,0.91510791
25.62000012,0.44446337,0.12858338,0.24690000,1.81120119,0.34595750,0.91201828
25.72000003,0.45806526,0.15963491,0.24680000,1.86082241,0.37769360,0.92461487
25.82000017,0.46206996,0.12123114,0.22900000,1.78658036,0.33007821,0.93606599
25.92000008,0.46562303,0.14474129,0.22290000,1.75923291,0.35090561,0.91766475
26.01999998,0.47320266,0.14549310,0.22790000,1.75821600,0.35535458,0.86560771
26.12100005,0.47620155,0.10777909,0.22610000,1.78007511,0.32161440,0.87430175
26.22100019,0.48921367,0.10761130,0.23200000,1.75511912,0.32619216,0.87576860
26.32100010,0.49598532,0.11944240,0.21200000,1.85394865,0.33829119,0.88843330
26.42100000,0.50453381,0.12112871,0.21600000,1.82611023,0.33584890,0.89111451
26.52100015,0.50918399,0.12877420,0.19700000,1.81009222,0.34113657,0.88707091
26.62100005,0.51326138,0.12651120,0.18500000,1.82658243,0.33556231,0.84876558
26.72100019,0.52233531,0.12774513,0.18700000,1.90367117,0.34617856,0.87989438
26.82100010,0.52761811,0.11276539,0.18010000,1.96224327,0.33932792,0.86045027
26.92100000,0.54018733,0.11838148,0.18310000,2.01833955,0.35216495,0.85835238
27.02100015,0.53834749,0.12769994,0.18800000,1.97029135,0.36431262,0.88774576
27.12100005,0.54461960,0.13206022,0.19300000,2.01137030,0.37405270,0.87757903
27.22100019,0.54563564,0.12576865,0.18310000,1.93665864,0.36188314,0.88937834
27.32100010,0.54316905,0.12212545,0.16000000,1.93582582,0.35223366,0.85082484
27.42200017,0.55141574,0.12619448,0.15610000,1.92784385,0.36002601,0.85790636
27.52200007,0.57037257,0.11759841,0.14920000,2.05111925,0.34536241,0.85113958
27.62199998,0.57168365,0.12128417,0.15110000,1.91165008,0.34602282,0.85025152
27.72200012,0.57870223,0.12235268,0.15510000,1.86890881,0.35226963,0.84886992
27.82200003,0.57737802,0.13302674,0.16900000,1.93336821,0.36798733,0.86219373
27.92200017,0.57706850,0.13063287,0.15210000,1.93494765,0.35549055,0.82678985
28.02200007,0.58523844,0.13219222,0.15810000,1.94537772,0.36053901,0.82072445
28.12199998,0.59011373,0.13245574,0.15910000,1.99622365,0.35167619,0.82166697
28.22200012,0.60081267,0.12509893,0.15920000,2.13127476,0.35094946,0.83448834
28.32200003,0.61597238,0.13186190,0.15610000,2.14668744,0.35275338,0.79356779
28.42200017,0.62011873,0.13353555,0.15610000,2.25220268,0.34445659,0.78882980
28.52200007,0.61230983,0.12926765,0.15610000,2.09163496,0.34177111,0.80228017
28.62199998,0.61565028,0.12890202,0.15820000,1.94291450,0.33137256,0.76952759
28.72300005,0.61965133,0.12333922,0.15310000,1.95481956,0.32870600,0.74666684
28.82300019,0.62969600,0.12949147,0.13910000,1.98211338,0.32847316,0.73896344
28.92300010,0.63840399,0.13859281,0.14220000,1.94957303,0.34222333,0.74164389
29.02300000,0.64082668,0.13373995,0.14510000,2.01111379,0.33834759,0.75925015
29.12300014,0.64428154,0.13447119,0.14510000,2.03720028,0.33505144,0.79627588
29.22300005,0.64112894,0.13168274,0.16020000,1.90781873,0.32639130,0.81198598
29.32300019,0.64961166,0.12876824,0.14910000,1.97017561,0.31252000,0.79438712
29.42300010,0.65086986,0.12625227,0.14220000,1.91973246,0.31410325,0.79494555
29.52300000,0.65564279,0.12424270,0.14320000,2.04755480,0.32474434,0.82023204
29.62300014,0.66346798,0.11985624,0.14620000,1.96879869,0.32123771,0.85660365
29.72300005,0.66147775,0.12306555,0.13620000,2.10437114,0.32140223,0.83455615
29.82300019,0.67104893,0.11920867,0.13120000,2.15285039,0.31613530,0.82109127
29.92300010,0.67339432,0.12834182,0.12420000,2.20503033,0.32034779,0.82669176
30.02400017,0.67914841,0.13235065,0.11520000,2.08878970,0.31405139,0.80454555
30.12400007,0.69203327,0.13161826,0.11120000,2.11784262,0.31645688,0.78191687
30.22399998,0.69714218,0.13107401,0.11620000,2.08242605,0.31805312,0.78177216
30.32400012,0.69005998,0.11893116,0.10830000,2.00901106,0.31482066,0.77107128
30.42400002,0.68917966,0.11645328,0.11430000,2.05662207,0.31025503,0.79981722
30.52400017,0.69516870,0.11568169,0.11920000,2.01018621,0.30589493,0.80902559
30.62400007,0.69180372,0.10983927,0.12030000,2.12426815,0.30094944,0.83533853
30.72399998,0.69539188,0.10814240,0.12020000,2.02753442,0.29967241,0.83817795
30.82400012,0.69290247,0.09615352,0.11830000,2.03824947,0.28245115,0.84828646
30.92400002,0.70392859,0.10106289,0.11530000,2.01520611,0.28293955,0.86729149
31.02400017,0.70372169,0.09151107,0.11230000,2.00372342,0.28120806,0.87239654
31.12400007,0.71096785,0.10382969,0.11430000,2.08480676,0.28122510,0.87548532
31.22399998,0.71589150,0.10332345,0.11230000,2.28877691,0.28341302,0.86896419
31.32500005,0.71953136,0.08653778,0.11540000,2.28827298,0.26630753,0.86420080
31.42500019,0.72382569,0.08481524,0.11340000,2.29485177,0.26705782,0.88212461
31.52500010,0.73648753,0.09656865,0.10740000,2.33892810,0.27921824,0.88399415
31.62500000,0.75160562,0.09896088,0.10740000,2.31718182,0.27964993,0.87781616
31.72500014,0.75648414,0.09704946,0.10430000,2.19809324,0.27037166,0.90334017
31.82500005,0.78090839,0.09724778,0.08840000,2.26696241,0.26968564,0.88197706
31.92500019,0.78211379,0.09199069,0.08340000,2.32954399,0.27424739,0.85999780
32.02500010,0.77969503,0.08955118,0.07740000,2.21281613,0.27867202,0.85399934
32.12500000,0.77762237,0.08911311,0.07840000,2.29974310,0.28023111,0.83198908
32.22500014,0.78127380,0.08785682,0.07840000,2.30639390,0.27148331,0.83057443
32.32500005,0.78345736,0.08574404,0.07940000,2.28472502,0.27789800,0.81502271
32.42500019,0.78881805,0.08685538,0.08040000,2.40934262,0.27693123,0.81252324
32.52500010,0.79267742,0.08540443,0.07440000,2.39033568,0.27476122,0.78902391
32.62600017,0.79295105,0.08351497,0.06840000,2.23653497,0.26225967,0.74693295
32.72600007,0.79688694,0.08266810,0.06640000,2.26339326,0.26418989,0.73188011
32.82599998,0.80449040,0.08016006,0.06050000,2.17066459,0.26143005,0.74965659
32.92600012,0.80768784,0.08028590,0.05550000,2.08830505,0.26592276,0.74102853
33.02600002,0.81193790,0.08165229,0.05140000,2.07760859,0.26238808,0.72775661
33.12600017,0.81418675,0.08043952,0.04940000,2.20093968,0.26938070,0.74029925
33.22600007,0.82024977,0.08407818,0.04640000,2.21601944,0.26430206,0.72931993
33.32599998,0.81606203,0.08111234,0.04340000,2.29720805,0.24858418,0.71343346
33.42600012,0.81471361,0.07975951,0.04250000,2.29582554,0.24114408,0.72552942
33.52600002,0.81836801,0.08100263,0.04150000,2.24416013,0.24509755,0.71324913
33.62600017,0.81821102,0.07989503,0.03950000,2.27131691,0.23340649,0.68255733
33.72600007,0.81984359,0.08165989,0.03850000,2.22961396,0.24492360,0.67024897
33.82700014,0.81643449,0.08182737,0.03550000,2.29447590,0.24632798,0.68298206
33.92700005,0.81569216,0.08289996,0.03640000,2.32027057,0.24641469,0.68492891
34.02700019,0.81706775,0.08355398,0.03840000,2.34511095,0.25284408,0.67038552
34.12700009,0.81466186,0.08365979,0.03740000,2.29679199,0.25254472,0.64841505
34.22700000,0.81328750,0.08040385,0.03550000,2.23530638,0.25138713,0.62408319
34.32700014,0.80985623,0.07856961,0.03150000,2.18566813,0.25160795,0.62109347
34.42700005,0.80521815,0.07688788,0.03050000,2.27711890,0.25431538,0.61547180
34.52700019,0.80430333,0.07725192,0.02950000,2.41628223,0.24756257,0.59455507
34.62700009,0.79947726,0.07526065,0.02550000,2.43336784,0.24776496,0.57719910
34.72700000,0.79647539,0.07524647,0.02350000,2.50773064,0.24790561,0.60656308
34.82700014,0.79683229,0.07636120,0.01550000,2.56002678,0.25381752,0.60046873
34.92700005,0.79404244,0.07604980,0.01150000,2.53863209,0.24961992,0.62743814
35.02700019,0.79416960,0.07535422,0.00750000,2.45363693,0.23941367,0.63596333
35.12800002,0.79326231,0.07552103,0.00350000,2.42680614,0.23279736,0.62468383
35.22800016,0.79638201,0.07764465,0.00150000,2.29279327,0.23248987,0.63395347
35.32800007,0.79431738,0.07926555,0.00250000,2.21450650,0.23967057,0.64183316
35.42799997,0.79361797,0.07923768,0.00250000,2.24642690,0.24317107,0.61974196
35.52800012,0.79559052,0.07741241,0.00250000,2.11853386,0.24239844,0.65664256
35.62800002,0.79371790,0.07924157,0.00150000,2.06395017,0.24153544,0.67024928
35.72800016,0.79692980,0.08156830,0.00250000,2.11736037,0.24270343,0.67856309
35.82800007,0.79631988,0.07924217,0.00050000,2.12153175,0.24059864,0.67884944
35.92799997,0.79254222,0.07859470,0.00250000,2.05888365,0.24726512,0.67349142
36.02800012,0.79390614,0.07954849,0.00450000,2.05957808,0.24341028,0.67893570
36.12800002,0.79267326,0.07779920,0.00550000,2.09114331,0.25468026,0.66747442
36.22800016,0.79388397,0.07754675,0.00550000,2.08530686,0.26220600,0.65078580
36.32800007,0.78837004,0.07522915,0.00750000,2.06946804,0.26806117,0.66507272
36.42900014,0.78688946,0.07727244,0.00850000,2.12521406,0.27324897,0.66455023
36.52900004,0.78709690,0.07708233,0.00850000,2.09447059,0.27788955,0.66822128
36.62900019,0.78631307,0.07665151,0.00850000,2.14055451,0.27373665,0.66725503
36.72900009,0.79115871,0.07814180,0.00650000,2.13731914,0.27953919,0.67359248
36.82900000,0.79252782,0.07639311,0.00650000,2.07969834,0.27654283,0.65992958
36.92900014,0.78993757,0.07609210,0.00750000,2.15161960,0.27987643,0.62704183
37.02900004,0.79372692,0.07643980,0.00750000,2.13450531,0.28666140,0.62913770
37.12900019,0.79668963,0.07745584,0.00750000,2.06736780,0.28974678,0.61397049
37.22900009,0.79439915,0.07716651,0.00950000,2.07812103,0.28468574,0.60390153
37.32900000,0.79527117,0.07790163,0.00950000,2.06755157,0.29002553,0.61801809
37.42900014,0.79168563,0.07746115,0.01050000,2.16924291,0.29054045,0.65152756
37.52900004,0.79440699,0.07696602,0.00850000,2.29055220,0.29271708,0.62435292
37.62900019,0.79477161,0.07788154,0.00850000,2.44824955,0.29226508,0.64057129
37.73000002,0.79791861,0.07930506,0.00650000,2.52517120,0.29593013,0.65426272
37.83000016,0.79798086,0.07770627,0.00850000,2.64883729,0.29356664,0.64557056
37.93000007,0.79633149,0.07894303,0.00750000,2.76813232,0.28993005,0.64300490
38.02999997,0.79983682,0.07887738,0.00850000,2.81334317,0.29201244,0.62660695
38.13000011,0.79983662,0.07887936,0.00850000,2.75917444,0.29862500,0.60902253
38.23000002,0.80057883,0.07780807,0.00850000,2.73557413,0.30269357,0.60838387
38.33000016,0.80069049,0.07751155,0.01850000,2.64181433,0.31247285,0.59967936
38.43000007,0.79855453,0.07582583,0.02050000,2.60724409,0.31279317,0.60574081
38.52999997,0.79878538,0.07503555,0.02350000,2.69451851,0.30308479,0.60653793
38.63000011,0.79814427,0.07350945,0.02450000,2.64384504,0.30374402,0.60989055
38.73000002,0.80035428,0.07329527,0.02450000,2.61211802,0.30675150,0.58667225
38.83000016,0.79819485,0.07221043,0.02750000,2.59542279,0.31024348,0.59499836
38.93000007,0.79710754,0.07186588,0.02750000,2.50065087,0.30442407,0.60509233
39.03100014,0.79682315,0.07145649,0.02650000,2.27394452,0.29603038,0.60993287
39.13100004,0.79793788,0.07109959,0.02650000,2.18142187,0.29594239,0.62017945
39.23100019,0.79784963,0.07079593,0.02650000,2.09306031,0.28761202,0.63888386
39.33100009,0.79696482,0.07296116,0.03150000,2.05850278,0.28292675,0.65965787
39.43099999,0.79855971,0.07312333,0.03350000,2.11798379,0.27614960,0.73227154
39.53100014,0.79965092,0.07336796,0.03350000,2.10154785,0.27722340,0.66391983
39.63100004,0.79897868,0.07264126,0.03350000,2.08504422,0.26704740,0.63686018
39.73100019,0.79867891,0.07262958,0.03350000,2.06661053,0.27249281,0.65812700
39.83100009,0.79920058,0.07465205,0.03250000,2.14613078,0.28342271,0.67347408
39.93099999,0.79767862,0.07519062,0.03250000,2.25864228,0.28046285,0.68132958
40.03100014,0.79811722,0.07420694,0.03350000,2.19288188,0.27721452,0.71066561
40.13100004,0.79890087,0.07463974,0.03450000,2.20729412,0.27634495,0.69381891
40.23100019,0.80186358,0.07565578,0.03350000,2.22070808,0.26917171,0.69337642
40.33200002,0.80045044,0.07339776,0.03550000,2.12882512,0.26637273,0.71834714
40.43200016,0.79837926,0.07261659,0.03750000,2.14663867,0.26241506,0.71868895
40.53200006,0.79805231,0.07330373,0.03850000,2.16318277,0.26697998,0.71262903
40.63199997,0.79784468,0.07349580,0.04050000,2.26283927,0.26192495,0.73121939
40.73200011,0.80041530,0.07429841,0.03850000,2.26820052,0.26848637,0.70037512
40.83200002,0.79938610,0.07245761,0.04250000,2.33900265,0.27232406,0.72733408
40.93200016,0.79735390,0.07067655,0.04450000,2.30140097,0.26658515,0.70182938
41.03200006,0.79647687,0.07264194,0.04250000,2.39364368,0.27588543,0.72233057
41.13199997,0.79588899,0.07231882,0.04250000,2.48008677,0.27512520,0.72603849
41.23200011,0.79869447,0.07222989,0.03950000,2.96489618,0.26992822,0.73806674
41.33200002,0.80047755,0.07269962,0.03850000,2.96119395,0.26902491,0.73420802
41.43200016,0.79979376,0.07227136,0.04350000,2.99518316,0.26807935,0.76239436
41.53299999,0.80080067,0.07211174,0.04450000,2.84925788,0.26309923,0.74852050
41.63300014,0.80087354,0.07281312,0.04550000,2.71980164,0.26373208,0.79739831
41.73300004,0.80392821,0.07403489,0.04350000,2.71261465,0.26803190,0.77329831
41.83300018,0.80024268,0.07359116,0.04550000,2.63988101,0.26463093,0.77434862
41.93300009,0.79815224,0.07330762,0.04550000,2.63802325,0.26765728,0.74300582
42.03299999,0.80075805,0.07320892,0.04350000,2.51605135,0.26671246,0.74701839
42.13300014,0.80085785,0.07321416,0.04350000,2.29704253,0.26811023,0.74040283
42.23300004,0.86319090,0.06843641,0.03040000,2.45125635,0.26141637,0.70620080
42.33300018,0.90381587,0.06601519,0.05040000,2.81457481,0.25425393,0.73572933
42.43300009,0.82820468,0.07768218,0.05750000,2.87136400,0.25871852,0.77883732
42.53299999,0.80357149,0.07291816,0.05250000,2.93135807,0.25270104,0.69197577
42.63300014,0.79862585,0.07142462,0.05450000,2.88353081,0.25409897,0.74608059
42.73300004,0.80166620,0.07044416,0.05150000,2.99908984,0.26320893,0.74183654
42.83400011,0.80060983,0.06930219,0.05250000,2.96652614,0.26171175,0.68731861
42.93400002,0.80047613,0.06759570,0.05250000,2.62999282,0.25639085,0.67613447
43.03400016,0.79894119,0.07103659,0.05150000,2.59524012,0.25763882,0.68026702
43.13400006,0.79924096,0.07104827,0.05050000,2.72795299,0.25778624,0.67470940
43.23399997,0.80254218,0.07107872,0.04850000,2.74243866,0.25373709,0.68653832
43.33400011,0.80414998,0.06833920,0.04850000,2.60407913,0.25572718,0.69595606
43.43400002,0.80335837,0.06810823,0.04950000,2.52630573,0.26424276,0.69487367
43.53400016,0.80045278,0.06819524,0.04950000,2.40242289,0.26168722,0.71638435
43.63400006,0.80092411,0.07151410,0.04850000,2.57596730,0.25868120,0.72683054
43.73399997,0.80090855,0.07191380,0.04850000,2.73836939,0.26372866,0.72924927
43.83400011,0.80035168,0.07079264,0.04750000,2.52037352,0.26186991,0.78802132
43.93400002,0.79768479,0.06988883,0.04850000,2.51499114,0.25931718,0.76685798
44.03400016,0.80025843,0.07318947,0.04650000,2.38204569,0.26833858,0.77118790
44.13499999,0.80112396,0.07152188,0.04850000,2.34725708,0.26170306,0.75240469
44.23500013,0.80133159,0.07132982,0.04750000,2.50201098,0.26203927,0.74265329
44.33500004,0.80001707,0.07167828,0.05050000,2.43655469,0.26837553,0.73626879
44.43500018,0.79890216,0.07203718,0.05050000,2.31961358,0.26706910,0.76774669
44.53500009,0.80019723,0.07218832,0.05150000,2.39592067,0.26047865,0.74581335
44.63499999,0.79977560,0.07016840,0.05350000,2.29019257,0.25990715,0.74482069
44.73500013,0.80213877,0.07116109,0.05150000,2.47562575,0.25959173,0.70509973
44.83500004,0.79941214,0.06665160,0.05650000,2.52644190,0.25228127,0.69925810
44.93500018,0.79991165,0.06667240,0.05750000,2.73452056,0.25397396,0.69742866
45.03500009,0.79970024,0.06696304,0.05850000,2.65219695,0.24910042,0.71903233
45.13499999,0.79916155,0.06794482,0.05950000,2.65313043,0.25550497,0.71754561
45.23500013,0.79916172,0.06794283,0.05950000,2.88955812,0.25694345,0.72560554
45.33500004,0.79869199,0.06972591,0.05750000,2.96261902,0.25870089,0.73628534
45.43600011,0.79803537,0.06859885,0.05750000,3.08950170,0.26081069,0.72595384
45.53600001,0.79849981,0.06951962,0.05850000,2.95744384,0.26977121,0.73245448
45.63600016,0.79814957,0.07080562,0.06050000,2.88420469,0.27346864,0.74158314
45.73600006,0.79793416,0.07119754,0.06050000,2.86742029,0.27535500,0.73114513
45.83600020,0.79813401,0.07120532,0.06250000,2.87893030,0.26826124,0.75593301
45.93600011,0.79994172,0.06847292,0.06150000,2.87928686,0.26743593,0.79516530
46.03600001,0.79831298,0.06660880,0.06250000,2.76074776,0.26317424,0.79380947
46.13600016,0.79902661,0.06884024,0.06350000,2.80357248,0.27547755,0.79574423
46.23600006,0.79881526,0.06913025,0.06250000,2.93340429,0.26470257,0.79574135
46.33600020,0.79747857,0.06747700,0.06250000,2.91063475,0.25689133,0.80519430
46.43600011,0.79715940,0.06796429,0.06350000,2.76232067,0.25295087,0.79839334
46.53600001,0.79862591,0.07142397,0.06350000,2.71151779,0.24904506,0.80671408
46.63600016,0.79767724,0.07008605,0.06350000,2.53901964,0.25455593,0.80000830
46.73699999,0.79906835,0.07034102,0.06150000,2.35906841,0.25985518,0.77815995
46.83700013,0.79670252,0.06684633,0.06450000,2.45683760,0.25527789,0.80703971
46.93700004,0.79531914,0.06639216,0.06650000,2.29899935,0.25824070,0.76736728
47.03700018,0.79465474,0.06546496,0.06750000,2.30581983,0.25061742,0.76051350
47.13700008,0.79348272,0.06472079,0.06950000,2.22748986,0.24540233,0.78002025
47.23699999,0.79461189,0.06656478,0.07050000,2.26896453,0.24873146,0.75200969
47.33700013,0.79497657,0.06747966,0.07050000,2.28703283,0.25291181,0.73684148
47.43700004,0.79449640,0.06696058,0.07050000,2.40918410,0.24963668,0.72436387
47.53700018,0.79483124,0.06607229,0.06850000,2.41908183,0.25441615,0.67568260
47.63700008,0.79457426,0.06496145,0.06850000,2.50216341,0.25260670,0.69013146
47.73699999,0.79581876,0.06641162,0.06850000,2.47836793,0.24848105,0.67539835
47.83700013,0.79372035,0.06632991,0.06950000,2.52867828,0.24807684,0.69274680
47.93800020,0.79276390,0.06519184,0.07150000,2.57704344,0.24702195,0.72599651
48.03800011,0.79532692,0.06619231,0.06850000,2.60379273,0.24980216,0.71845359
48.13800001,0.79588761,0.06721425,0.06750000,2.57471167,0.25391429,0.72348789
48.23800015,0.79578752,0.06721235,0.06650000,2.63575101,0.25321106,0.68982953
48.33800006,0.79199174,0.06446125,0.06850000,2.62593100,0.26252293,0.66911428
48.43800020,0.78997380,0.06488306,0.07050000,2.72533189,0.26013178,0.66812572
48.53800011,0.79157136,0.06754723,0.06950000,2.65323871,0.26280774,0.65987044
48.63800001,0.79214107,0.06576740,0.07050000,2.66889136,0.25823159,0.65026732
48.73800015,0.79542301,0.06629548,0.06750000,2.52519760,0.25914558,0.67589338
48.83800006,0.79241467,0.06387860,0.06850000,2.63392130,0.25817808,0.68054069
48.93800020,0.79053055,0.06600557,0.06950000,2.63479665,0.26119306,0.69582235
49.03800011,0.79124948,0.06553318,0.06750000,2.45383204,0.26523399,0.71428877
49.13800001,0.78861766,0.06372943,0.07050000,2.50101168,0.26381837,0.69362435
49.23900008,0.78842564,0.06352115,0.07050000,2.46593660,0.25850981,0.69548436
49.33899999,0.78899390,0.06434586,0.07150000,2.63141421,0.26958212,0.68105724
49.43900013,0.78726012,0.06517967,0.07350000,2.63114540,0.28391658,0.65749306
49.53900003,0.79019187,0.06699314,0.07350000,2.66462117,0.30413034,0.67774962
49.63900018,0.78913161,0.06595110,0.07350000,2.70161399,0.31002872,0.65100846
49.73900008,0.78883967,0.06573894,0.07350000,2.51178815,0.30847706,0.63764289
49.83899999,0.78773273,0.06589599,0.07150000,2.39305378,0.30608250,0.63712008
49.93900013,0.78753671,0.06578893,0.07150000,2.37100223,0.30781032,0.62724523
50.03900003,0.78890064,0.06674272,0.07050000,2.42237200,0.30374568,0.62909618
50.13900018,0.78803639,0.06580774,0.07050000,2.29787200,0.31185373,0.65719617
50.23900008,0.78943533,0.06586220,0.06850000,2.38265729,0.31142689,0.63961090
50.33899999,0.78862426,0.06613085,0.06750000,2.29602748,0.30838678,0.67921247
50.43900013,0.78769365,0.06689720,0.07150000,2.22053437,0.30893750,0.71144424
50.54000020,0.78787545,0.06480071,0.07050000,2.33576429,0.30659140,0.73942663
50.64000010,0.78627666,0.06473847,0.07250000,2.27219119,0.30040883,0.77121618
50.74000001,0.78860870,0.06653055,0.07050000,2.24218451,0.30223311,0.76636756
50.84000015,0.78597672,0.06472876,0.07350000,2.27218355,0.31195187,0.82850592
50.94000006,0.78547726,0.06470734,0.07650000,2.41328283,0.31321388,0.86035214
51.04000020,0.90406118,0.05971698,0.06540000,2.49243759,0.30766841,0.86013233
51.14000010,0.94999727,0.04169044,0.15720000,2.60432907,0.27722859,0.95696529
51.24000001,0.96980538,0.03415615,0.19620000,2.72091656,0.26782097,1.00469937
51.34000015,0.98443449,0.03112219,0.22420000,2.58467767,0.26876570,1.08890537
51.44000006,0.99256849,0.02783615,0.24020000,2.78134382,0.25813187,1.12556292
51.54000020,1.01461120,0.01688541,0.28510000,2.95584338,0.24786531,1.16904973
51.64000010,1.01388061,0.01765757,0.28210000,2.94246972,0.24999026,1.17155522
51.74000001,1.01501868,0.01670112,0.28310000,2.68973900,0.24165580,1.15970329
51.84100008,1.01635272,0.01585155,0.28310000,2.79966486,0.24410993,1.12257363
51.94099998,1.01745966,0.01569533,0.28710000,2.71441710,0.24075421,1.11393992
52.04100013,1.01717545,0.01528396,0.28810000,2.68819646,0.24167418,1.09855124
52.14100003,1.01684455,0.01607168,0.28910000,2.83940203,0.23696682,1.06759130
52.24100018,1.01624502,0.01604750,0.28710000,2.98783159,0.23739079,1.10073880
52.34100008,1.01543784,0.01621623,0.28710000,2.98589166,0.22032751,1.07512634
52.44099998,1.01430361,0.01707613,0.28510000,2.79103957,0.22321627,1.07790933
52.54100013,1.01386894,0.01795734,0.28310000,2.61827395,0.21418037,1.08097130
52.64100003,1.01482537,0.01909625,0.28210000,2.54310057,0.21570698,1.06256885
52.74100018,1.01441914,0.01667778,0.28410000,2.43627480,0.20859035,1.08699746
52.84100008,1.01314859,0.01332498,0.28510000,2.69907572,0.20269640,1.10827904
52.94099998,1.01077764,0.01253214,0.28410000,2.77521127,0.20542672,1.10554423
53.04200006,1.01361708,0.01414466,0.28410000,2.76699746,0.20755301,1.04985401
53.14200020,1.01399855,0.01205792,0.28010000,2.67254947,0.20551291,1.05388049
53.24200010,1.01409847,0.01206181,0.28010000,2.76501626,0.20195485,1.05919622
53.34200001,1.01356651,0.01544284,0.27710000,2.64565712,0.21308686,1.05170913
53.44200015,1.01140584,0.01696076,0.27710000,2.64423185,0.21731163,1.04572538
53.54200006,1.01167449,0.01777183,0.27810000,2.50217014,0.21799511,1.01723522
53.64200020,1.01198205,0.01758365,0.27810000,2.48862911,0.21462062,1.00796090
53.74200010,1.01196649,0.01798335,0.27810000,2.50378094,0.21134955,0.99040706
53.84200001,1.00838477,0.01744360,0.27510000,2.46155478,0.21131826,1.00066578
53.94200015,1.00844970,0.01834598,0.27510000,2.58007076,0.20734799,0.96821234
54.04200006,1.01025489,0.02081808,0.27610000,2.53288823,0.22171874,0.95949090
54.14200020,1.01315513,0.01572789,0.27710000,2.52973502,0.20942758,0.94705639
54.24200010,1.01364697,0.01594719,0.27610000,2.45010443,0.20131792,0.94279096
54.34300017,1.01289570,0.01982089,0.27610000,2.64535091,0.22306922,0.94476842
54.44300008,1.01371066,0.01945232,0.27710000,2.68295759,0.22298613,0.94710138
54.54299998,1.01040662,0.01692103,0.27710000,2.82469813,0.20914873,0.93977485
54.64300013,1.00850149,0.01444587,0.27810000,2.99020355,0.20759399,0.92757064
54.74300003,1.01279045,0.01481301,0.28010000,2.85420948,0.20460736,0.93506892
54.84300017,1.01050898,0.01172191,0.28110000,2.79071720,0.20378739,0.96540663
54.94300008,1.01365598,0.01314542,0.28410000,2.84327958,0.20253331,0.97587400
55.04299998,1.01056612,0.01282414,0.28410000,2.84476300,0.19869051,0.98494868
55.14300013,1.01172631,0.01387006,0.28510000,2.85986729,0.19946330,0.98533281
55.24300003,1.01548062,0.01511790,0.28510000,2.95969827,0.19355064,1.00867158
55.34300017,1.01527300,0.01530996,0.28210000,3.09233461,0.19307144,0.99834011
55.44300008,1.01321738,0.01412910,0.28210000,3.13619839,0.20861542,1.02494972
55.54299998,1.01244911,0.01329858,0.28210000,3.12088287,0.21378008,1.06409850
55.64400005,1.00970059,0.01449173,0.28110000,2.93623446,0.21607042,1.06371513
55.74400020,1.01225581,0.01569287,0.28210000,2.92206216,0.21748140,1.06394939
55.84400010,1.01191714,0.01668044,0.28010000,2.77258661,0.23677262,1.05449335
55.94400001,1.01235886,0.01549442,0.28010000,2.83948683,0.22397553,1.04860541
56.04400015,1.01048441,0.01492337,0.28010000,2.93685966,0.21963649,1.04454742
56.14400005,1.01140053,0.01195594,0.28210000,2.80487680,0.21298805,1.03593849
56.24400020,1.01401022,0.01175815,0.28410000,2.70209439,0.22348780,1.04749460
56.34400010,1.01181189,0.01167256,0.28310000,2.77181095,0.22272797,1.01344119
56.44400001,1.01022866,0.01121061,0.28310000,2.75031372,0.21906403,1.00851943
56.54400015,1.00982118,0.01139490,0.28410000,2.61629631,0.21874110,1.01803645
56.64400005,1.00968502,0.01489225,0.28210000,2.52712498,0.22033755,1.02727054
56.74400020,1.00977839,0.01249407,0.28210000,2.45209862,0.22207678,1.03498321
56.84400010,1.01033636,0.01101466,0.28510000,2.41482334,0.22807426,1.04321773
56.94500017,1.01180021,0.01197233,0.28610000,2.55645434,0.22528059,1.01184729
57.04500008,1.01170930,0.00916667,0.28310000,2.61760645,0.22282975,1.01269813
57.14499998,1.01130305,0.00674903,0.27810000,2.81242467,0.21948817,1.00358301
57.24500012,1.01091502,0.00643370,0.27010000,2.72645408,0.21639663,0.98545123
57.34500003,1.00919808,0.00426526,0.26210000,2.87524295,0.22107139,0.96643910
57.44500017,1.00878831,0.00174592,0.25810000,3.01803711,0.21474388,0.94533372
57.54500008,1.01029458,0.00180606,0.25910000,3.00734604,0.20125283,0.92843795
57.64499998,1.01262786,0.00099622,0.26010000,3.05422825,0.20334905,0.93134156
57.74500012,1.01401246,0.00115154,0.26310000,2.95486283,0.20618279,0.93897324
57.84500003,1.01322442,0.00168495,0.26300000,2.89891316,0.20938278,0.93752504
57.94500017,1.01351787,0.00667733,0.26700000,3.13447374,0.21922089,0.92069179
58.04500008,1.01374627,0.00716645,0.27100000,3.24173062,0.22428438,0.90574389
58.14600015,1.01777348,0.01061641,0.27700000,3.12543894,0.22791805,0.90611630
58.24600005,1.01913030,0.01436243,0.28100000,3.16372183,0.23918941,0.90341512
58.34600019,1.02091071,0.01639471,0.28200000,3.23547019,0.50730605,0.90898076
58.44600010,1.02365570,0.01779328,0.28300000,3.30657021,0.51969026,0.90547429
58.54600000,1.02700343,0.01865939,0.28800000,3.25118068,0.51111645,0.89107830
58.64600015,1.03017498,0.02043819,0.29100000,3.29525058,0.51946820,0.86155510
58.74600005,1.03171692,0.02438622,0.29490000,3.39055854,0.53848576,0.87715035
58.84600019,1.03289350,0.02634214,0.30090000,3.39121184,0.54035759,0.90233634
58.94600010,1.03422033,0.02959323,0.30490000,3.24267148,0.51952288,0.91662048
59.04600000,1.03686621,0.03589639,0.30690000,3.26007082,0.52819713,0.90363424
59.14600015,1.03870427,0.03942790,0.30890000,3.18811699,0.51986923,0.90347831
59.24600005,1.04214968,0.04268918,0.31190000,3.11442254,0.51073303,0.93728394
59.34600019,1.04348277,0.04394548,0.31590000,3.06522539,0.50386840,0.94908729
59.44700003,1.04823343,0.04516252,0.31980000,3.29751346,0.54165396,0.95260438
59.54700017,1.04947384,0.04830850,0.32080000,3.52237777,0.58073949,0.95247725
59.64700007,1.05390344,0.04944714,0.31980000,3.33571309,0.55116655,0.94770634
59.74699998,1.05842404,0.05247358,0.32480000,3.19856171,0.66394149,0.96805995
59.84700012,1.05832095,0.05497945,0.32680000,3.47776534,0.74624927,0.95378975
59.94700003,1.06191192,0.05984411,0.33280000,3.56988702,0.77640842,0.96341356
60.04700017,1.06504896,0.06332617,0.33480000,3.37587588,0.72356243,0.99505134
60.14700007,1.06763223,0.06542776,0.33770000,3.25947214,0.69166773,0.97620565
60.24699998,1.07100243,0.06918590,0.34270000,3.08636824,0.64500470,0.99569048
60.34700012,1.07375306,0.07359610,0.34370000,3.26011393,0.69827064,0.99739711
60.44700003,1.07700168,0.07737320,0.34770000,3.07492168,0.64820748,1.02584462
60.54700017,1.07672752,0.08257418,0.35370000,2.95624877,0.61958025,1.04504619
60.64700007,1.07971790,0.08807697,0.35770000,3.07188462,0.65726746,1.05167568
60.74800014,1.08755217,0.09397818,0.36360000,3.01031496,0.64333897,1.07267961
60.84800005,1.08766906,0.09957696,0.36660000,3.07117663,0.66629341,1.08709596
60.94800019,1.09188984,0.10261587,0.37160000,3.05969795,0.66484676,1.09836146
61.04800010,1.09687590,0.10732642,0.37760000,2.88519048,0.61827344,1.10942981
61.14800000,1.10255360,0.11181093,0.38260000,2.71561350,0.57268519,1.13311716
61.24800014,1.10146744,0.11735712,0.38550000,2.77721897,0.59614327,1.14506713
61.34800005,1.10463559,0.12163681,0.38950000,2.65635797,0.56498606,1.14612614
61.44800019,1.10720796,0.12604055,0.39150000,2.88328753,0.63349185,1.14985767
61.54800010,1.11052942,0.12911429,0.39250000,2.82187269,0.61806951,1.15403618
61.64800000,1.11414362,0.13457850,0.39750000,2.89280058,0.64276621,1.17570703
61.74800014,1.12354491,0.13701737,0.40740000,2.80309538,0.61688894,1.19699449
61.84800005,1.12648138,0.14207516,0.41340000,2.72055170,0.59752383,1.18147811
61.94800019,1.12798787,0.14573982,0.41540000,2.79074142,0.62081226,1.19012010
62.04900002,1.12843089,0.14942543,0.41840000,2.91322631,0.65936698,1.17659132
62.14900017,1.13212836,0.15188780,0.42240000,2.76543332,0.61854636,1.18350771
62.24900007,1.13534205,0.15476641,0.42740000,2.84224288,0.64245236,1.17718468
62.34899998,1.13706972,0.16060103,0.43030000,2.92330748,0.67095468,1.16624384
62.44900012,1.14027010,0.16420632,0.42930000,2.97078980,0.68721194,1.14818978
62.54900002,1.14536652,0.16661182,0.43230000,2.94697935,0.68135834,1.15268236
62.64900017,1.14895730,0.16626537,0.43330000,2.68339267,0.60467547,1.15523494
62.74900007,1.15208190,0.17045713,0.44030000,2.70878797,0.61523030,1.16286486
62.84899998,1.15999265,0.17427523,0.44330000,2.61162753,0.58902806,1.16815096
62.94900012,1.16237723,0.18021350,0.44930000,2.84662991,0.66142855,1.17298215
63.04900002,1.16177245,0.18656920,0.45530000,3.06071466,0.72912412,1.18737740
63.14900017,1.15786433,0.19565600,0.46120000,2.84980640,0.67906802,1.19643846
63.25000000,1.15947862,0.20125706,0.46310000,2.87456964,0.69128307,1.21211736
63.35000014,1.15038205,0.21362592,0.46510000,3.11728684,0.77559871,1.17950365
63.45000005,1.15183440,0.20962736,0.46120000,3.17018506,0.78629898,1.17714206
63.55000019,1.15520751,0.23086156,0.46710000,3.07150614,0.77837545,1.17415888
63.65000010,1.14534084,0.22936297,0.46210000,3.10123343,0.78818943,1.14454098
63.75000000,1.14466675,0.22183347,0.46510000,3.13569266,0.79069801,1.15075585
63.85000014,1.14896945,0.23624327,0.45810000,2.99244857,0.76295159,1.14290828
63.95000005,1.15560207,0.22697953,0.46910000,3.06138782,0.77148974,1.14507804
64.05000019,1.16243588,0.25361256,0.49100000,3.08532810,0.80301033,1.13900688
64.15000010,1.16744908,0.25446848,0.50300000,3.02333293,0.78472101,1.13788022
64.25000000,1.16310135,0.23786571,0.50300000,2.81613582,1.53953134,1.13890786
64.35000014,1.15079801,0.25810264,0.49100000,2.61957638,1.48573681,1.13138601
64.45000005,1.15331586,0.23998580,0.49200000,2.71107356,1.50337060,1.15012724
64.55100012,1.17458746,0.26512634,0.52790000,2.58123414,1.46779687,1.15508027
64.65100002,1.17148677,0.26852317,0.52690000,2.63291738,1.49320511,1.15957067
64.75100017,1.17045494,0.27354107,0.53190000,2.67754290,1.51656748,1.15449804
64.85100007,1.17455480,0.29202628,0.55280000,2.84610475,1.60113118,1.17488689
64.95099998,1.18700405,0.30328375,0.55870000,2.79962356,1.58871123,1.18613193
65.05100012,1.18462154,0.31340200,0.56370000,2.66136513,1.54423648,1.16969477
65.15100002,1.17588143,0.30221107,0.54780000,2.84192262,1.60910261,1.15342900
65.25100017,1.17593791,0.27366979,0.54480000,2.93248342,1.61692468,1.14763847
65.35100007,1.17543983,0.28091212,0.53880000,2.85668740,1.59391338,1.15298823
65.45099998,1.17931857,0.28505590,0.53780000,2.79523374,1.57180753,1.15688165
65.55100012,1.17176043,0.30787637,0.53870000,2.61861785,1.52670301,1.17053521
65.65100002,1.18412560,0.33064302,0.55960000,2.61457052,1.54287536,1.20219003
65.75100017,1.19732449,0.34522327,0.58150000,2.63168155,1.55902744,1.21666726
65.85200000,1.18925305,0.33616615,0.57560000,2.71656084,1.58731660,1.19298302
65.95200014,1.18481237,0.33189358,0.58370000,2.85525246,1.64055255,1.18873734
66.05200005,1.20201301,0.33706807,0.59660000,2.95253867,1.67790427,1.21540767
66.15200019,1.20947469,0.32497979,0.58760000,3.25587228,1.78469310,1.19444074
66.25200009,1.20991628,0.31533755,0.58770000,3.36763947,1.81977991,1.21071261
66.35200000,1.19649085,0.33390719,0.59560000,3.31285207,1.82173089,1.22320747
66.45200014,1.21098398,0.33025939,0.60560000,3.53935736,1.90326655,1.26322416
66.55200005,1.20788903,0.33611811,0.60360000,3.67789524,1.96603132,1.27449564
66.65200019,1.21362862,0.34434917,0.61050000,3.68739261,1.97577220,1.26580907
66.75200009,1.22343627,0.34756724,0.61350000,3.74870261,1.99968318,1.29874587
66.85200000,1.21725334,0.33278426,0.59460000,3.66629630,1.95427473,1.28840884
66.95200014,1.21508380,0.33832583,0.59260000,3.59831168,1.93337275,1.28819863
67.05200005,1.21873468,0.33617422,0.59460000,3.63296389,1.94367703,1.28587091
67.15300012,1.21982190,0.35411138,0.61050000,3.58485836,1.94184924,1.30435395
67.25300002,1.22358327,0.35455617,0.61250000,3.56807356,1.93403888,1.34197366
67.35300016,1.23521834,0.35685667,0.62450000,3.54462762,1.92224433,1.35442104
67.45300007,1.24511987,0.35274009,0.62850000,3.39426077,1.85373420,1.35227684
67.55299997,1.24386963,0.36618603,0.62550000,3.22708390,1.80051319,1.32971128
67.65300012,1.24400763,0.36522773,0.62440000,3.21503953,1.79466019,1.37318402
67.75300002,1.24974344,0.36535235,0.62840000,3.20057653,1.78666922,1.37294968
67.85300016,1.25596788,0.36916920,0.63740000,3.22558061,1.79803145,1.37626496
67.95300007,1.26625672,0.36544289,0.64440000,3.06481419,1.72557759,1.37899070
68.05299997,1.26981675,0.34779514,0.65050000,3.03316503,1.69378329,1.38414360
68.15300012,1.27987445,0.35948607,0.64640000,3.03562838,1.70242292,1.38704018
68.25300002,1.28673422,0.35876574,0.64740000,2.83750251,1.61934229,1.39415621
68.35300016,1.28879866,0.35639848,0.64840000,2.76157031,1.58563709,1.36779812
68.45400000,1.28283388,0.36672257,0.66140000,2.93266684,1.66710188,1.36774903
68.55400014,1.27309305,0.38119986,0.64930000,2.85430656,1.65400886,1.34358492
68.65400004,1.27902017,0.37412537,0.65130000,2.92405328,1.67257617,1.34003072
68.75400019,1.28582129,0.37396787,0.65340000,3.00262497,1.70125506,1.32856920
68.85400009,1.28021291,0.37776860,0.66240000,3.09531480,1.74455061,1.34255631
68.95400000,1.28680053,0.38112024,0.68630000,3.24974882,1.80730482,1.37831189
69.05400014,1.30371556,0.39424360,0.71530000,3.26714453,1.82062131,1.41681569
69.15400004,1.30838809,0.40489542,0.72420000,3.22853853,1.81388443,1.41289691
69.25400019,1.31559020,0.40828337,0.72720000,2.95210937,1.70331340,1.41295750
69.35400009,1.28777150,0.41412062,0.70120000,2.75546014,1.64131694,1.35257569
69.45400000,1.28992768,0.41700781,0.69420000,3.02747252,1.75262851,1.35395433
69.55400014,1.29516009,0.42515247,0.69320000,3.01216327,1.75251982,1.31601327
69.65499997,1.29461899,0.43204363,0.70920000,2.76186989,1.65906408,1.33787109
69.75500011,1.29290084,0.43940602,0.74010000,2.83484804,1.69643838,1.34620676
69.85500002,1.28646777,0.44274901,0.77310000,2.84669711,1.70712687,1.35539594
69.95500016,1.28983165,0.44577627,0.78610000,2.93813428,1.74554072,1.39311835
70.05500007,1.28740413,0.44530125,0.78410000,2.79227747,1.68743786,1.39288485
70.15499997,1.28868591,0.44683800,0.78810000,2.88754096,1.72673512,1.40629362
70.25500011,1.28851708,0.44935240,0.78610000,3.05451260,1.79640417,1.41356628
70.35500002,1.28934848,0.45561530,0.79200000,2.98948205,1.77620468,1.41263423
70.45500016,1.29052081,0.46266340,0.79900000,2.89675007,1.74552337,1.41490317
70.55500007,1.28928497,0.46393220,0.79900000,2.83444214,1.72225427,1.40309520
70.65499997,1.28843488,0.46677745,0.79400000,2.90735436,1.75473618,1.42832810
70.75500011,1.28426202,0.47500833,0.79600000,2.77945756,1.71325654,1.41861836
70.85500002,1.28795720,0.48242424,0.81300000,2.72874018,1.69881026,1.42612451
70.95600009,1.28828278,0.48861703,0.82190000,2.81932442,1.74126769,1.42674079
71.05599999,1.28583489,0.48964385,0.82290000,2.86333507,1.76096089,1.41981801
71.15600014,1.28467732,0.49050929,0.81490000,2.89764878,1.77607818,1.42065044
71.25600004,1.28585864,0.49205265,0.81390000,3.08365732,1.85188248,1.42239280
71.35600019,1.28236812,0.49804658,0.81590000,3.16133568,1.89048890,1.40739081
71.45600009,1.28080385,0.50062769,0.81390000,3.19133050,1.90575000,1.42277345
71.55599999,1.28319096,0.50410494,0.81680000,3.07085925,1.85986452,1.44269038
71.65600014,1.28118814,0.50981953,0.81480000,2.84799238,1.77683909,1.44146411
71.75600004,1.28033146,0.51066576,0.81480000,2.83233928,1.77174033,1.46095840
71.85600019,1.28276420,0.51314327,0.81690000,2.87389364,1.78993635,1.46651065
71.95600009,1.28290186,0.51764022,0.81280000,2.68945361,1.72027262,1.47551663
72.05599999,1.28399536,0.52509302,0.83080000,3.04513433,1.87019350,1.45753524
72.15600014,1.28455857,0.53197158,0.84680000,3.02838176,1.87011483,1.47069482
72.25699997,1.28270854,0.53297027,0.84470000,3.16824130,1.92805040,1.47020363
72.35700011,1.28643520,0.53908272,0.85370000,3.02849231,1.87651638,1.46138123
72.45700002,1.28821181,0.54239386,0.85370000,3.21312091,1.95329483,1.47253387
72.55700016,1.28692583,0.54836639,0.86070000,3.25489920,1.97656998,1.46848317
72.65700006,1.28717731,0.54924427,0.85670000,3.25236422,1.97632830,1.48492051
72.75699997,1.28783592,0.55221037,0.85960000,3.04473312,1.89560656,1.48868728
72.85700011,1.29033629,0.56729298,0.88560000,3.28393634,2.00579300,1.55513920
72.95700002,1.28969303,0.57022417,0.88660000,3.26310573,2.00061320,1.60207696
73.05700016,1.29344369,0.57292382,0.89160000,3.35987245,2.04068537,1.57932076
73.15700006,1.29322252,0.57622997,0.89660000,3.24923804,1.99962907,1.57650048
73.25699997,1.29336690,0.57903278,0.89960000,3.27444858,2.01250309,1.58407902
73.35700011,1.29326397,0.57904489,0.89560000,3.30396552,2.02441605,1.59674838
73.45700002,1.29057537,0.58118442,0.88960000,3.19344350,1.98322965,1.59404284
73.55800009,1.29260602,0.58536864,0.89060000,3.13452266,1.96292443,1.60038152
73.65799999,1.29574504,0.58219571,0.88250000,3.17162073,1.97339577,1.62469360
73.75800014,1.29571430,0.58159466,0.88460000,3.05907093,1.92758616,1.60836600
73.85800004,1.30178462,0.57897145,0.86860000,2.87760565,1.84961383,1.58397723
73.95800018,1.30377778,0.58256961,0.86850000,2.71439800,1.78683666,1.59473549
74.05800009,1.30315588,0.58780292,0.87650000,2.82804005,1.83797959,1.60186677
74.15799999,1.30208890,0.58915216,0.88650000,2.84525162,1.84667289,1.61571356
74.25800014,1.29778106,0.59651624,0.88560000,2.86978327,1.86562427,1.62528676
74.35800004,1.29942704,0.59546486,0.88660000,2.85347857,1.85736057,1.60813443
74.45800018,1.29888007,0.59889332,0.88050000,2.71456523,1.80519539,1.61039273
74.55800009,1.29139243,0.60284798,0.87850000,2.74258060,1.82341465,1.62183456
74.65799999,1.30099127,0.59829839,0.88550000,2.96621285,1.90486063,1.64116127
74.75900006,1.29915731,0.61071652,0.90550000,3.16381673,1.99741004,1.68229492
74.85899997,1.29976843,0.61669195,0.90540000,3.34730506,2.07686292,1.65754111
74.95900011,1.30126720,0.62166261,0.90540000,3.18837464,2.01737542,1.64867913
75.05900002,1.29678290,0.62122715,0.92040000,3.21098532,2.02782633,1.67865032
75.15900016,1.29979763,0.61646753,0.92440000,3.31523101,2.06373987,1.70776057
75.25900006,1.29467474,0.60606378,0.91550000,3.26647568,2.03580523,1.72502178
75.35899997,1.29281795,0.60919207,0.91540000,3.43246669,2.10637236,1.73288820
75.45900011,1.30099049,0.60352050,0.92050000,3.27530860,2.03427332,1.78033414
75.55900002,1.30209962,0.60547208,0.91840000,3.20682691,2.00826429,1.79420407
75.65900016,1.30011376,0.60447420,0.90240000,3.06058861,1.94930784,1.78587398
75.75900006,1.29250497,0.62066154,0.89750000,3.10044285,1.98456516,1.80263801
75.85899997,1.30214733,0.61767673,0.90850000,2.93746246,1.91222298,1.80742331
75.95900011,1.30682984,0.60568021,0.91450000,2.98195085,1.91621990,1.80523261
76.06000018,1.30609271,0.61563672,0.91140000,3.03047571,1.94596918,1.78095740
76.16000009,1.30592580,0.60022550,0.91050000,3.13463613,1.97247519,1.79419367
76.25999999,1.29676168,0.60499440,0.88950000,3.19552400,2.00538998,1.75681984
76.36000013,1.30126016,0.63695181,0.90930000,3.12321246,2.00648621,1.77057706
76.46000004,1.30655674,0.61794201,0.92340000,3.04044762,1.95209459,1.76757456
76.56000018,1.30448870,0.63710606,0.89930000,2.93494425,1.92969981,1.75959384
76.66000009,1.31053733,0.61178498,0.90340000,2.82648341,1.85837046,1.76299114
76.75999999,1.30306763,0.60332844,0.88340000,2.90004509,1.88247117,1.71864250
76.86000013,1.30369697,0.63006113,0.90630000,2.82471930,1.87868617,1.76615429
76.96000004,1.30686870,0.60895587,0.92630000,2.79228111,1.84327335,1.74911216
77.06000018,1.31624269,0.63147252,0.95430000,2.89754234,1.90431613,1.76347719
77.16000009,1.31360939,0.60819478,0.95140000,2.83136179,1.85550601,1.78043699
77.25999999,1.31951159,0.60926005,0.95230000,2.73406350,1.81510680,1.78931783
77.36100006,1.33135444,0.63581688,0.96010000,2.83333321,1.87679049,1.78573286
77.46100020,1.33696708,0.63418488,0.96820000,2.98140600,1.93239695,1.82292443
77.56100011,1.33392599,0.62999116,0.96520000,3.09569232,1.97534371,1.85663146
77.66100001,1.33532537,0.63149104,0.96720000,6.20205711,2.02198583,1.85710269
77.76100016,1.33525678,0.63333259,0.97020000,6.63319416,2.14702898,1.84577487
77.86100006,1.33610077,0.63639784,0.98120000,6.71396877,2.17293155,1.82373414
77.96100020,1.31771509,0.63789987,0.96720000,6.91930564,2.23835431,1.80992423
78.06100011,1.33203814,0.64094669,0.98920000,6.86312404,2.22125695,1.83304227
78.16100001,1.33707199,0.64507431,0.98520000,6.77974026,2.20012238,1.80792123
78.26100016,1.33597211,0.64773496,0.98820000,6.61609172,2.15634056,1.80058421
78.36100006,1.33535723,0.65518570,0.97420000,6.40378467,2.10330783,1.75484745
78.46100020,1.33538132,0.65395842,0.97310000,6.31419562,2.07647680,1.72289562
78.56100011,1.32595943,0.65484343,0.97210000,6.23186374,2.05653038,1.70386904
78.66200018,1.32600531,0.65665726,0.96710000,5.80303888,1.93580971,1.69119056
78.76200008,1.33202555,0.66213574,0.97910000,5.66237623,1.89937879,1.69888669
78.86199999,1.33755742,0.66697428,1.00310000,5.76979892,1.93332899,1.70382790
78.96200013,1.35807856,0.66862899,1.02510000,5.74415389,1.92179337,1.71383667
79.06200004,1.35800837,0.67145504,1.02900000,5.70766295,1.91421349,1.72426580
79.16200018,1.33918685,0.67205377,1.01110000,5.70394517,1.91912758,1.70723581
79.26200008,1.34383424,0.68627758,0.99900000,5.75304794,1.94605292,1.67246384
79.36199999,1.34043979,0.68449370,0.99610000,5.95788808,2.00376464,1.69717241
79.46200013,1.33520054,0.67448927,1.00810000,5.97288578,1.99954220,1.71717590
79.56200004,1.32406771,0.66476450,0.99720000,5.89747232,1.97145153,1.70149667
79.66200018,1.31545906,0.66635156,0.98210000,5.91058098,1.97924353,1.68821320
79.76200008,1.31587044,0.67032730,0.97720000,5.73803940,1.93380414,1.67143608
79.86199999,1.31778435,0.66744757,0.98210000,5.68484252,1.91517847,1.68292708
79.96300006,1.31591488,0.66921319,0.99620000,5.69860893,1.92141149,1.65536551
80.06300020,1.32100851,0.67197688,1.00210000,5.92822104,1.98832332,1.69455593
80.16300011,1.32937927,0.67372454,1.00910000,5.66529268,1.91255695,1.71192420
80.26300001,1.32633037,0.66585265,1.00610000,5.69739994,1.91472967,1.71468022
80.36300015,1.32601839,0.66252125,1.00820000,5.83059064,1.94954190,1.69809710
80.46300006,1.32287284,0.65343463,0.99920000,5.63572361,1.88567771,1.69719279
80.56300020,1.33103200,0.65743623,1.00210000,5.57157371,1.86901958,1.68090686
80.66300011,1.33513918,0.65651265,0.99610000,5.57890344,1.86901672,1.65108140
80.76300001,1.32869617,0.65438115,0.99320000,5.55113928,1.86079347,1.66363668
80.86300015,1.34013920,0.65726352,1.00910000,5.76191923,1.92062924,1.69437320
80.96300006,1.34161192,0.66592825,1.00510000,5.94717525,1.98180348,1.69546039
81.06300020,1.33217272,0.65790617,0.98910000,5.92652914,1.97057944,1.67515817
81.16300011,1.33451962,0.64774782,1.00210000,5.95678819,1.96839598,1.68700229
81.26400018,1.34219910,0.64675821,1.00820000,5.96212226,1.96673625,1.68806019
81.36400008,1.35273706,0.65840082,1.01310000,5.81568580,1.93352903,1.70674708
81.46399999,1.36403401,0.65836652,1.01510000,5.59704373,1.86779787,1.70615920
81.56400013,1.35761394,0.65327555,1.02620000,5.91669423,1.95586992,1.77138675
81.66400003,1.36180256,0.64887366,1.03410000,5.91221017,1.94899012,1.77799433
81.76400018,1.36034414,0.64722876,1.03620000,6.09697824,2.00055279,1.78338860
81.86400008,1.37373541,0.66400882,1.03710000,6.16611668,2.03326061,1.78428221
81.96399999,1.37064883,0.66954749,1.03510000,6.30013672,2.07797260,1.78203119
82.06400013,1.37294729,0.67156355,1.04400000,6.33654311,2.08973379,1.80503261
82.16400003,1.37862624,0.66582723,1.05010000,6.41505381,2.10480654,1.81939665
82.26400018,1.37616305,0.66788294,1.04710000,6.34741811,2.08824153,1.79868623
82.36400008,1.37269739,0.65202004,1.04120000,6.34861192,2.07370990,1.82408624
82.46500015,1.37697132,0.65295451,1.04820000,6.22894584,2.03923295,1.81506708
82.56500006,1.36115871,0.66647062,1.03410000,6.10259345,2.02116626,1.77260666
82.66500020,1.37239324,0.65815514,1.03710000,6.09576568,2.00769013,1.79740203
82.76500010,1.37479308,0.65685328,1.03910000,6.19487293,2.03401895,1.77371732
82.86500001,1.37814999,0.65873986,1.04310000,6.40546700,2.09511615,1.79339792
82.96500015,1.36705216,0.66455427,1.04210000,6.57976883,2.15390189,1.77374992
83.06500006,1.37083803,0.66569124,1.05610000,6.69078542,2.18567621,1.80861166
83.16500020,1.36261107,0.67385959,1.05910000,6.82633908,2.23492473,1.80175241
83.26500010,1.35378943,0.67251233,1.03810000,6.65778028,2.18793829,1.75415896
83.36500001,1.36733366,0.66926407,1.05610000,6.95355320,2.26532680,1.74137866
83.46500015,1.36864284,0.67079722,1.07410000,6.85188386,2.23743751,1.77973103
83.56500006,1.35393516,0.65896106,1.06110000,6.68500531,2.18212396,1.76409690
83.66500020,1.34112964,0.66504429,1.05510000,6.69135560,2.19368028,1.76184336
83.76500010,1.33329920,0.66374156,1.04320000,6.78221736,2.22057532,1.74451411
83.86600018,1.34430501,0.66240214,1.05220000,6.71031851,2.19554885,1.74854885
83.96600008,1.35253505,0.66047082,1.06010000,6.85445911,2.23244912,1.74250743
84.06599998,1.33721798,0.66154232,1.04920000,6.94870545,2.26482446,1.74423439
84.16600013,1.33057218,0.66113233,1.04220000,6.67239521,2.18736748,1.73122258
84.26600003,1.33107552,0.65908124,1.05020000,6.89555118,2.24893143,1.71216833
84.36600018,1.32755272,0.64563605,1.04320000,6.76704151,2.19977571,1.70489845
84.46600008,1.32716290,0.63328032,1.04630000,6.90953441,2.22824361,1.70971198
84.56599998,1.32156744,0.63356631,1.04230000,6.83473215,2.20875622,1.71033513
84.66600013,1.32080925,0.63710265,1.02830000,6.59130397,2.14295828,1.67630108
84.76600003,1.32438622,0.63459620,1.02540000,6.58624788,2.13798525,1.66920491
84.86600018,1.31483438,0.63220853,1.01830000,6.53753390,2.12440839,1.65645112
84.96600008,1.31038758,0.62863618,1.01940000,6.54010577,2.12284138,1.66878808
85.06700015,1.31053587,0.62652752,1.01840000,6.06277686,1.98431066,1.66313915
85.16700006,1.31109363,0.62695845,1.01140000,5.70529537,1.88244467,1.65372091
85.26700020,1.30799857,0.62449326,1.01040000,5.66711561,1.86995527,1.63913720
85.36700010,1.31600591,0.62237676,1.00450000,5.99598186,1.95951275,1.64231260
85.46700001,1.33077231,0.61114611,1.01650000,5.99966590,1.94511570,1.63851572
85.56700015,1.33202994,0.60564509,1.02650000,6.14753343,1.98150323,1.64723621
85.66700006,1.33622522,0.60230810,1.03250000,6.23927198,2.00317860,1.67095531
85.76700020,1.34103004,0.60105415,1.04150000,6.29482136,2.01642310,1.67728126
85.86700010,1.35072482,0.59927444,1.05650000,6.04861542,1.94152890,1.70414212
85.96700001,1.35806814,0.59754063,1.06150000,5.93447940,1.90508670,1.70548784
86.06700015,1.36036407,0.59378719,1.06050000,5.69457217,1.83213236,1.70504618
86.16700006,1.36758154,0.58904166,1.07260000,5.61918815,1.80378641,1.70073437
86.26700020,1.37534809,0.58768734,1.08570000,5.92513254,1.88762575,1.72245679
86.36800003,1.36838902,0.57954242,1.07360000,6.02647105,1.91042300,1.74479879
86.46800017,1.35464805,0.56805763,1.06170000,6.20063856,1.95262635,1.74885019
86.56800008,1.34858914,0.55501539,1.04780000,6.06836969,1.90352411,1.69780617
86.66799998,1.35295303,0.55072239,1.04880000,5.89980361,1.84982255,1.66344809
86.76800013,1.35710794,0.54466241,1.05080000,5.71834523,1.79073021,1.65368718
86.86800003,1.36489066,0.54021771,1.05090000,5.76689545,1.79793336,1.66975085
86.96800017,1.37047950,0.53353481,1.06390000,5.76744528,1.78981075,1.66795327
87.06800008,1.37411661,0.52820457,1.07290000,5.62019792,1.74137066,1.67832318
87.16799998,1.36977633,0.52181118,1.08100000,5.91382749,1.82011151,1.69514468
87.26800013,1.37036557,0.51065026,1.07300000,5.63007622,1.72771045,1.68466702
87.36800003,1.36503339,0.50070061,1.06610000,5.78486410,1.76350938,1.70348478
87.46800017,1.37718735,0.49203760,1.07210000,5.72719317,1.73489641,1.70288009
87.56800008,1.40892811,0.49590803,1.10110000,5.72247114,1.72834890,1.74398435
87.66900015,1.42730960,0.49704516,1.13500000,5.70187273,1.71834891,1.75587250
87.76900005,1.42306350,0.50018384,1.14510000,5.68848663,1.71887616,1.76624346
87.86900020,1.42641817,0.49666071,1.14520000,5.69132763,1.71520627,1.76597169
87.96900010,1.42089240,0.49579971,1.12810000,5.67432006,1.71106476,1.75399601
88.06900001,1.42401919,0.49364016,1.13220000,5.70061959,1.71552599,1.75730706
88.16900015,1.42733978,0.49129001,1.13130000,6.19068674,1.85224628,1.76989075
88.26900005,1.43017906,0.49093082,1.13730000,6.51555143,1.94389436,1.76723603
88.36900020,1.42609957,0.48983529,1.13340000,6.50981689,1.94232595,1.76646728
88.46900010,1.42590642,0.48857773,1.13840000,6.47261644,1.93049487,1.75335595
88.56900001,1.42406407,0.48893530,1.13340000,6.48930725,1.93614764,1.73888251
88.66900015,1.42237565,0.49420241,1.13850000,6.20317311,1.86014454,1.74485293
88.76900005,1.41915258,0.49534577,1.13650000,5.93105149,1.78445974,1.74008742
88.86900020,1.41459130,0.49895151,1.13660000,5.94212245,1.79253184,1.72875728
88.97000003,1.41367302,0.50234107,1.13060000,5.98198151,1.80757207,1.72337119
89.07000017,1.41644525,0.53289220,1.13160000,6.04375182,1.85497979,1.70858048
89.17000008,1.42187828,0.51577756,1.13170000,6.08842986,1.84907801,1.73688235
89.26999998,1.42461586,0.52618929,1.14080000,6.25562473,1.90647754,1.76164589
89.37000012,1.42552602,0.55476935,1.13480000,6.38197951,1.97089893,1.75981204
89.47000003,1.41784540,0.54083384,1.13290000,6.83989427,2.08999066,1.75134679
89.57000017,1.41657884,0.58011174,1.14090000,6.77596745,2.11136563,1.75534642
89.67000008,1.40868720,0.57368635,1.14000000,6.50318448,2.02925700,1.78098921
89.76999998,1.41003229,0.58339364,1.13910000,6.58246448,2.06123141,1.81257508
89.87000012,1.41345879,0.61799803,1.13420000,6.48916732,2.06820047,1.82280757
89.97000003,1.40511309,0.61048054,1.12740000,6.50259875,2.06690502,1.80982652
90.07000017,1.40118652,0.65498481,1.12140000,6.48552272,2.10765229,1.80115722
90.17000008,1.40555397,0.64561713,1.12050000,6.15550478,2.00274593,1.80806388
90.27100015,1.40398105,0.69182288,1.10750000,6.50645754,2.14967330,1.77965998
90.37100005,1.40424503,0.71445710,1.11460000,6.50089257,2.17064211,1.78801578
90.47100019,1.40823853,0.73827248,1.11360000,6.30206739,2.13650929,1.78935779
90.57100010,1.41128162,0.75583757,1.10880000,5.83905614,2.02091601,1.81092203
90.67100000,1.40960537,0.77671903,1.11280000,5.89414238,2.05801531,1.80487292
90.77100015,1.39839249,0.80670559,1.11290000,5.75081402,2.05025459,1.79303459
90.87100005,1.38781212,0.83229322,1.09990000,5.73972112,2.07569579,1.78549065
90.97100019,1.38264787,0.86070105,1.09510000,5.77097998,2.11451023,1.77932034
91.07100010,1.38230595,0.89432981,1.10210000,5.63569098,2.10958267,1.80200542
91.17100000,1.37210873,0.91519130,1.09310000,5.69493426,2.15028431,1.78480145
91.27100015,1.36538974,0.93233341,1.09320000,5.82843482,2.20748915,1.76759709
91.37100005,1.35957367,0.95674407,1.09230000,5.83685923,2.23596851,1.76521676
91.47100019,1.35155695,0.98363221,1.08630000,5.97894127,2.30574202,1.73553572
91.57200003,1.34356225,1.01531071,1.07930000,6.03652915,2.35615839,1.74886459
91.67200017,1.33485801,1.04644657,1.08430000,5.92476852,2.35784958,1.78628737
91.77200007,1.32285607,1.07257144,1.08240000,5.87944797,2.37445484,1.79288978
91.87199998,1.30179481,1.09025496,1.07640000,5.77539018,2.36842507,1.79941470
91.97200012,1.28918156,1.11220063,1.08050000,5.74915083,2.38647756,1.82507651
92.07200003,1.27000603,1.13643211,1.06650000,5.61468802,2.37776982,1.81327581
92.17200017,1.24582411,1.15864537,1.04750000,5.87930823,2.48249798,1.80385029
92.27200007,1.23201482,1.19114051,1.05850000,5.87313129,2.51717379,1.78287910
92.37199998,1.21350310,1.21269224,1.04460000,5.91804735,2.55684774,1.75842442
92.47200012,1.20381864,1.24408626,1.05360000,5.96677879,2.60493201,1.77228740
92.57200003,1.18890112,1.26941913,1.05270000,6.22318646,2.70778637,1.79198892
92.67200017,1.16852643,1.29176919,1.04170000,6.31908989,2.76335875,1.77412125
92.77200007,1.14790095,1.31060733,1.03470000,6.07593218,2.71861626,1.77415966
92.87300014,1.12888872,1.32885902,1.03470000,6.28908948,2.80320210,1.75124226
92.97300005,1.12033853,1.34415899,1.03470000,6.36674573,2.84313248,1.75445483
93.07300019,1.10983978,1.36243491,1.02280000,6.27861703,2.83922841,1.75143836
93.17300010,1.09344122,1.37634245,1.02880000,6.26419203,2.85369982,1.74758339
93.27300000,1.07677946,1.37523610,1.03680000,6.23819102,2.84992511,1.75501703
93.37300014,1.05992040,1.38831727,1.03280000,6.34778966,2.89913705,1.77553827
93.47300005,1.05584283,1.39750655,1.02780000,6.36850961,2.91541134,1.78908346
93.57300019,1.04723513,1.40930602,1.01790000,6.35724187,2.92645081,1.79414298
93.67300010,1.03815794,1.42451969,1.02290000,6.12895644,2.87903355,1.79346443
93.77300000,1.02705881,1.44403667,1.02380000,6.03401943,2.87459684,1.78269635
93.87300014,1.01236713,1.45831189,1.01490000,5.71358062,2.80151574,1.80487345
93.97300005,0.99832997,1.47303332,1.01500000,5.73591907,2.82663021,1.80318007
94.07300019,0.97216300,1.47943652,1.01790000,5.43920864,2.75573527,1.82209543
94.17400002,0.93472213,1.48874072,1.01890000,5.68465457,2.84586427,1.79238785
94.27400017,0.91540432,1.50743232,1.01780000,5.56591946,2.83615093,1.81137348
94.37400007,0.90094063,1.51313806,1.00290000,5.43430125,2.80838395,1.81622993
94.47399998,0.89122359,1.52859761,0.98900000,5.30198436,2.78881497,1.79478503
94.57400012,0.86924116,1.54331420,0.99190000,5.22409157,2.78755717,1.81681019
94.67400002,0.84229710,1.55391422,0.98990000,5.27404893,2.82012903,1.80830320
94.77400017,0.82264053,1.55547874,0.97690000,5.10763792,2.77976370,1.80816342
94.87400007,0.81099824,1.56588228,0.97590000,5.28371778,2.84380214,1.81027999
94.97399998,0.79324278,1.57626273,0.97390000,5.29727098,2.86312793,1.80792769
95.07400012,0.77374648,1.57951190,0.96100000,5.54965321,2.94405668,1.78257555
95.17400002,0.75734889,1.58356265,0.96900000,5.34041600,2.89301039,1.79346289
95.27400017,0.73688268,1.59031654,0.97090000,5.60824221,2.98213355,1.78049223
95.37400007,0.71984135,1.59517636,0.97690000,5.77880243,3.04059382,1.80208155
95.47500014,0.69910597,1.60080780,0.97790000,5.86062238,3.07552677,1.80177902
95.57500005,0.71330053,1.60984331,0.94800000,5.81780790,3.06827399,1.74242637
95.67500019,0.70743523,1.61625637,0.94210000,5.82714344,3.07903014,1.71751621
95.77500010,0.69361339,1.61528270,0.93610000,6.12181643,3.16619785,1.73291409
95.87500000,0.68268328,1.61821451,0.92800000,5.99425334,3.13580595,1.72262150
95.97500014,0.66540761,1.61763311,0.92110000,6.24166827,3.21085045,1.75076105
96.07500005,0.65279627,1.61800555,0.91810000,6.20587272,3.20459882,1.74676622
96.17500019,0.63509976,1.61413181,0.90900000,6.08410120,3.17098937,1.72137286
96.27500010,0.63550843,1.61869695,0.90210000,6.11463333,3.18416120,1.73632332
96.37500000,0.62536951,1.62223453,0.89010000,6.12851151,3.19456081,1.72234154
96.47500014,0.61397349,1.62436080,0.89000000,6.02598520,3.17064986,1.69220372
96.57500005,0.60765829,1.63244471,0.88700000,5.90936629,3.14721842,1.66309348
96.67500019,0.60152004,1.63405939,0.88100000,5.98884398,3.17329480,1.64164728
96.77500010,0.60806847,1.63763179,0.88110000,6.19451368,3.23375900,1.62831115
96.87600017,0.60340512,1.63804765,0.88810000,5.88298354,3.14649863,1.64058638
96.97600007,0.57793699,1.63594619,0.88700000,5.99017153,3.18229891,1.62740411
97.07599998,0.56848746,1.63468545,0.88200000,6.17288415,3.23594165,1.62207969
97.17600012,0.56831130,1.63411334,0.87900000,5.86544244,3.14757938,1.60785708
97.27600002,0.56957201,1.63051913,0.87800000,5.87335841,3.14588667,1.63333132
97.37600017,0.56442710,1.62170372,0.87790000,5.80524623,3.11908061,1.60000345
97.47600007,0.57320239,1.62691431,0.87700000,5.57032087,3.05466245,1.58195567
97.57599998,0.57497692,1.62416527,0.87700000,5.34674031,2.98752624,1.58771334
97.67600012,0.58469666,1.62997077,0.88710000,5.28254790,2.97221398,1.58276085
97.77600002,0.58248225,1.62542982,0.88800000,5.09510895,2.91475174,1.58617346
97.87600017,0.58642630,1.63228290,0.88500000,5.26096764,2.96786614,1.56682737
97.97700000,0.59310516,1.64715596,0.88200000,4.99500473,2.90484156,1.53886599
98.07700014,0.59040348,1.65330396,0.87000000,5.23701468,2.98090716,1.51816259
98.17700005,0.58699587,1.66114815,0.87500000,5.09444328,2.94899027,1.50909955
98.27700019,0.57914455,1.65311757,0.86400000,5.18644473,2.96948905,1.50356487
98.37700009,0.59341207,1.65996341,0.85700000,5.24054391,2.98771537,1.50797615
98.47700000,0.59484866,1.67121939,0.84900000,5.01343128,2.93367157,1.48943781
98.57700014,0.58711495,1.68148716,0.85110000,5.01704264,2.94718079,1.48951767
98.67700005,0.60013912,1.69478977,0.84510000,4.88845576,2.92002310,1.50965375
98.77700019,0.59794093,1.70310855,0.84110000,5.05030117,2.97521148,1.52150106
98.87700009,0.60258707,1.71398567,0.84410000,4.86492380,2.93179616,1.51876451
98.97700000,0.60101142,1.71822845,0.84410000,4.96324978,2.96458226,1.50599096
99.07700014,0.59415007,1.71955571,0.83110000,4.84011801,2.93268940,1.50150328
99.17700005,0.59213943,1.72936734,0.82310000,4.81677523,2.93640614,1.49519476
99.27700019,0.59609544,1.73649792,0.83100000,4.81359674,2.94149829,1.54581702
99.37800002,0.59610664,1.73449915,0.83010000,5.06878949,3.01240854,1.54314480
99.47800016,0.59807405,1.75695209,0.82210000,5.34917492,3.11440948,1.52417274
99.57800007,0.58908061,1.75938504,0.81710000,5.14945963,3.06235048,1.52268783
99.67799997,0.58854682,1.76992297,0.82400000,4.96865880,3.02138354,1.52916665
99.77800012,0.57868406,1.75508025,0.81800000,4.91379928,2.99368460,1.52245386
99.87800002,0.57883224,1.75863910,0.82110000,5.07759772,3.04400066,1.54272387
99.97800016,0.56528128,1.75384896,0.82600000,4.83653400,2.97420688,1.51371093
100.07800007,0.56211163,1.75978232,0.82600000,4.89368780,2.99737551,1.52005391
100.17799997,0.53854342,1.75115645,0.81300000,5.04123721,3.03764039,1.49015883
100.27800012,0.52939905,1.75285563,0.80390000,5.14258536,3.07090886,1.49013089
100.37800002,0.52450752,1.75715880,0.80290000,5.37116300,3.14191751,1.48539060
100.47800016,0.52332530,1.76121439,0.80490000,5.46360628,3.17272324,1.50311243
100.57800007,0.50349728,1.75444980,0.79980000,5.45344035,3.16871925,1.48500058
100.67900014,0.50449205,1.75376344,0.79490000,2.42596813,3.16328508,1.47476945
100.77900004,0.49494977,1.74958569,0.79390000,2.62035817,3.24104443,1.49787643
100.87900019,0.50057544,1.74809083,0.79290000,2.49542547,3.18709307,1.49489650
100.97900009,0.49684331,1.74761889,0.79090000,2.55907365,3.21369358,1.48545424
101.07900000,0.49439535,1.74642736,0.78490000,2.49524614,3.18784062,1.49801874
101.17900014,0.49515323,1.74305312,0.78990000,2.69446014,3.26420322,1.50017913
101.27900004,0.49651930,1.73953170,0.79190000,2.87289918,3.33182719,1.51258750
101.37900019,0.47435808,1.72904301,0.78680000,2.89143490,3.33768995,1.50744510
101.47900009,0.46246234,1.72752552,0.77980000,3.02215407,3.39347309,1.50046438
101.57900000,0.46688505,1.72865926,0.77380000,2.89937158,3.34349760,1.49794196
101.67900014,0.46289581,1.73400294,0.77880000,2.96269765,3.37588761,1.50565365
101.77900004,0.46564684,1.73949632,0.77480000,2.74412934,3.29245804,1.50375056
101.88000011,0.46190219,1.79498796,0.77170000,2.80849528,3.37531554,1.47967498
101.98000002,0.46406742,1.73870607,0.77080000,2.67805319,3.26575392,1.48442365
102.08000016,0.48342096,1.80572735,0.76980000,2.70932691,3.33756456,1.49328881
102.18000007,0.49241331,1.75714599,0.76880000,2.65788121,3.26470006,1.46646470
102.27999997,0.49309861,1.74367308,0.77590000,2.45651182,3.17004446,1.47777902
102.38000011,0.52842712,1.80227107,0.72500000,2.47806563,3.22310797,1.37301001
102.48000002,0.53311234,1.75651585,0.71310000,2.28738755,3.09885856,1.39612526
102.58000016,0.53424832,1.81527144,0.70000000,1.94510612,3.01963396,1.39823878
102.68000007,0.53602517,1.77900970,0.69110000,2.16964222,3.07287369,1.39786519
102.77999997,0.52310933,1.78574458,0.68410000,2.39803870,3.17656441,1.41495184
102.88000011,0.49650945,1.83490918,0.67300000,2.36319865,3.22241824,1.40687137
102.98000002,0.49381065,1.78493044,0.66290000,2.36605805,3.17467270,1.38567495
103.08000016,0.49328529,1.84554511,0.64890000,2.42281092,3.25830095,1.39276423
103.18099999,0.48880010,1.85407734,0.63890000,2.41888732,3.26705882,1.38082382
103.28100014,0.49265152,1.85649312,0.62390000,2.39025534,3.25642322,1.36103092
103.38100004,0.49782984,1.85573421,0.61190000,2.13171098,3.14970431,1.33820964
103.48100019,0.49928755,1.85650578,0.60000000,1.90774349,3.05990325,1.32229837
103.58100009,0.48377191,1.85993622,0.59190000,1.92892118,3.07807656,1.33226185
103.68099999,0.48485409,1.86632319,0.58290000,1.93044929,3.08464268,1.34961626
103.78100014,0.47664156,1.87672015,0.57490000,1.93813362,3.10142678,1.34339449
103.88100004,0.47334236,1.88142773,0.56790000,1.99687101,3.13105978,1.35359868
103.98100019,0.47861257,1.88918404,0.55890000,2.05201488,3.15885461,1.35458577
104.08100009,0.50132435,1.90404133,0.58790000,2.18883706,3.21955983,1.38590890
104.18099999,0.51603335,1.91301374,0.61000000,1.93819503,3.22884351,1.45705461
104.28100014,0.51619937,1.91532727,0.59900000,1.87888746,3.18867590,1.44802691
104.38100004,0.50529084,1.91039453,0.58800000,1.80528025,3.13895840,1.41891774
104.48200011,0.50010346,1.90294977,0.55700000,1.81903554,3.14504411,1.31309440
104.58200002,0.48893142,1.89608852,0.52000000,1.82541210,3.15071758,1.27368673
104.68200016,0.48887608,1.89024815,0.48300000,1.80777336,3.13231764,1.24403408
104.78200006,0.49121715,1.89049406,0.45000000,1.79204136,3.11965422,1.21082058
104.88199997,0.50914707,1.91324169,0.43000000,1.97672174,3.14039223,1.17640714
104.98200011,0.50776530,1.91046416,0.40390000,2.01564816,3.15380996,1.14259056
105.08200002,0.51507029,1.91601690,0.38590000,2.06966515,3.17813091,1.11015743
105.18200016,0.51046084,1.91241510,0.35790000,2.23271500,3.24189222,1.07679565
105.28200006,0.50745752,1.90811637,0.33290000,2.18745181,3.22061408,1.05909852
105.38199997,0.48907627,1.89802113,0.29990000,2.26200966,3.24786044,1.01895399
105.48200011,0.48281886,1.89726143,0.26490000,2.24037361,3.24092182,1.01227884
105.58200002,0.47994002,1.90301222,0.22980000,2.16323895,3.21683768,0.92595186
105.68200016,0.47753697,1.90063455,0.20780000,2.39037233,3.30668447,0.88350661
105.78299999,0.47188929,1.88805544,0.19980000,2.38185418,3.29295205,0.87872220
105.88300014,0.45801173,1.86269179,0.20180000,2.32587423,3.25067226,0.87264970
105.98300004,0.45025100,1.84828993,0.19770000,2.36999328,3.25711496,0.86238794
106.08300018,0.43273785,1.84699143,0.19660000,2.38946928,3.27067816,0.84964315
106.18300009,0.42860886,1.83329994,0.19160000,2.36578472,3.24912952,0.83468220
106.28299999,0.41139527,1.82529722,0.19660000,2.50823591,3.30527783,0.83101628
106.38300014,0.39237257,1.81704964,0.20750000,5.65419813,3.32042837,0.83818981
106.48300004,0.38685466,1.80895957,0.19450000,5.94768538,3.39776834,0.84569975
106.58300018,0.36147127,1.80516743,0.26730000,5.94022696,3.39909763,0.91126651
106.68300009,0.38843156,1.80658953,0.27150000,5.65937431,3.31257318,0.88688254
106.78299999,0.42329365,1.80304516,0.21460000,5.56836437,3.27306537,0.83551600
106.88300014,0.42937331,1.79769513,0.19660000,5.33850349,3.20030375,0.81925410
106.98300004,0.42791450,1.79043161,0.17460000,5.16614527,3.14421183,0.78152278
107.08400011,0.42060992,1.77960269,0.15560000,5.15595729,3.13255908,0.74176097
107.18400002,0.41153685,1.76950032,0.14460000,5.07400851,3.10163508,0.73218667
107.28400016,0.40419158,1.76127536,0.13260000,5.07979908,3.09716322,0.72384091
107.38400006,0.39867374,1.75182969,0.12350000,5.13498886,3.10506258,0.72710241
107.48399997,0.39238642,1.74295390,0.11350000,5.15654723,3.10414270,0.72894836
107.58400011,0.37055138,1.73424116,0.10950000,5.08692403,3.08177621,0.74019784
107.68400002,0.35698944,1.72243127,0.10340000,5.10687997,3.07954285,0.72923224
107.78400016,0.34196115,1.71771795,0.09740000,5.18225747,3.10065975,0.74983211
107.88400006,0.33146237,1.71426142,0.08830000,5.22344886,3.11197185,0.73106397
107.98399997,0.31570620,1.71665549,0.08320000,5.34081251,3.15240015,0.72856724
108.08400011,0.30300167,1.70496042,0.08020000,5.00841478,3.04936417,0.76299495
108.18400002,0.28539065,1.67629769,0.07920000,5.04526135,3.03626075,0.77569131
108.28400016,0.26585478,1.65931210,0.07920000,4.87331466,2.97572921,0.77932453
108.38499999,0.24287312,1.64773307,0.07810000,5.00157736,3.00736285,0.77817912
108.48500013,0.22070590,1.63725536,0.07700000,5.08555865,3.02721328,0.79086854
108.58500004,0.19571098,1.62598048,0.07790000,5.04126228,3.01042371,0.76859751
108.68500018,0.18803235,1.61309643,0.06500000,5.07765217,3.01013066,0.76793001
108.78500009,0.16937962,1.60647052,0.05790000,4.93105472,2.96694912,0.78173906
108.88499999,0.15857581,1.59116928,0.04890000,4.76930738,2.90852116,0.76412646
108.98500013,0.14843138,1.57117819,0.04680000,4.79949924,2.90005472,0.76861959
109.08500004,0.12929295,1.56460763,0.03680000,4.96427554,2.94603123,0.78980567
109.18500018,0.09052661,1.56361094,0.02870000,4.87381203,2.93026392,0.79593395
109.28500009,0.05349008,1.54028310,0.03460000,4.98641620,2.94969056,0.82834985
109.38499999,0.02882479,1.52344448,0.03140000,4.60006561,2.82951329,0.82989733
109.48500013,0.01755972,1.51104315,0.02540000,4.33454051,2.74446623,0.82608943
109.58500004,0.02261868,1.52316900,0.03930000,4.32047542,2.75112807,0.82937718
109.68500018,0.03145647,1.52840603,0.03530000,4.44496726,2.78940911,0.80490248
109.78500009,0.05900859,1.53991826,0.04910000,4.57290614,2.82960327,0.82378640
109.88600016,0.04457532,1.59420825,0.06510000,4.46299386,2.85661355,0.87082670
109.98600006,0.04978987,1.58620349,0.06210000,4.76958457,2.93471626,0.81838157
110.08600020,0.04663028,1.60638267,0.07200000,4.53998187,2.89019741,0.88759778
110.18600011,0.03881405,1.59988127,0.06910000,4.67145136,2.92349193,0.88609732
110.28600001,0.03388270,1.58287093,0.04810000,4.66214529,2.90523167,0.80500608
110.38600016,0.03509387,1.56467846,0.03800000,4.28997529,2.78035886,0.77856094
110.48600006,0.03574016,1.54222069,0.02700000,4.29622326,2.75950158,0.77281200
110.58600020,0.04764911,1.52587275,0.01500000,4.45182778,2.78420952,0.77517147
110.68600011,0.04995353,1.51253897,0.00690000,4.49760552,2.78329668,0.76118600
110.78600001,0.06488598,1.50443103,0.00390000,4.27226007,2.70653791,0.78664293
110.88600016,0.06541348,1.49491886,0.00080000,4.31032686,2.70775125,0.75536247
110.98699999,0.07534271,1.48672450,0.00070000,4.53689753,2.76145444,0.75483028
111.08700013,0.09894048,1.48143204,0.00270000,4.54295785,2.75115128,0.74776152
111.18700004,0.11908110,1.46600820,0.00250000,4.45349900,2.70441331,0.73339840
111.28700018,0.14464751,1.46041659,0.00940000,4.61221680,2.73686496,0.73853523
111.38700008,0.15194375,1.45145506,0.00630000,4.66230120,2.74012862,0.73456289
111.48699999,0.15575982,1.44314396,0.01220000,4.81946560,2.77563132,0.73761405
111.58700013,0.16926652,1.42410336,0.01320000,4.98062163,2.79877625,0.74860650
111.68700004,0.15424600,1.40507677,0.01620000,4.75538081,2.71968672,0.75796346
111.78700018,0.14269711,1.37764373,0.01120000,4.78116997,2.70292169,0.77646102
111.88700008,0.12630677,1.36043152,0.01020000,4.67708705,2.66065446,0.77046056
111.98699999,0.09681549,1.33765571,0.00230000,4.80694493,2.68340698,0.75839263
112.08700013,0.06782816,1.30226621,0.00660000,5.12017724,2.74579451,0.76817265
112.18700004,0.04878087,1.27547751,0.01750000,5.32460633,2.78285621,0.78147222
112.28800011,0.04582970,1.26472437,0.02550000,5.42785334,2.80244541,0.78356024
112.38800001,0.04702988,1.25319032,0.03060000,5.69229116,2.86612212,0.77366485
112.48800015,0.04222797,1.24091899,0.02860000,5.42334964,2.77838232,0.76172591
112.58800006,0.04694212,1.21816127,0.04260000,5.38382828,2.74298589,0.78032774
112.68800020,0.05240790,1.20587077,0.04370000,5.53987390,2.77371820,0.78509379
112.78800011,0.06041181,1.18711965,0.05470000,5.59741932,2.76912180,0.81270011
112.88800001,0.07448876,1.17313576,0.05670000,5.51329987,2.72708179,0.82674046
112.98800015,0.09698424,1.16117447,0.06070000,5.48513896,2.70064725,0.81751702
113.08800006,0.11016387,1.15058575,0.06180000,5.66387542,2.73736048,0.82664974
113.18800020,0.12399264,1.13979093,0.06090000,5.44858185,2.66110214,0.79973659
113.28800011,0.15298111,1.12954596,0.06590000,5.55791924,2.67381400,0.79072165
113.38800001,0.16354694,1.12001300,0.06600000,5.53699999,2.65528530,0.77808824
113.48800015,0.34231187,1.09842187,0.11150000,5.48662729,2.56822628,0.84272531
113.58899999,0.38235500,1.09503847,0.11960000,5.44454409,2.54137821,0.85463188
113.68900013,0.39454108,1.08930781,0.12070000,5.80328902,2.63466436,0.83843430
113.78900003,0.40803310,1.08375984,0.11980000,5.54971917,2.55281300,0.85311083
113.88900018,0.45359106,1.08120949,0.12990000,5.41817246,2.49966132,0.81400832
113.98900008,0.53561445,1.08408788,0.14910000,5.58607504,2.52707662,0.82919653
114.08899999,0.55381154,1.08048855,0.15020000,5.68472491,2.54646380,0.84227172
114.18900013,0.63945614,1.08583649,0.16850000,5.82238701,2.56667388,0.92807544
114.28900003,0.66368459,1.08099015,0.16960000,5.77171569,2.54042760,0.86510007
114.38900018,0.77925746,1.09052020,0.20290000,5.90381944,2.55468077,0.90976338
114.48900008,0.80847228,1.08487181,0.20500000,5.86307538,2.52904413,0.92589761
114.58899999,0.87020755,1.08560851,0.21420000,5.88793976,2.51924629,0.93469045
114.68900013,0.90330883,1.08025362,0.21420000,5.76135514,2.46826686,0.93566608
114.78900003,0.97052228,1.08232559,0.22450000,6.02775293,2.52724864,0.94020214
114.89000010,1.00642287,1.12640678,0.22470000,5.97044198,2.54469796,0.91576577
114.99000001,1.06200784,1.07917198,0.23070000,6.17498845,2.54002358,0.91993332
115.09000015,1.09893697,1.13266134,0.23600000,6.16058405,2.57884622,0.94458496
115.19000006,1.13549234,1.07357394,0.23590000,5.75777752,2.39422685,0.92653900
115.29000020,1.17061889,1.13455749,0.23520000,5.91511194,2.49012694,0.89559038
115.39000010,1.20638089,1.12927625,0.23530000,5.68998521,2.41030606,0.92332115
115.49000001,1.22381757,1.09908353,0.22730000,5.81703642,2.41143177,0.86435664
115.59000015,1.25488434,1.15312172,0.22440000,5.76522127,2.44178942,0.84963587
115.69000006,1.28309758,1.09786915,0.21940000,5.70319250,2.36075341,0.84467358
115.79000020,1.30747692,1.15531082,0.21660000,5.55931871,2.37012276,0.81799123
115.89000010,1.32984077,1.15997175,0.21370000,5.56557489,2.37018150,0.82777395
115.99000001,1.35533566,1.10506918,0.21360000,5.59422658,2.31618087,0.79813728
116.09000015,1.36874685,1.17413707,0.20980000,5.66355685,2.40122564,0.81313645
116.19099998,1.39313641,1.18209407,0.20800000,5.86813305,2.46066454,0.81139465
116.29100013,1.41866499,1.18516025,0.20800000,5.70416023,2.40958747,0.81858055
116.39100003,1.43962992,1.19232692,0.20910000,5.84466690,2.45090891,0.84635546
116.49100018,1.44757676,1.21170464,0.21510000,5.92563506,2.49114987,0.85761117
116.59100008,1.44669313,1.23882233,0.22220000,6.01344931,2.54360981,0.85043421
116.69099998,1.46733068,1.24985236,0.22430000,5.90932373,2.51899323,0.84048040
116.79100013,1.47397910,1.27678486,0.22840000,5.76689942,2.50333353,0.85962956
116.89100003,1.48370014,1.29484509,0.23050000,5.94754054,2.57022806,0.83863809
116.99100018,1.47029948,1.33803610,0.23750000,5.90294254,2.60450554,0.87773226
117.09100008,1.46947812,1.36913153,0.24260000,5.80439817,2.60768012,0.88286552
117.19099998,1.48228792,1.38487642,0.25170000,5.88110510,2.64168132,0.92197070
117.29100013,1.49912726,1.38458113,0.25780000,5.89770944,2.64131890,0.89593609
117.39100003,1.50967261,1.37328723,0.27070000,6.16616262,2.70371295,0.93142515
117.49200010,1.50964338,1.32408646,0.28660000,6.07537563,2.62858139,0.96431835
117.59200001,1.52421673,1.26196432,0.27850000,6.17853506,2.59176956,0.95366148
117.69200015,1.55005878,1.26396804,0.28060000,6.08659215,2.56012043,0.94049700
117.79200006,1.56961875,1.19971107,0.27350000,6.15241983,2.50908281,0.92529936
117.89200020,1.58591566,1.06074814,0.26320000,6.02917010,2.33024941,0.89690188
117.99200010,1.60287591,0.95795619,0.25990000,5.86459019,2.17558884,0.90266449
118.09200001,1.61249322,0.83245165,0.26370000,6.05573417,2.10194906,0.91539371
118.19200015,1.62662145,0.71228415,0.26250000,6.17425985,2.01160941,0.91149166
118.29200006,1.65989120,0.60125663,0.26930000,6.10791794,1.87212141,0.89288960
118.39200020,1.71322224,0.54712804,0.27530000,6.37886123,1.88016775,0.88260634
118.49200010,1.74420884,0.53618646,0.27740000,6.38401287,1.86184475,0.86435166
118.59200001,1.78251137,0.51790848,0.27840000,6.53577425,1.87598359,0.87047146
118.69200015,1.81293904,0.50428157,0.28050000,6.30592490,1.78799182,0.90883607
118.79299998,1.83708376,0.49692309,0.28360000,6.48804291,1.82576857,0.93283145
118.89300013,1.85235814,0.49251428,0.28650000,6.40932465,1.79450472,0.96154959
118.99300003,1.87312105,0.49258298,0.28760000,6.31824238,1.76261765,0.96516128
119.09300017,1.89085881,0.49343517,0.28870000,6.52564476,1.81765972,1.01215466
119.19300008,1.90117815,0.49930064,0.28970000,6.68013427,1.86471667,1.01026061
119.29299998,1.89691353,0.51820813,0.29180000,6.92683013,1.95532715,0.98962112
119.39300013,1.89436393,0.53932139,0.29480000,6.57937901,1.87789713,0.99265168
119.49300003,1.89222094,0.55662803,0.29880000,6.53687338,1.88367158,0.98785897
119.59300017,1.90281451,0.57255359,0.30390000,6.62547303,1.92188459,0.99587431
119.69300008,1.88762592,0.60763823,0.31100000,6.56373545,1.94366952,1.01098934
119.79299998,1.84285804,0.66844938,0.31800000,6.28397325,1.93733944,1.00000105
119.89300013,1.84396095,0.69285947,0.32210000,6.44303815,2.00688153,0.98441967
119.99300003,1.81703190,0.74343831,0.32710000,6.68566318,2.13447582,1.01159195
120.09400010,1.77989621,0.80086251,0.32920000,6.50422185,2.15066984,1.01114415
120.19400001,1.73322146,0.85813208,0.30720000,6.41708957,2.19638011,1.01543525
120.29400015,1.63619571,0.94860760,0.28310000,6.46188258,2.32737528,0.96724889
120.39400005,1.61300326,0.99400168,0.27510000,6.58738643,2.41525401,0.99051767
120.49400020,1.56270200,1.05068510,0.26610000,6.68942627,2.51546346,0.97031223
120.59400010,1.46828778,1.15325163,0.25410000,6.48122493,2.58551939,0.94413088
120.69400001,1.38764392,1.24370423,0.24400000,6.24389708,2.63120513,0.92900865
120.79400015,1.25425658,1.38205708,0.23300000,6.07779991,2.76021232,0.92233250
120.89400005,1.24360655,1.41827770,0.23200000,6.17366713,2.82686644,0.90837682
120.99400020,1.15919857,1.51871133,0.22410000,6.05878829,2.91859410,0.88881838
121.09400010,0.98035658,1.70451914,0.19990000,5.35250009,2.95370300,0.83620405
121.19400001,0.92494334,1.79244707,0.19200000,5.21256242,3.01748110,0.79891642
121.29400015,0.76456233,1.95839502,0.16890000,4.98621921,3.16458270,0.76595255
121.39499998,0.69907447,2.06310431,0.15900000,5.16500106,3.33908334,0.78262305
121.49500012,0.60213428,2.16619912,0.13800000,5.13726639,3.46195116,0.79471865
121.59500003,0.38767668,2.35837262,0.09680000,5.16211935,3.72249909,0.74938213
121.69500017,0.32594078,2.43266256,0.08580000,4.85594192,3.72694860,0.71096265
121.79500008,0.28607995,2.47844633,0.07880000,4.54901031,3.69642643,0.66818302
121.89499998,0.13404099,2.59059550,0.06270000,4.53028845,3.84666621,0.63809510
121.99500012,0.00467512,2.70446599,0.04960000,4.28415026,3.92717318,0.61186516
122.09500003,0.07773030,2.77087627,0.04340000,4.28545172,3.97308239,0.58521146
122.19500017,0.14003905,2.83034160,0.03540000,4.51913492,4.08151185,0.59820008
122.29500008,0.22522308,2.90549348,0.03040000,4.66454780,4.17387197,0.59738376
122.39499998,0.27714883,2.94984009,0.02530000,4.56397964,4.17464889,0.59665288
122.49500012,0.39414207,3.06539609,0.01830000,4.75278002,4.31072122,0.56244032
122.59500003,0.45331292,3.12262818,0.01330000,4.88620227,4.38916800,0.57453315
122.69500017,0.49828756,3.16375841,0.01120000,4.73121781,4.37316705,0.59301556
122.79500008,0.55968116,3.22985249,0.00930000,4.90746330,4.47207596,0.56748851
122.89499998,0.61466075,3.29674850,0.00720000,5.03172214,4.55876604,0.58190029
122.99600005,0.64579070,3.34456101,0.00630000,4.89242748,4.55788580,0.60307917
123.09600019,0.67502044,3.40067427,0.00830000,5.00949026,4.63909422,0.61038998
123.19600010,0.68534487,3.43917500,0.00540000,4.99364529,4.67011797,0.60614860
123.29600000,0.78729379,4.10043937,0.03370000,5.02903373,5.31236506,0.61984706
123.39600015,0.79277206,4.16539995,0.03880000,5.11946344,5.40159749,0.61902395
123.49600005,0.79857393,4.22263289,0.04400000,5.14598030,5.46474899,0.59816472
123.59600019,0.80438294,4.27049647,0.04310000,5.23202315,5.53553653,0.61069704
123.69600010,0.81329532,4.31876820,0.04110000,5.01673341,5.51975052,0.59069009
123.79600000,0.80364788,4.40050661,0.03630000,5.16337539,5.64614304,0.56869784
123.89700007,0.81441163,4.44473585,0.05040000,5.09178814,5.66684342,0.58341310
123.99699998,0.81606690,4.51234437,0.06450000,5.04876616,5.72168702,0.60847262
124.09700012,0.81115329,4.58941834,0.06670000,5.06303250,5.80424097,0.63182660
124.19700003,0.81950474,4.64098829,0.06680000,5.16498322,5.88255357,0.62454220
124.29700017,0.81499749,4.72489098,0.08300000,5.13043919,5.95787433,0.64945873
124.39700007,0.81996490,4.79377037,0.09420000,5.26247443,6.06305881,0.65788278
124.49699998,0.83603806,4.84742286,0.09430000,5.40323579,6.15233650,0.66628210
124.59700012,0.82866955,4.94379628,0.10150000,5.49048710,6.27574415,0.65371861
124.69700003,0.84516215,5.01338401,0.11270000,5.49448690,6.34176251,0.64394234
124.79700017,0.86938039,5.07341816,0.12680000,5.41226019,6.37138382,0.70149382
124.89700007,0.89564517,5.14192130,0.13900000,5.38525404,6.42466669,0.73487283
124.99699998,0.92049521,5.21863959,0.14520000,5.51736437,6.53203078,0.74082728
125.09700012,0.96620253,5.27196715,0.14630000,5.49939315,6.56716447,0.76166145
125.19700003,0.98191273,5.36972198,0.15960000,5.63216917,6.69836668,0.80338055
125.29800010,1.01655130,5.44391105,0.17080000,5.33874333,6.67882306,0.78780217
125.39800000,1.05681233,5.49448420,0.14900000,5.32820681,6.71488262,0.76132670
125.49800014,1.19781508,5.25764641,0.26590000,5.48576918,6.48277615,0.92515380
125.59800005,1.23784726,5.31022763,0.28480000,5.71042900,6.58810812,0.97104142
125.69800019,1.27279388,5.37573883,0.29770000,5.78886260,6.66604418,0.95682102
125.79800010,1.33021151,5.39161459,0.33670000,5.59356238,6.60971484,0.99943151
125.89800000,1.35591940,5.45601632,0.35160000,5.56116344,6.65751462,1.01846564
125.99800014,1.38623797,5.51442899,0.35650000,5.58984172,6.71545863,1.01643573
126.09800005,1.38085883,5.60763004,0.36220000,5.71143013,6.84493612,0.99577674
126.19800019,1.38888573,5.67478524,0.35810000,5.73387446,6.91621059,0.99634183
126.29800010,1.37823315,5.75383673,0.36500000,5.80059708,7.01736928,1.00943482
126.39800000,1.39464688,5.90865173,0.37770000,5.72000637,7.14446873,1.02388033
126.49800014,1.37858040,5.98303270,0.38160000,5.74156511,7.22959976,0.99634597
126.59899998,1.35689159,6.05845702,0.38540000,5.61900053,7.27620243,1.01706325
126.69900012,1.32939039,6.13570450,0.38730000,5.54272792,7.33951522,1.00080418
126.79900002,1.26072073,6.25885669,0.37890000,5.49518925,7.46870484,1.01818529
126.89900017,1.36065474,6.23407032,0.27040000,5.61478406,7.44953584,0.89850410
126.99900007,1.33611386,6.30614501,0.27830000,5.68353939,7.54826659,0.92581146
127.09899998,1.33064091,6.37771728,0.31320000,5.60346732,7.59852482,0.94687611
127.19900012,1.32567757,6.46112844,0.30610000,5.69778316,7.71030146,0.96251162
127.29900002,1.32443834,6.53849573,0.32290000,5.84294723,7.82949827,0.97010283
127.39900017,1.33550826,6.70850944,0.34260000,5.77204581,7.97609160,1.00829289
127.49900007,1.34716494,6.78511704,0.34650000,5.91213172,8.08939327,1.02597395
127.59899998,1.36040048,6.86211811,0.35130000,5.88545964,8.15499215,1.03535331
127.69900012,1.37824438,6.93919835,0.35520000,6.05703768,8.27599643,1.06783246
127.79900002,1.38933906,7.01763639,0.35910000,5.86559957,8.29656796,1.08462175
127.90000010,1.34878224,7.23256642,0.36340000,5.84778917,8.51799697,1.09202278
128.00000000,1.36540254,7.24639598,0.36740000,5.94466176,8.55475576,1.11087877
128.10000014,1.39073560,7.39416561,0.37320000,5.90522987,8.68402111,1.13390105
128.20000005,1.41395571,7.40915329,0.37720000,6.00587656,8.72113067,1.13575634
128.30000019,1.43770609,7.56086130,0.38580000,6.08778831,8.88945622,1.12892440
128.40000010,1.45528192,7.64926256,0.39470000,5.72982823,8.87056151,1.14712614
128.50000000,1.40511310,7.85591076,0.42600000,5.80404383,9.11274811,1.18944013
128.60000014,1.63060811,7.88532804,0.32770000,5.91695625,9.10999894,1.11566923
128.70000005,1.64834364,7.90731605,0.32960000,5.97972876,9.14485465,1.10828051
128.80000019,1.68257082,8.02400631,0.33250000,6.22661674,9.32230514,1.12065837
128.90000010,1.70615282,8.11000200,0.33540000,6.01470685,9.34101744,1.11205389
129.00000000,1.72811880,8.11957767,0.34250000,6.10319928,9.36960067,1.10043474
129.10000014,1.75221320,8.27030903,0.34610000,6.10949013,9.51524530,1.11533835
129.20099998,1.77324906,8.36240681,0.34900000,6.43928359,9.69555954,1.11751245
129.30100012,1.80019011,8.45300139,0.35180000,6.37772784,9.76086931,1.11347580
129.40100002,1.81043861,8.55193486,0.35660000,6.37732468,9.85675945,1.13404127
129.50100017,1.83015928,8.64967242,0.35740000,6.36801041,9.94620132,1.12702784
129.60100007,1.86921013,8.73806404,0.35820000,6.32949308,10.01243060,1.17169548
129.70099998,1.86127589,8.85516444,0.34290000,6.22014085,10.10055443,1.13722258
129.80100012,1.87521042,8.95999385,0.33460000,6.31902911,10.22965633,1.14659448
129.90100002,1.89762595,9.06038885,0.33040000,6.14720855,10.27455531,1.15567918
130.00100017,1.94961337,9.14892246,0.34530000,6.27769584,10.38551745,1.17068221
130.10100007,2.01662568,9.21337546,0.42530000,6.32784038,10.44515109,1.29540579
130.20099998,2.03615061,9.30712958,0.43520000,6.29334218,10.52347002,1.31961436
130.30100012,2.06166499,9.40487432,0.44000000,6.33762806,10.62657805,1.33183256
130.40100002,2.07897146,9.50579660,0.44180000,6.47869722,10.76286110,1.35119830
130.50200009,2.09991469,9.60498643,0.44760000,6.38639544,10.82969522,1.36374214
130.60200000,2.11145822,9.70881488,0.44950000,6.34336849,10.91793210,1.36335185
130.70200014,2.12611113,9.81337720,0.45320000,6.49363740,11.06124185,1.35892024
130.80200005,2.14683191,9.91623200,0.45700000,6.61390412,11.19253835,1.33884099
130.90200019,2.19608860,10.01149792,0.46590000,6.68316319,11.29351923,1.34938946
131.00200009,2.21243844,10.00622125,0.38600000,6.79423476,11.31530592,1.19747301
131.10200000,2.22978343,10.08582238,0.37880000,6.64911076,11.34848733,1.17329605
131.20200014,2.25578758,10.18293631,0.37770000,6.54940747,11.40968485,1.16467784
131.30200005,2.26710242,10.26170445,0.36850000,6.57628434,11.49289929,1.13267572
131.40200019,2.29023252,10.35675314,0.36640000,6.51926412,11.56504788,1.13214824
131.50200009,2.30075161,10.43144842,0.35320000,6.59004856,11.65696184,1.15271089
131.60200000,2.30686302,10.50409360,0.34010000,6.66358195,11.74887044,1.13172917
131.70200014,2.32905834,10.60048966,0.33680000,6.74271449,11.86153427,1.09935833
131.80299997,2.34929654,10.69159579,0.33270000,6.73698397,11.94522077,1.11458837
131.90300012,2.33792582,10.72339374,0.31460000,6.77400575,11.99084515,1.09321655
132.00300002,2.34123975,10.76567234,0.30350000,6.75495760,12.02673459,1.08469589
132.10300016,2.36432241,10.85310670,0.29730000,6.92054530,12.15488467,1.11756848
132.20300007,2.35722629,10.87112447,0.27820000,6.88775189,12.16556036,1.08470372
132.30299997,2.34307864,10.83856852,0.25320000,6.94710966,12.15400596,1.07321725
132.40300012,2.27779539,10.64369854,0.24250000,6.82195450,11.94202972,1.05168058
132.50300002,2.22887307,10.49128764,0.20570000,6.83418917,11.80709224,0.99876036
132.60300016,2.18600917,10.33100569,0.16090000,6.75875069,11.63750327,0.96147575
132.70300007,2.17611874,10.30232166,0.13600000,6.51278311,11.54136862,0.93455043
132.80299997,2.06855135,9.86249762,0.05280000,6.41002811,11.10291956,0.88194742
132.90300012,1.99171573,9.55435119,0.01280000,6.26502579,10.77529692,0.81426718
133.00300002,1.98229609,9.52176751,0.03470000,6.65067149,10.85558905,0.84600653
133.10400009,1.93390997,9.34703372,0.08240000,6.57453186,10.67292569,0.88322882
133.20400000,1.87879564,9.12664100,0.13110000,6.51535284,10.45137163,0.90821908
133.30400014,1.78539574,8.70081804,0.19830000,6.38203756,10.01414427,0.93542977
133.40400004,1.73491483,8.46646693,0.23890000,6.07452344,9.70635510,0.96203870
133.50400019,1.70933597,8.34636088,0.26460000,6.14830423,9.61463753,0.95076096
133.60400009,1.64971952,8.03962909,0.31110000,5.96628641,9.27293391,0.94895908
133.70400000,1.59304954,7.73192459,0.35650000,5.87640347,8.95573999,0.99483509
133.80400014,1.51285023,7.26912425,0.42560000,5.92667644,8.53021745,1.07648194
133.90400004,1.45710181,6.91072220,0.47490000,5.97576829,8.20176976,1.13785275
134.00400019,1.41816218,6.65760491,0.51140000,5.98192397,7.96153685,1.15459802
134.10400009,1.42329794,6.66223154,0.52240000,6.01301105,7.97357815,1.18093630
134.20400000,1.34851373,6.19993016,0.57450000,5.98821745,7.52555979,1.21949402
134.30400014,1.28591947,5.75618942,0.62260000,5.92140669,7.08061434,1.26666374
134.40499997,1.29037155,5.75967221,0.63560000,5.64920139,7.00505216,1.28494575
134.50500011,1.24307694,5.37522797,0.66980000,5.71471911,6.65284002,1.34959425
134.60500002,1.19500860,5.00387929,0.70200000,5.58525838,6.25823637,1.39508357
134.70500016,1.17763368,4.86165827,0.71770000,5.65637357,6.14129824,1.43136957
134.80500007,1.16119799,4.61265977,0.73810000,5.39512081,5.82235201,1.47940428
134.90499997,1.14789982,4.37451021,0.75360000,5.60233484,5.64720594,1.49715174
135.00500011,1.14737849,4.22647357,0.76720000,5.62987608,5.50718716,1.52826024
135.10500002,1.10313857,3.73446983,0.77720000,5.49783387,4.99009706,1.52777020
135.20500016,1.10489769,3.64481698,0.78900000,5.55323203,4.91576964,1.53076681
135.30500007,1.09483644,3.44589642,0.79750000,5.64897075,4.74707765,1.54159654
135.40499997,1.07378031,3.25186291,0.80910000,5.71313732,4.57739349,1.55875654
135.50500011,1.06255547,2.96164412,0.81640000,5.66052935,4.27535095,1.57733823
135.60500002,1.05825722,2.80186874,0.82100000,5.60720543,4.10156823,1.57751767
135.70600009,1.05270292,2.75355177,0.83190000,5.44012537,4.00710104,1.58343909
135.80599999,1.03082874,2.63628476,0.84160000,5.54471787,3.92596737,1.59072607
135.90600014,1.02324893,2.52827903,0.85540000,5.68060333,3.85895172,1.59717036
136.00600004,1.00613193,2.37905620,0.87010000,5.60546831,3.69315231,1.64493549
136.10600019,1.00958764,2.38492076,0.88410000,5.95201743,3.79704356,1.63461400
136.20600009,0.99227552,2.30625547,0.91000000,5.74323151,3.66367147,1.65977442
136.30599999,0.98236360,2.22522500,0.92180000,5.61737273,3.54951332,1.67789672
136.40600014,0.97743721,2.10192406,0.91650000,5.52870376,3.40228594,1.69992915
136.50600004,0.97494073,2.08731875,0.92550000,5.46615332,3.37052235,1.69474881
136.60600019,0.97921051,2.03970049,0.92930000,5.79482629,3.41559071,1.71147388
136.70600009,0.97745732,1.96807828,0.93410000,5.64841823,3.30263854,1.73813712
136.80599999,0.98303067,1.94153321,0.93710000,5.59161426,3.25827138,1.72766707
136.90700006,0.97665667,1.83917217,0.91780000,5.42845774,3.11111533,1.69199681
137.00699997,0.98208408,1.79511339,0.90970000,5.69111722,3.14055143,1.69744625
137.10700011,0.98168661,1.73234599,0.89540000,5.71009231,3.08331905,1.69835691
137.20700002,0.96999742,1.70579420,0.88730000,6.03788867,3.15376313,1.70518616
137.30700016,0.98029275,1.56942746,0.81090000,5.77424078,2.93912690,1.61059531
137.40700006,0.96184193,1.58624085,0.82090000,5.62723785,2.91921112,1.62844330
137.50699997,0.95604592,1.54725242,0.78670000,5.82330061,2.93789661,1.56395134
137.60700011,0.93563687,1.53905719,0.77660000,5.99963570,2.98591399,1.52768772
137.70700002,0.92615354,1.50094442,0.74440000,6.04259518,2.96278489,1.43982502
137.80700016,0.91905227,1.43437824,0.68020000,6.17469414,2.93599020,1.36854973
137.90700006,0.88904104,1.45126141,0.67420000,6.19155871,2.96626646,1.37449907
138.00699997,0.85605471,1.45408687,0.65710000,5.98142117,2.91847728,1.36402523
138.10700011,0.83875953,1.44026708,0.61790000,6.05578749,2.93084650,1.32630342
138.20800018,0.80551912,1.44292546,0.60080000,5.99732481,2.92629851,1.30012629
138.30800009,0.76586835,1.46297825,0.59680000,5.85683044,2.91753884,1.29142586
138.40799999,0.71776727,1.47958335,0.59080000,5.88018210,2.95455901,1.26929904
138.50800014,0.69259458,1.48886977,0.55670000,6.06883031,3.02493712,1.24975427
138.60800004,0.65835949,1.50646860,0.54960000,6.17831971,3.08360009,1.25587534
138.70800018,0.61223399,1.52357344,0.54650000,6.05183956,3.07774647,1.27697593
138.80800009,0.56734602,1.53685004,0.53540000,6.14396799,3.13017060,1.26323391
138.90799999,0.50349754,1.56335481,0.54140000,6.18010869,3.18524371,1.24529734
139.00800014,0.45660854,1.56954637,0.53130000,6.09548117,3.18065284,1.23454079
139.10800004,0.40739919,1.58068204,0.51230000,6.24651072,3.24899962,1.18406312
139.20800018,0.34869448,1.59088113,0.51330000,6.07740564,3.22765574,1.18523934
139.30800009,0.29142876,1.59682693,0.50130000,6.07095041,3.24811883,1.17009177
139.40799999,0.22922225,1.60638581,0.49420000,6.23580291,3.32255171,1.16906755
139.50900006,0.17097306,1.61056489,0.49610000,6.26097306,3.35056489,1.18074318
139.60899997,0.14191651,1.61259080,0.47600000,5.98664181,3.28251231,1.15946553
139.70900011,0.06737912,1.62153510,0.48310000,5.74467666,3.24362011,1.16612086
139.80900002,0.03798338,1.61262219,0.45380000,5.85235145,3.27387021,1.14800643
139.90900016,0.03385276,1.61702186,0.45890000,5.72713553,3.24367408,1.14791396
140.00900006,0.07694568,1.61434661,0.44280000,5.82938207,3.25789986,1.14449467
140.10899997,0.14695906,1.61400542,0.44380000,5.54843598,3.15728454,1.12274643
140.20900011,0.20392060,1.60453400,0.44480000,5.51628555,3.12235256,1.13145666
140.30900002,0.23457004,1.58812031,0.42660000,5.36597442,3.05423584,1.09877248
140.40900016,0.28550691,1.57328237,0.41460000,5.33078613,3.01479072,1.08222504
140.50900006,0.32866109,1.54526865,0.40060000,5.29700284,2.96479486,1.06086287
140.60899997,0.39549511,1.53325733,0.40760000,5.22051020,2.91183307,1.06540250
140.70900011,0.44374919,1.51465354,0.40260000,5.02770440,2.82435503,1.05514277
140.81000018,0.49654876,1.51285534,0.39450000,5.27016014,2.87674430,1.07151827
140.91000009,0.52879523,1.44456932,0.38460000,5.19416656,2.77753256,1.07012679
141.00999999,0.56660766,1.42005471,0.38060000,5.30675351,2.77438210,1.07556766
141.11000013,0.61248993,1.43023157,0.37950000,5.18084889,2.73547699,1.04457633
141.21000004,0.64414630,1.38189039,0.36760000,5.37505140,2.73357756,1.04585797
141.31000018,0.67121145,1.39738706,0.34440000,5.44145431,2.76031360,1.04757094
141.41000009,0.67248325,1.33812746,0.32540000,5.30293258,2.66111298,1.03713169
141.50999999,0.70813429,1.32316215,0.32950000,5.08963008,2.57501809,1.06164957
141.61000013,0.73215856,1.34395497,0.32540000,5.12398509,2.59876255,1.03238600
141.71000004,0.73279345,1.29091760,0.30350000,5.17596336,2.56039472,1.00335484
141.81000018,0.73204198,1.31560977,0.28130000,4.93647113,2.51687524,0.97057947
141.91000009,0.73988987,1.27061728,0.26040000,5.00379089,2.48887472,0.96248681
142.00999999,0.75642017,1.26295250,0.26150000,5.03801241,2.48626457,0.96335436
142.11100006,0.75388262,1.29826771,0.23430000,4.95942316,2.49985072,0.91624035
142.21100020,0.73989827,1.29179333,0.21230000,5.11462491,2.54171523,0.91450872
142.31100011,0.70732400,1.29256749,0.19410000,4.91807182,2.49563829,0.88462949
142.41100001,0.71537166,1.28787262,0.19420000,5.00805207,2.51435274,0.89420928
142.51100016,0.72484276,1.28330231,0.19520000,5.28560963,2.58637856,0.87788829
142.61100006,0.73884432,1.28341767,0.20020000,5.43088502,2.62400073,0.87873850
142.71100020,0.75365187,1.27574894,0.20720000,5.53479565,2.64179002,0.89254512
142.81100011,0.76284223,1.27200141,0.20720000,5.75837271,2.69929583,0.91328294
142.91100001,0.77713504,1.26628329,0.20930000,6.17768744,2.80929826,0.89704742
143.01100016,0.78976631,1.26211577,0.21220000,6.40522029,2.86653120,0.89964150
143.11100006,0.80389493,1.25869533,0.21930000,6.25498764,2.81615039,0.90463216
143.21100020,0.81230777,1.25428389,0.22320000,6.27314126,2.81452203,0.95402761
143.31100011,0.82013028,1.25204508,0.22720000,6.13407402,2.77031472,0.97457620
143.41200018,0.82604773,1.25059114,0.23020000,6.01518504,2.73320180,0.97911021
143.51200008,0.83138650,1.24859387,0.23630000,5.98075428,2.71984181,1.00294677
143.61199999,0.82858426,1.24559302,0.24920000,5.99352885,2.72129148,1.02028526
143.71200013,0.83351155,1.24189257,0.25230000,5.80386866,2.66199460,1.04133065
143.81200004,0.83681309,1.23799534,0.25530000,5.67502288,2.62034100,1.07247728
143.91200018,0.83913663,1.23467346,0.26130000,5.80111432,2.65238137,1.07290316
144.01200008,0.85454908,1.24121774,0.28630000,5.99164905,2.70896058,1.08029940
144.11199999,0.86178757,1.24264485,0.29330000,2.89664087,2.69771984,1.07269513
144.21200013,0.87061571,1.24434090,0.29930000,2.85828132,2.68045655,1.08374188
144.31200004,0.88067010,1.24255784,0.30740000,3.02784718,2.74276291,1.08563207
144.41200018,0.89158196,1.23838324,0.31540000,2.94408864,2.70055110,1.08037766
144.51200008,0.89716788,1.23551569,0.32840000,2.72195018,2.60618715,1.06757955
144.61300015,0.90349916,1.23584510,0.34240000,2.73856348,2.61064773,1.06696507
144.71300006,0.91146052,1.23680807,0.34950000,2.57344889,2.54207126,1.09921688
144.81300020,0.91533704,1.23731554,0.35860000,2.47681491,2.50219504,1.10441466
144.91300011,0.91818535,1.23398001,0.37150000,2.43263105,2.47996266,1.09795910
145.01300001,0.91960812,1.22927546,0.38760000,2.50455517,2.50358454,1.10846833
145.11300015,0.92375482,1.22841635,0.39160000,2.52916122,2.51094570,1.13523926
145.21300006,0.92662285,1.22773293,0.39560000,2.54050531,2.51366785,1.14765999
145.31300020,0.92620379,1.22548366,0.40360000,2.47759348,2.48630987,1.15422332
145.41300011,0.93120426,1.22268980,0.41470000,2.82527242,2.62119933,1.16935841
145.51300001,0.93386940,1.22026908,0.42170000,2.59220802,2.52406585,1.16122516
145.61300015,0.93763482,1.21834859,0.42670000,2.50765720,2.48666116,1.17267044
145.71300006,0.93415018,1.21104709,0.43270000,2.59221548,2.51473404,1.17143984
145.81300020,0.93396305,1.20804201,0.43370000,2.58167058,2.50756736,1.15507501
145.91400003,0.92941786,1.19601380,0.43670000,2.37294211,2.41350123,1.16555438
146.01400018,0.92612645,1.18718986,0.44380000,2.41877185,2.42441346,1.20565758
146.11400008,0.92539715,1.17753259,0.44780000,2.73248663,2.54109532,1.22621634
146.21399999,0.92528324,1.17606633,0.44880000,2.77074836,2.55504785,1.24119254
146.31400013,0.92437970,1.16862312,0.45380000,2.71939832,2.52733596,1.20987468
146.41400003,0.92288529,1.16348348,0.45590000,2.78478063,2.54906643,1.20066013
146.51400018,0.92272743,1.16056189,0.45690000,2.57152364,2.46052465,1.19252569
146.61400008,0.92205944,1.15545046,0.46090000,2.68874840,2.50278084,1.20805230
146.71399999,0.92165676,1.15133504,0.46090000,2.86847170,2.57103747,1.22649440
146.81400013,0.92156228,1.13150887,0.46800000,2.98820391,2.59935596,1.23149401
146.91400003,0.92329232,1.11901911,0.47100000,2.89209955,2.54755773,1.22394145
147.01400018,0.92539697,1.11428380,0.47110000,2.98403101,2.57891355,1.23676236
147.11400008,0.92888777,1.10389807,0.47110000,3.13531499,2.62790901,1.24825925
147.21500015,0.93173345,1.09588871,0.47110000,2.95046282,2.54448533,1.25250326
147.31500006,0.93728678,1.08635514,0.47510000,2.98202852,2.54540317,1.26271460
147.41500020,0.93755091,1.08434810,0.47410000,3.00825660,2.55382807,1.24196697
147.51500010,0.94323429,1.07831387,0.47620000,2.92958845,2.51390259,1.25530562
147.61500001,0.94826285,1.06705705,0.47920000,2.62702544,2.37905988,1.27524200
147.71500015,0.95043758,1.05933098,0.48230000,2.66049349,2.38390702,1.29166385
147.81500006,0.95050374,1.05401044,0.48630000,2.58019738,2.34629807,1.28279136
147.91500020,0.95269353,1.04998938,0.49030000,2.55442884,2.33104374,1.30675867
148.01500010,0.95389162,1.04439270,0.49530000,2.49488988,2.30104379,1.29807573
148.11500001,0.96199251,1.03141738,0.49930000,2.61623223,2.33356727,1.29794483
148.21500015,0.96472883,1.02748785,0.50140000,2.68794230,2.35735041,1.30577678
148.31500006,0.96365200,1.02213434,0.50340000,2.73646347,2.37192467,1.33186683
148.41500020,0.96501440,1.01878715,0.50640000,2.59907092,2.31282771,1.33269447
148.51600003,0.96630760,1.01572439,0.50950000,2.73341859,2.36322435,1.35376666
148.61600018,0.96667984,1.00221667,0.51740000,2.64250179,2.31303799,1.35437970
148.71600008,0.96652197,0.99747695,0.52150000,2.61981313,2.29924572,1.36373966
148.81599998,0.96138024,0.98737734,0.52350000,2.66226590,2.30826890,1.36053854
148.91600013,0.95776005,0.98172567,0.52450000,2.74287041,2.33645752,1.36851130
149.01600003,0.95715036,0.98073958,0.52350000,2.74152378,2.33517533,1.34871400
149.11600018,0.95551652,0.97764515,0.52450000,2.71743445,2.32305860,1.32811009
149.21600008,0.95671952,0.97877888,0.52160000,2.49996947,2.23633467,1.32195427
149.31599998,0.95762775,0.97445910,0.52450000,2.49394157,2.22922804,1.31810094
149.41600013,0.95573842,0.96781371,0.52660000,2.45523456,2.20778983,1.32253119
149.51600003,0.95340121,0.96354564,0.52360000,2.68169686,2.29545014,1.33067542
149.61600018,0.95130297,0.96174912,0.52160000,2.57343185,2.25099734,1.35990323
149.71600008,0.94900201,0.96069939,0.52160000,2.62514196,2.27164847,1.32683226
149.81700015,0.95268757,0.95821497,0.51870000,2.86394369,2.36363037,1.30400128
149.91700006,0.94922466,0.95460491,0.51270000,3.23656658,2.51112622,1.28401736
150.01700020,0.93848231,0.95548695,0.51360000,3.15734382,2.48449381,1.29711046
150.11700010,0.93436169,0.95507549,0.51560000,3.25604233,2.52539361,1.27664870
150.21700001,0.93199447,0.95313684,0.51460000,3.40213323,2.58310330,1.27380347
150.31700015,0.92852525,0.95161783,0.51660000,3.22989717,2.51377619,1.26623492
150.41700006,0.92526433,0.94919357,0.51760000,3.21496585,2.50666293,1.27571119
150.51700020,0.92277217,0.94613053,0.51860000,3.18381015,2.49208329,1.28654996
150.61700010,0.92125837,0.94254790,0.51960000,3.19754693,2.49462813,1.28717064
150.71700001,0.92026045,0.93942257,0.52160000,3.01927343,2.42027600,1.30727306
150.81700015,0.91967231,0.93664115,0.52260000,2.92690069,2.38061684,1.28900589
150.91700006,0.92041009,0.93417349,0.52460000,2.89587894,2.36538866,1.27993165
151.01700020,0.92072974,0.93061188,0.52560000,3.02026908,2.41167680,1.25212243
151.11800003,0.92012771,0.92782494,0.52560000,3.05361627,2.42253016,1.28506639
151.21800017,0.92015616,0.92373338,0.52560000,2.91597834,2.36312622,1.26299764
151.31800008,0.92050522,0.91941434,0.52760000,2.98122585,2.38488245,1.24991459
151.41799998,0.91664772,0.91055701,0.51170000,3.02978620,2.39708587,1.21475054
151.51800013,0.91188107,0.90802646,0.51270000,2.96993624,2.37242362,1.20257225
151.61800003,0.91131701,0.90320890,0.51360000,2.88951424,2.33552029,1.20709439
151.71800017,0.90472813,0.90050380,0.51470000,2.87014561,2.32768047,1.18987387
151.81800008,0.90863782,0.89117955,0.51470000,2.78358282,2.28200567,1.18159351
151.91799998,0.90138471,0.88750003,0.51470000,2.74504054,2.26575460,1.19145578
152.01800013,0.89984456,0.88391399,0.51570000,2.63149755,2.21716742,1.20786105
152.11800003,0.87121988,0.87641651,0.50970000,2.71221367,2.25360152,1.19753073
152.21800017,0.84783990,0.87566050,0.51260000,2.65107715,2.23767547,1.19376095
152.31800008,0.83746419,0.87901227,0.51750000,2.64982200,2.24469175,1.19100750
152.41900015,0.84445249,0.87241761,0.51760000,2.57795002,2.20641215,1.19181484
152.51900005,0.84551506,0.86790002,0.52160000,2.51769318,2.17725730,1.18304910
152.61900020,0.84530482,0.84413568,0.53070000,2.27492803,2.05603787,1.17695057
152.71900010,0.84369530,0.83639298,0.53470000,2.37356055,2.08857099,1.16026079
152.81900001,0.83944599,0.83886487,0.53170000,2.47911157,2.13515908,1.16925970
152.91900015,0.84003513,0.83296782,0.53370000,2.29089924,2.05340430,1.18583588
153.01900005,0.84019033,0.82956341,0.53270000,2.35941785,2.07746733,1.18579642
153.11900020,0.85600144,0.84044976,0.51470000,2.26554011,2.04428226,1.14806701
153.21900010,0.86275901,0.84426134,0.50780000,2.35090124,2.07967563,1.15036891
153.31900001,0.86219547,0.86080571,0.49960000,2.40699078,2.11898239,1.13100099
153.41900015,0.85178645,0.86014373,0.49760000,2.28638682,2.07404566,1.12834215
153.51900005,0.84007231,0.86759018,0.49060000,2.25929784,2.07531472,1.12244913
153.61900020,0.83188261,0.87947290,0.48150000,2.39687271,2.14576356,1.12017086
153.72000003,0.83099368,0.88056909,0.47960000,2.47746635,2.17959828,1.12667863
153.82000017,0.81932766,0.96674656,0.47430000,2.40448408,2.24113977,1.09307670
153.92000008,0.82139723,0.89551596,0.46440000,2.44437880,2.18510677,1.10571771
154.01999998,0.80703750,0.89445645,0.45340000,2.57499572,2.24229680,1.10221628
154.12000012,0.80269223,0.95992612,0.45320000,2.49918264,2.27905173,1.10868633
154.22000003,0.79546844,0.89025583,0.45240000,2.53471137,2.22655880,1.09784911
154.32000017,0.78575404,0.96093253,0.45120000,2.60165400,2.32803520,1.12794154
154.42000008,0.77198658,0.89823289,0.44540000,2.49785382,2.22916169,1.12875417
154.51999998,0.76287883,0.90169977,0.44230000,2.46492248,2.22305659,1.11540584
154.62000012,0.74332683,0.97021332,0.44710000,2.32468843,2.24308182,1.12050976
154.72000003,0.74416491,0.90401100,0.44930000,2.31336059,2.17199140,1.11642137
154.82000017,0.73402372,0.96989547,0.45510000,2.46936449,2.30463060,1.13685133
154.92000008,0.73303979,0.90203075,0.44920000,2.48883287,2.24498333,1.12844728
155.02100015,0.73499420,0.96453542,0.44100000,2.49604889,2.30960204,1.10939941
155.12100005,0.73563174,0.96320037,0.43800000,2.63334167,2.36317311,1.08977690
155.22100019,0.74103831,0.96304843,0.43310000,2.67776017,2.37869561,1.08711437
155.32100010,0.74332641,0.95514063,0.41610000,2.70818010,2.38209077,1.06655266
155.42100000,0.73566963,0.94312420,0.41120000,2.64429390,2.34748216,1.05154189
155.52100015,0.73748831,0.94153574,0.40910000,2.60163021,2.32802133,1.04464176
155.62100005,0.73139331,0.93560737,0.40410000,2.61607370,2.33034502,1.01715760
155.72100019,0.72729802,0.93659701,0.39810000,2.75890153,2.39036628,1.01832831
155.82100010,0.70045701,0.92799018,0.38710000,2.60399800,2.33030576,1.01212639
155.92100000,0.69715362,0.92296518,0.38510000,2.47846118,2.27616911,1.00255968
156.02100015,0.68823849,0.91727211,0.38310000,2.48551070,2.27689041,0.97030818
156.12100005,0.69576515,0.90785650,0.36520000,2.46253448,2.25521918,0.94480561
156.22100019,0.68925647,0.90226476,0.35820000,2.38604507,2.22151018,0.92499934
156.32200003,0.68141365,0.88960614,0.34220000,2.47003436,2.24574839,0.93867025
156.42200017,0.68151389,0.88832391,0.33920000,2.34480663,2.19411117,0.96125504
156.52200007,0.68052975,0.88352276,0.33720000,2.14610972,2.10987185,0.97044823
156.62199998,0.68193016,0.87716504,0.33220000,2.08236898,2.07734135,0.96190274
156.72200012,0.67868354,0.87095048,0.32820000,2.10819351,2.08280716,0.98224214
156.82200003,0.67879478,0.86791754,0.32420000,2.13794105,2.09168166,0.97332644
156.92200017,0.67948148,0.86231835,0.31520000,2.16468300,2.09655110,0.98452271
157.02200007,0.68024707,0.85124350,0.30620000,2.27052767,2.12769553,0.98003558
157.12199998,0.67696033,0.84127779,0.29620000,2.12988718,2.06254304,0.98365542
157.22200012,0.67231143,0.82971223,0.28720000,2.14965430,2.06078749,0.96029980
157.32200003,0.67769001,0.82036876,0.28220000,2.18641209,2.06405174,0.95562584
157.42200017,0.68913237,0.81163015,0.28120000,2.23877254,2.07175344,0.93502939
157.52300000,0.68534616,0.79270346,0.27120000,2.11943518,2.00639994,0.93681615
157.62300014,0.67972857,0.78569850,0.26120000,2.19802710,2.03322916,0.95515667
157.72300005,0.68473000,0.77741508,0.26020000,2.43542215,2.11831818,0.94157894
157.82300019,0.68804980,0.76347064,0.25920000,2.59176607,2.16585664,0.93920226
157.92300010,0.69443972,0.74886709,0.25820000,2.38919345,2.06729493,0.94523413
158.02300000,0.69872533,0.73696877,0.25210000,2.43251327,2.07108000,0.93226128
158.12300014,0.70123947,0.72458090,0.24410000,2.48883321,2.08031053,0.91917999
158.22300005,0.70540706,0.71218044,0.24010000,2.29725060,1.98926043,0.94219123
158.32300019,0.71110120,0.69862431,0.23510000,2.25792634,1.95761655,0.94651946
158.42300010,0.71988946,0.67916195,0.23310000,2.27523133,1.94157609,0.95422463
158.52300000,0.72293414,0.66098959,0.22820000,2.20403315,1.89357402,0.96792955
158.62300014,0.72712183,0.64606978,0.21910000,2.13381763,1.84876006,0.96580393
158.72300005,0.73385129,0.62732160,0.21600000,2.25354045,1.87541100,1.00554767
158.82400012,0.74459873,0.60640038,0.20810000,2.19430783,1.82637278,0.99991371
158.92400002,0.75009379,0.57990288,0.19610000,2.22631560,1.81052771,0.99157346
159.02400017,0.76160888,0.56023120,0.19210000,2.17263130,1.76465985,0.99231452
159.12400007,0.77486637,0.53596534,0.18510000,2.30523384,1.78834513,1.01991626
159.22399998,0.78983794,0.51795235,0.18710000,2.25487077,1.74408161,1.03415410
159.32400012,0.79130559,0.49238918,0.17710000,2.33952444,1.75194140,1.04632200
159.42400002,0.79044214,0.46853352,0.17210000,2.21830492,1.67972838,1.03176825
159.52400017,0.79678929,0.44341047,0.17210000,2.29006108,1.68088574,1.01925268
159.62400007,0.80756829,0.41950998,0.16700000,2.56983735,1.76506451,1.02048478
159.72399998,0.80031473,0.39741935,0.14710000,2.42415629,1.68735569,1.02058812
159.82400012,0.79391583,0.36850551,0.12510000,2.30535411,1.61327982,0.99150654
159.92400002,0.80089288,0.34279577,0.12010000,2.29322744,1.57989447,0.97670826
160.02400017,0.80459684,0.31575303,0.11710000,2.24963784,1.53384986,0.97561313
160.12500000,0.80551197,0.29497812,0.10700000,2.06592114,1.49527039,0.96615295
160.22500014,0.80596761,0.27630465,0.10100000,2.10353674,1.50313974,0.96111631
160.32500005,0.76236998,0.24412069,0.06110000,2.08067488,1.48576704,0.94996407
160.42500019,0.76843018,0.22122827,0.06100000,2.15704637,1.51309698,0.94339024
160.52500010,0.75139428,0.17125847,0.01710000,2.23501463,1.53098729,0.92555894
160.62500000,0.72999922,0.12253418,0.05980000,2.15709964,1.44189163,0.94192707
160.72500014,0.71941672,0.09827404,0.06180000,2.10095525,1.38508727,0.93548471
160.82500005,0.71871280,0.07511889,0.04280000,1.98802928,1.28177352,0.93217774
160.92500019,0.71937764,0.05081002,0.02280000,2.05940078,1.30796941,0.92468252
161.02500010,0.72045382,0.02768823,0.01380000,2.03662281,1.26780894,0.89902437
161.12500000,0.72375058,0.00252617,0.00280000,2.06778845,1.26255322,0.88676538
161.22500014,0.72573634,0.01973138,0.00190000,2.10259921,1.30320485,0.90743606
161.32500005,0.70293157,0.05429422,0.00020000,2.03885070,1.30852217,0.88556649
161.42600012,0.69290762,0.07994795,0.00480000,2.05343430,1.35175272,0.85154998
161.52600002,0.69062578,0.10310209,0.00980000,2.14914948,1.44490473,0.86314170
161.62600017,0.61121315,0.12476223,0.05760000,2.04139979,1.44632411,0.90306987
161.72600007,0.60949359,0.13966266,0.05770000,2.00565263,1.43691912,0.89010880
161.82599998,0.51421444,0.12810326,0.05460000,1.92659045,1.43694326,0.88815628
161.92600012,0.39810912,0.10592992,0.04450000,1.77051154,1.38621737,0.86536169
162.02600002,0.39983446,0.11239508,0.04450000,1.69401728,1.33681138,0.86290701
162.12600017,0.05322428,0.00149215,0.01510000,1.36629927,1.23940286,0.81016847
162.22600007,0.04481762,0.00635539,0.00510000,1.34091614,1.23214005,0.76394696
162.32599998,0.03902822,0.00321222,0.00210000,1.40942493,1.28206701,0.75816216
162.42600012,0.04128180,0.00193210,0.01210000,1.45987900,1.31521582,0.75569887
162.52600002,0.04029618,0.00189672,0.01810000,1.50458967,1.34782064,0.74025056
162.62600017,0.03347790,0.01135430,0.01710000,1.52807667,1.37892484,0.73236921
162.72700000,0.03722035,0.01163167,0.01610000,1.59836954,1.42673824,0.71982055
162.82700014,0.03937172,0.01219663,0.01400000,1.40903149,1.29052504,0.69142858
162.92700005,0.03697747,0.01483363,0.01610000,1.33145061,1.23945730,0.68297777
163.02700019,0.03728380,0.01670264,0.01900000,1.32581096,1.23707919,0.68711841
163.12700009,0.03727163,0.01855682,0.02500000,1.37896095,1.27690634,0.67607418
163.22700000,0.03745607,0.01839925,0.02310000,1.30204571,1.22167756,0.65875343
163.32700014,0.03293458,0.01500911,0.02310000,1.34997348,1.25575118,0.67821207
163.42700005,0.02533524,0.01924333,0.02700000,1.29550511,1.22650752,0.66637691
163.52700019,0.02728392,0.02059509,0.02800000,1.33000104,1.25110731,0.73552820
163.62700009,0.02634522,0.02294034,0.02700000,1.33840813,1.26012814,0.71693002
163.72700000,0.02741305,0.02141553,0.03310000,1.35752070,1.27149242,0.75603008
163.82700014,0.02245661,0.02020200,0.03700000,1.36402363,1.27846416,0.74977213
163.92700005,0.01819268,0.02176802,0.03700000,1.40971766,1.31571443,0.74464439
164.02800012,0.02263291,0.02222952,0.03400000,1.44397647,1.33747492,0.70953151
164.12800002,0.02096880,0.02398811,0.03600000,1.38015319,1.29483410,0.71207366
164.22800016,0.02640396,0.02562579,0.03200000,1.37568648,1.28939902,0.72073483
164.32800007,0.03363376,0.02888582,0.02400000,1.40798875,1.31056795,0.66954860
164.42799997,0.03566603,0.03049909,0.02400000,1.46041977,1.34818034,0.66681831
164.52800012,0.03505549,0.03683358,0.02400000,1.43119720,1.33407766,0.70346967
164.62800002,0.03139295,0.04310572,0.02490000,1.42978879,1.34195989,0.75235199
164.72800016,0.03204155,0.04470424,0.02390000,1.38009975,1.30760296,0.69583932
164.82800007,0.03393970,0.04137773,0.02090000,1.39107481,1.31075995,0.70095960
164.92799997,0.03131363,0.04236008,0.01900000,1.46657639,1.36754777,0.68250766
165.02800012,0.03345098,0.04633284,0.01790000,1.33991278,1.27951984,0.67277733
165.12800002,0.02870447,0.04646131,0.01790000,1.34397153,1.28593779,0.65559944
165.22800016,0.02891841,0.04599028,0.01790000,1.38723354,1.31621538,0.69285784
165.32900000,0.02964137,0.03885408,0.01790000,1.29110051,1.23989632,0.69279752
165.42900014,0.03221471,0.04002677,0.01500000,1.32716878,1.26499396,0.70297159
165.52900004,0.02973894,0.04286299,0.01800000,1.38615024,1.31172821,0.70888239
165.62900019,0.03356068,0.04955210,0.01790000,1.41339300,0.51041931,0.72006979
165.72900009,0.03813050,0.05500186,0.01200000,1.39166816,0.50251305,0.72669297
165.82900000,0.03612964,0.04808356,0.00600000,1.30759479,0.45390713,0.69073992
165.92900014,0.03835130,0.05165886,0.00400000,1.38416503,0.49524678,0.68176053
166.02900004,0.03676302,0.04923657,0.00200000,1.31482780,0.45841233,0.67184104
166.12900019,0.03107558,0.04950382,0.00590000,1.35243280,0.48066939,0.69058054
166.22900009,0.03240558,0.05197190,0.00800000,1.36244798,0.43198401,0.70232748
166.32900000,0.03463753,0.05358070,0.01190000,1.37610778,0.43685792,0.71818933
166.42900014,0.03666223,0.05645991,0.01100000,1.39270117,0.28490500,0.68246082
166.52900004,0.03706836,0.05956809,0.01000000,1.49714492,0.28897209,0.68497236
166.63000011,0.02547672,0.04312188,0.01020000,1.51576726,0.26640828,0.64657808
166.73000002,0.03026734,0.05411080,0.01000000,1.59024619,0.29577150,0.65070887
166.83000016,0.02846705,0.03922304,0.00510000,1.54731907,0.27419532,0.64213261
166.93000007,0.03278766,0.06176236,0.00800000,1.52944179,0.30215292,0.63640923
167.02999997,0.02933687,0.06210964,0.01190000,1.52854187,0.30406593,0.65984348
167.13000011,0.03391025,0.03750873,0.01820000,1.58047283,0.26545254,0.67739125
167.23000002,0.04272170,0.06279958,0.01600000,1.59887181,0.31316672,0.67486627
167.33000016,0.03730758,0.03700101,0.01720000,1.67862934,0.27333394,0.66720165
167.43000007,0.03821422,0.06581431,0.01390000,1.58128418,0.30922475,0.65053432
167.52999997,0.03123602,0.06827592,0.01790000,1.59069394,0.31038991,0.63772539
167.63000011,0.02720816,0.03128843,0.01720000,1.55508699,0.27032713,0.62245466
167.73000002,0.02970629,0.07293255,0.01790000,1.52603605,0.31302062,0.59151704
167.83100009,0.02140693,0.02774875,0.02310000,1.47298899,0.27052591,0.58283055
167.93099999,0.02666124,0.02863055,0.02320000,1.47173267,0.27987576,0.57821287
168.03100014,0.02573454,0.02682506,0.02010000,1.50924098,0.27910682,0.54783359
168.13100004,0.02550960,0.02417271,0.02210000,1.50190039,0.27241993,0.57955350
168.23100019,0.02135286,0.02157742,0.02410000,1.42601322,0.26325951,0.62154983
168.33100009,0.01991697,0.02351626,0.02720000,1.38380080,0.26123495,0.62095945
168.43099999,0.01376629,0.02934091,0.02310000,1.35943136,0.25269983,0.64958502
168.53100014,0.01138286,0.02787616,0.02410000,1.41966612,0.25396153,0.65991849
168.63100004,0.01322170,0.03235486,0.02820000,1.45750645,0.25605338,0.66300892
168.73100019,0.01777556,0.03262467,0.03420000,1.52015891,0.26104093,0.72129607
168.83100009,0.02520759,0.02819677,0.03220000,1.46669982,0.25276082,0.71785944
168.93099999,0.02312255,0.02884922,0.03410000,1.37398523,0.25000662,0.74903183
169.03100014,0.02080951,0.02684948,0.03420000,1.35133208,0.25413035,0.76996381
169.13199997,0.02267474,0.02537117,0.03610000,1.52067991,0.24060312,0.76391260
169.23200011,0.02121945,0.02041433,0.03810000,1.56054755,0.22125352,0.76214104
169.33200002,0.01905177,0.02550000,0.04310000,1.55536453,0.23083322,0.76477068
169.43200016,0.01650694,0.02452286,0.04610000,1.38637241,0.22161620,0.77696725
169.53200006,0.01439578,0.02092944,0.04910000,1.31562247,0.22535370,0.77313678
169.63199997,0.01266843,0.01604870,0.05010000,1.37545769,0.23610703,0.79288519
169.73200011,0.01725142,0.01585524,0.04300000,1.38336974,0.23248919,0.78784604
169.83200002,0.01988407,0.02098437,0.03310000,1.42195514,0.23678527,0.72730392
169.93200016,0.01844832,0.02028175,0.03510000,1.36892853,0.23364120,0.75723460
170.03200006,0.01527279,0.01941216,0.03810000,1.39289555,0.22297647,0.76812157
170.13199997,0.01411494,0.01760194,0.03810000,1.42499393,0.21908749,0.73035185
170.23200011,0.01820080,0.01643748,0.03400000,1.35776817,0.21028811,0.68825355
170.33200002,0.02126272,0.01813579,0.03110000,1.38135242,0.19930702,0.69217240
170.43300009,0.02003410,0.01664436,0.03110000,1.46626749,0.19848978,0.71425717
170.53299999,0.02269149,0.01948297,0.02610000,1.28582640,0.20283793,0.72147641
170.63300014,0.02446830,0.01896713,0.02510000,1.32683979,0.20007149,0.75624758
170.73300004,0.02476773,0.01637099,0.02310000,1.33711609,0.18709115,0.77118715
170.83300018,0.01963023,0.01202722,0.02710000,1.30564070,0.19181650,0.79770999
170.93300009,0.01905732,0.00976056,0.02600000,1.30979373,0.19546663,0.83660883
171.03299999,0.01812814,0.00854755,0.02610000,1.33722356,0.18578821,0.84203384
171.13300014,0.01714883,0.01382923,0.02710000,1.35557623,0.19032465,0.86623433
171.23300004,0.01920418,0.00969997,0.02910000,1.28801241,0.19908445,0.84186008
171.33300018,0.02038353,0.01252724,0.03610000,0.67568413,0.19803756,0.86424857
171.43300009,0.02155597,0.01226663,0.03310000,0.67082713,0.20589014,0.80751070
171.53299999,0.02350027,0.00874456,0.03010000,0.64736071,0.20646483,0.79317399
171.63300014,0.02470906,0.00324226,0.03010000,0.68887395,0.20154039,0.78290177
171.73399997,0.02477881,0.00042471,0.02910000,0.69461608,0.20021963,0.78276830
171.83400011,0.02136328,0.00847705,0.02500000,0.69442150,0.20414094,0.76911333
171.93400002,0.02107478,0.00672560,0.02310000,0.69525932,0.20502391,0.76914890
172.03400016,0.02061213,0.00052933,0.03300000,0.68563566,0.19837128,0.78706867
172.13400006,0.02254197,0.00068525,0.03210000,0.69956171,0.19978001,0.79501862
172.23399997,0.02194462,0.00250472,0.03000000,0.66777874,0.20610501,0.81623788
172.33400011,0.01855047,0.00049007,0.02410000,0.66630855,0.20450024,0.80382171
172.43400002,0.01603319,0.00130648,0.02400000,0.69715017,0.20218971,0.80051408
172.53400016,0.01940334,0.00160944,0.02610000,0.69683875,0.19994422,0.80060908
172.63400006,0.02765894,0.00206472,0.02900000,0.70728031,0.19821949,0.82222580
172.73399997,0.02706187,0.00490971,0.02810000,0.70925214,0.19494040,0.79735353
172.83400011,0.02294613,0.00386848,0.02700000,0.70539254,0.19574094,0.82001575
172.93400002,0.02322699,0.00519490,0.02900000,0.71373719,0.19529018,0.82011376
173.03500009,0.02849184,0.00479325,0.02710000,0.70264403,0.19999083,0.82092511
173.13499999,0.02700653,0.00663455,0.02700000,0.68746099,0.20758398,0.86417870
173.23500013,0.02554401,0.00274653,0.02910000,0.66411391,0.20676753,0.88942751
173.33500004,0.02951671,0.00659800,0.02810000,0.65805778,0.21490397,0.86941959
173.43500018,0.03322115,0.00830152,0.02900000,0.68289570,0.21240751,0.88345593
173.53500009,0.03471948,0.00871883,0.02710000,0.69212192,0.21097853,0.87088985
173.63499999,0.02973824,0.00839567,0.02410000,0.66816565,0.20401034,0.84288120
173.73500013,0.02928804,0.01023772,0.02410000,0.66608236,0.20464309,0.83622250
173.83500004,0.02554030,0.00842454,0.02600000,0.66955532,0.21158108,0.83035992
173.93500018,0.02653745,0.00957620,0.02800000,0.67650772,0.20628323,0.82970353
174.03500009,0.02813417,0.01302760,0.02400000,0.67427476,0.19863425,0.80787576
174.13499999,0.02805554,0.01512967,0.02400000,0.67295234,0.20417255,0.79625604
174.23500013,0.03664548,0.01307511,0.01810000,0.74991045,0.20628513,0.80359301
174.33600020,0.03659483,0.01585397,0.01710000,0.73783922,0.20170749,0.83105246
174.43600011,0.03706828,0.01833882,0.01910000,0.73931343,0.21030078,0.85118705
174.53600001,0.03648687,0.02038820,0.01800000,0.73625600,0.20212087,0.85538182
174.63600016,0.03872477,0.01948569,0.02100000,0.75069976,0.20185283,0.83727298
174.73600006,0.03820121,0.01923089,0.01700000,0.73071295,0.19861441,0.81767089
174.83600020,0.04238853,0.01897084,0.01200000,0.73423542,0.20828545,0.81640167
174.93600011,0.04414743,0.01949523,0.00900000,0.72227448,0.20695752,0.83256747
175.03600001,0.04467322,0.02150613,0.00900000,0.74774117,0.21019106,0.83004037
175.13600016,0.03409233,0.01939390,0.01800000,0.73786099,0.21517443,0.84057569
175.23600006,0.03080698,0.02236940,0.01900000,0.71833776,0.21642755,0.81179769
175.33600020,0.02923448,0.02553106,0.02100000,0.73389591,0.21774098,0.78634471
175.43600011,0.03046415,0.02998910,0.02000000,0.75830307,0.22581842,0.77284257
175.53600001,0.03025021,0.03078531,0.02000000,0.73563880,0.22630650,0.78962477
175.63700008,0.03106084,0.03055739,0.01900000,0.72922896,0.23356926,0.78303840
175.73699999,0.02902117,0.03260033,0.01900000,0.74230035,0.23854318,0.76861546
175.83700013,0.03322512,0.02716140,0.01900000,0.76174133,0.23658031,0.77735032
175.93700004,0.03049443,0.02982130,0.02000000,0.76936289,0.23569267,0.76596084
176.03700018,0.02589818,0.03260958,0.02500000,0.76736372,0.24138219,0.78087946
176.13700008,0.02235378,0.03115138,0.02400000,0.76210500,0.23495455,0.77631507
176.23699999,0.02204386,0.03281262,0.02200000,0.78646893,0.23719417,0.75353813
176.33700013,0.01934159,0.03249219,0.02200000,0.78563645,0.23671670,0.77163303
176.43700004,0.02492775,0.03612627,0.02700000,0.78488065,0.24701612,0.79963451
176.53700018,0.02784193,0.03414889,0.02990000,0.78387702,0.25162252,0.77643476
176.63700008,0.02858088,0.03465218,0.02900000,0.80508571,0.25560358,0.76403427
176.73699999,0.02794579,0.03718444,0.02900000,0.77947789,0.26175891,0.77709183
176.83700013,0.02800557,0.03749478,0.03100000,0.79718894,0.26362390,0.77732108
176.93800020,0.02918509,0.03878260,0.02500000,0.78858175,0.26080109,0.77002222
177.03800011,0.03000134,0.04130871,0.02400000,0.78102334,0.26743180,0.78074573
177.13800001,0.03221693,0.04362052,0.02000000,0.77316338,0.27095112,0.77164296
177.23800015,0.03203949,0.04372038,0.01600000,0.77385295,0.26634910,0.78120415
177.33800006,0.02978728,0.04177413,0.02400000,0.76989702,0.26368554,0.76695325
177.43800020,0.02786409,0.04204905,0.02790000,0.77837197,0.26765044,0.75628624
177.53800011,0.02745369,0.04525831,0.03090000,0.75416163,0.26591028,0.74598522
177.63800001,0.02875963,0.04579000,0.03190000,0.76074260,0.26555391,0.74241793
177.73800015,0.03114010,0.04824183,0.02890000,0.76859570,0.27016123,0.76493717
177.83800006,0.03155262,0.04938555,0.02690000,0.77128342,0.27048565,0.74800252
177.93800020,0.03051239,0.04756263,0.03100000,0.76805689,0.26345812,0.73982306
178.03800011,0.03093574,0.04812847,0.02600000,0.76058215,0.26733754,0.71657399
178.13800001,0.03256465,0.05042582,0.02500000,0.74758608,0.26483386,0.71870889
178.23900008,0.03353967,0.05274287,0.02200000,0.70631921,0.26745458,0.68676146
178.33899999,0.02929656,0.04984217,0.03490000,0.69638731,0.25370904,0.76711559
178.43900013,0.03175923,0.05075817,0.03300000,0.69263292,0.25883559,0.77996815
178.53900003,0.02717023,0.05583931,0.03600000,0.68758958,0.27698184,0.79059310
178.63900018,0.02816893,0.06009194,0.02990000,0.68510880,0.28264502,0.72709739
178.73900008,0.02520447,0.06483907,0.02990000,0.68222552,0.28208720,0.72560973
178.83899999,0.02330403,0.05994850,0.03190000,0.67317460,0.27959865,0.75726973
178.93900013,0.02220217,0.05931259,0.03790000,0.67336051,0.27724771,0.82308157
179.03900003,0.02238990,0.06139375,0.03890000,0.66481204,0.27972608,0.83194315
179.13900018,0.02082741,0.06571506,0.03890000,0.65562328,0.27970664,0.83354678
179.23900008,0.02622662,0.06589851,0.03890000,0.68185509,0.27596856,0.83298535
179.33899999,0.01674339,0.06182685,0.03690000,0.66662282,0.27265883,0.81865132
179.43900013,0.01534897,0.06261078,0.04090000,0.66991259,0.27397393,0.78238579
179.54000020,0.01346399,0.04175645,0.04120000,0.67460326,0.23451037,0.75485876
179.64000010,0.01661255,0.04535276,0.04010000,0.68273386,0.24050046,0.76715704
179.74000001,0.01787941,0.06382928,0.03990000,0.67862896,0.27002175,0.75975869
179.84000015,0.02280905,0.04471943,0.04220000,0.68957540,0.24690635,0.77933269
179.94000006,0.02854015,0.07114394,0.03790000,0.67252129,0.28565569,0.77337398
180.04000020,0.02504796,0.03359300,0.04010000,0.69395041,0.24085305,0.75568134
180.14000010,0.02593039,0.03672145,0.02710000,0.71626922,0.24461515,0.66959572
180.24000001,0.03257213,0.06199239,0.02190000,0.70754184,0.28143511,0.67421555
180.34000015,0.02964726,0.04559956,0.01820000,0.73260599,0.26110651,0.67147141
180.44000006,0.03179561,0.06954451,0.01590000,0.74990444,0.29865613,0.70281046
180.54000020,0.03368505,0.04189663,0.01920000,0.71699684,0.26079426,0.70659699
180.64000010,0.03391312,0.04433498,0.01620000,0.75628022,0.27145938,0.70085256
180.74000001,0.03704662,0.06521225,0.01400000,0.78554679,0.30760109,0.69608513
180.84100008,0.03498033,0.03999596,0.01320000,0.78839635,0.26828919,0.67968116
180.94099998,0.03684675,0.03954146,0.01820000,0.82523916,0.27188784,0.69305514
181.04100013,0.04031683,0.04275527,0.02330000,0.81395106,0.26680271,0.71166035
181.14100003,0.03893840,0.04071819,0.02120000,0.79470702,0.26828217,0.69537876
181.24100018,0.04014555,0.03898249,0.02120000,0.77334050,0.26285276,0.71081887
181.34100008,0.04073653,0.03528477,0.02020000,0.79824143,0.25990494,0.72895884
181.44099998,0.04221694,0.03551704,0.02020000,0.80978165,0.27008049,0.71584545
181.54100013,0.04205090,0.03438505,0.02020000,0.79642310,0.26324066,0.71748728
181.64100003,0.03727188,0.03432473,0.02020000,0.74275828,0.26539520,0.71807599
181.74100018,0.03589501,0.03228495,0.02020000,0.74259507,0.26953980,0.71487772
181.84100008,0.03594723,0.02851625,0.02220000,0.76771089,0.26750119,0.70675676
181.94099998,0.03338290,0.02982217,0.01810000,0.77492641,0.26625170,0.69622922
182.04100013,0.02700900,0.03117618,0.01820000,0.71166848,0.26202608,0.69835875
182.14200020,0.02655150,0.02770104,0.02110000,0.71420005,0.25824144,0.68620343
182.24200010,0.02431439,0.02289498,0.02210000,0.71013628,0.24851622,0.69455369
182.34200001,0.02770745,0.02031618,0.02410000,0.70027967,0.25386914,0.69262508
182.44200015,0.02792761,0.02422269,0.02110000,0.70945561,0.25916123,0.69652483
182.54200006,0.02609096,0.02628045,0.02210000,0.69192991,0.25898425,0.73563668
182.64200020,0.02500989,0.02555397,0.02510000,0.70371354,0.25383440,0.77438620
182.74200010,0.02354626,0.02427805,0.02610000,0.67748742,0.24542581,0.80155765
182.84200001,0.02568243,0.02271460,0.03310000,0.67534393,0.24658353,0.82195988
182.94200015,0.02569683,0.02432802,0.03110000,0.67492855,0.24060099,0.82382263
183.04200006,0.02269967,0.02663466,0.03010000,0.69020826,0.23800366,0.82474440
183.14200020,0.02166556,0.02479544,0.03010000,0.66222274,0.23288512,0.84755634
183.24200010,0.02399967,0.02103202,0.02910000,0.62654782,0.22477556,0.87862737
183.34200001,0.02366796,0.02369194,0.03520000,0.62662154,0.22942171,0.88318835
183.44300008,0.02496515,0.02322911,0.03520000,0.61035440,0.22843862,0.86337030
183.54299998,0.02363117,0.02277516,0.03410000,0.58831191,0.22529140,0.83035314
183.64300013,0.02365784,0.01611975,0.03210000,0.62218972,0.21142895,0.83985320
183.74300003,0.02298161,0.01590898,0.03120000,0.61362500,0.21086259,0.83178603
183.84300017,0.02180207,0.01620864,0.03010000,0.65453331,0.20932484,0.84620532
183.94300008,0.02155794,0.01542191,0.02910000,0.66292612,0.20808353,0.88560213
184.04299998,0.01953381,0.01413790,0.03110000,0.63492545,0.20897829,0.89211804
184.14300013,0.02224163,0.01800222,0.04020000,0.66351589,0.22102597,0.92962527
184.24300003,0.02159898,0.01733101,0.04410000,0.70344047,0.20785677,0.95081970
184.34300017,0.02734446,0.01030731,0.04710000,0.73301712,0.20944052,0.92654550
184.44300008,0.02734811,0.00962191,0.04610000,0.72194305,0.20584967,0.91284918
184.54299998,0.02677961,0.00806923,0.04610000,0.75375274,0.20069288,0.91871091
184.64300013,0.03234030,0.01119843,0.03820000,0.79299587,0.20482319,0.87192673
184.74300003,0.03244174,0.01005702,0.03710000,0.81660221,0.20131485,0.86464014
184.84400010,0.02887320,0.00907955,0.04520000,0.77661606,0.19779508,0.91992186
184.94400001,0.02976088,0.00720140,0.04510000,0.76499152,0.19090464,0.96216091
185.04400015,0.02769728,0.00379221,0.04810000,0.76519737,0.18536427,0.93373309
185.14400005,0.02422967,0.00069516,0.04800000,0.78262725,0.19067640,0.90526411
185.24400020,0.01915392,0.00299621,0.04900000,0.76001656,0.19816339,0.90686921
185.34400010,0.02156771,0.00265402,0.04410000,0.75503860,0.20958814,0.90336521
185.44400001,0.03365899,0.00004995,0.03910000,0.75406938,0.21493072,0.84970190
185.54400015,0.02133239,0.00047890,0.03200000,0.73028126,0.21055918,0.83159663
185.64400005,0.01631309,0.00585262,0.03100000,0.72492472,0.21254269,0.82162476
185.74400020,0.01375560,0.00845657,0.03000000,0.70450173,0.22159902,0.79616922
185.84400010,0.01050076,0.01380087,0.03800000,0.72414866,0.23140444,0.77869818
185.94400001,0.01836301,0.01910628,0.04300000,0.72622204,0.22773047,0.82011223
186.04400015,0.01555501,0.01911574,0.04200000,0.72161253,0.22919030,0.81674655
186.14499998,0.01311173,0.01970819,0.04300000,0.69547018,0.22887898,0.82024314
186.24500012,0.00636028,0.02137281,0.04500000,0.67478468,0.23010837,0.81233378
186.34500003,0.00185335,0.02542332,0.04290000,0.69578410,0.24816940,0.80764557
186.44500017,0.00212676,0.02674933,0.03790000,0.70257675,0.25691075,0.78062534
186.54500008,0.00701841,0.02935340,0.03690000,0.71566581,0.25409485,0.80065126
186.64499998,0.01299381,0.03136687,0.03590000,0.72717337,0.25688400,0.84064958
186.74500012,0.01791719,0.03164197,0.03590000,0.71841655,0.25578551,0.83878867
186.84500003,0.02282298,0.03226828,0.03480000,0.71487479,0.24961784,0.84905929
186.94500017,0.02815125,0.03343751,0.03480000,0.70318832,0.25020178,0.85146813
187.04500008,0.03312442,0.03471978,0.03380000,0.69345454,0.24510312,0.81004881
187.14499998,0.03798255,0.03601313,0.03280000,0.71176273,0.24161047,0.82242761
187.24500012,0.04211035,0.03698011,0.03280000,0.71679746,0.24157633,0.84017441
187.34500003,0.04704717,0.03831714,0.03170000,0.73816480,0.24522959,0.85536847
187.44600010,0.05320322,0.03948503,0.02980000,0.74530453,0.24313893,0.84832029
187.54600000,0.05897148,0.03896786,0.02870000,0.74924064,0.24694754,0.86963609
187.64600015,0.06413046,0.03703437,0.02970000,0.71251076,0.24947826,0.87692663
187.74600005,0.07049840,0.04164607,0.02060000,0.74284332,0.25427449,0.87862560
187.84600019,0.07156004,0.05080364,0.01470000,0.75254785,0.26072159,0.88695052
187.94600010,0.07566524,0.05353748,0.01270000,0.74896042,0.25916882,0.86577302
188.04600000,0.07453123,0.05942050,0.00770000,0.73354582,0.27615364,0.81113133
188.14600015,0.07471307,0.04802580,0.01670000,0.70644683,0.26109643,0.81750714
188.24600005,0.07297835,0.03142818,0.02970000,0.69521674,0.24664977,0.84290984
188.34600019,0.07097389,0.01843928,0.04380000,0.72602594,0.21913950,0.88801918
188.44600010,0.06951805,0.01438473,0.04670000,0.73654999,0.21586661,0.87813820
188.54600000,0.08424993,0.03666388,0.02460000,0.73967745,0.24181366,0.80600637
188.64600015,0.09183849,0.01483074,0.02470000,0.73549281,0.20315264,0.80154539
188.74699998,0.09253256,0.00956948,0.03370000,0.73745841,0.20616313,0.85217932
188.84700012,0.08644995,0.01481236,0.03670000,0.72210739,0.20879726,0.84217234
188.94700003,0.07878089,0.00010971,0.02570000,0.69990535,0.20162207,0.79977461
189.04700017,0.08501156,0.00012198,0.02480000,0.70440132,0.20312523,0.80833088
189.14700007,0.06077504,0.01138438,0.03480000,0.68021351,0.21201960,0.85419755
189.24699998,0.06464331,0.01400796,0.03380000,0.71744221,0.21775650,0.83816671
189.34700012,0.02700907,0.01013115,0.01290000,0.67654980,0.21718490,0.79058014
189.44700003,0.02485310,0.00907818,0.00400000,0.67398454,0.21742485,0.74600414
189.54700017,0.01642983,0.00932259,0.00100000,0.66707249,0.20753394,0.71809722
189.64700007,0.01617943,0.00367778,0.00100000,0.64305791,0.19913617,0.70100746
189.74699998,0.01938203,0.00297774,0.00210000,0.66035133,0.19118768,0.69091523
189.84700012,0.01235385,0.00652628,0.00190000,0.64944464,0.19774446,0.67424036
189.94700003,0.00513583,0.01688411,0.00400000,0.64757040,0.20344044,0.66499718
190.04700017,0.00087609,0.01414470,0.01600000,0.64829256,0.20467349,0.67324554
190.14800000,0.00845561,0.01064625,0.02900000,0.65278637,0.21541151,0.68699558
190.24800014,0.00682699,0.01183352,0.03200000,0.63713274,0.21889189,0.69981881
190.34800005,0.01676269,0.02283730,0.03200000,0.62340614,0.22616053,0.70206723
190.44800019,0.02116604,0.02328967,0.03300000,0.64809386,0.23268488,0.72896516
190.54800010,0.02080025,0.02187944,0.03900000,0.62244165,0.23835499,0.75739606
190.64800000,0.02236915,0.02038115,0.04200000,0.63260445,0.23676740,0.73642392
190.74800014,0.02171641,0.02248772,0.04500000,0.64033223,0.23786107,0.72062125
190.84800005,0.02535800,0.01792155,0.04990000,0.61944889,0.22775242,0.72499534
190.94800019,0.02443620,0.01700947,0.04500000,0.61809788,0.22357319,0.74273013
191.04800010,0.02283627,0.01571321,0.03790000,0.59824630,0.22672436,0.77495517
191.14800000,0.01752949,0.01422171,0.03000000,0.58807799,0.22102046,0.73474279
191.24800014,0.01502212,0.01502352,0.02800000,0.58206558,0.22239009,0.74148748
191.34899998,0.01547497,0.02369505,0.00800000,0.57407646,0.22706129,0.72868510
191.44900012,0.01449701,0.02540643,0.00000000,0.55560726,0.22587310,0.73485347
191.54900002,0.01302301,0.02609313,0.00300000,0.56469045,0.21786089,0.74190517
191.64900017,0.01592441,0.02459803,0.00000000,0.57952869,0.20713541,0.74602543
191.74900007,0.01544190,0.02650562,0.00900000,0.56621093,0.23294863,0.75594744
191.84899998,0.01186231,0.04290554,0.03800000,0.55849247,0.24824235,0.78390755
191.94900012,0.00971469,0.03874113,0.04000000,0.59237390,0.25060567,0.85875078
192.04900002,0.00812125,0.03630765,0.04300000,0.60228761,0.24524261,0.86221998
192.14900017,0.01037329,0.04175697,0.03600000,0.61307097,0.24732105,0.81129030
192.24900007,0.01081753,0.04451776,0.03700000,0.60264957,0.24766906,0.80429060
192.34899998,0.00925069,0.04025115,0.04500000,0.59083318,0.24583499,0.86622827
192.44900012,0.01295230,0.04133664,0.04100000,0.59457325,0.24031770,0.83997303
192.54900002,0.01257275,0.04520825,0.03890000,0.59209234,0.24856407,0.85782454
192.65000010,0.01560143,0.02281393,0.03910000,0.59585940,0.21943396,0.85720837
192.75000000,0.01530732,0.04734486,0.04000000,0.62269224,0.25654241,0.87927277
192.85000014,0.02113586,0.02015776,0.03410000,0.59098165,0.22331733,0.81215036
192.95000005,0.02984448,0.04924010,0.03300000,0.65272945,0.25819234,0.81554993
193.05000019,0.03170602,0.01439090,0.03320000,0.65082001,0.22705550,0.84431212
193.15000010,0.02460400,0.01456993,0.03710000,0.58314667,0.22377223,0.83864326
193.25000000,0.02583516,0.05585154,0.03700000,0.60314965,0.26579353,0.86253907
193.35000014,0.02807833,0.00521800,0.03510000,0.67622259,0.20492957,0.82379918
193.45000005,0.02929493,0.06390256,0.03500000,0.69501784,0.27680701,0.83649140
193.55000019,0.02790162,0.00084829,0.03510000,0.66704080,0.20331251,0.83917572
193.65000010,0.00976862,0.02107401,0.05510000,0.60364592,0.22081351,0.89859003
193.75000000,0.01053368,0.04740213,0.04490000,0.60850556,0.26211501,0.91052459
193.85000014,0.01165982,0.02275299,0.05910000,0.62113879,0.22167089,0.92914389
193.95099998,0.00776195,0.01930420,0.06810000,0.62624560,0.22321066,0.91084603
194.05100012,0.00749452,0.01828885,0.06810000,0.62060473,0.22498572,0.87881186
194.15100002,0.00867080,0.01688749,0.06210000,0.63639739,0.22331993,0.87865305
194.25100017,0.01262471,0.01291150,0.05500000,0.64852531,0.21763446,0.87331086
194.35100007,0.01975137,0.01533569,0.04410000,0.66776200,0.22252888,0.88475914
194.45099998,0.02064904,0.01925687,0.04210000,0.66328278,0.22680544,0.87126735
194.55100012,0.02945296,0.01932675,0.02610000,0.72106853,0.22683986,0.81927164
194.65100002,0.03629343,0.01817022,0.02810000,0.71420881,0.22138786,0.82482915
194.75100017,0.03690367,0.01483103,0.02710000,0.71102018,0.22826655,0.84263836
194.85100007,0.03153840,0.01463931,0.03010000,0.72241764,0.23040325,0.84543633
194.95099998,0.03156849,0.01031165,0.03010000,0.74676330,0.22074974,0.84154956
195.05100012,0.03367810,0.00963927,0.03210000,0.73432366,0.21741524,0.86143310
195.15100002,0.02988288,0.00611012,0.02610000,0.74355958,0.21071187,0.85534465
195.25200009,0.03024921,0.00144064,0.02610000,0.74065250,0.21648126,0.85154848
195.35200000,0.02693805,0.00735267,0.02610000,0.72077594,0.22363271,0.84129200
195.45200014,0.03179962,0.00940821,0.02410000,0.77570257,0.22184132,0.83518880
195.55200005,0.03806099,0.00597084,0.02310000,0.75192822,0.22312149,0.83946053
195.65200019,0.03235430,0.01060657,0.01810000,0.72596478,0.22691591,0.84685617
195.75200009,0.03109459,0.00650740,0.01910000,0.72860629,0.21378581,0.84893684
195.85200000,0.02943910,0.00911698,0.01910000,0.73169694,0.22096019,0.83765590
195.95200014,0.03515818,0.01027191,0.01610000,0.75021791,0.22009349,0.82875997
196.05200005,0.03650367,0.00770790,0.01510000,0.76008371,0.22514353,0.82618969
196.15200019,0.03111182,0.00903244,0.01510000,0.77135380,0.21646083,0.81439422
196.25200009,0.03164110,0.00639069,0.01410000,0.80353092,0.20769714,0.84194722
196.35200000,0.03417155,0.00386071,0.01410000,0.79580160,0.19825642,0.82356614
196.45200014,0.03372138,0.00998342,0.00410000,0.78891520,0.20538703,0.83972577
196.55299997,0.03259403,0.01062070,0.00310000,0.79596160,0.20044230,0.81523367
196.65300012,0.03256211,0.01404560,0.00410000,0.81994972,0.21074766,0.80569601
196.75300002,0.03787586,0.01448549,0.00310000,0.84797543,0.21530336,0.80539309
196.85300016,0.03568009,0.01612144,0.00810000,0.83964365,0.20881719,0.78457789
196.95300007,0.03431661,0.01189875,0.01100000,0.81400252,0.20293505,0.81108607
197.05299997,0.03066069,0.01261514,0.01810000,0.83275362,0.20323639,0.84134889
197.15300012,0.02727379,0.01054610,0.02210000,0.80710709,0.20361180,0.84804825
197.25300002,0.02380749,0.01400941,0.02010000,0.81426907,0.20180455,0.83393228
197.35300016,0.01749083,0.02150350,0.02410000,0.80179966,0.21902803,0.83548866
197.45300007,0.01373785,0.02066692,0.02310000,0.77107954,0.22015595,0.85718577
197.55299997,0.01350888,0.01904416,0.02400000,0.77498331,0.21466314,0.84411827
197.65300012,0.01400023,0.01832795,0.02610000,0.77632843,0.21401674,0.90623822
197.75300002,0.01400188,0.01678235,0.02510000,0.78273502,0.22364176,0.90975463
197.85400009,0.01835940,0.01925467,0.02900000,0.79078473,0.22816922,0.90137373
197.95400000,0.01691676,0.02124343,0.03110000,0.79372924,0.21955482,0.88137076
198.05400014,0.01699097,0.02202356,0.02910000,0.77671271,0.22120327,0.87206792
198.15400004,0.01547657,0.02487923,0.03110000,0.76848967,0.22670789,0.85390076
198.25400019,0.01658307,0.02439286,0.03010000,0.76534626,0.22789292,0.83771785
198.35400009,0.01866837,0.01845703,0.02410000,0.73748326,0.21177298,0.83691045
198.45400000,0.01749580,0.01462282,0.01610000,0.72115808,0.19684671,0.79134817
198.55400014,0.01823405,0.01325215,0.01610000,0.70332013,0.20298118,0.78147000
198.65400004,0.01517846,0.01932005,0.01410000,0.70303810,0.21614331,0.77776141
198.75400019,0.01637502,0.01936695,0.01210000,0.72498882,0.21382782,0.77831649
198.85400009,0.01638627,0.02046779,0.01010000,0.72133253,0.21807214,0.76201122
198.95400000,0.01723463,0.01737865,0.01610000,0.73397511,0.20466553,0.76697076
199.05400014,0.01762953,0.01803163,0.02500000,0.74928655,0.20401799,0.81439166
199.15499997,0.01783795,0.01730917,0.02500000,0.74179159,0.20357793,0.83120400
199.25500011,0.01838914,0.01614743,0.02210000,0.73265061,0.20415370,0.80545421
199.35500002,0.01545625,0.01445663,0.02500000,0.72058535,0.20871561,0.78646153
199.45500016,0.01893394,0.01035404,0.01400000,0.75303763,0.21064495,0.73772240
199.55500007,0.01954685,0.00897222,0.01400000,0.77484188,0.20090953,0.75975835
199.65499997,0.01225475,0.01127258,0.01810000,0.70941615,0.20073558,0.75633323
199.75500011,0.01274337,0.01011369,0.01900000,0.72699537,0.19701073,0.83321694
199.85500002,0.00937094,0.01326482,0.02300000,0.74567001,0.19774588,0.83268391
199.95500016,0.00762060,0.01470294,0.02700000,0.75912740,0.20258939,0.84691828
200.05500007,0.00946293,0.01393388,0.02300000,0.78266478,0.21049988,0.83408781
200.15499997,0.00917155,0.01447110,0.02400000,0.78220344,0.21355460,0.81115042
200.25500011,0.01067595,0.01527855,0.02500000,0.76985785,0.21185717,0.83835839
200.35500002,0.00967575,0.01401677,0.01900000,0.78391573,0.21322181,0.82893685
200.45600009,0.00768834,0.01441490,0.01600000,0.77801374,0.22620776,0.76432278
200.55599999,0.00711160,0.01429983,0.01510000,0.80447380,0.22899332,0.73175400
200.65600014,0.00809418,0.02014285,0.01300000,0.81038310,0.24554979,0.76878223
200.75600004,0.00792168,0.02074457,0.01410000,0.80854643,0.24490396,0.76281205
200.85600019,0.01030379,0.02031137,0.00910000,0.80840298,0.24535915,0.73429551
200.95600009,0.01072245,0.01958466,0.01300000,0.81185999,0.24954329,0.72890576
201.05599999,0.01007310,0.01996929,0.01500000,0.81073761,0.25056440,0.77956824
201.15600014,0.01155640,0.01411629,0.00900000,0.79717825,0.23847238,0.73885006
201.25600004,0.01218232,0.01452209,0.00500000,0.80939512,0.23150391,0.72469743
201.35600019,0.01479996,0.01346147,0.00100000,0.85181234,0.22832156,0.73960723
201.45600009,0.01294732,0.01448264,0.00300000,0.83009962,0.23336237,0.73372798
201.55599999,0.01271146,0.01388052,0.00000000,0.83263369,0.23253924,0.73927976
201.65600014,0.01211789,0.01240350,0.00400000,0.85229016,0.23420857,0.74790685
201.75699997,0.01377250,0.01165497,0.00400000,0.89745370,0.23999742,0.75161177
201.85700011,0.01427109,0.00941786,0.00500000,0.90262008,0.23232053,0.76213076
201.95700002,0.01526760,0.01101819,0.00110000,0.89556368,0.23881668,0.76118007
202.05700016,0.01582094,0.01387472,0.00400000,0.87678104,0.24623256,0.75728355
202.15700006,0.01699855,0.01645446,0.00300000,0.87513787,0.25446283,0.76799648
202.25699997,0.01839563,0.01614221,0.00600000,0.88225709,0.25538699,0.75659513
202.35700011,0.01597255,0.01253506,0.00690000,0.86674562,0.25498702,0.78371348
202.45700002,0.01190194,0.01323608,0.00110000,0.85593229,0.25690425,0.77205266
202.55700016,0.01142534,0.01533759,0.00200000,0.82253252,0.44332711,0.80204568
202.65700006,0.00824799,0.01758154,0.00100000,0.77828716,0.43743848,0.79081546
202.75699997,0.00732832,0.01824790,0.00010000,0.78068474,0.42942563,0.79525815
202.85700011,0.00895920,0.01332302,0.00000000,0.73877216,0.41705572,0.78698095
202.95700002,0.01027801,0.01181578,0.00190000,0.71918880,0.38547551,0.78062085
203.05700016,0.01082947,0.00696367,0.00100000,0.71860664,0.38797254,0.78198881
203.15799999,0.00951703,0.00814101,0.00300000,0.66082286,0.44795420,0.76985966
203.25800014,0.01005523,0.01015196,0.00400000,0.65692819,0.41632118,0.76707468
203.35800004,0.00899847,0.00931867,0.00700000,0.66917187,0.41850707,0.74875090
203.45800018,0.00456786,0.00848143,0.00300000,0.62999814,0.43174826,0.73461303
203.55800009,0.00486845,0.00854565,0.00300000,0.66338150,0.45374839,0.76753497
203.65799999,0.00486284,0.00380431,0.00300000,0.63748913,0.50591017,0.76245299
203.75800014,0.00360217,0.00308291,0.00200000,0.63877286,0.42976135,0.73680992
203.85800004,0.00460154,0.00317425,0.01100000,0.63550739,0.41116130,0.78649920
203.95800018,0.00202027,0.00560076,0.01400000,0.63987860,0.42453538,0.80962210
204.05800009,0.00516354,0.01027365,0.00790000,0.61679276,0.49291252,0.77813487
204.15799999,0.00361145,0.01763512,0.00890000,0.61152285,0.51885303,0.79974921
204.25800014,0.00245891,0.02150520,0.00590000,0.63521519,0.48594716,0.81251901
204.35899997,0.00859684,0.02067231,0.00490000,0.63913313,0.49570712,0.83934054
204.45900011,0.01570836,0.01656947,0.00110000,0.69695611,0.45151707,0.82283251
204.55900002,0.01184602,0.02135326,0.00310000,0.69505256,0.47313451,0.82969187
204.65900016,0.00448035,0.03260593,0.00090000,0.64688106,0.48674997,0.81457360
204.75900006,0.00250119,0.03451310,0.00180000,0.61597796,0.47205980,0.83255111
204.85899997,0.00339778,0.03678580,0.00890000,0.63971596,0.44857464,0.82634379
204.95900011,0.00538627,0.03772901,0.00680000,0.62866936,0.48729726,0.81464695
205.05900002,0.00831402,0.03570612,0.00490000,0.62748843,0.47108497,0.80652576
205.15900016,0.01000643,0.04396364,0.00980000,0.66507669,0.51946323,0.81625828
205.25900006,0.00643848,0.04663138,0.00980000,0.59141512,0.50835459,0.83554300
205.35899997,0.00965083,0.04152880,0.00780000,0.63068185,0.50473431,0.83419306
205.45900011,0.00370689,0.04542971,0.00680000,0.59669131,0.49853257,0.82106671
205.55900002,0.00393567,0.03518964,0.01090000,0.58031776,0.51578071,0.80302967
205.66000009,0.00108851,0.00322105,0.01900000,0.58118950,0.48800353,0.82910367
205.75999999,0.00058106,0.00192416,0.01900000,0.58936500,0.51464623,0.83815894
205.86000013,0.00915526,0.06170155,0.01820000,0.63235227,0.58830264,0.84516153
205.96000004,0.00430793,0.01265590,0.01800000,0.59125603,0.53996676,0.82623405
206.06000018,0.00995219,0.07453834,0.01830000,0.65457648,0.57134529,0.83210308
206.16000009,0.00728388,0.02801866,0.02020000,0.61594478,0.55449524,0.84329862
206.25999999,0.00668725,0.03616353,0.02010000,0.61235153,0.58581943,0.83257951
206.36000013,0.00896734,0.09823323,0.02040000,0.65030734,0.59337153,0.83249372
206.46000004,0.00620988,0.05204918,0.02120000,0.58686052,0.52043392,0.83961700
206.56000018,0.00885972,0.11608318,0.02050000,0.61078937,0.58207330,0.83013700
206.66000009,0.00813299,0.06906594,0.01930000,0.57096604,0.58368388,0.80951784
206.75999999,0.00889407,0.07721772,0.01630000,0.59522624,0.65783457,0.81008975
206.86000013,0.01112248,0.14236464,0.01560000,0.65483124,0.67302743,0.79135378
206.96000004,0.01040733,0.09428694,0.01430000,0.64699836,0.61579462,0.75234318
207.06100011,0.01245484,0.16075558,0.01560000,0.63456583,0.68507413,0.78258785
207.16100001,0.00944230,0.17034780,0.01360000,0.64019214,0.70648170,0.71213572
207.26100016,0.00943923,0.18227896,0.01470000,0.62779934,0.73087781,0.72147685
207.36100006,0.00971179,0.19336396,0.02080000,0.62582815,0.76821914,0.76568860
207.46100020,0.00937989,0.20478649,0.01980000,0.57435194,0.75101941,0.73158439
207.56100011,0.00952288,0.21736282,0.01980000,0.60998215,0.71608527,0.74154638
207.66100001,0.00804593,0.22908189,0.01990000,0.56821640,0.75500044,0.73851146
207.76100016,0.00730041,0.24116358,0.01400000,0.55704999,0.75032085,0.71535374
207.86100006,0.00464995,0.25385661,0.00700000,0.55948386,0.76920419,0.71980315
207.96100020,0.00309271,0.26537650,0.00600000,0.55515639,0.73752946,0.74239810
208.06100011,0.00142920,0.27819153,0.00400000,0.57533612,0.72250285,0.71190881
208.16100001,0.00164219,0.29097306,0.00910000,0.58926300,0.73828692,0.73271189
208.26100016,0.00170902,0.30397967,0.00720000,0.58764814,0.76578412,0.72798722
208.36199999,0.00115058,0.31835577,0.00420000,0.60315749,0.74934740,0.71254092
208.46200013,0.00147230,0.33068479,0.00520000,0.60146023,0.78640593,0.72086134
208.56200004,0.00735589,0.32782529,0.01020000,0.63061844,0.76031390,0.71747960
208.66200018,0.00657948,0.32487144,0.00930000,0.66607956,0.74053699,0.73342336
208.76200008,0.00861187,0.33644173,0.00730000,0.68373390,0.78619046,0.72714630
208.86199999,0.00539949,0.30287109,0.00220000,0.64801435,0.71416797,0.71163481
208.96200013,0.01328973,0.27090706,0.00500000,0.64433978,0.72197408,0.73265545
209.06200004,0.01459704,0.22461882,0.00180000,0.65035477,0.74956531,0.72416819
209.16200018,0.02074416,0.20518940,0.00130000,0.67189182,0.76163706,0.73637121
209.26200008,0.02035178,0.20715812,0.00120000,0.67937301,0.80897076,0.73125056
209.36199999,0.02435347,0.17897038,0.01340000,0.69368456,0.78037831,0.74622757
209.46200013,0.01882783,0.17718491,0.01440000,0.63736321,0.74951300,0.77249887
209.56200004,0.00496082,0.16099764,0.01740000,0.63150382,0.70565874,0.76476745
209.66300011,0.00631996,0.15429659,0.01640000,0.63366895,0.66036203,0.78393413
209.76300001,0.00634876,0.15480786,0.01940000,0.66693520,0.64592051,0.81937623
209.86300015,0.00517371,0.14006781,0.02940000,0.68805420,0.64364352,0.87620078
209.96300006,0.00190424,0.13092499,0.03150000,0.66959159,0.58301357,0.88917706
210.06300020,0.00199180,0.12315045,0.03550000,0.67604766,0.57183139,0.90483723
210.16300011,0.00982309,0.11869809,0.03560000,0.70163706,0.56398299,0.91180440
210.26300001,0.01451792,0.11663529,0.03450000,0.72583559,0.57596369,0.91415937
210.36300015,0.00868909,0.11407269,0.03460000,0.71477960,0.56620247,0.92743083
210.46300006,0.00950159,0.11384270,0.03560000,0.69609404,0.59322421,0.91572159
210.56300020,0.01187973,0.10885675,0.04460000,0.68668049,0.51179118,0.94401430
210.66300011,0.01564127,0.11011195,0.04460000,0.71046476,0.54694806,0.91790235
210.76300001,0.01521211,0.10773064,0.03560000,0.71762015,0.52067864,0.93526238
210.86300015,0.02581229,0.11098295,0.01860000,0.79939487,0.56757651,0.83827768
210.96399999,0.03331175,0.11466794,0.01760000,0.82956413,0.58799750,0.80504770
211.06400013,0.03543316,0.11571150,0.01060000,0.84190496,0.56674587,0.78417234
211.16400003,0.03065585,0.11112186,0.01760000,0.80426699,0.51789047,0.79301268
211.26400018,0.02852908,0.11163128,0.02160000,0.78728022,0.51595302,0.79354660
211.36400008,0.03100955,0.11208036,0.03260000,0.81348451,0.54600422,0.80162973
211.46399999,0.03570028,0.11842994,0.03760000,0.80662561,0.58926520,0.85779430
211.56400013,0.04561155,0.12382999,0.03360000,0.82809312,0.57254414,0.81829298
211.66400003,0.04466796,0.12153692,0.02650000,0.81273230,0.57717834,0.82390473
211.76400018,0.03515719,0.11744949,0.02160000,0.79673603,0.54901353,0.83330975
211.86400008,0.03873904,0.11954922,0.00960000,0.78085191,0.52743124,0.82561970
211.96399999,0.04186206,0.12311786,0.00650000,0.80623944,0.53282912,0.80856709
212.06400013,0.04911208,0.12801349,0.00460000,0.85418701,0.59784444,0.79277498
212.16400003,0.05018192,0.13078618,0.00260000,0.86889878,0.66568630,0.81877664
212.26500010,0.04737872,0.12994482,0.00960000,0.89115662,0.68903764,0.79621816
212.36500001,0.04156714,0.12801981,0.01250000,0.88660809,0.70016203,0.78250099
212.46500015,0.04116108,0.12793129,0.00960000,0.89938580,0.72917341,0.78699243
212.56500006,0.03968421,0.12943679,0.00850000,0.89854479,0.74094641,0.77498662
212.66500020,0.03655861,0.13266517,0.00050000,0.90890728,0.75105314,0.77247426
212.76500010,0.02943208,0.12310956,0.00550000,0.89287237,0.70926975,0.77033315
212.86500001,0.00092404,0.06148655,0.02120000,0.81539360,0.62399187,0.76680796
212.96500015,0.01963454,0.02200602,0.02910000,0.84659183,0.55528649,0.75408414
213.06500006,0.02187162,0.01726043,0.03510000,0.85576230,0.48513542,0.75062928
213.16500020,0.02262098,0.02008958,0.04710000,0.84334400,0.44494511,0.73177692
213.26500010,0.02483888,0.02110237,0.04510000,0.84109137,0.47788859,0.72327463
213.36500001,0.02232089,0.02240263,0.05110000,0.81826515,0.46874007,0.73354544
213.46500015,0.01867384,0.02004314,0.05610000,0.82571340,0.45515582,0.71172580
213.56599998,0.01838933,0.02161209,0.06510000,0.84281801,0.46816045,0.76447441
213.66600013,0.01494608,0.02150895,0.07010000,0.83750615,0.43700657,0.75490444
213.76600003,0.01619251,0.02300288,0.07010000,0.83557957,0.45595282,0.78027802
213.86600018,0.00760331,0.02291200,0.07810000,0.80225503,0.45882689,0.75350403
213.96600008,0.00474876,0.02155387,0.08000000,0.79665336,0.42354475,0.77598965
214.06599998,0.00916153,0.01576440,0.07310000,0.80949340,0.46810590,0.77981789
214.16600013,0.00968039,0.01449103,0.07500000,0.80998711,0.41602821,0.80569174
214.26600003,0.01176305,0.01342686,0.07510000,0.82578603,0.44950961,0.82939984
214.36600018,0.01767740,0.01702203,0.06600000,0.82082091,0.46893243,0.76071065
214.46600008,0.01920506,0.01464806,0.06710000,0.82934903,0.44247682,0.75304515
214.56599998,0.02034099,0.01021587,0.07010000,0.83841249,0.48217643,0.73495707
214.66600013,0.01885036,0.00792236,0.06510000,0.85609879,0.44940490,0.71503309
214.76600003,0.01436139,0.00876358,0.06600000,0.84550144,0.48110699,0.73918932
214.86700010,0.01541622,0.00684327,0.06700000,0.84119958,0.47968363,0.74697092
214.96700001,0.01783167,0.00623551,0.06400000,0.84503442,0.41543959,0.75651469
215.06700015,0.01981677,0.00437673,0.06110000,0.85070768,0.41253403,0.75886240
215.16700006,0.01784053,0.00165995,0.06000000,0.82225004,0.39299867,0.74565958
215.26700020,0.01300567,0.00236906,0.06710000,0.83168726,0.16106129,0.73247925
215.36700010,0.01399220,0.00563723,0.07200000,0.83992410,0.16208687,0.76054396
215.46700001,0.01332951,0.00497434,0.08000000,0.84386414,0.16409842,0.78016776
215.56700015,0.01539805,0.00430232,0.07400000,0.82941587,0.15401167,0.77422863
215.66700006,0.01540473,0.00535390,0.07600000,0.81925886,0.15629000,0.76950508
215.76700020,0.01401162,0.00667567,0.08000000,0.80978740,0.15696084,0.77326844
215.86700010,0.01276786,0.00729122,0.07900000,0.82263747,0.16115659,0.77694216
215.96700001,0.00781086,0.01052856,0.07800000,0.80108919,0.17342784,0.77168170
216.06700015,0.00629651,0.01451530,0.07500000,0.78007270,0.17975738,0.78524929
216.16799998,0.01532615,0.01279488,0.07500000,0.81560100,0.17391252,0.79630590
216.26800013,0.01564725,0.00993094,0.08200000,0.80783443,0.16769921,0.83385417
216.36800003,0.01014100,0.00850942,0.09300000,0.76981033,0.16757876,0.89153152
216.46800017,0.00986212,0.01330371,0.09700000,0.78593409,0.17072884,0.89501022
216.56800008,0.01421185,0.01921726,0.09700000,0.83156567,0.18552509,0.90025077
216.66799998,0.00937481,0.02205160,0.09890000,0.76056126,0.19799498,0.89488748
216.76800013,0.00618749,0.01971129,0.09300000,0.78384172,0.18231567,0.90029807
216.86800003,0.00243980,0.02118130,0.09790000,0.79637989,0.17890414,0.89525314
216.96800017,0.00526483,0.02201776,0.09490000,0.81311042,0.18528148,0.90958666
217.06800008,0.01174747,0.02231450,0.07900000,0.86382940,0.18540522,0.84668462
217.16799998,0.01330683,0.02395805,0.07390000,0.83135360,0.19402779,0.82498018
217.26800013,0.01401818,0.02327103,0.07400000,0.81347989,0.18446637,0.79333052
217.36800003,0.01239344,0.02203367,0.07890000,0.83248112,0.18531621,0.77698256
217.46900010,0.00529383,0.02383160,0.09600000,0.82075830,0.19129670,0.84217791
217.56900001,0.00678473,0.02300386,0.09190000,0.81516813,0.19005010,0.81127816
217.66900015,0.00819644,0.02234700,0.09000000,0.79975588,0.18862043,0.81135827
217.76900005,0.01031132,0.02326385,0.08090000,0.82826033,0.19017275,0.79065974
217.86900020,0.01272506,0.02111523,0.06700000,0.83766814,0.19340156,0.74575003
217.96900010,0.00935306,0.02169194,0.06490000,0.76895513,0.18430467,0.72124967
218.06900001,0.00427377,0.02218885,0.07200000,0.74919425,0.19345691,0.72133451
218.16900015,0.00493635,0.02085192,0.07390000,0.75568710,0.19399687,0.74120954
218.26900005,0.00658708,0.01941289,0.07600000,0.76012762,0.19759674,0.73646537
218.36900020,0.00665825,0.02391815,0.07590000,0.73513163,0.21224417,0.75842093
218.46900010,0.00953599,0.02837719,0.07100000,0.73604795,0.21602757,0.74453646
218.56900001,0.00858733,0.02752504,0.07190000,0.73753308,0.21168015,0.73968572
218.66900015,0.00570005,0.02677610,0.07400000,0.72991549,0.20899467,0.76751183
218.76999998,0.00644571,0.02506816,0.07290000,0.74949377,0.20670891,0.78221544
218.87000012,0.00116245,0.06500537,0.07220000,0.72140343,0.26599452,0.78916877
218.97000003,0.00180135,0.02491757,0.07190000,0.71010335,0.21182334,0.80848403
219.07000017,0.00286510,0.06208833,0.06420000,0.71764783,0.25719245,0.80332911
219.17000008,0.00726848,0.03097982,0.06190000,0.70714811,0.21585153,0.78769552
219.26999998,0.00462725,0.03105863,0.06580000,0.72895420,0.21939595,0.78959501
219.37000012,0.00134993,0.06237930,0.07220000,0.73063063,0.26480902,0.76822427
219.47000003,0.00082988,0.02650587,0.07890000,0.72469150,0.22020878,0.76133251
219.57000017,0.00042220,0.06171703,0.07420000,0.73973064,0.26724517,0.75995598
219.67000008,0.00133296,0.03127736,0.08090000,0.72780424,0.22759599,0.76535799
219.76999998,0.00146461,0.03563530,0.07790000,0.74061655,0.23012174,0.78843507
219.87000012,0.00348442,0.05244758,0.07220000,0.72885426,0.26824188,0.76474164
219.97000003,0.00050201,0.03721932,0.06890000,0.70617306,0.24969439,0.73950602
220.07100010,0.00140867,0.05181569,0.06920000,0.71650290,0.27260144,0.72189630
220.17100000,0.00957003,0.05317325,0.08710000,0.71040051,0.27479642,0.71853568
220.27100015,0.01153935,0.05423471,0.09010000,0.73673288,0.26975665,0.77588662
220.37100005,0.01022465,0.05340662,0.09120000,0.74630938,0.27373040,0.79070170
220.47100019,0.00485144,0.05067577,0.09120000,0.74291566,0.26920249,0.80385833
220.57100010,0.00081592,0.04968928,0.09320000,0.69727952,0.25417252,0.82528966
220.67100000,0.00075263,0.04896941,0.09520000,0.68059676,0.24571199,0.82772078
220.77100015,0.00791988,0.05203245,0.09610000,0.69459806,0.26674885,0.85386673
220.87100005,0.01233592,0.05223643,0.09520000,0.68996509,0.27464982,0.87321794
220.97100019,0.01711313,0.05066933,0.09820000,0.72590241,0.25360228,0.87884808
221.07100010,0.02075636,0.04888163,0.08810000,0.74893680,0.25898997,0.85733293
221.17100000,0.02180480,0.05186821,0.08920000,0.77548026,0.25582523,0.84060712
221.27100015,0.01888742,0.05419479,0.09020000,0.76315898,0.27996246,0.83632359
221.37199998,0.01771203,0.05527182,0.09210000,0.78158228,0.27509267,0.82058503
221.47200012,0.01942066,0.05362684,0.08610000,0.78713566,0.26532971,0.79110192
221.57200003,0.01819761,0.04853933,0.08910000,0.75940226,0.25729479,0.78376075
221.67200017,0.01286948,0.04967763,0.09010000,0.69723252,0.25725723,0.79905459
221.77200007,0.01558746,0.05317547,0.09120000,0.68634901,0.26698173,0.78943614
221.87199998,0.02059333,0.05193221,0.09220000,0.74888881,0.26947552,0.77902973
221.97200012,0.01987027,0.05128725,0.09510000,0.77598563,0.26407657,0.76008231
222.07200003,0.01242436,0.04920981,0.09410000,0.71087527,0.26171873,0.74492905
222.17200017,0.00790525,0.05022267,0.09010000,0.68448939,0.26053273,0.74077016
222.27200007,0.00044161,0.05253889,0.07720000,0.64720330,0.26669846,0.72975606
222.37199998,0.00221921,0.05401014,0.06720000,0.63737920,0.27226056,0.75784073
222.47200012,0.00770190,0.05303782,0.05620000,0.66644100,0.27147393,0.70718831
222.57200003,0.01436871,0.05079232,0.04620000,0.65365594,0.25650998,0.71670748
222.67300010,0.02123342,0.04775041,0.03520000,0.69852571,0.25540603,0.71207496
222.77300000,0.02409095,0.04515835,0.02620000,0.72362409,0.24618876,0.71142583
222.87300014,0.02126328,0.04330858,0.02710000,0.71564734,0.24966080,0.67429163
222.97300005,0.02067838,0.04228291,0.02620000,0.68202297,0.25063142,0.69206360
223.07300019,0.02228955,0.04197709,0.02720000,0.71509840,0.25074568,0.70421401
223.17300010,0.02219663,0.04107651,0.02510000,0.69156961,0.24725746,0.72684534
223.27300000,0.02485958,0.04158427,0.02120000,0.68277889,0.25238906,0.74951679
223.37300014,0.02257686,0.03540516,0.01720000,0.67698988,0.24643032,0.76167232
223.47300005,0.02714204,0.03284920,0.01110000,0.67493393,0.24558457,0.73662577
223.57300019,0.02933510,0.03327509,0.00820000,0.67013110,0.23775756,0.73797817
223.67300010,0.02822308,0.03325820,0.00420000,0.70073487,0.23955912,0.72750519
223.77300000,0.02243807,0.03994776,0.02010000,0.64077461,0.25483877,0.73501537
223.87300014,0.02023484,0.04149266,0.02620000,0.65313113,0.24863469,0.72220256
223.97399998,0.02568977,0.03787619,0.02020000,0.73441675,0.23803663,0.72816813
224.07400012,0.02593605,0.03639906,0.02010000,0.73090641,0.24609047,0.72306747
224.17400002,0.02531247,0.03860180,0.02020000,0.72535891,0.24937378,0.76305595
224.27400017,0.02558283,0.03826642,0.02020000,0.69496586,0.24642537,0.77082924
224.37400007,0.02430023,0.03402042,0.01810000,0.70975692,0.24008446,0.75439324
224.47399998,0.02524889,0.03180965,0.02020000,0.69664040,0.23816039,0.78613690
224.57400012,0.02795863,0.03110491,0.02320000,0.67241185,0.24204209,0.78603178
224.67400002,0.02709563,0.03222184,0.02720000,0.67079657,0.23478179,0.81073558
224.77400017,0.02636562,0.03284363,0.02820000,0.67217251,0.23976315,0.79510532
224.87400007,0.02154384,0.02684088,0.02620000,0.63948057,0.23922317,0.77181753
224.97399998,0.01955226,0.02526280,0.02310000,0.60628312,0.23225789,0.78428418
225.07400012,0.02003533,0.02365894,0.02010000,0.59517412,0.22773991,0.79632067
225.17400002,0.01941066,0.02367670,0.02310000,0.59394637,0.22582060,0.79640081
225.27500010,0.01741532,0.02637720,0.02520000,0.63276554,0.23074648,0.79625853
225.37500000,0.01792526,0.02661606,0.03020000,0.64891520,0.23364097,0.81227477
225.47500014,0.01552356,0.02583929,0.03620000,0.65338542,0.23104173,0.84366697
225.57500005,0.01656149,0.02519756,0.03720000,0.63590737,0.22745987,0.85091590
225.67500019,0.01818838,0.02495121,0.03610000,0.60735677,0.22083252,0.85057638
225.77500010,0.01967713,0.02414354,0.03610000,0.61650059,0.21467271,0.83566097
225.87500000,0.02188386,0.02619459,0.03010000,0.63679430,0.22966906,0.77411631
225.97500014,0.02178822,0.02452272,0.03110000,0.65858676,0.21746902,0.79556801
226.07500005,0.02446292,0.02233776,0.02710000,0.64874621,0.21803475,0.78441429
226.17500019,0.02076745,0.02002606,0.03110000,0.66278813,0.20982422,0.80315791
226.27500010,0.01609513,0.01712416,0.03300000,0.67625987,0.21270046,0.84398532
226.37500000,0.01553069,0.01587443,0.03310000,0.69195712,0.20066819,0.83760392
226.47500014,0.01691525,0.01540533,0.03210000,0.68015788,0.20073113,0.82172881
226.57599998,0.02027774,0.01705120,0.02910000,0.67560961,0.20405386,0.78183577
226.67600012,0.02200928,0.01473877,0.02810000,0.66433364,0.21145503,0.78410090
226.77600002,0.02225359,0.01449510,0.02910000,0.67691804,0.20466186,0.79568756
226.87600017,0.02044097,0.01440197,0.03310000,0.69061616,0.20378806,0.85177600
226.97600007,0.01901837,0.01311875,0.03410000,0.67673651,0.20963215,0.85243929
227.07599998,0.02028567,0.00886632,0.03300000,0.66339897,0.20644012,0.76721556
227.17600012,0.02226366,0.00667979,0.03300000,0.66756741,0.19873007,0.77374457
227.27600002,0.02369024,0.00679872,0.03210000,0.67555639,0.19925114,0.76219420
227.37600017,0.02194899,0.00246006,0.02610000,0.69138072,0.19104996,0.76695534
227.47600007,0.02149678,0.00451870,0.02710000,0.65511236,0.18752765,0.77037354
227.57599998,0.02499963,0.00803421,0.03000000,0.65801436,0.18457654,0.75778454
227.67600012,0.02401612,0.00950978,0.03210000,0.67203771,0.18363256,0.78810547
227.77600002,0.02523240,0.01135632,0.03000000,0.68343240,0.19546126,0.76492561
227.87700009,0.02251605,0.00908172,0.03010000,0.68186983,0.19558826,0.77854162
227.97700000,0.02155759,0.00646532,0.02510000,0.68735527,0.18378587,0.78571166
228.07700014,0.02100980,0.00541095,0.02410000,0.71456572,0.18570860,0.78046834
228.17700005,0.02329080,0.00719643,0.02400000,0.70426364,0.19181347,0.76398514
228.27700019,0.02579088,0.00846938,0.03110000,0.72605029,0.19366029,0.77954005
228.37700009,0.02974936,0.00597456,0.03010000,0.69426079,0.18808496,0.78908092
228.47700000,0.03001047,0.00265929,0.02600000,0.70427016,0.18484475,0.78206416
228.57700014,0.03048931,0.00080746,0.02710000,0.74033426,0.17022024,0.77416769
228.67700005,0.02988978,0.00308564,0.02410000,0.69389416,0.17384630,0.75150066
228.77700019,0.03095578,0.00710914,0.02410000,0.78044705,0.18338002,0.76641526
228.87700009,0.03281893,0.00382201,0.02310000,0.76535786,0.18650460,0.77261101
228.97700000,0.03590289,0.00121750,0.02210000,0.77480856,0.19676493,0.77558954
229.07700014,0.03328924,0.00188315,0.02610000,0.76724513,0.19713398,0.77064377
229.17799997,0.02773263,0.00288290,0.02610000,0.71635021,0.19346477,0.78067017
229.27800012,0.02786757,0.00516706,0.02310000,0.71811601,0.20183990,0.76260591
229.37800002,0.02712973,0.00824303,0.02700000,0.72833365,0.20120495,0.77174189
229.47800016,0.02649096,0.01217494,0.02800000,0.71461741,0.20893039,0.76183305
229.57800007,0.02712937,0.01134228,0.02700000,0.72729584,0.20630823,0.77597737
229.67799997,0.02238636,0.01277893,0.02600000,0.74859353,0.20912038,0.78971325
229.77800012,0.02329604,0.01591334,0.02700000,0.75820892,0.22118400,0.76072189
229.87800002,0.02604258,0.02060738,0.02900000,0.75410637,0.22594418,0.75123071
229.97800016,0.02860219,0.01936168,0.03300000,0.73177037,0.22689361,0.74361879
230.07800007,0.02858553,0.01885915,0.03900000,0.75444821,0.22367307,0.79139814
230.17799997,0.02612761,0.01773690,0.03600000,0.73598389,0.21421556,0.74403276
230.27800012,0.02511675,0.01867750,0.03300000,0.77031310,0.21653429,0.73715567
230.37900019,0.02940871,0.01968014,0.02600000,0.74978700,0.22158218,0.72938840
230.47900009,0.03449137,0.01663327,0.02800000,0.79134129,0.22660057,0.71745543
230.57900000,0.03079169,0.01623182,0.03310000,0.76404558,0.22877400,0.71577751
230.67900014,0.03230931,0.01854207,0.03700000,0.76896833,0.24504536,0.76302296
230.77900004,0.03110806,0.01790358,0.04300000,0.79190341,0.24973181,0.74845802
230.87900019,0.03143702,0.01884578,0.04100000,0.78695722,0.24306415,0.76475652
230.97900009,0.02775659,0.02249049,0.04100000,0.78637441,0.23586127,0.76996429
231.07900000,0.02588712,0.02638763,0.04100000,0.78494958,0.23918057,0.75940552
231.17900014,0.02620494,0.03022087,0.04000000,0.76479942,0.24304794,0.75234667
231.27900004,0.02448958,0.03157025,0.04190000,0.76528343,0.25810917,0.77284322
231.37900019,0.02546939,0.03111832,0.04290000,0.76912266,0.24997255,0.75913496
231.47900009,0.02815595,0.03315920,0.04090000,0.79562317,0.26402465,0.74237929
231.57900000,0.02581506,0.03239603,0.03390000,0.80720766,0.26236004,0.67886344
231.68000007,0.02561203,0.03059614,0.03290000,0.81369525,0.25854416,0.67735223
231.77999997,0.02611145,0.03082778,0.03190000,0.82131919,0.25800217,0.69384544
231.88000011,0.02489608,0.06806317,0.03430000,0.81431806,0.30563015,0.67693405
231.98000002,0.02645257,0.04020524,0.03400000,0.82714558,0.27990581,0.67663309
232.08000016,0.02583399,0.06279471,0.03220000,0.80681613,0.29077324,0.67406050
232.18000007,0.02973384,0.04069679,0.03090000,0.80438922,0.26496509,0.67933910
232.27999997,0.03059428,0.03997599,0.02900000,0.81164962,0.26356508,0.66445414
232.38000011,0.02568169,0.06590183,0.03130000,0.79787014,0.28343007,0.67756812
232.48000002,0.02846765,0.04314862,0.03090000,0.78371407,0.26175327,0.66376923
232.58000016,0.02749983,0.05805282,0.03120000,0.79704353,0.27701126,0.67335873
232.68000007,0.03258906,0.04091129,0.02700000,0.79917399,0.26293573,0.65683418
232.77999997,0.03521601,0.03837750,0.02400000,0.82893705,0.24760437,0.64522439
232.88000011,0.02902671,0.06172479,0.02520000,0.77596853,0.27281778,0.66617905
232.98100019,0.02642587,0.06098388,0.02720000,0.76526604,0.27593709,0.66561846
233.08100009,0.02346413,0.05716795,0.02120000,0.78660208,0.27110199,0.66257570
