time_s,LoPE,LaPE,VPE,LoPL_adjusted,LaPL_adjusted,VPL_adjusted
0.00000000,0.04782514,0.05832364,0.03600000,0.83597878,0.28913531,0.86597797
0.09999990,0.00118807,0.00153574,0.03800000,0.73693013,0.22089639,0.86927481
0.19999981,0.00373401,0.00328438,0.03200000,0.71870646,0.22555030,0.85091447
0.30099988,0.00335140,0.00559179,0.03300000,0.73107684,0.22731366,0.83996481
0.40099978,0.00908901,0.00396987,0.02200000,0.77121675,0.22379961,0.82340228
0.50099993,0.00822980,0.00002030,0.01700000,0.72145343,0.22251583,0.83818165
0.60099983,0.00933249,0.00060388,0.01500000,0.74858819,0.23012243,0.79675304
0.70099998,0.00981646,0.00169915,0.01600000,0.77223998,0.22791581,0.84547587
0.80099988,0.00677422,0.00566126,0.01500000,0.72485120,0.23043080,0.82088819
0.90099978,0.00730583,0.00569867,0.00400000,0.71090490,0.22983915,0.78011648
1.00099993,0.01284445,0.00550455,0.00100000,0.78541599,0.23351986,0.78960780
1.10099983,0.01662655,0.00748116,0.00100000,0.79604719,0.24785101,0.78769374
1.20099998,0.01566913,0.00387019,0.00500000,0.78488634,0.23591658,0.79664043
1.30099988,0.01526559,0.00224981,0.01400000,0.78030782,0.22952283,0.79196424
1.40099978,0.01522622,0.00422994,0.01100000,0.77105459,0.22817869,0.78275229
1.50099993,0.01277684,0.00770729,0.01000000,0.78005886,0.24771839,0.78083565
1.60099983,0.00479402,0.00517952,0.01100000,0.72448716,0.22576770,0.78469157
1.70099998,0.00108082,0.00424757,0.01000000,0.71425441,0.22967547,0.78128972
1.80099988,0.00120211,0.00823680,0.00500000,0.70558638,0.24967149,0.74741058
1.90099978,0.00094199,0.00501624,0.01300000,0.69722902,0.23646272,0.73415921
2.00099993,0.00023845,0.00643064,0.01500000,0.67687828,0.22735895,0.73469677
2.10099983,0.00120095,0.00495658,0.02200000,0.68199809,0.22434874,0.76401307
2.20099998,0.00087270,0.00410955,0.02600000,0.69630719,0.22208282,0.75319854
2.30099988,0.00222515,0.00156484,0.02200000,0.70709385,0.21615641,0.73749732
2.40099978,0.00362269,0.00503152,0.01600000,0.73923340,0.21885013,0.71061412
2.50099993,0.00055505,0.00349456,0.01400000,0.75359225,0.22167124,0.71946232
2.60099983,0.00459923,0.00130272,0.01200000,0.72223275,0.22030813,0.72471186
2.70099998,0.00343337,0.00058480,0.00500000,0.69382046,0.21602800,0.74123997
2.80099988,0.00785483,0.00189781,0.00700000,0.67128464,0.20943610,0.74313490
2.90199995,0.00815019,0.00555197,0.00500000,0.66314499,0.20602437,0.73232905
3.00199986,0.00422765,0.01189651,0.01300000,0.63186941,0.22995251,0.72855781
3.10200000,0.00297943,0.00726450,0.00300000,0.62332595,0.20847059,0.72170899
3.20199990,0.00601846,0.00949832,0.00400000,0.62981390,0.21909258,0.71923687
3.30199981,0.00578113,0.00838264,0.00600000,0.68040305,0.21889560,0.74460271
3.40199995,0.00477584,0.00566051,0.00100000,0.67718790,0.20905903,0.75300340
3.50199986,0.00947546,0.00638009,0.00200000,0.69352306,0.21224916,0.79904177
3.60200000,0.01183178,0.00500191,0.00300000,0.74402810,0.20865308,0.75518059
3.70199990,0.00648211,0.00048187,0.00000000,0.70514125,0.20098149,0.76774083
3.80199981,0.00649428,0.00086853,0.00200000,0.67221856,0.20796860,0.73980825
3.90199995,0.00438126,0.00129791,0.00100000,0.65194593,0.21257358,0.77529256
4.00199986,0.01353204,0.00310061,0.01100000,0.69542322,0.21824381,0.76878481
4.10200000,0.02178135,0.00371924,0.01800000,0.66531489,0.21467826,0.74019567
4.20199990,0.01833475,0.00558006,0.01700000,0.65857348,0.21270391,0.74454638
4.30199981,0.02238175,0.00472834,0.01800000,0.65894544,0.20677644,0.74438479
4.40199995,0.01647411,0.00577439,0.01900000,0.68908411,0.21260633,0.73965108
4.50199986,0.00866210,0.00561855,0.01500000,0.63297085,0.20957747,0.75357650
4.60200000,0.02182956,0.00869483,0.02000000,0.67891512,0.21424005,0.79958549
4.70199990,0.02771297,0.00849242,0.02100000,0.71045212,0.21937043,0.79928453
4.80199981,0.02714580,0.00785847,0.02200000,0.74030379,0.22475483,0.81313897
4.90199995,0.01817170,0.00522585,0.02400000,0.70977736,0.21655621,0.83564472
5.00199986,0.00822926,0.00890670,0.02500000,0.67818778,0.22084578,0.83988183
5.10200000,0.00552398,0.01091356,0.02500000,0.66822343,0.23250954,0.83974079
5.20199990,0.00317478,0.01218568,0.02700000,0.69025840,0.23173816,0.84851510
5.30199981,0.00842102,0.01197399,0.02800000,0.68743687,0.22824870,0.84972205
5.40199995,0.01408287,0.00953535,0.03000000,0.71299182,0.22395111,0.87624968
5.50299978,0.01553249,0.00726580,0.02700000,0.69540134,0.22511081,0.83697413
5.60299993,0.01212602,0.00822797,0.02400000,0.67237881,0.22811903,0.83787958
5.70299983,0.01199323,0.01042412,0.02500000,0.67948718,0.23485369,0.83802551
5.80299997,0.00817643,0.01641176,0.01600000,0.65154659,0.23995135,0.75101005
5.90299988,0.00826046,0.01965617,0.02800000,0.65506500,0.24895114,0.81533919
6.00299978,0.00660005,0.01772821,0.03400000,0.65429960,0.25517200,0.83574474
6.10299993,0.00750593,0.01961915,0.04200000,0.67352764,0.25193071,0.84080614
6.20299983,0.00390607,0.01864679,0.03500000,0.67254884,0.25052777,0.83441742
6.30299997,0.00665820,0.02037936,0.03100000,0.68623312,0.25283593,0.84123238
6.40299988,0.00653291,0.01977805,0.03900000,0.63791566,0.24614510,0.82970023
6.50299978,0.00875773,0.01673297,0.04000000,0.63667389,0.24647801,0.81982587
6.60299993,0.01059778,0.01297602,0.03200000,0.65333274,0.24278127,0.77095182
6.70299983,0.01150740,0.01499599,0.02400000,0.65361585,0.24133421,0.79861674
6.80299997,0.01525994,0.02199305,0.00100000,0.71250823,0.24073933,0.71827978
6.90299988,0.01857164,0.02978362,0.00000000,0.72514456,0.25138437,0.74301828
7.00299978,0.00603769,0.02847800,0.00000000,0.70086653,0.22687081,0.73927537
7.10299993,0.00833720,0.02441907,0.00800000,0.73255442,0.22375261,0.73615865
7.20299983,0.00751525,0.01901634,0.00900000,0.74201498,0.21839575,0.75299632
7.30299997,0.01224838,0.01601740,0.00800000,0.76151791,0.21873385,0.75941130
7.40299988,0.01482619,0.01672585,0.00800000,0.77069516,0.22205935,0.75262698
7.50299978,0.00723034,0.02496842,0.00300000,0.71562210,0.23071619,0.77203620
7.60299993,0.00530180,0.03606301,0.00400000,0.71415099,0.26263667,0.75709027
7.70299983,0.00685099,0.04041317,0.00600000,0.72424169,0.25733422,0.79224542
7.80299997,0.01519014,0.03601777,0.00600000,0.74775713,0.23995561,0.80688727
7.90299988,0.01367810,0.02652979,0.00200000,0.74847214,0.22317873,0.81935630
8.00299978,0.00762209,0.02317981,0.00100000,0.70934720,0.22243935,0.80309754
8.10399985,0.00170802,0.03074886,0.00700000,0.73843408,0.22576510,0.79895576
8.20400000,0.00088926,0.03676818,0.01400000,0.74828902,0.23170472,0.78284974
8.30399990,0.00085481,0.04018407,0.01500000,0.75032060,0.24658061,0.79600140
8.40399981,0.00193059,0.04067140,0.01700000,0.76642888,0.24482638,0.86172571
8.50399995,0.00414326,0.03986368,0.01300000,0.80091231,0.22883092,0.78884631
8.60399985,0.00856754,0.04612166,0.00500000,0.78216665,0.25043848,0.78447301
8.70400000,0.00804891,0.05222523,0.00300000,0.78342067,0.25801668,0.77471968
8.80399990,0.00566486,0.05107445,0.00300000,0.79368000,0.24751243,0.79527750
8.90399981,0.00676026,0.05603203,0.00300000,0.79112492,0.25296080,0.82036656
9.00399995,0.00629798,0.04059194,0.00300000,0.76625335,0.23018514,0.80068695
9.10399985,0.00662426,0.03667928,0.00400000,0.79334623,0.22050144,0.80341768
9.20400000,0.00600180,0.03657511,0.00400000,0.78394280,0.21938936,0.82691614
9.30399990,0.00482515,0.03977886,0.01100000,0.78653044,0.21492208,0.83916767
9.40399981,0.00581934,0.04641622,0.01010000,0.79427571,0.23221619,0.82627702
9.50399995,0.00456812,0.04588793,0.01200000,0.82357312,0.23545163,0.80912285
9.60399985,0.00625388,0.04375533,0.00300000,0.82073001,0.21080359,0.80230619
9.70400000,0.00701785,0.04713438,0.00300000,0.78893176,0.22274324,0.82166866
9.80399990,0.00681969,0.04612301,0.00200000,0.81977571,0.21430280,0.81992118
9.90399981,0.00448043,0.04603060,0.00200000,0.80932609,0.22089065,0.81581630
10.00399995,0.00144513,0.04439495,0.00000000,0.82199217,0.23069020,0.81477617
10.10399985,0.00261772,0.04430494,0.00200000,0.80722044,0.23562842,0.81663499
10.20400000,0.00841214,0.04729826,0.00300000,0.85551762,0.23510548,0.86534000
10.30399990,0.01247407,0.04689240,0.00400000,0.87224262,0.23608636,0.87353156
10.40399981,0.01070046,0.04349621,0.00200000,0.89510212,0.23994342,0.85593829
10.50399995,0.00522910,0.04437101,0.01000000,0.85072106,0.23359475,0.90743340
10.60399985,0.00795160,0.04241005,0.01100000,0.87762676,0.22921329,0.87625945
10.70400000,0.00889551,0.04406586,0.01300000,0.88490535,0.23442871,0.88265336
10.80499983,0.00149745,0.04121902,0.02300000,0.81080001,0.23394686,0.91296373
10.90499997,0.00409436,0.03038892,0.02300000,0.82265700,0.22206698,0.91011433
11.00499988,0.00807725,0.04883910,0.02300000,0.85044776,0.25880171,0.88221777
11.10499978,0.00893512,0.05248241,0.02600000,0.85078340,0.26212753,0.91492924
11.20499992,0.00753303,0.03733930,0.03000000,0.79954889,0.23613743,0.91631647
11.30499983,0.00752425,0.03928111,0.03400000,0.79943333,0.23115745,0.92603065
11.40499997,0.00945522,0.03213112,0.03200000,0.80021309,0.22959479,0.92972569
11.50499988,0.00693924,0.04581809,0.03100000,0.72047316,0.25303484,0.88685971
11.60499978,0.00655799,0.04846527,0.03400000,0.72304090,0.27348669,0.89228429
11.70499992,0.00754503,0.03703475,0.04000000,0.74003987,0.23938023,0.91378255
11.80499983,0.00870093,0.03841059,0.04600000,0.77616380,0.23633683,0.94463475
11.90499997,0.00832041,0.03385884,0.04500000,0.75421019,0.24464563,0.93026837
12.00499988,0.00494170,0.04705720,0.03400000,0.71312186,0.27822582,0.90082108
12.10499978,0.00512713,0.04899758,0.02800000,0.72619076,0.26591159,0.89462464
12.20499992,0.00784979,0.02398647,0.03700000,0.75176993,0.23952973,0.89018834
12.30499983,0.00984838,0.05094330,0.03000000,0.78840296,0.28377699,0.87830693
12.40499997,0.00671473,0.02526742,0.01900000,0.72617447,0.25247289,0.86871453
12.50499988,0.00744859,0.04993815,0.01400000,0.76080263,0.29050731,0.80762269
12.60499978,0.00734853,0.05532539,0.00800000,0.74597689,0.29918507,0.83785780
12.70499992,0.00916566,0.01689380,0.00900000,0.75313692,0.25129446,0.84188777
12.80499983,0.00591588,0.06187546,0.00300000,0.74001773,0.31402845,0.82376880
12.90499997,0.00286340,0.01769325,0.00700000,0.70329518,0.25717136,0.81131104
13.00499988,0.00418048,0.05815302,0.01800000,0.70848873,0.30175280,0.86284164
13.10499978,0.00255448,0.05642052,0.01100000,0.69043361,0.28747195,0.81337143
13.20499992,0.00161748,0.01786068,0.00000000,0.69406018,0.24342282,0.79971339
13.30499983,0.00489986,0.05840695,0.01000000,0.66862534,0.28495588,0.79097520
13.40499997,0.00892015,0.02257877,0.01200000,0.71238134,0.23696724,0.79788038
13.50599980,0.00788684,0.02497474,0.01000000,0.72618129,0.23393824,0.80003202
13.60599995,0.00305936,0.02387552,0.01000000,0.67570504,0.23296127,0.76916283
13.70599985,0.00316196,0.02027023,0.00800000,0.66698586,0.22535530,0.79248353
13.80599999,0.00349483,0.02136086,0.00400000,0.65379835,0.22033427,0.79520595
13.90599990,0.00036161,0.01919764,0.00200000,0.65467906,0.22278121,0.79996844
14.00599980,0.00423439,0.02056818,0.00700000,0.63966554,0.22978485,0.79202960
14.10599995,0.00603573,0.02371455,0.01300000,0.66479985,0.23390177,0.80102850
14.20599985,0.00793371,0.02689510,0.01000000,0.70297659,0.23563924,0.80564002
14.30599999,0.00998930,0.02659594,0.00700000,0.73386377,0.24286707,0.82558530
14.40599990,0.00883324,0.01982987,0.01100000,0.75387426,0.23831549,0.83934295
14.50599980,0.00708505,0.01402577,0.01300000,0.68875920,0.23364407,0.83620413
14.60599995,0.00805595,0.01374269,0.00900000,0.71802412,0.21992021,0.84891710
14.70599985,0.00616896,0.01847279,0.00300000,0.70857708,0.22339497,0.82966445
14.80599999,0.00493659,0.02345379,0.00100000,0.70696373,0.23633773,0.81619731
14.90599990,0.00204811,0.02181869,0.00200000,0.72283297,0.24155818,0.79533200
15.00599980,0.00001735,0.01645599,0.00200000,0.69400004,0.23257587,0.78066123
15.10599995,0.00005235,0.01411514,0.00100000,0.68641872,0.22816939,0.79813551
15.20599985,0.00177823,0.01582144,0.00500000,0.71239041,0.23033279,0.78935785
15.30599999,0.00038498,0.01789614,0.00700000,0.72917660,0.22801042,0.80025918
15.40599990,0.00159570,0.01487931,0.00400000,0.70439756,0.22634188,0.78222131
15.50599980,0.00170848,0.01462262,0.00400000,0.70680108,0.22568697,0.79395321
15.60599995,0.00335443,0.01736081,0.00000000,0.71291638,0.22168083,0.80522094
15.70599985,0.00244566,0.02149555,0.00400000,0.71717116,0.23184747,0.80369003
15.80599999,0.00388626,0.01712154,0.00600000,0.71600580,0.21902191,0.81041425
15.90599990,0.00699412,0.01421767,0.00800000,0.71713203,0.20877528,0.82225375
16.00599980,0.00986151,0.01282188,0.00010000,0.76386961,0.20318489,0.83017420
16.10599995,0.01166126,0.01113620,0.00600000,0.75267609,0.20668942,0.83083863
16.20699978,0.01302924,0.01463451,0.00900000,0.74365025,0.21752213,0.83072011
16.30699992,0.01676936,0.01058105,0.00400000,0.77308811,0.20983376,0.83188494
16.40699983,0.01755651,0.01535901,0.00600000,0.79091810,0.21818227,0.82584516
16.50699997,0.01596157,0.01476917,0.00800000,0.77863831,0.21670519,0.83056368
16.60699987,0.00698685,0.01250935,0.01100000,0.71913484,0.21727011,0.82785363
16.70699978,0.00573602,0.00724901,0.00600000,0.73342318,0.21113057,0.80671043
16.80699992,0.00675092,0.00997322,0.00300000,0.72814910,0.21423176,0.81637813
16.90699983,0.00871842,0.01156154,0.01000000,0.74270832,0.21591659,0.82875893
17.00699997,0.00776948,0.01152975,0.01200000,0.76136509,0.21803603,0.81183829
17.10699987,0.00720448,0.01046640,0.01000000,0.74655034,0.21534363,0.80992427
17.20699978,0.01237378,0.00545707,0.00400000,0.76972157,0.20424731,0.81278496
17.30699992,0.01152597,0.00630572,0.00900000,0.76753694,0.20694072,0.79059551
17.40699983,0.01286516,0.00413494,0.00900000,0.75637874,0.18989362,0.77394103
17.50699997,0.01179543,0.00960406,0.01300000,0.74718471,0.18835101,0.77203293
17.60699987,0.00976968,0.00990572,0.01200000,0.74616778,0.18045895,0.76670514
17.70699978,0.01057714,0.00455346,0.01300000,0.75314619,0.18291560,0.76665627
17.80699992,0.00018170,0.01073205,0.00900000,0.69585885,0.19574676,0.76798312
17.90699983,0.00258728,0.00799412,0.01000000,0.68735742,0.18371082,0.78164450
18.00699997,0.00450450,0.00944720,0.02500000,0.68200485,0.17844264,0.83216044
18.10699987,0.00292625,0.00737137,0.02000000,0.71032967,0.18570113,0.84717718
18.20699978,0.00373216,0.00489908,0.00900000,0.70013665,0.18486858,0.77110206
18.30699992,0.00368063,0.00647943,0.01400000,0.69051234,0.18638267,0.80158204
18.40699983,0.00741971,0.02087074,0.01400000,0.66642220,0.21177070,0.78964456
18.50699997,0.00817022,0.01998043,0.01400000,0.68143513,0.21055103,0.79173795
18.60699987,0.00789046,0.01295031,0.01200000,0.67273600,0.19771783,0.79309640
18.70699978,0.01050289,0.01050616,0.01200000,0.67706598,0.18617669,0.77658239
18.80699992,0.01143326,0.01000403,0.02200000,0.73713431,0.18398638,0.81326802
18.90799999,0.01225325,0.01266601,0.02500000,0.73673735,0.20167304,0.81070805
19.00799990,0.01658449,0.00990982,0.02100000,0.74047471,0.18216587,0.79887763
19.10799980,0.01404694,0.00726523,0.02600000,0.74077849,0.19010318,0.77700204
19.20799994,0.01163811,0.01000021,0.02900000,0.76963899,0.19491260,0.81222055
19.30799985,0.00739304,0.01535816,0.02200000,0.73086765,0.20590646,0.81591353
19.40799999,0.01176205,0.01251296,0.02000000,0.73727011,0.20653728,0.79019108
19.50799990,0.00715660,0.00940601,0.01800000,0.69450321,0.19032370,0.77538921
19.60799980,0.00629886,0.01111775,0.01300000,0.71779312,0.20998182,0.71909967
19.70799994,0.00951374,0.00880334,0.01400000,0.71540785,0.19676666,0.73386642
19.80799985,0.00914810,0.01005795,0.00700000,0.70879972,0.21666873,0.72339006
19.90799999,0.01214545,0.00691145,0.00500000,0.77178342,0.20551884,0.72948625
20.00799990,0.00762913,0.00414686,0.01200000,0.73162291,0.19517098,0.73587335
20.10799980,0.01032288,0.00152253,0.01300000,0.77985240,0.18014786,0.72886571
20.20799994,0.01161848,0.00490110,0.02100000,0.81696690,0.18202952,0.76624061
20.30799985,0.01072658,0.00755781,0.02200000,0.82982842,0.18565982,0.76471438
20.40799999,0.01257363,0.00548487,0.01800000,0.85002173,0.18117023,0.75579204
20.50799990,0.00861878,0.00378505,0.01700000,0.79587328,0.18556012,0.76151221
20.60799980,0.01177636,0.00089847,0.01700000,0.82123611,0.18951140,0.76999204
20.70799994,0.00705051,0.00736820,0.00800000,0.78499849,0.20308590,0.72836794
20.80799985,0.00671758,0.00938052,0.00700000,0.78652715,0.22010828,0.72515556
20.90799999,0.00902547,0.00694557,0.00500000,0.82094342,0.20531221,0.74014489
21.00799990,0.01291849,0.00457083,0.00400000,0.81186795,0.21045338,0.74184835
21.10799980,0.00868889,0.00585689,0.00900000,0.77473550,0.21677763,0.73932484
21.20799994,0.01065742,0.00574278,0.01200000,0.83730339,0.20922953,0.74266953
21.30799985,0.00788922,0.01079307,0.01500000,0.78032396,0.22671603,0.79308269
21.40799999,0.01134769,0.01125344,0.01000000,0.82567264,0.22714609,0.72798375
21.50799990,0.00312581,0.00952677,0.01300000,0.77602091,0.22739712,0.74247988
21.60899997,0.00787031,0.00129160,0.00800000,0.78341848,0.20351133,0.73391096
21.70899987,0.00590425,0.00416891,0.00800000,0.78854954,0.21357296,0.70917686
21.80899978,0.00271867,0.01001892,0.00600000,0.79761921,0.23082628,0.70635843
21.90899992,0.00453727,0.00889175,0.00500000,0.77153816,0.23496226,0.71112196
22.00899982,0.00923931,0.00693435,0.01600000,0.80311784,0.22300549,0.77895351
22.10899997,0.01205495,0.00543675,0.01600000,0.78022977,0.22642958,0.79554247
22.20899987,0.01224004,0.00551193,0.02100000,0.79063906,0.22788378,0.82961086
22.30899978,0.00793723,0.00612947,0.02000000,0.80332844,0.22408145,0.79431014
22.40899992,0.00876215,0.00452490,0.01700000,0.79959748,0.22317088,0.78516500
22.50899982,0.00228233,0.00718964,0.01200000,0.74941363,0.24589931,0.79556130
22.60899997,0.00281190,0.00803699,0.00800000,0.73951740,0.24748334,0.74294172
22.70899987,0.00408614,0.00777840,0.00600000,0.71982159,0.24611297,0.71563382
22.80899978,0.00417511,0.00920969,0.00800000,0.72374266,0.23813836,0.71234394
22.90899992,0.00326916,0.00849250,0.00400000,0.69216836,0.24064484,0.73461983
23.00899982,0.00750062,0.00750471,0.00000000,0.73825324,0.24150722,0.70501197
23.10899997,0.00644204,0.00587793,0.00200000,0.71441364,0.23689530,0.68313909
23.20899987,0.00214247,0.00639842,0.00100000,0.65889792,0.23912072,0.68984155
23.30899978,0.00220571,0.00567405,0.00000000,0.67206377,0.23881836,0.70960999
23.40899992,0.00076108,0.00002746,0.00200000,0.67243259,0.23285662,0.67054082
23.50899982,0.00089601,0.00287005,0.00200000,0.63414274,0.23835422,0.70429884
23.60899997,0.00026727,0.00235554,0.00100000,0.62841081,0.23425399,0.68157635
23.70899987,0.00059195,0.00151644,0.00300000,0.66038902,0.23582221,0.68047097
23.80899978,0.00222768,0.01125733,0.00800000,0.63217488,0.24815690,0.68187946
23.90899992,0.00214907,0.01214708,0.01100000,0.60688543,0.24474901,0.73191798
24.00899982,0.00315811,0.00401825,0.01000000,0.61389401,0.21589268,0.74240196
24.10899997,0.00402532,0.00371575,0.01000000,0.64387179,0.21801273,0.70224957
24.20899987,0.00103594,0.00394675,0.00100000,0.65689182,0.22053402,0.66253202
24.30899978,0.00127224,0.00572987,0.00000000,0.64702639,0.22367091,0.64581571
24.40999985,0.00200856,0.00651580,0.00100000,0.64178136,0.22170489,0.65114275
24.50999999,0.00200159,0.00705504,0.00200000,0.64620293,0.23833456,0.64525558
24.60999990,0.00510745,0.00841986,0.00100000,0.73550106,0.23587730,0.65588825
24.70999980,0.00131137,0.00281608,0.00100000,0.66534430,0.21049639,0.66102232
24.80999994,0.00075093,0.00110277,0.00700000,0.67966134,0.21487666,0.69177828
24.90999985,0.00079736,0.00011923,0.01200000,0.67164449,0.21863441,0.77452589
25.00999999,0.00359287,0.00096504,0.01200000,0.67937518,0.21963839,0.76520595
25.10999990,0.00253089,0.00127066,0.01400000,0.68027143,0.20580142,0.75490503
25.20999980,0.00128915,0.00443374,0.00200000,0.70357330,0.21510238,0.69284387
25.30999994,0.00084836,0.00052942,0.00700000,0.68766242,0.20990785,0.67703299
25.40999985,0.00046207,0.00175114,0.00300000,0.66688963,0.20859049,0.67366191
25.50999999,0.00231198,0.00682530,0.00500000,0.66168973,0.23186444,0.67513682
25.60999990,0.00678968,0.00649233,0.00100000,0.74374956,0.22255141,0.67986822
25.70999980,0.00428815,0.00445666,0.00300000,0.74351516,0.22224346,0.69603162
25.80999994,0.00456448,0.00574504,0.00600000,0.74593859,0.21317677,0.72821773
25.90999985,0.00278942,0.00503479,0.00500000,0.68757739,0.21215151,0.71497463
26.00999999,0.00046855,0.00660458,0.01200000,0.70972903,0.21764630,0.71014188
26.10999990,0.00230404,0.00377246,0.01600000,0.70774252,0.21544894,0.72497424
26.20999980,0.00283654,0.00547029,0.01200000,0.74226526,0.22235526,0.71808102
26.30999994,0.00105898,0.00789421,0.01400000,0.71360233,0.22632124,0.75152279
26.40999985,0.00076522,0.00895737,0.01300000,0.67669432,0.22321405,0.75008723
26.50999999,0.00135550,0.00629068,0.01300000,0.66336467,0.21950262,0.76381569
26.60999990,0.00155901,0.00411455,0.01200000,0.68583951,0.21390015,0.73539418
26.70999980,0.00312556,0.00459139,0.01000000,0.68045327,0.22412576,0.76386384
26.80999994,0.00495407,0.00518239,0.00700000,0.67831518,0.23164535,0.70262004
26.90999985,0.00285883,0.00586831,0.00400000,0.67030470,0.24040899,0.69474965
27.00999999,0.00234244,0.00569236,0.00300000,0.68902335,0.24431909,0.71900241
27.11099982,0.00214197,0.00679205,0.00600000,0.67098723,0.25120434,0.70705313
27.21099997,0.00050151,0.00985436,0.00600000,0.66495547,0.24727029,0.72775827
27.31099987,0.00503349,0.00174184,0.00300000,0.62468046,0.23349615,0.70643885
27.41099977,0.00759596,0.00003703,0.00400000,0.63889774,0.23621198,0.71751127
27.51099992,0.00621984,0.01091209,0.00100000,0.65213663,0.23899892,0.71368022
27.61099982,0.00591845,0.01582978,0.00800000,0.65782360,0.25341420,0.71751437
27.71099997,0.00502536,0.02288833,0.00800000,0.63118887,0.26508620,0.71261178
27.81099987,0.00292395,0.01555958,0.01000000,0.63947259,0.25198387,0.76025557
27.91099977,0.00887963,0.01152615,0.00700000,0.61382755,0.23789325,0.69245032
28.01099992,0.00766872,0.01432623,0.00200000,0.62269335,0.24445012,0.67651492
28.11099982,0.00567527,0.01528010,0.00800000,0.62341068,0.23602532,0.68289984
28.21099997,0.00484973,0.01249320,0.00900000,0.63612422,0.23951979,0.69763351
28.31099987,0.00697713,0.00989038,0.00900000,0.63479462,0.23303367,0.65970760
28.41099977,0.00391014,0.00996197,0.00100000,0.62959728,0.22311382,0.64851704
28.51099992,0.00599142,0.01558951,0.00300000,0.62717992,0.22933895,0.66395303
28.61099982,0.00607492,0.01811809,0.00500000,0.62536808,0.22164069,0.62990105
28.71099997,0.00822452,0.02276043,0.00900000,0.61547752,0.24109289,0.61498923
28.81099987,0.00707863,0.01017364,0.01100000,0.60960289,0.21118491,0.66671610
28.91099977,0.00955821,0.01053426,0.01100000,0.60704921,0.21756697,0.66745882
29.01099992,0.01557094,0.02963572,0.01200000,0.65438718,0.24837683,0.68457727
29.11099982,0.01936181,0.03271269,0.01400000,0.62551948,0.24752431,0.72502965
29.21099997,0.01561796,0.02951354,0.00700000,0.63983001,0.23872291,0.67710844
29.31099987,0.01637757,0.02496949,0.00800000,0.61621294,0.22318571,0.67053516
29.41099977,0.01778159,0.01987197,0.00700000,0.64138639,0.20974776,0.67682304
29.51099992,0.01670054,0.02272316,0.00900000,0.65216818,0.22475312,0.70363101
29.61099982,0.02103008,0.02784431,0.01100000,0.67944969,0.24277448,0.78387269
29.71099997,0.01679359,0.02588871,0.01900000,0.67475230,0.23847299,0.77720093
29.81099987,0.01471437,0.02718837,0.02200000,0.68739510,0.23769558,0.77016041
29.91199994,0.01154781,0.02611778,0.01000000,0.61072282,0.23278565,0.77079641
30.01199985,0.01192204,0.02395485,0.00100000,0.62475567,0.20808512,0.70388445
30.11199999,0.01383535,0.02420729,0.00300000,0.66061983,0.21146638,0.68733695
30.21199989,0.01630584,0.02222902,0.00300000,0.69016951,0.21226683,0.68360292
30.31199980,0.01898593,0.02368828,0.00200000,0.69872539,0.22169868,0.68008095
30.41199994,0.01550985,0.02379967,0.00400000,0.70469570,0.21953575,0.70508358
30.51199985,0.01072095,0.02610175,0.00400000,0.64502481,0.21779815,0.70929824
30.61199999,0.01007381,0.02922017,0.00100000,0.65165311,0.23396718,0.73160208
30.71199989,0.01276639,0.02896876,0.00700000,0.61817365,0.23409919,0.74008079
30.81199980,0.01234923,0.02752284,0.01500000,0.62210549,0.21371231,0.80419818
30.91199994,0.01377831,0.02987052,0.01600000,0.61508288,0.22486649,0.82800842
31.01199985,0.00503255,0.02864827,0.02000000,0.63167694,0.21847818,0.83968578
31.11199999,0.00756612,0.02962775,0.01000000,0.61038532,0.22125992,0.78815787
31.21199989,0.01153120,0.02760890,0.00700000,0.59521744,0.20976240,0.78171991
31.31199980,0.01310999,0.03032636,0.00600000,0.61137275,0.22312252,0.77340915
31.41199994,0.01375121,0.02912171,0.01400000,0.58265615,0.21143006,0.84575636
31.51199985,0.00971005,0.02936350,0.00800000,0.59821477,0.21310130,0.80318522
31.61199999,0.00857150,0.02883348,0.01300000,0.57201449,0.21087460,0.84563339
31.71199989,0.00978155,0.03105127,0.01200000,0.59302771,0.21782484,0.82810824
31.81199980,0.01162889,0.02959897,0.01400000,0.58680305,0.21564777,0.86693309
31.91199994,0.00677213,0.02996095,0.02000000,0.58650572,0.22532377,0.85483683
32.01199985,0.00869667,0.02258336,0.00200000,0.61495664,0.21275500,0.79353278
32.11199999,0.01015030,0.01655389,0.00200000,0.62334209,0.20936298,0.77145493
32.21199989,0.01373179,0.01601399,0.00000000,0.64526315,0.20135699,0.76866226
32.31199980,0.01819772,0.01801563,0.00200000,0.68023317,0.21197271,0.75496601
32.41199994,0.01402753,0.02779638,0.00000000,0.62077669,0.21912827,0.75019573
32.51199985,0.01173439,0.02428815,0.00300000,0.62063290,0.21489128,0.73573030
32.61199999,0.01490142,0.02044230,0.00500000,0.68319692,0.20023846,0.70054552
32.71299982,0.02585301,0.02348770,0.00600000,0.67834567,0.20557881,0.68822642
32.81299996,0.01520235,0.02989061,0.02100000,0.66199297,0.22371246,0.77108566
32.91299987,0.01577872,0.03083653,0.02200000,0.65554011,0.22941615,0.76890501
33.01299977,0.01964147,0.03088321,0.02400000,0.66516480,0.22494914,0.76210529
33.11299992,0.02126244,0.03204619,0.02700000,0.67825967,0.23433781,0.78053413
33.21299982,0.02535155,0.02019478,0.02700000,0.69230225,0.20236137,0.77328010
33.31299996,0.01354844,0.02026548,0.01700000,0.67641229,0.18911741,0.75117527
33.41299987,0.01288505,0.02713348,0.01700000,0.61369389,0.18894595,0.76453574
33.51299977,0.01342542,0.02647184,0.01600000,0.67040722,0.19120535,0.75226630
33.61299992,0.01477538,0.03240769,0.01800000,0.67683748,0.19813290,0.72403044
33.71299982,0.00759678,0.03087473,0.01900000,0.65106337,0.20658934,0.71265246
33.81299996,0.00695799,0.02746045,0.01700000,0.67448700,0.19165243,0.72584099
33.91299987,0.00682570,0.02632527,0.01800000,0.66670453,0.18934627,0.72721237
34.01299977,0.01315509,0.02428896,0.01200000,0.71039357,0.19341713,0.65970189
34.11299992,0.01796547,0.02050127,0.00900000,0.72614065,0.18951787,0.63497183
34.21299982,0.00271761,0.01535919,0.00500000,0.68031781,0.18656516,0.60776523
34.31299996,0.00165989,0.01557866,0.00500000,0.71246724,0.18858415,0.60781629
34.41299987,0.00138295,0.01447541,0.00700000,0.66762202,0.19159877,0.60425236
34.51299977,0.00255976,0.00682185,0.00800000,0.71660598,0.17724448,0.58420217
34.61299992,0.00448497,0.00062052,0.01200000,0.72711872,0.17371587,0.57319789
34.71299982,0.00649001,0.00236215,0.01200000,0.73609963,0.17548386,0.60430399
34.81299996,0.00003664,0.00228444,0.01000000,0.71908014,0.18048116,0.60383166
34.91299987,0.00410872,0.00317465,0.00700000,0.72461617,0.17736076,0.63243339
35.01299977,0.00406445,0.00733623,0.00800000,0.75767284,0.17139893,0.64586680
35.11299992,0.00132151,0.01474902,0.00900000,0.72539907,0.17125635,0.63916126
35.21299982,0.00836948,0.02303393,0.00400000,0.75762973,0.17654020,0.64610076
35.31299996,0.01528590,0.02732584,0.00300000,0.82462504,0.18641400,0.65325432
35.41299987,0.01414117,0.02917460,0.00800000,0.83389999,0.19189090,0.63621942
35.51399994,0.00799667,0.02648440,0.00600000,0.81060966,0.19056484,0.67287112
35.61399984,0.00363874,0.02758368,0.00500000,0.83080872,0.18918955,0.68764343
35.71399999,0.00351931,0.02740282,0.00200000,0.83331646,0.18825018,0.69336929
35.81399989,0.01221704,0.03023762,0.00400000,0.88380894,0.19093605,0.69811738
35.91399980,0.01669261,0.03007319,0.00600000,0.90559257,0.19828670,0.69344474
36.01399994,0.01173504,0.03468211,0.01400000,0.88489055,0.19796750,0.74998992
36.11399984,0.00999828,0.03531904,0.01900000,0.87606270,0.21197656,0.74275302
36.21399999,0.01085798,0.03574639,0.02100000,0.88094601,0.22032394,0.72837569
36.31399989,0.01576915,0.03065068,0.02800000,0.88420766,0.22387194,0.74819933
36.41399980,0.01507936,0.02973589,0.02500000,0.87824308,0.22651284,0.74490551
36.51399994,0.01041420,0.03100765,0.02100000,0.89191515,0.23268744,0.74581103
36.61399984,0.01158412,0.03068889,0.02300000,0.91713894,0.22888421,0.74655413
36.71399999,0.00447410,0.04315834,0.02300000,0.86508993,0.25749941,0.75556126
36.81399989,0.00394256,0.04101897,0.02000000,0.85822357,0.25411297,0.73814080
36.91399980,0.00167127,0.03323382,0.02000000,0.85538934,0.23800595,0.70290281
37.01399994,0.00589747,0.02967136,0.02300000,0.86942938,0.24141800,0.70684058
37.11399984,0.00688524,0.03261416,0.02700000,0.93809783,0.24659795,0.69408411
37.21399999,0.00503375,0.04063633,0.01300000,0.88136575,0.24926974,0.66851506
37.31399989,0.00303274,0.04594401,0.00200000,0.85513085,0.27163825,0.62733639
37.41399980,0.00555592,0.03470262,0.01200000,0.83129879,0.24965479,0.71344922
37.51399994,0.00219440,0.03071799,0.00600000,0.86516915,0.24879040,0.63657970
37.61399984,0.00180321,0.03841729,0.00200000,0.84647603,0.25446887,0.64856360
37.71399999,0.00296867,0.03926942,0.00000000,0.83098419,0.25773759,0.66154821
37.81399989,0.00077779,0.04847520,0.00100000,0.83984658,0.27797174,0.65077060
37.91399980,0.00313578,0.05229921,0.00100000,0.84664803,0.27659828,0.64805494
38.01399994,0.00086910,0.03524904,0.00800000,0.84494295,0.25094322,0.63585020
38.11399984,0.00277276,0.03348555,0.00800000,0.82759312,0.25593249,0.61784717
38.21399999,0.00046499,0.04956041,0.00700000,0.85663208,0.28842005,0.61537582
38.31499982,0.00069870,0.04990162,0.00800000,0.82721405,0.29914379,0.59813066
38.41499996,0.00123390,0.04321073,0.00000000,0.81398206,0.28230264,0.59516863
38.51499987,0.00063563,0.04215265,0.00000000,0.78088315,0.27222749,0.59314474
38.61499977,0.00303803,0.03360387,0.00300000,0.79052852,0.26665958,0.59820281
38.71499991,0.00184517,0.05029071,0.00300000,0.75702281,0.29748080,0.57365737
38.81499982,0.00341838,0.04634323,0.00200000,0.73674308,0.28604503,0.57825556
38.91499996,0.00523300,0.04139850,0.00300000,0.75931253,0.27635174,0.58919698
39.01499987,0.00181757,0.04930666,0.00300000,0.74789117,0.27503956,0.59481819
39.11499977,0.00443292,0.04723515,0.00600000,0.76892963,0.27345735,0.60782270
39.21499991,0.00731989,0.03980803,0.00700000,0.82603701,0.25852371,0.62768791
39.31499982,0.00473411,0.05127610,0.00400000,0.74391529,0.27517881,0.64153529
39.41499996,0.00597329,0.03879291,0.00100000,0.78731266,0.24442805,0.66603328
39.51499987,0.00763715,0.05097072,0.00000000,0.80847456,0.26874999,0.64194331
39.61499977,0.00237409,0.05225767,0.00000000,0.76772974,0.26046957,0.61520634
39.71499991,0.00001527,0.04068464,0.00000000,0.73434001,0.24279459,0.63756408
39.81499982,0.00315591,0.05359338,0.00500000,0.71589642,0.27674663,0.65930386
39.91499996,0.00433114,0.03889076,0.00400000,0.72783681,0.24744392,0.66709695
40.01499987,0.00758931,0.05518843,0.01000000,0.78293245,0.27248271,0.70212459
40.11499977,0.00806198,0.05545209,0.01300000,0.76095260,0.27147834,0.73151065
40.21499991,0.00999209,0.03827804,0.01400000,0.75609647,0.23499331,0.73356057
40.31499982,0.01105929,0.05777311,0.01500000,0.75793441,0.26460114,0.75797443
40.41499996,0.01191117,0.03785728,0.01100000,0.75115760,0.23025805,0.75287730
40.51499987,0.00518283,0.05442994,0.01100000,0.77360507,0.26198777,0.74659265
40.61499977,0.00140703,0.05456574,0.01400000,0.72842646,0.25645740,0.76715887
40.71499991,0.00244286,0.04084547,0.01400000,0.73155317,0.23728863,0.73837013
40.81499982,0.00435644,0.05730673,0.00500000,0.73220312,0.27018643,0.70992853
40.91499996,0.00417365,0.04043700,0.00100000,0.70691143,0.23764156,0.67849537
41.01499987,0.00382601,0.05697729,0.00200000,0.69381959,0.27299252,0.70200493
41.11599994,0.00240117,0.03945446,0.00700000,0.66501175,0.24356925,0.70940759
41.21599984,0.00342928,0.03813201,0.01300000,0.66733557,0.23711567,0.77377670
41.31599998,0.00456505,0.03621395,0.01800000,0.63538101,0.23370567,0.77525418
41.41599989,0.00358840,0.03874433,0.01500000,0.64113912,0.23510202,0.79663303
41.51599979,0.00315670,0.03613607,0.01500000,0.67500390,0.22786684,0.78168489
41.61599994,0.00607149,0.03457726,0.01400000,0.76640289,0.22616405,0.83035840
41.71599984,0.00469347,0.03310093,0.01400000,0.69646906,0.22801215,0.80768154
41.81599998,0.00659866,0.03394197,0.00700000,0.76904265,0.22534393,0.75657140
41.91599989,0.00774205,0.03256978,0.01000000,0.79318506,0.22743282,0.72810527
42.01599979,0.00793573,0.03682165,0.01400000,0.75834458,0.23041280,0.78153453
42.11599994,0.00643376,0.03989545,0.01600000,0.76633786,0.23464468,0.77567247
42.21599984,0.00786806,0.04226989,0.01700000,0.78183803,0.23435143,0.75291474
42.31599998,0.00294202,0.03750406,0.01900000,0.73893903,0.22496118,0.76557027
42.41599989,0.00434262,0.03408330,0.01600000,0.77700696,0.21569622,0.75379805
42.51599979,0.00086112,0.03509642,0.01300000,0.76789070,0.21489974,0.71285572
42.61599994,0.00048701,0.03464741,0.01300000,0.76117131,0.21736630,0.76680909
42.71599984,0.00117897,0.04037512,0.00500000,0.78513106,0.23276657,0.71397188
42.81599998,0.00246422,0.03925885,0.00400000,0.78860472,0.23129467,0.65666520
42.91599989,0.00371067,0.03598904,0.00600000,0.80133597,0.22443135,0.64625853
43.01599979,0.00583349,0.03294693,0.00400000,0.82832808,0.21970838,0.64861327
43.11599994,0.00453816,0.02903128,0.00300000,0.76412019,0.21627318,0.64213674
43.21599984,0.00019465,0.03871914,0.01200000,0.78415699,0.22089199,0.70886915
43.31599998,0.00200534,0.03930380,0.01300000,0.77340776,0.22594563,0.71937308
43.41599989,0.00189865,0.03401198,0.01200000,0.75287607,0.23006995,0.71573126
43.51599979,0.00306039,0.03349200,0.01200000,0.77936068,0.22684379,0.73843855
43.61599994,0.00452412,0.02966113,0.00800000,0.76215239,0.21720272,0.70240966
43.71599984,0.00171508,0.03115443,0.00300000,0.72789026,0.22326649,0.70118275
43.81599998,0.00216333,0.03475011,0.00200000,0.71845393,0.22560533,0.76098129
43.91699982,0.00388280,0.03529765,0.00100000,0.72139916,0.22431339,0.73761880
44.01699996,0.00173192,0.03223136,0.01100000,0.75584700,0.22764033,0.79683844
44.11699986,0.00319651,0.03204032,0.01000000,0.75151935,0.22215597,0.72938049
44.21699977,0.00429133,0.03085246,0.01400000,0.77527382,0.22157516,0.76871223
44.31699991,0.00662265,0.03035030,0.01500000,0.80831142,0.22727627,0.76031349
44.41699982,0.00809689,0.03069740,0.01400000,0.82758984,0.22597325,0.79132109
44.51699996,0.00111335,0.02964136,0.00700000,0.77435632,0.21819384,0.71692805
44.61699986,0.00081628,0.02674909,0.00200000,0.77797614,0.21684467,0.70950717
44.71699977,0.00024487,0.02527983,0.00500000,0.74894080,0.21427905,0.67359891
44.81699991,0.00260684,0.02694911,0.00900000,0.76349998,0.21249857,0.66580150
44.91699982,0.00252962,0.02783830,0.01000000,0.72638403,0.21502125,0.70861133
45.01699996,0.00332695,0.03299426,0.01200000,0.71661175,0.21442725,0.73134942
45.11699986,0.00277699,0.03320811,0.00400000,0.73365891,0.22027207,0.67682776
45.21699977,0.00292543,0.03272616,0.00300000,0.72250409,0.22157657,0.68321574
45.31699991,0.00160012,0.03088624,0.00000000,0.71284242,0.22013065,0.69389812
45.41699982,0.00386567,0.03258691,0.00300000,0.76244731,0.22488726,0.68686458
45.51699996,0.00270642,0.03400081,0.00300000,0.71226039,0.23449969,0.69328511
45.61699986,0.00857673,0.03334786,0.00500000,0.75937340,0.23673882,0.70325004
45.71699977,0.01187410,0.03186166,0.01000000,0.74136780,0.23719430,0.74110863
45.81699991,0.01368048,0.03234292,0.01300000,0.69193819,0.23031953,0.76633702
45.91699982,0.00281269,0.03526058,0.00100000,0.65106520,0.24733052,0.75150578
46.01699996,0.00330676,0.03207063,0.01000000,0.71284262,0.22894271,0.80208500
46.11699986,0.00489532,0.03091854,0.01600000,0.71677306,0.23840575,0.80849643
46.21699977,0.00588346,0.02903489,0.01300000,0.73477281,0.22543027,0.80665433
46.31699991,0.00445221,0.03087617,0.01000000,0.70845220,0.23340714,0.81430572
46.41699982,0.00257259,0.03128261,0.00400000,0.67067286,0.22930100,0.75700718
46.51699996,0.00079992,0.02864472,0.00200000,0.65290094,0.20690993,0.76280048
46.61699986,0.00075561,0.02297997,0.00200000,0.64715568,0.20861787,0.75512736
46.71799994,0.00045465,0.02331101,0.00100000,0.64159506,0.21380792,0.73377985
46.81799984,0.00235106,0.02654416,0.00100000,0.65894410,0.21520779,0.75955384
46.91799998,0.00179530,0.02815381,0.00400000,0.66333015,0.22008034,0.71923466
47.01799989,0.00194782,0.02605698,0.01100000,0.66943305,0.21121493,0.76161609
47.11799979,0.00152036,0.02686891,0.01200000,0.65190521,0.20700197,0.78046738
47.21799994,0.00217508,0.01942882,0.00200000,0.68135231,0.20171792,0.69800829
47.31799984,0.00033227,0.02125981,0.00500000,0.67758934,0.20675315,0.68526367
47.41799998,0.00064998,0.02323849,0.00100000,0.69801811,0.20565490,0.66974181
47.51799989,0.00203982,0.02431068,0.00100000,0.68022920,0.21230729,0.62206924
47.61799979,0.00267139,0.02427990,0.00600000,0.67974977,0.21140598,0.64126803
47.71799994,0.00012232,0.01903352,0.00600000,0.64106232,0.20107765,0.62623929
47.81799984,0.00014905,0.01613932,0.00900000,0.65201880,0.19805460,0.68963829
47.91799998,0.00052444,0.01661520,0.01100000,0.64221366,0.19833882,0.72260501
48.01799989,0.00001344,0.01738188,0.00400000,0.64356045,0.20089316,0.66660742
48.11799979,0.00049843,0.01814860,0.00900000,0.63629786,0.20482466,0.72272204
48.21799994,0.00113489,0.01897267,0.00600000,0.63435741,0.20480115,0.64271792
48.31799984,0.00028185,0.01705082,0.00600000,0.61070960,0.21504163,0.62064968
48.41799998,0.00148963,0.01719858,0.00100000,0.60763664,0.21226432,0.61328719
48.51799989,0.00385562,0.01607651,0.00100000,0.66411883,0.21151855,0.60576096
48.61799979,0.00131395,0.01101606,0.00300000,0.60153234,0.20392657,0.59606046
48.71799994,0.00229902,0.01096743,0.00300000,0.61449881,0.20431942,0.62404407
48.81799984,0.00075301,0.01497775,0.00800000,0.61266854,0.20892701,0.67712736
48.91799998,0.00056557,0.01490571,0.00900000,0.61586549,0.20975940,0.69259759
49.01799989,0.00122786,0.01430358,0.01200000,0.60391071,0.21376625,0.71661172
49.11799979,0.00104340,0.01074622,0.00400000,0.55315026,0.21053732,0.64082620
49.21799994,0.00023184,0.01309528,0.00100000,0.53818858,0.20715799,0.64001081
49.31799984,0.00159709,0.01390897,0.00000000,0.52546908,0.21818950,0.62351172
49.41799998,0.00421285,0.01491650,0.00200000,0.57825200,0.23273771,0.59953973
49.51899981,0.00177650,0.01568866,0.00500000,0.55620033,0.23910380,0.62362450
49.61899996,0.00397542,0.01556586,0.00700000,0.63547565,0.24570048,0.64307241
49.71899986,0.00583513,0.01659733,0.00700000,0.63999896,0.25777485,0.62946118
49.81899977,0.00603133,0.01527230,0.00500000,0.64179096,0.24096799,0.58334624
49.91899991,0.00502537,0.01092088,0.00100000,0.63993008,0.23869398,0.56969128
50.01899981,0.00787612,0.01104114,0.00000000,0.63846279,0.23353045,0.57162196
50.11899996,0.00724252,0.00992602,0.00600000,0.65348114,0.24138449,0.60558902
50.21899986,0.00818937,0.00856937,0.01000000,0.65085271,0.23939955,0.63790383
50.31899977,0.00718647,0.00925012,0.01300000,0.62596376,0.23689519,0.68261012
50.41899991,0.00417515,0.00874403,0.00800000,0.61346169,0.23686433,0.70586408
50.51899981,0.00558757,0.01237332,0.00500000,0.60472665,0.24005616,0.68613516
50.61899996,0.00177061,0.01146145,0.00400000,0.57551659,0.23338257,0.71470278
50.71899986,0.00321815,0.01189468,0.00600000,0.60252860,0.23443627,0.71153318
50.81899977,0.00196788,0.00524285,0.00100000,0.60593845,0.24055660,0.76530003
50.91899991,0.00105149,0.00537256,0.00000000,0.59918424,0.24251161,0.79183747
51.01899981,0.00078306,0.01123685,0.00800000,0.60585936,0.26004526,0.85074506
51.11899996,0.00083380,0.01110877,0.00000000,0.63752044,0.25901264,0.81093692
51.21899986,0.00130379,0.01083467,0.00400000,0.63370734,0.25662953,0.82515659
51.31899977,0.00007086,0.00727977,0.00800000,0.62606282,0.24490596,0.88576114
51.41899991,0.00199324,0.00671022,0.00600000,0.66368222,0.23707898,0.86035983
51.51899981,0.00048151,0.00707164,0.00600000,0.67805149,0.23751706,0.86125425
51.61899996,0.00495857,0.00765654,0.00500000,0.71064498,0.24006019,0.86424026
51.71899986,0.00532845,0.00549705,0.00000000,0.75266878,0.23104595,0.84540653
51.81899977,0.00494671,0.00446655,0.00700000,0.77424049,0.23366357,0.85652219
51.91899991,0.00428438,0.00556274,0.00700000,0.78272480,0.23124632,0.84248949
52.01899981,0.00147320,0.00776915,0.00400000,0.75398882,0.23439272,0.77706427
52.11899996,0.00282148,0.00737965,0.01100000,0.77789348,0.22861495,0.79457409
52.21899986,0.00298438,0.00753283,0.00500000,0.77226565,0.22930930,0.77960678
52.31899977,0.00146830,0.00659880,0.00900000,0.78812256,0.21114595,0.80270170
52.41999984,0.00065889,0.00785722,0.00900000,0.79013887,0.21446368,0.80811480
52.51999998,0.00167812,0.00684280,0.00900000,0.79599092,0.20354426,0.81388505
52.61999989,0.00268584,0.00177658,0.00200000,0.78522299,0.19948331,0.74504065
52.71999979,0.00334378,0.00152943,0.00300000,0.77453416,0.19419141,0.76899799
52.81999993,0.00483964,0.00438382,0.00300000,0.82575090,0.19377146,0.79053706
52.91999984,0.00396407,0.00631080,0.00500000,0.76739848,0.19896680,0.79051181
53.01999998,0.00584167,0.00987750,0.00200000,0.82662541,0.21561705,0.77833150
53.11999989,0.00338954,0.00588311,0.00200000,0.78079190,0.19903610,0.78694056
53.21999979,0.00278475,0.00482754,0.00700000,0.75359194,0.19440451,0.79771301
53.31999993,0.00280338,0.00203987,0.00700000,0.77249659,0.19988347,0.79288522
53.41999984,0.00290061,0.00285771,0.00200000,0.77159129,0.20357558,0.78312703
53.51999998,0.00186349,0.00241814,0.00200000,0.77343104,0.20314285,0.75486131
53.61999989,0.00253145,0.00074952,0.00400000,0.75542029,0.19808568,0.74887082
53.71999979,0.00382592,0.00218228,0.00900000,0.73566660,0.19539491,0.78190763
53.81999993,0.00266998,0.00476143,0.01100000,0.70989465,0.19791502,0.79771904
53.91999984,0.00022399,0.00226932,0.01500000,0.70346745,0.19073690,0.76835176
54.01999998,0.00073751,0.00199401,0.00600000,0.69589371,0.18978228,0.70564803
54.11999989,0.00571187,0.00402797,0.00700000,0.76267126,0.19684579,0.69293483
54.21999979,0.00763313,0.00233137,0.01200000,0.75689643,0.18685259,0.73878518
54.31999993,0.00523649,0.00114420,0.01400000,0.76923720,0.19141362,0.74334199
54.41999984,0.00121012,0.00495839,0.01000000,0.73731330,0.19514657,0.74193166
54.51999998,0.00189143,0.00495101,0.00800000,0.73343798,0.19643351,0.73184744
54.61999989,0.00169502,0.00032699,0.00500000,0.73525720,0.19295498,0.67018808
54.71999979,0.00067862,0.00177468,0.00400000,0.75039205,0.19091828,0.67420168
54.81999993,0.00744501,0.00379103,0.00300000,0.76148481,0.19502199,0.70318858
54.91999984,0.00796416,0.00101105,0.00500000,0.73523487,0.18996656,0.71281985
55.01999998,0.00323185,0.00498449,0.00800000,0.69093040,0.18995170,0.76868025
55.11999989,0.00267727,0.00391564,0.00900000,0.68693026,0.18913049,0.76820856
55.22099996,0.00108851,0.00330834,0.00300000,0.67213087,0.18191514,0.74092732
55.32099986,0.00608380,0.00200932,0.00500000,0.76301888,0.18013465,0.73496012
55.42100000,0.00924653,0.00493474,0.00200000,0.75320914,0.19980331,0.76007810
55.52099991,0.01249004,0.00457480,0.00500000,0.75558820,0.20556000,0.80334676
55.62099981,0.00787661,0.00794726,0.00100000,0.72766867,0.20987384,0.80105854
55.72099996,0.00716298,0.00756979,0.00000000,0.72742214,0.20994861,0.80026836
55.82099986,0.00054435,0.01285899,0.00300000,0.68026121,0.23329270,0.79442318
55.92100000,0.00230380,0.01325490,0.00300000,0.67632313,0.23477785,0.78765626
56.02099991,0.00134961,0.01105027,0.01000000,0.68100529,0.21615616,0.83464350
56.12099981,0.00191398,0.01029741,0.01100000,0.67628786,0.21153368,0.82493200
56.22099996,0.00143626,0.00547605,0.01000000,0.67304864,0.21817561,0.83395888
56.32099986,0.00042084,0.00926083,0.01100000,0.66717310,0.22120410,0.80191283
56.42100000,0.00172551,0.01068750,0.01000000,0.64908010,0.21949885,0.79602838
56.52099991,0.00033510,0.01324755,0.00600000,0.68175108,0.22165261,0.75727877
56.62099981,0.00277541,0.01039217,0.00100000,0.68551661,0.21784199,0.76415433
56.72099996,0.00588657,0.01070739,0.00200000,0.75966744,0.22222225,0.77307290
56.82099986,0.00311367,0.01496914,0.00400000,0.72026332,0.23388383,0.77986979
56.92100000,0.00468220,0.01490795,0.00700000,0.78120330,0.23043388,0.74910419
57.02099991,0.00314276,0.01623740,0.00900000,0.73954019,0.24489352,0.79867062
57.12099981,0.00247118,0.01702420,0.00100000,0.72664512,0.24477253,0.74132725
57.22099996,0.00330370,0.01841753,0.00900000,0.69892632,0.24347280,0.78155356
57.32099986,0.00508323,0.01892144,0.00800000,0.72216064,0.25097738,0.72472433
57.42100000,0.00848211,0.01689656,0.00700000,0.73935902,0.24536149,0.70689159
57.52099991,0.00673179,0.01734021,0.00600000,0.71661098,0.23224071,0.68872311
57.62099981,0.00086259,0.01762543,0.00300000,0.66334544,0.23563934,0.68889487
57.72099996,0.00193101,0.02074925,0.00400000,0.64809135,0.24119256,0.69482408
57.82099986,0.00102278,0.02119538,0.00500000,0.64114330,0.24410870,0.69354976
57.92100000,0.00231809,0.02092430,0.00700000,0.66144386,0.24903093,0.67532440
58.02099991,0.00121229,0.01995371,0.01300000,0.66875424,0.25254812,0.70654221
58.12199998,0.00289858,0.02669248,0.01400000,0.66898596,0.25879760,0.70284012
58.22199988,0.00523970,0.02666525,0.01300000,0.71713748,0.26646608,0.69518206
58.32199979,0.00702123,0.02716822,0.01400000,0.74872827,0.27117421,0.70051569
58.42199993,0.00919944,0.01961684,0.00600000,0.75705169,0.25506233,0.64375074
58.52199984,0.00326963,0.01864187,0.00700000,0.71766474,0.24645841,0.62512521
58.62199998,0.00411724,0.01949714,0.01500000,0.76593272,0.24103849,0.64399321
58.72199988,0.00515219,0.01942820,0.01600000,0.82118495,0.24074793,0.65680437
58.82199979,0.00597022,0.02018927,0.01200000,0.80393601,0.23488002,0.67217982
58.92199993,0.00097028,0.02161755,0.00200000,0.73351318,0.23212957,0.62817402
59.02199984,0.00526101,0.02300895,0.00800000,0.77020336,0.24833510,0.61748146
59.12199998,0.00480492,0.02251739,0.01000000,0.73071075,0.24339834,0.61698217
59.22199988,0.00033446,0.01599963,0.00700000,0.71917592,0.22228770,0.64637486
59.32199979,0.00217119,0.01776755,0.00400000,0.71029286,0.21170178,0.65167265
59.42199993,0.00275524,0.02331542,0.00400000,0.71458600,0.22673189,0.65053594
59.52199984,0.00419063,0.02341983,0.00400000,0.74375235,0.21217987,0.64834078
59.62199998,0.00011628,0.01649110,0.00900000,0.73675515,0.20296780,0.64781443
59.72199988,0.00007605,0.01385764,0.01100000,0.75353887,0.19989802,0.66547196
59.82199979,0.00341436,0.01421240,0.01300000,0.74530282,0.20211457,0.69538678
59.92199993,0.00324926,0.01180222,0.01400000,0.73970022,0.19238698,0.70023102
60.02199984,0.00247179,0.01867245,0.00300000,0.71824433,0.20104196,0.67555491
60.12199998,0.00244101,0.01620282,0.00290000,0.71374398,0.19438863,0.65413030
60.22199988,0.00546645,0.01072091,0.00400000,0.78055697,0.19805883,0.67084005
60.32199979,0.00870517,0.01515520,0.00400000,0.81617772,0.20298366,0.67214857
60.42199993,0.00846280,0.01464517,0.00600000,0.81923866,0.20337360,0.69966279
60.52199984,0.00501434,0.01836999,0.00400000,0.75245595,0.20643198,0.71148566
60.62199998,0.00448291,0.01496374,0.00700000,0.77686083,0.20286276,0.71606120
60.72199988,0.00716848,0.01491888,0.01200000,0.84480149,0.20382923,0.73533524
60.82199979,0.01035200,0.01891550,0.01600000,0.83403614,0.21110481,0.79530472
60.92299986,0.01098608,0.01723677,0.01700000,0.81004208,0.20191444,0.80273295
61.02300000,0.00685899,0.02187680,0.02300000,0.79729651,0.20411292,0.81350496
61.12299991,0.00648917,0.01863305,0.02800000,0.80752636,0.20348859,0.83710344
61.22299981,0.00752451,0.01871127,0.01100000,0.80603708,0.20346394,0.78610200
61.32299995,0.00882121,0.02370815,0.00800000,0.78773290,0.19766260,0.78039287
61.42299986,0.00567171,0.02604384,0.00800000,0.75134284,0.21844320,0.78189171
61.52300000,0.00367152,0.02453406,0.01000000,0.68609834,0.20819938,0.78655301
61.62299991,0.00454765,0.02220290,0.01100000,0.68065578,0.21705003,0.80366831
61.72299981,0.00617464,0.02402652,0.01100000,0.68488512,0.21264111,0.81507007
61.82299995,0.00689939,0.02486058,0.01300000,0.71124982,0.21420425,0.79443673
61.92299986,0.00700833,0.02418622,0.01500000,0.72911639,0.21411464,0.80279709
62.02300000,0.00589676,0.02250240,0.00600000,0.74704881,0.20611233,0.77864308
62.12299991,0.00252742,0.02518774,0.00300000,0.72530424,0.20730231,0.77982403
62.22299981,0.00335107,0.02318944,0.00600000,0.72431131,0.21300882,0.77200662
62.32299995,0.00179601,0.02574304,0.00600000,0.72458265,0.21594716,0.75869482
62.42299986,0.00148552,0.02513749,0.01000000,0.73508160,0.21777198,0.74444626
62.52300000,0.00057267,0.02922331,0.01600000,0.74459094,0.23805872,0.75126481
62.62299991,0.00167052,0.02906595,0.02000000,0.73812907,0.24428209,0.80096145
62.72299981,0.00180051,0.02320599,0.02200000,0.73466679,0.22776058,0.80374999
62.82299995,0.00373625,0.02066883,0.02700000,0.73856064,0.22185074,0.81062290
62.92299986,0.00441370,0.01898787,0.02800000,0.73035392,0.22033557,0.81156203
63.02300000,0.00079802,0.02382463,0.03200000,0.73496510,0.23456958,0.82496009
63.12299991,0.00097191,0.02299794,0.01500000,0.75670701,0.23864059,0.76941263
63.22299981,0.00380111,0.02069786,0.00700000,0.76605936,0.24395517,0.77703401
63.32299995,0.00390917,0.01993636,0.00800000,0.76662148,0.24018243,0.74338857
63.42299986,0.00382711,0.01779335,0.00700000,0.75468332,0.23754912,0.74322385
63.52300000,0.00729894,0.01881530,0.01700000,0.82601842,0.23412786,0.74335907
63.62299991,0.00716895,0.02481585,0.02400000,0.82601864,0.23724762,0.76777414
63.72299981,0.00707333,0.02661706,0.03000000,0.81770513,0.25343273,0.77561215
63.82399988,0.00400118,0.03008389,0.03300000,0.74624650,0.25977376,0.77537298
63.92399979,0.00315900,0.02912165,0.03100000,0.75894244,0.25693442,0.76522698
64.02399993,0.00675538,0.02605254,0.03100000,0.81569388,0.24813275,0.73854456
64.12399983,0.00719813,0.02474746,0.02600000,0.81114086,0.24502047,0.72128221
64.22399998,0.00357403,0.02266355,0.02100000,0.73361194,0.23183507,0.71715288
64.32399988,0.00264219,0.02268896,0.01600000,0.72621470,0.23595392,0.67049146
64.42399979,0.00385627,0.02710755,0.01300000,0.73761031,0.26111151,0.68450598
64.52399993,0.00444532,0.02772759,0.01300000,0.74700198,0.25739646,0.65526062
64.62399983,0.00139778,0.02562999,0.00900000,0.76109440,0.23288173,0.65567486
64.72399998,0.00099240,0.02564966,0.00700000,0.75983640,0.22824004,0.64275505
64.82399988,0.00918192,0.02578803,0.00200000,0.82600693,0.23360508,0.63870383
64.92399979,0.01456259,0.02394788,0.00500000,0.82086775,0.23560365,0.64701528
65.02399993,0.01556523,0.02108776,0.01100000,0.81726600,0.23656544,0.62981948
65.12399983,0.01529926,0.01927311,0.00900000,0.79875302,0.23828249,0.62624387
65.22399998,0.00055078,0.01731290,0.00900000,0.72816607,0.23153954,0.62330623
65.32399988,0.01143853,0.02060485,0.00700000,0.78810246,0.22778328,0.63285158
65.42399979,0.01453976,0.01891019,0.00500000,0.82909870,0.22075679,0.63554770
65.52399993,0.01867163,0.02679067,0.01800000,0.82736668,0.24318998,0.65989629
65.62399983,0.01048686,0.02805968,0.02000000,0.76031755,0.24465980,0.71928761
65.72399998,0.00405002,0.02306723,0.01700000,0.74175057,0.22511069,0.66614864
65.82399988,0.00014276,0.02107865,0.02200000,0.73367811,0.22306061,0.69650066
65.92399979,0.00287951,0.01980097,0.02500000,0.72105506,0.22547505,0.68707870
66.02399993,0.00678796,0.01678969,0.03300000,0.75522790,0.22349074,0.70918066
66.12399983,0.00968322,0.01548468,0.01400000,0.76427450,0.21323364,0.63465842
66.22399998,0.00377308,0.01752638,0.00200000,0.75389005,0.20731272,0.64084174
66.32399988,0.00038696,0.02112132,0.00500000,0.77720191,0.20308150,0.64945847
66.42399979,0.00144120,0.02355468,0.00500000,0.77569599,0.21077423,0.68067326
66.52399993,0.00160334,0.02572779,0.01200000,0.76022981,0.22096129,0.70083507
66.62500000,0.00537430,0.01556782,0.01400000,0.75094932,0.20765552,0.68714907
66.72499990,0.00715812,0.01297541,0.01700000,0.75143968,0.20197300,0.72029884
66.82499981,0.00757659,0.03191293,0.02100000,0.73660618,0.22246995,0.77522178
66.92499995,0.00171363,0.01106677,0.02800000,0.73647518,0.19162285,0.78368891
67.02499986,0.00227284,0.03362386,0.02900000,0.72631805,0.21481708,0.78102900
67.12500000,0.00291809,0.00670035,0.02300000,0.75219080,0.17274355,0.78047572
67.22499990,0.01111465,0.00550586,0.02200000,0.75350223,0.17425448,0.81579657
67.32499981,0.02168773,0.03960988,0.02100000,0.80274400,0.21981097,0.81621380
67.42499995,0.02167499,0.00472808,0.02600000,0.81324078,0.17659997,0.81455601
67.52499986,0.01824255,0.03828589,0.02300000,0.82302212,0.21811775,0.79132556
67.62500000,0.01676421,0.00306286,0.02200000,0.77915776,0.16908989,0.83440688
67.72499990,0.02326341,0.00143655,0.02700000,0.81275476,0.16836764,0.83361479
67.82499981,0.02519566,0.04759915,0.02600000,0.82361212,0.22235617,0.82653855
67.92499995,0.02490286,0.00370236,0.01400000,0.81790799,0.17249241,0.76619408
68.02499986,0.02677989,0.03711654,0.00600000,0.81272228,0.21704564,0.75758737
68.12500000,0.01924099,0.00600286,0.00300000,0.76864239,0.17994705,0.76056144
68.22499990,0.01188930,0.00617290,0.00200000,0.72392802,0.18919237,0.76479049
68.32499981,0.02008599,0.03629880,0.00300000,0.77377658,0.23458555,0.73656387
68.42499995,0.01435544,0.00669115,0.00100000,0.70977204,0.19856760,0.72131339
68.52499986,0.02117093,0.03817370,0.00000000,0.71702324,0.23958812,0.70537894
68.62500000,0.01901061,0.00508790,0.01000000,0.72510101,0.19717740,0.70763525
68.72499990,0.01968154,0.01155582,0.01600000,0.73873246,0.20311262,0.69908093
68.82499981,0.02241688,0.02434714,0.01800000,0.75626591,0.22387996,0.70665787
68.92499995,0.02061812,0.00775712,0.01800000,0.72732834,0.20644275,0.72077134
69.02499986,0.02469043,0.03222457,0.01500000,0.76506800,0.24230316,0.73096259
69.12500000,0.02116313,0.00476676,0.01000000,0.73197958,0.19943887,0.71443393
69.22499990,0.02620681,0.00443882,0.00900000,0.75044594,0.20098110,0.71103797
69.32499981,0.02791048,0.02510966,0.00800000,0.73904590,0.23904462,0.67249856
69.42499995,0.02569613,0.01114267,0.00800000,0.69351852,0.22168977,0.67933268
69.52599978,0.01096908,0.00876866,0.01800000,0.64514037,0.20956897,0.64969392
69.62599993,0.00549865,0.00793504,0.01100000,0.65326916,0.21308476,0.65000562
69.72599983,0.02853886,0.00717867,0.02600000,0.71521237,0.21268591,0.68765882
69.82599998,0.02773848,0.01095020,0.03300000,0.73385750,0.22238273,0.67248129
69.92599988,0.04232457,0.01029518,0.04400000,0.77055790,0.22463432,0.70923611
70.02599978,0.00621522,0.00341922,0.02000000,0.69817694,0.22175715,0.68969596
70.12599993,0.00925603,0.00264308,0.00300000,0.69408659,0.23089994,0.63975227
70.22599983,0.02081765,0.01512632,0.00500000,0.74323814,0.25598491,0.65082560
70.32599998,0.01544361,0.01799291,0.00400000,0.72888696,0.26480460,0.64268568
70.42599988,0.01781594,0.01680364,0.00600000,0.79261991,0.27265507,0.63963674
70.52599978,0.01663305,0.00635858,0.00700000,0.81460045,0.25170863,0.62716264
70.62599993,0.01788629,0.01413968,0.02800000,0.79725735,0.27262299,0.71990690
70.72599983,0.00705235,0.01472122,0.03700000,0.73882580,0.28071736,0.71513457
70.82599998,0.00146130,0.01235980,0.03700000,0.73208636,0.28046604,0.70619425
70.92599988,0.00160793,0.00613389,0.03300000,0.70327236,0.25976233,0.69500148
71.02599978,0.00046777,0.00791841,0.01600000,0.72544427,0.25562232,0.62681886
71.12599993,0.00827378,0.00529855,0.00600000,0.72905361,0.26486301,0.62589131
71.22599983,0.00918507,0.00675236,0.00800000,0.76037342,0.25577641,0.63033135
71.32599998,0.00710343,0.00587718,0.01000000,0.76076251,0.25033860,0.61488372
71.42599988,0.01205435,0.00513544,0.00900000,0.75798080,0.24935021,0.63029158
71.52599978,0.00065475,0.00448010,0.01300000,0.79799462,0.24645078,0.65032028
71.62599993,0.00108315,0.00761556,0.01900000,0.83217027,0.25434121,0.65602111
71.72599983,0.00593170,0.00854488,0.01500000,0.83113148,0.25031600,0.67112863
71.82599998,0.00389373,0.01073587,0.01500000,0.83106637,0.26109635,0.67458307
71.92599988,0.00984417,0.00799389,0.01300000,0.81155194,0.24718161,0.68536983
72.02599978,0.00315304,0.00732655,0.01500000,0.81023970,0.24077508,0.65206209
72.12599993,0.00339448,0.00152562,0.01900000,0.77793731,0.23527600,0.65392825
72.22599983,0.00837394,0.00085272,0.02300000,0.79551450,0.23754547,0.65849781
72.32699990,0.00923337,0.00171898,0.03600000,0.76195189,0.23711619,0.69734290
72.42699981,0.00684701,0.00560076,0.01000000,0.75118230,0.23494076,0.64070913
72.52699995,0.00299945,0.00360185,0.01400000,0.76222544,0.22565856,0.63320231
72.62699986,0.00293786,0.00275299,0.00000000,0.74167714,0.22356448,0.64043743
72.72700000,0.00278247,0.01183376,0.00200000,0.75197658,0.24206443,0.64293974
72.82699990,0.01218256,0.00920843,0.01000000,0.79530557,0.24234190,0.69437910
72.92699981,0.00757665,0.00313757,0.01500000,0.74746254,0.22215818,0.74629136
73.02699995,0.00115021,0.00292182,0.02200000,0.73391385,0.22398752,0.72545161
73.12699986,0.00677853,0.00156573,0.02400000,0.73516321,0.21762442,0.76447351
73.22700000,0.00203382,0.00033701,0.01400000,0.76275141,0.21705472,0.71560067
73.32699990,0.01077803,0.00098698,0.01400000,0.81775392,0.21872371,0.73203734
73.42699981,0.00974071,0.00286506,0.02000000,0.81117903,0.20508480,0.74008190
73.52699995,0.00403854,0.00110462,0.03300000,0.74796191,0.19380277,0.80204939
73.62699986,0.00174883,0.00099075,0.03300000,0.71218582,0.19995389,0.83507773
73.72700000,0.00443280,0.00271850,0.03800000,0.73110214,0.19645740,0.82200087
73.82699990,0.00030412,0.00481742,0.03100000,0.73408434,0.19604622,0.80641909
73.92699981,0.00152722,0.00522375,0.02000000,0.74132522,0.19504885,0.76283224
74.02699995,0.00557152,0.00556849,0.01400000,0.76842885,0.20174520,0.75824903
74.12699986,0.00451163,0.00448834,0.01600000,0.72848321,0.20831175,0.76587781
74.22700000,0.00253641,0.01108542,0.01900000,0.72936597,0.20295982,0.77992303
74.32699990,0.00767342,0.00797111,0.03300000,0.70063728,0.18650545,0.81881752
74.42699981,0.00543181,0.00754556,0.03900000,0.71873147,0.18403717,0.83184581
74.52699995,0.00775520,0.00301278,0.02800000,0.73610761,0.17972585,0.83522817
74.62699986,0.00576956,0.00305323,0.02500000,0.68792806,0.18513914,0.84559734
74.72700000,0.00846186,0.00970035,0.04100000,0.66712642,0.20398584,0.88313535
74.82699990,0.00941502,0.00008558,0.04700000,0.67986665,0.18784600,0.86317148
74.92699981,0.00892845,0.00640724,0.04210000,0.68098093,0.19315321,0.84954891
75.02699995,0.01179859,0.02303461,0.04100000,0.69403912,0.21995838,0.86513392
75.12699986,0.01555600,0.00953471,0.03800000,0.77027812,0.20419121,0.88733265
75.22799993,0.01823649,0.00425329,0.04200000,0.77867084,0.18188851,0.91547962
75.32799983,0.02095468,0.01207607,0.05200000,0.78122655,0.19632092,0.93142055
75.42799997,0.02222938,0.01068526,0.01500000,0.80137575,0.20086514,0.89584320
75.52799988,0.02477864,0.01543985,0.01400000,0.83385992,0.21257953,0.91012408
75.62799978,0.00835814,0.00673361,0.00200000,0.77669993,0.19992541,0.90442994
75.72799993,0.00425962,0.00703247,0.00500000,0.78188521,0.20337471,0.92753175
75.82799983,0.00537214,0.00594896,0.01100000,0.78314322,0.20265527,0.92693382
75.92799997,0.00462654,0.00663891,0.01300000,0.80111551,0.19642259,0.92021745
76.02799988,0.00062936,0.00867951,0.00100000,0.77848564,0.20045853,0.88678745
76.12799978,0.00292098,0.01106878,0.00400000,0.77306526,0.21238383,0.90281234
76.22799993,0.01224591,0.00621351,0.01000000,0.78445925,0.20876669,0.88940759
76.32799983,0.02300138,0.00568474,0.00300000,0.84650496,0.20502422,0.87955291
76.42799997,0.02404256,0.00282053,0.00300000,0.83460730,0.20828270,0.86417688
76.52799988,0.02030358,0.00781439,0.01200000,0.82426374,0.23059676,0.88585923
76.62799978,0.00844076,0.01266821,0.00900000,0.78662009,0.24998630,0.88244513
76.72799993,0.01458969,0.01201920,0.00400000,0.84676467,0.24433677,0.85072135
76.82799983,0.01823606,0.01495413,0.01100000,0.82999428,0.24496807,0.88403885
76.92799997,0.01782525,0.01517236,0.01800000,0.79880605,0.24654067,0.85436129
77.02799988,0.02084725,0.01438897,0.02500000,0.80183954,0.25266172,0.89393649
77.12799978,0.02548635,0.01720744,0.02700000,0.81476321,0.25063521,0.91600896
77.22799993,0.03257409,0.01333523,0.00700000,0.80390647,0.24586512,0.86113233
77.32799983,0.02941647,0.00821469,0.00100000,0.78453196,0.24284647,0.84428572
77.42799997,0.02508988,0.00602479,0.00300000,0.79772612,0.24526583,0.87591044
77.52799988,0.02197338,0.00162810,0.00500000,0.78210764,0.23806519,0.91406109
77.62799978,0.01854680,0.00051590,0.01000000,0.76696868,0.23337330,0.91669628
77.72799993,0.01170883,0.00715286,0.01600000,0.72264528,0.24320446,0.90740793
77.82799983,0.01008235,0.01324222,0.02000000,0.72014529,0.26143740,0.92232111
77.92799997,0.01009196,0.00915272,0.00500000,0.72234284,0.24984988,0.86177770
78.02899981,0.01057978,0.00956651,0.00400000,0.71890091,0.25836735,0.86407002
78.12899995,0.01450240,0.00738448,0.00500000,0.75624205,0.26039259,0.84286782
78.22899985,0.01167538,0.00089746,0.01000000,0.69206764,0.25493478,0.83685576
78.32900000,0.00606825,0.00694163,0.00300000,0.68567576,0.26197272,0.79726479
78.42899990,0.00391162,0.01077029,0.00200000,0.68966487,0.27586011,0.76542312
78.52899981,0.00646615,0.01030189,0.00400000,0.70120542,0.27444790,0.74852222
78.62899995,0.01001406,0.00995433,0.00300000,0.68635614,0.26835336,0.73833813
78.72899985,0.00564804,0.01208593,0.00700000,0.69460310,0.26637290,0.73848464
78.82900000,0.00073992,0.01286322,0.01200000,0.69934611,0.26048916,0.72606396
78.92899990,0.00189433,0.01118711,0.01500000,0.69654744,0.26040132,0.71970193
79.02899981,0.00011942,0.00633370,0.02200000,0.69045675,0.24804101,0.77746469
79.12899995,0.00129983,0.00667761,0.02400000,0.70589743,0.24540382,0.78062328
79.22899985,0.00202734,0.00701925,0.00500000,0.71046965,0.25025701,0.69524856
79.32900000,0.00048867,0.01040246,0.00200000,0.66776941,0.25262594,0.72097121
79.42899990,0.00175029,0.01392934,0.00200000,0.64329719,0.25198252,0.73002521
79.52899981,0.00316570,0.01264588,0.01500000,0.66437898,0.23844381,0.73560060
79.62899995,0.00274737,0.00751345,0.02400000,0.64196350,0.21971448,0.78873107
79.72899985,0.00118933,0.00108880,0.03600000,0.64619896,0.22501894,0.78705094
79.82900000,0.00474872,0.00373359,0.03800000,0.63488869,0.21953793,0.79545652
79.92899990,0.00192261,0.00378465,0.03500000,0.64693491,0.20757433,0.75192105
80.02899981,0.00501475,0.00172692,0.01900000,0.67899225,0.20347067,0.77294558
80.12899995,0.00603461,0.00886981,0.00000000,0.68202883,0.21891796,0.72314574
80.22899985,0.00540204,0.00909714,0.01100000,0.66436714,0.22124955,0.73954080
80.32900000,0.00547168,0.00870579,0.00500000,0.66771265,0.21546652,0.71625766
80.42899990,0.00022988,0.00545776,0.00300000,0.68555734,0.19721248,0.72163247
80.52899981,0.00600427,0.00071324,0.01400000,0.70128264,0.19864225,0.71120101
80.62899995,0.00914206,0.00204520,0.02300000,0.74737640,0.19958044,0.73816008
80.72899985,0.00660948,0.00035317,0.03300000,0.69612893,0.20152745,0.76155302
80.82999992,0.00104967,0.00345806,0.03000000,0.69100273,0.19887984,0.77463323
80.92999983,0.00000693,0.00036049,0.02900000,0.69453759,0.19445913,0.77923667
81.02999997,0.00127173,0.00133518,0.03000000,0.68008522,0.18986074,0.77475752
81.12999988,0.00978324,0.00069874,0.02300000,0.70408614,0.18928005,0.76930815
81.22999978,0.01226228,0.00450405,0.01200000,0.71427911,0.19267611,0.70992459
81.32999992,0.00256151,0.01052657,0.01600000,0.64749557,0.21373392,0.72775157
81.42999983,0.00360627,0.01703657,0.01200000,0.66152533,0.22106682,0.72054402
81.52999997,0.00463243,0.01670541,0.01700000,0.65535579,0.22163656,0.77998120
81.62999988,0.00466758,0.01075052,0.02400000,0.65838372,0.21733822,0.82941936
81.72999978,0.00240919,0.00951818,0.02300000,0.63724225,0.21395389,0.83094390
81.82999992,0.00143052,0.00880475,0.02800000,0.64452461,0.21175501,0.83439052
81.92999983,0.00030963,0.01152363,0.01300000,0.64415732,0.22383937,0.77459463
82.02999997,0.00599795,0.00844420,0.01300000,0.65732571,0.21534572,0.78968943
82.12999988,0.00967140,0.00263517,0.01300000,0.65216042,0.19650622,0.79932977
82.22999978,0.01133426,0.00050442,0.01500000,0.61808037,0.19151883,0.78349254
82.32999992,0.01691049,0.00558887,0.00200000,0.63050217,0.19178894,0.80369117
82.42999983,0.01928410,0.00754079,0.01400000,0.66378573,0.20727223,0.79796414
82.52999997,0.01773100,0.00892084,0.01700000,0.68458417,0.21763666,0.77037870
82.62999988,0.01022108,0.00557310,0.01500000,0.66556502,0.20184143,0.79011129
82.72999978,0.00590516,0.00391652,0.02100000,0.63487565,0.19052017,0.76932567
82.82999992,0.00608915,0.00327144,0.02700000,0.62655672,0.18299745,0.83574825
82.92999983,0.00683649,0.00423349,0.02900000,0.63656055,0.19527159,0.81846347
83.02999997,0.00569551,0.00073566,0.03600000,0.61956089,0.20327183,0.84744713
83.12999988,0.00262006,0.01208575,0.01900000,0.59052348,0.22652874,0.77766541
83.22999978,0.00285106,0.00862853,0.02300000,0.59742135,0.22179297,0.79760065
83.32999992,0.00005377,0.00707652,0.01900000,0.59763845,0.20839755,0.72042251
83.42999983,0.00042814,0.00295240,0.01200000,0.61634233,0.20501907,0.73748061
83.52999997,0.00330426,0.00097049,0.01100000,0.59855832,0.20811585,0.73335155
83.63099980,0.00051588,0.00250277,0.01500000,0.59092869,0.20693591,0.74013706
83.73099995,0.00016472,0.00190338,0.01800000,0.59962117,0.20928425,0.73601103
83.83099985,0.00193095,0.00457509,0.01900000,0.60366325,0.21793644,0.73198409
83.93099999,0.00286921,0.00756952,0.02100000,0.60670303,0.22445425,0.76539964
84.03099990,0.00076837,0.00498594,0.02400000,0.60152330,0.22842249,0.77904395
84.13099980,0.00161668,0.00932504,0.03300000,0.59288636,0.24818688,0.78050185
84.23099995,0.00160286,0.01002750,0.03600000,0.61148212,0.23318258,0.75685559
84.33099985,0.00479647,0.00313111,0.02500000,0.60064277,0.20727787,0.74624549
84.43099999,0.00798873,0.00042451,0.01900000,0.64985863,0.20295362,0.74320606
84.53099990,0.01068903,0.00761542,0.01500000,0.63965365,0.21063681,0.69927613
84.63099980,0.00256713,0.00452215,0.01600000,0.57321561,0.21619477,0.67860391
84.73099995,0.00022421,0.00053827,0.00400000,0.57789528,0.21166650,0.66265765
84.83099985,0.00188157,0.00289649,0.00800000,0.60183349,0.22409833,0.65903373
84.93099999,0.00933563,0.00564057,0.00900000,0.63758854,0.22717665,0.67057117
85.03099990,0.01779943,0.00443624,0.00900000,0.64121482,0.21570516,0.66484712
85.13099980,0.02079031,0.00752948,0.01600000,0.66378626,0.22376506,0.66704613
85.23099995,0.01367697,0.00987879,0.01100000,0.66365322,0.23074502,0.64766191
85.33099985,0.01621483,0.00827522,0.00400000,0.68299742,0.23301881,0.64983371
85.43099999,0.00455059,0.01491885,0.00100000,0.61138273,0.23575167,0.63276365
85.53099990,0.01042680,0.01101871,0.00000000,0.65616450,0.23646892,0.63124871
85.63099980,0.01248980,0.00803087,0.00000000,0.64195650,0.23122664,0.64954859
85.73099995,0.00952709,0.00805944,0.00490000,0.62689905,0.23228114,0.65187453
85.83099985,0.01173189,0.01225940,0.01100000,0.62205939,0.23648721,0.67077144
85.93099999,0.00272384,0.01341121,0.00100000,0.54603394,0.23914212,0.65825709
86.03099990,0.00599345,0.01767989,0.01000000,0.59405053,0.23112543,0.66654261
86.13099980,0.00204422,0.01736983,0.02000000,0.55639538,0.23476457,0.70457651
86.23099995,0.00097909,0.01335707,0.01500000,0.58211423,0.23694723,0.66535318
86.33099985,0.00100114,0.01075024,0.01500000,0.58293389,0.23078724,0.69860643
86.43199992,0.00053730,0.00578889,0.01000000,0.59809405,0.20900584,0.70881470
86.53199983,0.00548255,0.00222522,0.01200000,0.59068779,0.20871873,0.67123118
86.63199997,0.00583910,0.00516961,0.00800000,0.61718280,0.20667169,0.63169998
86.73199987,0.00444661,0.00982638,0.01000000,0.63805868,0.22093963,0.62254555
86.83199978,0.00225297,0.00980480,0.00500000,0.62341075,0.21861886,0.63491590
86.93199992,0.00363800,0.00462331,0.00300000,0.63233921,0.19915954,0.61849326
87.03199983,0.00717614,0.00122598,0.00900000,0.63750606,0.19522176,0.62613479
87.13199997,0.00907773,0.00304711,0.00400000,0.66874145,0.19501371,0.63115644
87.23199987,0.00689412,0.00339574,0.00700000,0.65304712,0.18944475,0.63039221
87.33199978,0.00256999,0.00053399,0.00900000,0.66604216,0.19427870,0.65818993
87.43199992,0.00062259,0.00114122,0.02000000,0.70073225,0.19189128,0.70658522
87.53199983,0.00124087,0.00710987,0.01700000,0.72060982,0.19875922,0.72549267
87.63199997,0.00590076,0.01336567,0.01000000,0.73935151,0.21763880,0.66906761
87.73199987,0.00590981,0.01638060,0.00500000,0.74850602,0.21760721,0.66989528
87.83199978,0.00447113,0.01401317,0.00100000,0.71578093,0.20776752,0.66582605
87.93199992,0.00188961,0.00171154,0.01400000,0.72034822,0.17767813,0.67404881
88.03199983,0.00155880,0.00428721,0.02000000,0.72460803,0.18078682,0.72547645
88.13199997,0.00226529,0.00516899,0.01500000,0.74058771,0.19305250,0.68931518
88.23199987,0.00105856,0.00886394,0.01500000,0.74931132,0.18811839,0.68269097
88.33199978,0.00398662,0.00620942,0.01300000,0.74937413,0.19255448,0.68134547
88.43199992,0.00361770,0.00373661,0.01200000,0.75906861,0.19220005,0.66467749
88.53199983,0.00306608,0.00143148,0.00000000,0.76284221,0.19784910,0.64264877
88.63199997,0.00171838,0.00570852,0.00900000,0.77582418,0.20635138,0.65527354
88.73199987,0.00279178,0.00420190,0.01100000,0.76678370,0.20581804,0.65422452
88.83199978,0.00591430,0.00117517,0.01100000,0.76635260,0.21329503,0.64189243
88.93199992,0.00705197,0.00194927,0.01400000,0.77324776,0.22045425,0.64213276
89.03199983,0.00816041,0.00199691,0.01700000,0.81060442,0.21489075,0.62935748
89.13199997,0.00563678,0.01407397,0.02600000,0.82839950,0.24701348,0.66622587
89.23299980,0.00372670,0.01458395,0.03500000,0.84377106,0.24807514,0.73967369
89.33299994,0.00495087,0.01330334,0.04600000,0.83869892,0.24146605,0.75081284
89.43299985,0.00564885,0.01437326,0.04900000,0.84031513,0.24635488,0.74583749
89.53299999,0.01276719,0.01352216,0.01800000,0.89146222,0.24468546,0.67310379
89.63299990,0.00936418,0.01297352,0.01000000,0.88080874,0.24248444,0.69239669
89.73299980,0.00886478,0.01222562,0.02600000,0.87953371,0.23659399,0.73934624
89.83299994,0.01277900,0.00593272,0.01900000,0.93176302,0.21772944,0.74594931
89.93299985,0.01463894,0.00435793,0.01100000,0.94670206,0.22754583,0.72897332
90.03299999,0.01015865,0.00932372,0.00800000,0.95196577,0.22991615,0.71970173
90.13299990,0.00909232,0.01183130,0.00400000,0.91045864,0.22903947,0.72271582
90.23299980,0.01046771,0.01247706,0.00600000,0.96108705,0.22776152,0.70212912
90.33299994,0.01320210,0.00831593,0.00500000,0.94161883,0.21007550,0.70698266
90.43299985,0.01085032,0.00656586,0.01000000,0.93462225,0.20628659,0.71427573
90.53299999,0.01259464,0.00574675,0.01800000,0.89880319,0.20899199,0.74666418
90.63299990,0.01304931,0.00587839,0.02100000,0.89282943,0.21194780,0.74212597
90.73299980,0.00943337,0.00588741,0.02600000,0.87326715,0.21399946,0.73557046
90.83299994,0.00881845,0.00627096,0.02800000,0.83724186,0.21431218,0.73740088
90.93299985,0.01444391,0.00172435,0.03200000,0.90498312,0.21991752,0.78309172
91.03299999,0.01634554,0.00027098,0.03600000,0.89851284,0.21689935,0.80735135
91.13299990,0.01424151,0.00157141,0.03600000,0.91065073,0.21255322,0.79570474
91.23299980,0.01355401,0.00476433,0.03700000,0.89804161,0.20673343,0.78030319
91.33299994,0.01798019,0.00791914,0.04900000,0.90427109,0.22846568,0.79045238
91.43299985,0.02004680,0.00555840,0.05400000,0.90347881,0.22311273,0.76921553
91.53299999,0.02122567,0.00541117,0.05400000,0.88832751,0.22331447,0.78999969
91.63299990,0.01698209,0.01150385,0.06000000,0.87010532,0.23424703,0.82998499
91.73299980,0.01288580,0.01263551,0.06400000,0.87166543,0.22409868,0.84144380
91.83299994,0.01498283,0.00431795,0.07500000,0.89314922,0.19714827,0.86273549
91.93299985,0.01456018,0.00003530,0.08000000,0.91657735,0.18833641,0.88897810
92.03399992,0.00992935,0.00058133,0.08400000,0.86160914,0.17842471,0.89283188
92.13399982,0.00811240,0.00212580,0.08000000,0.83927087,0.18507184,0.89640346
92.23399997,0.00842673,0.00181938,0.09000000,0.82761018,0.17609486,0.87336588
92.33399987,0.00163730,0.00620155,0.04100000,0.80068303,0.17936523,0.81648275
92.43399978,0.00063925,0.01293644,0.02300000,0.77434595,0.18908919,0.76063917
92.53399992,0.00532650,0.01719647,0.00500000,0.78821366,0.19317937,0.76444579
92.63399982,0.00695045,0.01776461,0.01400000,0.75124949,0.19381285,0.76354596
92.73399997,0.00314073,0.01543748,0.01400000,0.70461168,0.19168538,0.76908188
92.83399987,0.00104296,0.01250809,0.01500000,0.68406040,0.19262222,0.74572740
92.93399978,0.00066486,0.01189151,0.01800000,0.66851549,0.18064191,0.75064092
93.03399992,0.00234491,0.00975661,0.01300000,0.64381590,0.16908146,0.75287945
93.13399982,0.00363244,0.00744146,0.01000000,0.61768147,0.18457162,0.73998971
93.23399997,0.00331648,0.00528214,0.00200000,0.61341334,0.18436986,0.73321564
93.33399987,0.00187174,0.00308976,0.00800000,0.62743261,0.18781917,0.76342631
93.43399978,0.00053130,0.00528845,0.00200000,0.63134626,0.19372729,0.77655710
93.53399992,0.00359980,0.00639073,0.00400000,0.63555974,0.19970973,0.79269681
93.63399982,0.00067857,0.01379926,0.00900000,0.66171818,0.22238884,0.79214649
93.73399997,0.00067269,0.01500658,0.00400000,0.65118335,0.21929825,0.77610959
93.83399987,0.00616058,0.01789042,0.00600000,0.65546250,0.22463457,0.80880200
93.93399978,0.01083988,0.02037418,0.01200000,0.67269056,0.23151759,0.81262558
94.03399992,0.01397747,0.02017623,0.01200000,0.71114130,0.22589961,0.82968537
94.13399982,0.01290763,0.01203965,0.01800000,0.69409327,0.21213453,0.80518059
94.23399997,0.01491378,0.00756831,0.01700000,0.66856723,0.21464417,0.82582521
94.33399987,0.01429838,0.01139458,0.01500000,0.65847506,0.22606250,0.84382550
94.43399978,0.01869523,0.01620674,0.00700000,0.64533466,0.21838624,0.82792528
94.53399992,0.01670521,0.01948168,0.01100000,0.65894298,0.23175701,0.85169320
94.63399982,0.01510081,0.01414410,0.00600000,0.66394877,0.21331634,0.84066403
94.73399997,0.01300560,0.00890979,0.01300000,0.68457380,0.20944488,0.85895741
94.83499980,0.01006955,0.01210513,0.02100000,0.61670467,0.21551747,0.91443871
94.93499994,0.01277227,0.00776074,0.02000000,0.66354119,0.22047314,0.91341107
95.03499985,0.00799627,0.02142148,0.01800000,0.57937487,0.24225493,0.89814433
95.13499999,0.01697166,0.00474792,0.01200000,0.63266858,0.22045846,0.85293496
95.23499990,0.01622158,0.00914442,0.01400000,0.64010278,0.21987376,0.84107364
95.33499980,0.01180456,0.01510074,0.01100000,0.62275905,0.22748795,0.85528966
95.43499994,0.01910815,0.00925735,0.01000000,0.63548216,0.22281463,0.85452861
95.53499985,0.01557664,0.02549624,0.00300000,0.66191969,0.25744596,0.81649249
95.63499999,0.01507172,0.01068379,0.00500000,0.63099922,0.23228402,0.79810338
95.73499990,0.01988240,0.01016958,0.01000000,0.66159163,0.22941916,0.82348749
95.83499980,0.01519777,0.02247127,0.01300000,0.66290611,0.24888721,0.86759591
95.93499994,0.02093974,0.01612754,0.01600000,0.67706964,0.22992956,0.90578140
96.03499985,0.00611519,0.01583302,0.00400000,0.61795537,0.22789005,0.84942683
96.13499999,0.00908489,0.02178956,0.01600000,0.65154512,0.24854342,0.88806861
96.23499990,0.01289728,0.01749686,0.01300000,0.71039771,0.22573622,0.90828888
96.33499980,0.00803840,0.02046935,0.00700000,0.67795601,0.23235390,0.85618086
96.43499994,0.00245328,0.03130465,0.00700000,0.66776248,0.23398117,0.82606065
96.53499985,0.00338494,0.01265868,0.00400000,0.67938348,0.19682424,0.79685881
96.63499999,0.00987923,0.02699353,0.00600000,0.67762069,0.22416712,0.78188159
96.73499990,0.01007606,0.02146283,0.00700000,0.64464246,0.21435898,0.76860129
96.83499980,0.00423040,0.02248830,0.00100000,0.64429128,0.22160415,0.76957593
96.93499994,0.00207308,0.02556545,0.01600000,0.65121108,0.21420509,0.81483314
97.03499985,0.00751135,0.02150162,0.02300000,0.63608641,0.20360271,0.81957707
97.13499999,0.00904244,0.02192999,0.00600000,0.63644718,0.19477689,0.74781468
97.23499990,0.00527689,0.01885562,0.00400000,0.66468815,0.17198395,0.77288801
97.33499980,0.01037380,0.03225204,0.00500000,0.69330571,0.19179399,0.74094543
97.43499994,0.00770191,0.01940517,0.00400000,0.66009174,0.16812610,0.72345090
97.53499985,0.01025825,0.02485515,0.00700000,0.71399560,0.18945131,0.73301495
97.63599992,0.00877301,0.01957663,0.00900000,0.65428532,0.17578821,0.72082643
97.73599982,0.00446915,0.02120087,0.00300000,0.66473048,0.19002237,0.71749055
97.83599997,0.00402072,0.01731686,0.01000000,0.66156089,0.18207609,0.70617316
97.93599987,0.00483044,0.01518575,0.00700000,0.66493021,0.18491618,0.67797551
98.03599977,0.01163650,0.01193867,0.01810000,0.70922111,0.17722950,0.72293188
98.13599992,0.00495598,0.02008229,0.02800000,0.71025564,0.20129688,0.71825254
98.23599982,0.00502005,0.01912195,0.02900000,0.69898372,0.18503131,0.72468119
98.33599997,0.00154800,0.02031560,0.01300000,0.70650717,0.19937905,0.67673097
98.43599987,0.00219110,0.02037668,0.00200000,0.70970406,0.19899805,0.65572858
98.53599977,0.00848277,0.01966679,0.00000000,0.75938842,0.20002054,0.65248765
98.63599992,0.00866076,0.01580637,0.00000000,0.70922097,0.19215201,0.67883996
98.73599982,0.00550355,0.00833132,0.00200000,0.68396642,0.18369625,0.69756055
98.83599997,0.00409314,0.00762995,0.00100000,0.68456777,0.18723670,0.69063025
98.93599987,0.00609301,0.01838519,0.02200000,0.70046501,0.19831671,0.74078032
99.03599977,0.00795124,0.01426597,0.01400000,0.74173965,0.19079793,0.69555280
99.13599992,0.00254416,0.01287545,0.00800000,0.68972922,0.19176413,0.69130268
99.23599982,0.00058418,0.01263720,0.00500000,0.70183746,0.19117726,0.73301145
99.33599997,0.00007459,0.01525006,0.01200000,0.70011837,0.19722770,0.73764798
99.43599987,0.00076314,0.01560505,0.01600000,0.69727064,0.20195743,0.77518830
99.53599977,0.00280793,0.01235660,0.00100000,0.69013075,0.20239457,0.72107976
99.63599992,0.00574451,0.00393709,0.00400000,0.70377126,0.19779679,0.72519242
99.73599982,0.00538747,0.00640899,0.01000000,0.70364192,0.19940444,0.72866989
99.83599997,0.00444436,0.00539144,0.01300000,0.72394989,0.20233573,0.74927025
99.93599987,0.00262479,0.01164476,0.00300000,0.73846472,0.20610940,0.70651474
100.03599977,0.00854655,0.01930820,0.00900000,0.78596461,0.23769598,0.71863621
100.13599992,0.00902431,0.02061121,0.02200000,0.78737172,0.24279230,0.75771309
100.23599982,0.00874487,0.02138170,0.02100000,0.77059108,0.25173400,0.76545765
100.33699989,0.00241423,0.00826931,0.01800000,0.70415450,0.23001881,0.76007755
100.43699980,0.00200831,0.01027651,0.00600000,0.72808532,0.23848319,0.72190577
100.53699994,0.00308407,0.01183463,0.00100000,0.72731703,0.24344387,0.70471944
100.63699985,0.00338938,0.01638756,0.01400000,0.73922871,0.24584066,0.71157932
100.73699999,0.00237992,0.01420514,0.00800000,0.75882709,0.24720408,0.73182442
100.83699989,0.00161164,0.00340186,0.02400000,0.73646516,0.24135924,0.79008328
100.93699980,0.00168352,0.00263927,0.03600000,0.73599848,0.23288672,0.79330396
101.03699994,0.00031698,0.00348705,0.04000000,0.76100759,0.22798748,0.81453540
101.13699985,0.00276246,0.00814671,0.04300000,0.75374435,0.22944414,0.81421451
101.23699999,0.01176929,0.01496609,0.03100000,0.76538377,0.23779178,0.81445298
101.33699989,0.00867791,0.01609453,0.02800000,0.78040588,0.23737653,0.81225636
101.43699980,0.00962737,0.01621770,0.02900000,0.77597654,0.22987314,0.81335187
101.53699994,0.00870216,0.01749950,0.02000000,0.78052989,0.23521501,0.80878180
101.63699985,0.00024186,0.01380802,0.01600000,0.72777327,0.22979512,0.80808797
101.73699999,0.00542644,0.01425741,0.00800000,0.77216180,0.22050021,0.75744092
101.83699989,0.00742684,0.01617566,0.00200000,0.79558945,0.22230626,0.73001852
101.93699980,0.00705897,0.01544315,0.00900000,0.76859164,0.22669416,0.74166073
102.03699994,0.00165171,0.01404321,0.02000000,0.72216156,0.22891409,0.80538486
102.13699985,0.00973192,0.01353624,0.02500000,0.76430279,0.23153559,0.77751775
102.23699999,0.00805364,0.01386899,0.01900000,0.77918073,0.23498847,0.76327274
102.33699989,0.00221233,0.01293660,0.01300000,0.69865065,0.22970337,0.67343791
102.43699980,0.00043375,0.01175167,0.01300000,0.68967184,0.22521454,0.70878875
102.53699994,0.00291514,0.01693730,0.00900000,0.68991855,0.24809458,0.72038309
102.63699985,0.00526707,0.01687922,0.00800000,0.68062616,0.24581663,0.72837827
102.73699999,0.00845061,0.01733341,0.00200000,0.70637133,0.25434134,0.74793726
102.83699989,0.01308936,0.01687835,0.00200000,0.71634287,0.25226711,0.75028994
102.93699980,0.01284395,0.01649039,0.00500000,0.73921408,0.23922393,0.74119545
103.03699994,0.00962808,0.01609348,0.00900000,0.73693771,0.23877404,0.76573096
103.13799977,0.00342313,0.01893521,0.01700000,0.68545703,0.24991886,0.81657262
103.23799992,0.00397926,0.02160800,0.01300000,0.66061879,0.25050632,0.76357226
103.33799982,0.00635661,0.02448088,0.00900000,0.68626624,0.25729680,0.74849482
103.43799996,0.00687030,0.02543716,0.01200000,0.71044313,0.25521833,0.74567634
103.53799987,0.01222325,0.02413736,0.01100000,0.72343693,0.24421169,0.76213848
103.63799977,0.00491286,0.01843675,0.00900000,0.65222407,0.23309943,0.78605253
103.73799992,0.00474587,0.01519891,0.01300000,0.66357505,0.21956070,0.79126158
103.83799982,0.00490513,0.01499432,0.01600000,0.63831303,0.22031594,0.85641132
103.93799996,0.00153238,0.01863577,0.01400000,0.64322725,0.22848690,0.86411520
104.03799987,0.00555696,0.01679673,0.00700000,0.65698794,0.23573241,0.81946532
104.13799977,0.01124544,0.01665503,0.00500000,0.68976907,0.24034394,0.82540971
104.23799992,0.01545696,0.01580293,0.00200000,0.71908552,0.23891535,0.82487944
104.33799982,0.00535538,0.01735166,0.00400000,0.68585086,0.23875448,0.80852276
104.43799996,0.00391282,0.01590943,0.00600000,0.67537440,0.24148467,0.77151130
104.53799987,0.00900434,0.01524375,0.00800000,0.74066716,0.25241325,0.77528922
104.63799977,0.00724168,0.01341336,0.01000000,0.69656698,0.23747493,0.78180156
104.73799992,0.00018809,0.01353716,0.00700000,0.70134039,0.23665238,0.77670186
104.83799982,0.00653950,0.01242759,0.00100000,0.72733702,0.23648356,0.75701251
104.93799996,0.00542056,0.00888581,0.00500000,0.73464258,0.23480685,0.75357756
105.03799987,0.00324442,0.00929106,0.00800000,0.74948493,0.22880722,0.74324945
105.13799977,0.00343744,0.00944373,0.00300000,0.74691821,0.22363152,0.73462070
105.23799992,0.00858335,0.00781896,0.00300000,0.79510694,0.22386555,0.74284389
105.33799982,0.00721002,0.00783170,0.00600000,0.71925303,0.22157454,0.73711555
105.43799996,0.00041791,0.00874959,0.00300000,0.74517529,0.23348574,0.76158123
105.53799987,0.00639584,0.00943733,0.00300000,0.77102700,0.23530724,0.70759883
105.63799977,0.00831239,0.00767621,0.00200000,0.80742464,0.23147006,0.68521997
105.73799992,0.00802652,0.00973781,0.00400000,0.83582171,0.23877519,0.69090918
105.83799982,0.00793531,0.00884765,0.01100000,0.77781756,0.23411033,0.73481456
105.93899989,0.00772998,0.00821568,0.01300000,0.78021814,0.23136038,0.73055767
106.03899980,0.00294066,0.00523188,0.00800000,0.76504649,0.23210249,0.67094658
106.13899994,0.00376075,0.00559882,0.00200000,0.74621681,0.23125725,0.65644280
106.23899984,0.00092983,0.00863860,0.00100000,0.75900600,0.22797893,0.64871131
106.33899999,0.00117811,0.01243954,0.00700000,0.77233432,0.24553579,0.65280670
106.43899989,0.00272599,0.01084569,0.00700000,0.80088372,0.24965137,0.67360244
106.53899980,0.00359962,0.00649713,0.00900000,0.82473714,0.23877591,0.67669887
106.63899994,0.00623884,0.00282080,0.00900000,0.82591127,0.24234762,0.64781733
106.73899984,0.00993647,0.00043194,0.01700000,0.88833345,0.23964856,0.69943562
106.83899999,0.01291468,0.00098544,0.01900000,0.87468856,0.23173090,0.70176980
106.93899989,0.01377552,0.00191966,0.02000000,0.88915415,0.23055543,0.68508729
107.03899980,0.01184861,0.00301502,0.02200000,0.90330837,0.22629296,0.66535573
107.13899994,0.01132996,0.00203766,0.01500000,0.87206185,0.22214769,0.66100832
107.23899984,0.01205021,0.00115000,0.01100000,0.86657999,0.21072065,0.66147848
107.33899999,0.01378868,0.00086728,0.00700000,0.83982525,0.20709302,0.62593816
107.43899989,0.01471819,0.00358117,0.00600000,0.81764049,0.20922745,0.63735068
107.53899980,0.00769287,0.00346695,0.00900000,0.80318138,0.21290084,0.65524852
107.63899994,0.00390832,0.00462331,0.01000000,0.74668578,0.21040049,0.65056389
107.73899984,0.00408336,0.00226410,0.01500000,0.72232755,0.21301558,0.72613728
107.83899999,0.00577682,0.00136686,0.01700000,0.70821364,0.21080523,0.71684078
107.93899989,0.00797425,0.00545356,0.01800000,0.74716947,0.21092625,0.71957564
108.03899980,0.00064572,0.00086778,0.00100000,0.72476926,0.20413944,0.69696265
108.13899994,0.00018171,0.00227310,0.00600000,0.73757741,0.21322599,0.71579406
108.23899984,0.00029867,0.00181130,0.00600000,0.73376704,0.21772452,0.71995407
108.33899999,0.00203766,0.00148927,0.00800000,0.75993838,0.21398357,0.72210888
108.43899989,0.00430994,0.00213645,0.00800000,0.76907323,0.20840231,0.73729209
108.53899980,0.00600005,0.00235146,0.00400000,0.73100755,0.20034769,0.71063415
108.63899994,0.00927138,0.00420969,0.00200000,0.75644796,0.20711993,0.71949362
108.73899984,0.00986248,0.00461860,0.00700000,0.75900872,0.20975286,0.74405853
108.83999991,0.00807286,0.00411448,0.00700000,0.74507078,0.20890269,0.73467608
108.93999982,0.00592122,0.00406929,0.00800000,0.70901302,0.20809184,0.74235115
109.03999996,0.00678507,0.00353028,0.01200000,0.75860562,0.20526909,0.77684376
109.13999987,0.00781675,0.00485267,0.01300000,0.76780075,0.20607024,0.83551724
109.23999977,0.00841469,0.00730226,0.01300000,0.78404377,0.22109479,0.86320134
109.33999991,0.00140925,0.00374353,0.00100000,0.71759761,0.20929822,0.81221090
109.43999982,0.00392317,0.00247764,0.00000000,0.71994048,0.21099129,0.81304280
109.53999996,0.00217759,0.00153236,0.00300000,0.70805043,0.20205730,0.80734476
109.63999987,0.00125151,0.00305512,0.00400000,0.68847870,0.20424682,0.78792520
109.73999977,0.00319354,0.00339578,0.00500000,0.68258358,0.20204516,0.79557237
109.83999991,0.00278360,0.00429669,0.00800000,0.69559429,0.19385059,0.78601536
109.93999982,0.00192976,0.00515034,0.01100000,0.67844768,0.20058825,0.78302794
110.03999996,0.00434128,0.00531444,0.01600000,0.66641974,0.19423116,0.84752381
110.13999987,0.00418051,0.00430504,0.02500000,0.67890728,0.19826659,0.85701284
110.23999977,0.00208828,0.00498388,0.03200000,0.72090218,0.19986718,0.84582237
110.33999991,0.00017191,0.00869600,0.02000000,0.70923375,0.22128049,0.81763595
110.43999982,0.00366463,0.00150681,0.01400000,0.71799533,0.21299985,0.77190604
110.53999996,0.00494692,0.00559803,0.00600000,0.77812918,0.21793640,0.77835661
110.63999987,0.00424753,0.00234276,0.00400000,0.76201481,0.20667845,0.77087274
110.73999977,0.00046556,0.00615656,0.00800000,0.73509283,0.20615740,0.80338287
110.83999991,0.00337675,0.00898652,0.00900000,0.76582023,0.21987259,0.77566307
110.93999982,0.00276093,0.00317290,0.00400000,0.75334796,0.20841147,0.77100463
111.03999996,0.00504460,0.00034923,0.00500000,0.78256149,0.19964650,0.76302977
111.13999987,0.00691733,0.00135667,0.00800000,0.75781275,0.20183376,0.75151588
111.23999977,0.00614465,0.00326548,0.00500000,0.72741835,0.19091907,0.74868539
111.33999991,0.00683487,0.00341826,0.00300000,0.73657841,0.18689523,0.74657338
111.43999982,0.00438754,0.00453094,0.00200000,0.67669838,0.18004370,0.74416458
111.53999996,0.00223480,0.00713972,0.00700000,0.67703848,0.18560413,0.75964750
111.63999987,0.00096048,0.00711600,0.01300000,0.67591804,0.19156840,0.77248139
111.74099994,0.00103032,0.00388567,0.01600000,0.71408297,0.18778472,0.84405771
111.84099984,0.00392302,0.00418807,0.02300000,0.70616011,0.17942943,0.84572741
111.94099998,0.00099790,0.00464588,0.02100000,0.71373122,0.18183112,0.83943322
112.04099989,0.00026427,0.00554799,0.01900000,0.70942729,0.18313834,0.84416916
112.14099979,0.00042201,0.00678763,0.02100000,0.71621374,0.18256860,0.85004259
112.24099994,0.00210860,0.00925223,0.02600000,0.69252177,0.18239669,0.84990226
112.34099984,0.00524786,0.01383835,0.02700000,0.72378899,0.18842486,0.83660308
112.44099998,0.00545562,0.01547114,0.02400000,0.71484556,0.20447790,0.82407011
112.54099989,0.00744270,0.01642608,0.01700000,0.74949665,0.20247889,0.82348901
112.64099979,0.00529291,0.01328590,0.02000000,0.73494287,0.19018430,0.82881715
112.74099994,0.00491795,0.01396473,0.01800000,0.68814719,0.18749680,0.84345518
112.84099984,0.00315511,0.01688980,0.02100000,0.67980739,0.19491884,0.85702928
112.94099998,0.00291821,0.01848199,0.02300000,0.65231959,0.20617408,0.84503661
113.04099989,0.00035632,0.01904030,0.02400000,0.65612473,0.20985011,0.85349073
113.14099979,0.00037147,0.01825053,0.01800000,0.68309867,0.21243021,0.82002081
113.24099994,0.00056970,0.01522089,0.01400000,0.65441168,0.19480059,0.80100769
113.34099984,0.00225533,0.01391990,0.01000000,0.63631884,0.18927991,0.73810024
113.44099998,0.00372351,0.01271163,0.00900000,0.65815787,0.19679960,0.75881487
113.54099989,0.00419149,0.01392449,0.01000000,0.65372021,0.19679277,0.76279706
113.64099979,0.00416574,0.01747131,0.01300000,0.64759681,0.19121266,0.79020921
113.74099994,0.00119401,0.01888979,0.01300000,0.61378449,0.20187938,0.80335947
113.84099984,0.00047326,0.01824352,0.01100000,0.63271160,0.20756549,0.70507503
113.94099998,0.00106120,0.01340611,0.00800000,0.61991109,0.19931068,0.69759612
114.04099989,0.00360789,0.01617724,0.00300000,0.61881895,0.19338338,0.70277072
114.14099979,0.00251158,0.01755540,0.00200000,0.62419680,0.21127813,0.72575648
114.24099994,0.00069542,0.01620760,0.00500000,0.63589098,0.20814411,0.70818052
114.34099984,0.00535351,0.01410780,0.00400000,0.66568828,0.20684294,0.67590434
114.44099998,0.00394046,0.01986964,0.00600000,0.64779606,0.21427750,0.68988195
114.54199982,0.00101332,0.02537288,0.00300000,0.64549124,0.24534112,0.68536186
114.64199996,0.00480952,0.02405220,0.00200000,0.67303925,0.22949114,0.68392018
114.74199986,0.00434097,0.01995485,0.00900000,0.66522202,0.22073249,0.68483626
114.84199977,0.00031702,0.01947690,0.01400000,0.65995842,0.20765663,0.70860167
114.94199991,0.00479784,0.02288735,0.01400000,0.65985565,0.22183089,0.70778930
115.04199982,0.00198990,0.02694699,0.01600000,0.65309286,0.21814347,0.72951434
115.14199996,0.01010388,0.03028550,0.01000000,0.71376024,0.23289512,0.66175489
115.24199986,0.01335164,0.02980107,0.00500000,0.70288866,0.23762092,0.62709251
115.34199977,0.01351944,0.03080706,0.00200000,0.71526515,0.24365403,0.65327526
115.44199991,0.01476471,0.03322188,0.00200000,0.72750725,0.25038777,0.64699457
115.54199982,0.01448366,0.03386316,0.00300000,0.73054575,0.24344946,0.63641064
115.64199996,0.01213047,0.03186945,0.00600000,0.73027306,0.23956513,0.63866557
115.74199986,0.00894718,0.02462819,0.00900000,0.72673352,0.21591850,0.61682069
115.84199977,0.00962723,0.02469021,0.00600000,0.72462066,0.21749426,0.62675525
115.94199991,0.01090235,0.02773570,0.00100000,0.74966468,0.22593849,0.59300144
116.04199982,0.00746952,0.03075982,0.00100000,0.77180780,0.22734058,0.61250332
116.14199996,0.00737299,0.02908486,0.00200000,0.78255740,0.23328302,0.61406460
116.24199986,0.00775536,0.02754749,0.00300000,0.75443770,0.23345980,0.62221589
116.34199977,0.00663763,0.02572745,0.00000000,0.75422182,0.23804870,0.64741587
116.44199991,0.00774783,0.02690987,0.00000000,0.75348885,0.24489948,0.65391805
116.54199982,0.00825783,0.02542947,0.00500000,0.76043519,0.23515566,0.64431628
116.64199996,0.00989220,0.02715887,0.00300000,0.78795119,0.24098312,0.63007296
116.74199986,0.00905693,0.02940871,0.00000000,0.78478745,0.24630246,0.64263133
116.84199977,0.01028502,0.03086614,0.00100000,0.78156658,0.24295428,0.62059820
116.94199991,0.00972203,0.03408536,0.00400000,0.77610314,0.24291168,0.65695334
117.04199982,0.00770883,0.03079016,0.00900000,0.78138257,0.23597917,0.70717506
117.14199996,0.00711476,0.02812597,0.00900000,0.78050483,0.23954193,0.73910494
117.24199986,0.00698010,0.03139360,0.00500000,0.77163728,0.24073028,0.65915823
117.34199977,0.00660791,0.03293077,0.00400000,0.72261446,0.24042750,0.68302539
117.44199991,0.00769431,0.02908088,0.00600000,0.74833837,0.24326446,0.70348308
117.54299998,0.00749023,0.02380055,0.00900000,0.76057446,0.24382107,0.74730882
117.64299989,0.00412754,0.02756834,0.01000000,0.70289535,0.24628207,0.73263671
117.74299979,0.00225684,0.03183578,0.01300000,0.69810874,0.25872236,0.72613003
117.84299994,0.00292710,0.02996735,0.01700000,0.71379519,0.25355049,0.71004390
117.94299984,0.00039533,0.02718315,0.01000000,0.71192344,0.25887467,0.71243523
118.04299998,0.00142139,0.02658871,0.00800000,0.71049713,0.25307357,0.72072657
118.14299989,0.00045395,0.03179692,0.00600000,0.71905904,0.26174327,0.67192981
118.24299979,0.00121785,0.03429237,0.00400000,0.72128977,0.26458697,0.64579064
118.34299994,0.00264237,0.03567783,0.00700000,0.74299766,0.26853670,0.63178112
118.44299984,0.00364194,0.03239670,0.00700000,0.74154040,0.26190819,0.61054904
118.54299998,0.00605200,0.02834472,0.01000000,0.75211549,0.25056015,0.66245356
118.64299989,0.00190225,0.02976158,0.01000000,0.73164178,0.25328042,0.69772991
118.74299979,0.00100470,0.03080131,0.01300000,0.70921785,0.26046774,0.72019666
118.84299994,0.00307671,0.03102876,0.00900000,0.68202947,0.26212418,0.74134672
118.94299984,0.00449201,0.03101470,0.01500000,0.70882648,0.26216269,0.74833124
119.04299998,0.00481296,0.03508212,0.01900000,0.71583100,0.26801799,0.75209885
119.14299989,0.00408872,0.03537347,0.02100000,0.70644575,0.27056059,0.75000115
119.24299979,0.00112797,0.03686554,0.01000000,0.68907276,0.26203088,0.71609548
119.34299994,0.00022989,0.03472445,0.00300000,0.70441003,0.25921343,0.66343464
119.44299984,0.00119184,0.03394907,0.00600000,0.72768148,0.25799806,0.65586011
119.54299998,0.00777255,0.03424671,0.00500000,0.76336300,0.25315418,0.65687401
119.64299989,0.00963344,0.03619940,0.00700000,0.75956884,0.26439977,0.66607090
119.74299979,0.00460999,0.03711533,0.00900000,0.71169319,0.26049018,0.64883750
119.84299994,0.00609404,0.03738279,0.01000000,0.73560934,0.26402235,0.62950896
119.94299984,0.00491525,0.03741711,0.00700000,0.75755064,0.26529907,0.64930012
120.04299998,0.00386466,0.03782479,0.00300000,0.76503504,0.26422134,0.64293484
120.14299989,0.00269676,0.03602038,0.00200000,0.76303405,0.27034056,0.66699801
120.24299979,0.00262150,0.03507489,0.00300000,0.78059330,0.26902691,0.64148113
120.34399986,0.00009387,0.03591366,0.00200000,0.77954097,0.27129286,0.67382812
120.44399977,0.00050886,0.04036757,0.00100000,0.76752423,0.28070855,0.66296448
120.54399991,0.00089633,0.04184551,0.00100000,0.77369988,0.28315205,0.64909371
120.64399981,0.00543666,0.03952686,0.00200000,0.76376120,0.27574654,0.64648467
120.74399996,0.00845205,0.03770203,0.00400000,0.80932499,0.26571878,0.65359742
120.84399986,0.00950068,0.03965031,0.00900000,0.78328203,0.26838138,0.64715626
120.94399977,0.00975195,0.03954870,0.00900000,0.80058877,0.27494443,0.63680467
121.04399991,0.00621742,0.04263219,0.01300000,0.77661744,0.28041858,0.70160347
121.14399981,0.00724392,0.04223477,0.01200000,0.79798621,0.28238789,0.67224931
121.24399996,0.01071661,0.03981852,0.00900000,0.78275647,0.27817146,0.61467038
121.34399986,0.01302247,0.04321649,0.01200000,0.76211614,0.27993078,0.69123663
121.44399977,0.01342479,0.04477751,0.00600000,0.74860448,0.28227215,0.67558175
121.54399991,0.01161467,0.05084702,0.00300000,0.76069529,0.28646350,0.66745868
121.64399981,0.00839512,0.05059458,0.00900000,0.74473003,0.28931616,0.64685199
121.74399996,0.00574297,0.04486690,0.01100000,0.72076738,0.28802680,0.61456480
121.84399986,0.00852663,0.04292629,0.00700000,0.77109436,0.28227098,0.59643544
121.94399977,0.01084402,0.04825326,0.01200000,0.79857076,0.28688397,0.58750426
122.04399991,0.00748186,0.05202953,0.01900000,0.80298543,0.28840779,0.61827039
122.14399981,0.00819281,0.04971446,0.01800000,0.76383034,0.28625301,0.63814861
122.24399996,0.00502726,0.04600888,0.01800000,0.69643189,0.28452692,0.64280056
122.34399986,0.00171997,0.04525397,0.02200000,0.70484458,0.28159385,0.65096473
122.44399977,0.00357576,0.05064054,0.02500000,0.69553539,0.28515891,0.62581974
122.54399991,0.00797625,0.05064780,0.02300000,0.73629225,0.28422765,0.64115151
122.64399981,0.01275776,0.05136516,0.01600000,0.75835805,0.28246011,0.65572956
122.74399996,0.00770172,0.04635562,0.01100000,0.73374286,0.27500274,0.58222209
122.84399986,0.00046123,0.04029327,0.00700000,0.65970092,0.27186311,0.59442086
122.94399977,0.00214193,0.03685732,0.00800000,0.62031678,0.26939532,0.61684866
123.04399991,0.00254364,0.04171678,0.00900000,0.63394807,0.27154622,0.62250575
123.14399981,0.00479412,0.04042297,0.00800000,0.63150703,0.26451074,0.61891003
123.24499989,0.00124959,0.04878656,0.00400000,0.63674622,0.27123526,0.60212675
123.34499979,0.00038797,0.04340909,0.00700000,0.63261909,0.26845973,0.59812700
123.44499993,0.00493825,0.05800365,0.00800000,0.66035259,0.29128795,0.57188674
123.54499984,0.00106031,0.04867777,0.01400000,0.63825272,0.26531433,0.59116115
123.64499998,0.00156697,0.05117377,0.01100000,0.66731924,0.26509132,0.57019732
123.74499989,0.00132978,0.05028729,0.00900000,0.68787047,0.26408542,0.54986377
123.84499979,0.00085964,0.04901185,0.00400000,0.72213126,0.26757789,0.54679138
123.94499993,0.00195712,0.05117900,0.00200000,0.74227468,0.26574762,0.55682213
124.04499984,0.00116580,0.04735674,0.01000000,0.75194842,0.26465085,0.58516550
124.14499998,0.00016304,0.05260288,0.00900000,0.72934237,0.25730042,0.57693411
124.24499989,0.00282578,0.05110827,0.02000000,0.73490873,0.24895606,0.64231227
124.34499979,0.00571125,0.05400261,0.02100000,0.73113770,0.26106689,0.64162212
124.44499993,0.00741394,0.04592040,0.01300000,0.78984862,0.24792504,0.59808827
124.54499984,0.00624588,0.05116560,0.00900000,0.80178189,0.25388676,0.57503178
124.64499998,0.00009832,0.04859620,0.00500000,0.72711962,0.24545328,0.55140551
124.74499989,0.00307843,0.04967347,0.01000000,0.76670517,0.24834753,0.60024576
124.84499979,0.00562281,0.05247537,0.02200000,0.77393224,0.26472472,0.67719146
124.94499993,0.00290264,0.04251523,0.02400000,0.77456435,0.24429262,0.67782767
125.04499984,0.00400152,0.05543201,0.02100000,0.79091149,0.27427799,0.69201409
125.14499998,0.00644096,0.03744228,0.02200000,0.83408216,0.24767262,0.71982076
125.24499989,0.00279622,0.05493079,0.02000000,0.79684046,0.27955471,0.68933953
125.34499979,0.00298440,0.05283657,0.01700000,0.82174358,0.27407876,0.67791519
125.44499993,0.00110626,0.04230551,0.01700000,0.81292218,0.24836566,0.69033581
125.54499984,0.00432456,0.05671638,0.01900000,0.83396865,0.26956340,0.71989981
125.64499998,0.00939363,0.03428498,0.01400000,0.87878785,0.23911531,0.68594295
125.74499989,0.01218696,0.05743986,0.01000000,0.86777162,0.27444173,0.64195828
125.84499979,0.01128985,0.05702578,0.00700000,0.87277779,0.27590389,0.64177046
125.94499993,0.00373668,0.03571676,0.00500000,0.80305189,0.23981845,0.63026572
126.04499984,0.00128351,0.05848045,0.01300000,0.83126286,0.27606482,0.65301176
126.14599991,0.00252076,0.03036142,0.01200000,0.82396791,0.24401544,0.65476896
126.24599981,0.00885803,0.03079246,0.01400000,0.87272516,0.24729606,0.66338992
126.34599996,0.01124905,0.03125026,0.01200000,0.87426806,0.24949047,0.61956969
126.44599986,0.01233019,0.03090868,0.00700000,0.88986654,0.24553598,0.58341736
126.54600000,0.01036649,0.02900924,0.00900000,0.89095248,0.23727494,0.60443920
126.64599991,0.00678075,0.03003167,0.00600000,0.92990112,0.23356226,0.58508732
126.74599981,0.00863031,0.03050521,0.00300000,0.89742663,0.23136772,0.60938283
126.84599996,0.00415252,0.03193754,0.00200000,0.84054770,0.23649285,0.63248217
126.94599986,0.00216393,0.03183924,0.00100000,0.81260385,0.23077633,0.65211245
127.04600000,0.00189339,0.03141886,0.00300000,0.81884223,0.23282969,0.64337853
127.14599991,0.00466060,0.02936407,0.00800000,0.81325747,0.22377426,0.67105842
127.24599981,0.00705527,0.03293012,0.01500000,0.86143070,0.23429198,0.71533150
127.34599996,0.00362455,0.03464899,0.01500000,0.81657738,0.24968417,0.73693862
127.44599986,0.00070766,0.03475038,0.01400000,0.82448770,0.25728330,0.75127643
127.54600000,0.00092586,0.03291129,0.01500000,0.81386364,0.24381401,0.75805362
127.64599991,0.00353740,0.03411842,0.00600000,0.81115793,0.24247907,0.73377541
127.74599981,0.00568693,0.03461313,0.00400000,0.87137924,0.24588827,0.74447074
127.84599996,0.00713692,0.03495861,0.00100000,0.86058712,0.23777536,0.74525637
127.94599986,0.00329050,0.03373919,0.00300000,0.82686599,0.24057224,0.76239037
128.04600000,0.00319142,0.03424376,0.00300000,0.81663398,0.24120343,0.77964118
128.14599991,0.00180947,0.03439209,0.00600000,0.80645595,0.24008038,0.78058918
128.24599981,0.00360224,0.03425425,0.00600000,0.79689739,0.23970566,0.76577191
128.34599996,0.00016725,0.03363721,0.00300000,0.83693471,0.23594930,0.77347747
128.44599986,0.00373338,0.03117791,0.00000000,0.83390418,0.23357322,0.78600206
128.54600000,0.00300437,0.03304805,0.00200000,0.84447256,0.24332689,0.80359191
128.64599991,0.00292745,0.03462846,0.00500000,0.83593848,0.25365484,0.79791915
128.74599981,0.00379246,0.03593629,0.00900000,0.81832992,0.24880009,0.81232622
128.84599996,0.00241729,0.03530689,0.01100000,0.81951979,0.24594589,0.84764428
128.94599986,0.00111982,0.03749875,0.01000000,0.82016955,0.24453804,0.82863055
129.04699993,0.00171399,0.03363499,0.01600000,0.82880131,0.24632293,0.84619799
129.14699984,0.00113026,0.03568827,0.01400000,0.78964872,0.24187717,0.84440396
129.24699998,0.00277717,0.03431220,0.01100000,0.81152550,0.23918632,0.83641713
129.34699988,0.00430016,0.03651724,0.01400000,0.78814066,0.24183958,0.85510904
129.44699979,0.00448513,0.02979603,0.01200000,0.79830638,0.23489065,0.84489671
129.54699993,0.00031229,0.03477934,0.00600000,0.79139763,0.23917118,0.83789093
129.64699984,0.00176587,0.03868503,0.00100000,0.76784272,0.26249858,0.81006494
129.74699998,0.00210841,0.03288639,0.00000000,0.74318091,0.24084954,0.82403917
129.84699988,0.00107823,0.02964587,0.00500000,0.76629018,0.24286605,0.83933397
129.94699979,0.00160848,0.02740206,0.01300000,0.79485798,0.24617920,0.89064823
130.04699993,0.00080710,0.02997713,0.02400000,0.81850562,0.26020438,0.90631970
130.14699984,0.00572747,0.03545273,0.03200000,0.80191446,0.26427835,0.92676133
130.24699998,0.00559872,0.03754869,0.00800000,0.81577058,0.28006487,0.86819220
130.34699988,0.00836492,0.03506448,0.00400000,0.85942809,0.26725759,0.88251761
130.44699979,0.01499150,0.03590647,0.00500000,0.87606009,0.27781643,0.89068906
130.54699993,0.00020252,0.02068548,0.00400000,0.83849546,0.24965729,0.88827020
130.64699984,0.00792257,0.02378493,0.00000000,0.91736551,0.25660430,0.87734030
130.74699998,0.00575612,0.02281375,0.00100000,0.84461922,0.25828362,0.85352447
130.84699988,0.00781261,0.02994300,0.00600000,0.87817519,0.26530767,0.86017685
130.94699979,0.00773134,0.02553011,0.01100000,0.84120673,0.27016239,0.87506864
131.04699993,0.00129858,0.01914899,0.00900000,0.78291431,0.25618274,0.81196651
131.14699984,0.00266016,0.01785003,0.01000000,0.78735865,0.25823216,0.80673120
131.24699998,0.00688905,0.02053950,0.01500000,0.79399772,0.25815591,0.83363842
131.34699988,0.00433628,0.03251348,0.01400000,0.79442607,0.26393620,0.83588830
131.44699979,0.00664975,0.04046518,0.01000000,0.78445628,0.28148612,0.82325043
131.54699993,0.00964134,0.03805541,0.00400000,0.83987713,0.27360950,0.81149119
131.64699984,0.01246528,0.02595124,0.00600000,0.83264106,0.25438152,0.78649625
131.74699998,0.01687579,0.01722869,0.00900000,0.86902151,0.24642213,0.80969769
131.84799981,0.01738083,0.02722512,0.00400000,0.87262671,0.25949022,0.80228066
131.94799995,0.01657007,0.03138858,0.00400000,0.88159332,0.25576986,0.80539329
132.04799986,0.01433017,0.02805310,0.00000000,0.85898142,0.24861787,0.84218796
132.14800000,0.01080188,0.02188720,0.01200000,0.89412058,0.23753540,0.88341924
132.24799991,0.01148087,0.01955607,0.01600000,0.90699852,0.23858337,0.90031769
132.34799981,0.01007639,0.02167271,0.01600000,0.89434113,0.23867813,0.88997050
132.44799995,0.00903927,0.02362587,0.01700000,0.91974996,0.24365201,0.87292410
132.54799986,0.00599461,0.02152405,0.01300000,0.86355269,0.24601548,0.87331513
132.64800000,0.00371354,0.01821784,0.00700000,0.84173979,0.24102197,0.81901683
132.74799991,0.00913674,0.01626561,0.00000000,0.88683991,0.23197735,0.83560662
132.84799981,0.01327095,0.02214344,0.00200000,0.90310758,0.24996464,0.80511180
132.94799995,0.01349469,0.02328569,0.00100000,0.89179459,0.24406854,0.81592658
133.04799986,0.01083314,0.02241301,0.00600000,0.83277488,0.24065275,0.81347388
133.14800000,0.01309349,0.02004222,0.01300000,0.80762671,0.23279500,0.84387424
133.24799991,0.01603563,0.02101877,0.00800000,0.80030353,0.22973610,0.75871140
133.34799981,0.00993632,0.02602229,0.00100000,0.76741914,0.24905609,0.73984217
133.44799995,0.00399398,0.02277297,0.00000000,0.76892098,0.23265809,0.70098810
133.54799986,0.00554524,0.02120142,0.00200000,0.76416182,0.22671147,0.65457054
133.64800000,0.00721958,0.01637216,0.01400000,0.74335700,0.22940047,0.71109579
133.74799991,0.00240118,0.02196166,0.01900000,0.72537152,0.23418934,0.73078864
133.84799981,0.00518338,0.02759679,0.02100000,0.73483225,0.25318394,0.74491660
133.94799995,0.00044197,0.02443532,0.02300000,0.72383760,0.25352651,0.72467310
134.04799986,0.00131514,0.01644507,0.01000000,0.72836460,0.23554943,0.72488941
134.14800000,0.00896453,0.02110657,0.00800000,0.73413901,0.23753835,0.66583463
134.24799991,0.00929262,0.02843690,0.00500000,0.73884167,0.25346134,0.66306456
134.34799981,0.00225536,0.02844158,0.00900000,0.72800175,0.25452329,0.66947829
134.44799995,0.00378257,0.02414316,0.00900000,0.74491057,0.25844240,0.67894500
134.54799986,0.00047952,0.02067583,0.00600000,0.72464915,0.25256480,0.66283973
134.64800000,0.00362838,0.02027745,0.00700000,0.71991753,0.26069984,0.67267051
134.74899983,0.00417348,0.02092922,0.00900000,0.72754139,0.25056760,0.68530823
134.84899998,0.00525406,0.02362213,0.01200000,0.70712887,0.24868856,0.72207690
134.94899988,0.00312533,0.01633929,0.01400000,0.69526703,0.22162302,0.73145085
135.04899979,0.00610859,0.01486389,0.01200000,0.70295987,0.22692783,0.71176933
135.14899993,0.00914396,0.01617430,0.01600000,0.73768965,0.23061985,0.69760682
135.24899983,0.00676302,0.01775898,0.00900000,0.71496853,0.24169812,0.64366053
135.34899998,0.00725036,0.01464112,0.00600000,0.74619626,0.22538924,0.63972427
135.44899988,0.00719400,0.00951296,0.00200000,0.73915066,0.22178720,0.64620857
135.54899979,0.00491562,0.01315814,0.00100000,0.72245462,0.22794771,0.64188711
135.64899993,0.00477469,0.01384927,0.00300000,0.70055017,0.22699161,0.64242597
135.74899983,0.00771193,0.01278460,0.00400000,0.71724118,0.23653507,0.64428437
135.84899998,0.01173180,0.00902357,0.00700000,0.79282159,0.24877539,0.64515393
135.94899988,0.01127327,0.00705360,0.00700000,0.80295677,0.24766478,0.68504618
136.04899979,0.00669554,0.00795046,0.00400000,0.74582972,0.25178275,0.66443214
136.14899993,0.00368254,0.00951940,0.00300000,0.76613011,0.25586309,0.67589040
136.24899983,0.00503026,0.01107413,0.00000000,0.78925050,0.25985607,0.68643219
136.34899998,0.00855255,0.00927005,0.00300000,0.87670858,0.25979146,0.71507094
136.44899988,0.01255897,0.00701443,0.00400000,0.86931690,0.25906535,0.70693399
136.54899979,0.01287078,0.00586200,0.00200000,0.84949597,0.26048257,0.72209404
136.64899993,0.00953503,0.00828089,0.00100000,0.83982729,0.25990924,0.74748820
136.74899983,0.00985286,0.00798318,0.00000000,0.85690595,0.24918164,0.73673718
136.84899998,0.00922590,0.00446349,0.00600000,0.83391881,0.25317898,0.71738908
136.94899988,0.01418235,0.00172073,0.01200000,0.86517691,0.24199018,0.77956438
137.04899979,0.01595537,0.00069014,0.01500000,0.88551343,0.24902198,0.79323185
137.14899993,0.01406769,0.00405833,0.01200000,0.91126355,0.24765055,0.80439946
137.24899983,0.00900213,0.00591368,0.00900000,0.89678613,0.25676636,0.81435391
137.34899998,0.01018814,0.00272981,0.01300000,0.88058249,0.25162667,0.81800912
137.44899988,0.00820410,0.00025033,0.01000000,0.88573487,0.24919415,0.81357652
137.54899979,0.00839769,0.00237882,0.00200000,0.87100533,0.24922779,0.74337303
137.64999986,0.00901922,0.00558782,0.00400000,0.89233874,0.25522660,0.71061847
137.75000000,0.00981266,0.00373787,0.00400000,0.89071282,0.24488342,0.69968362
137.84999990,0.00480046,0.00518514,0.00600000,0.83112590,0.25650678,0.71583393
137.94999981,0.00590714,0.00537269,0.01200000,0.81217890,0.25816474,0.77387023
138.04999995,0.00019189,0.00632164,0.00500000,0.82771646,0.26237579,0.72211478
138.14999986,0.00478772,0.00783056,0.00400000,0.82187812,0.27874800,0.71227583
138.25000000,0.00371000,0.00897139,0.00300000,0.84070394,0.27730575,0.70759537
138.34999990,0.00437894,0.00819481,0.00500000,0.83505103,0.27827819,0.69455777
138.44999981,0.00041902,0.00526350,0.00500000,0.84511841,0.25732805,0.70746430
138.54999995,0.00423028,0.00357138,0.00400000,0.82883627,0.24970513,0.72048585
138.64999986,0.00773350,0.00272819,0.00200000,0.83393206,0.24556903,0.74416631
138.75000000,0.00190846,0.00496062,0.00200000,0.84836769,0.24561011,0.74061577
138.84999990,0.00263019,0.00299033,0.00200000,0.86203443,0.22866604,0.71784087
138.94999981,0.00439558,0.00108574,0.00300000,0.82920209,0.21566076,0.71863078
139.04999995,0.00724499,0.00000890,0.00400000,0.81495815,0.21468935,0.68736621
139.14999986,0.00509280,0.00295015,0.00500000,0.81088908,0.21599337,0.69022792
139.25000000,0.00496519,0.00386741,0.00200000,0.81168492,0.20973150,0.68467250
139.34999990,0.00486140,0.00500567,0.00100000,0.79398484,0.20792968,0.69071935
139.44999981,0.00977324,0.00011707,0.00000000,0.80493801,0.20107560,0.70142250
139.54999995,0.01091658,0.00179955,0.00400000,0.80716034,0.20152792,0.70252531
139.64999986,0.00795736,0.00129633,0.01000000,0.79001270,0.19695659,0.75384805
139.75000000,0.00310159,0.00001298,0.01200000,0.77475919,0.19508808,0.76492223
139.84999990,0.00363946,0.00083329,0.01100000,0.75478841,0.19232669,0.75995055
139.94999981,0.00328974,0.00079223,0.01200000,0.79748352,0.18521649,0.77284511
140.04999995,0.00463748,0.00124250,0.00800000,0.76073835,0.19352634,0.74695220
140.14999986,0.00593774,0.00128188,0.00700000,0.75260074,0.18058120,0.75552382
140.25000000,0.00746737,0.00304932,0.00300000,0.77587833,0.17978252,0.69218096
140.34999990,0.00679662,0.00436989,0.00100000,0.78139684,0.17967802,0.68605077
140.44999981,0.00068983,0.00433868,0.00200000,0.75098327,0.18253137,0.67892379
140.55099988,0.00082536,0.00525060,0.00100000,0.74193329,0.18133527,0.67698203
140.65099978,0.00548227,0.00454255,0.00300000,0.74022075,0.17672935,0.67304349
140.75099993,0.00735456,0.00243318,0.00400000,0.76696031,0.17086983,0.69796957
140.85099983,0.00593841,0.00404416,0.00700000,0.74741420,0.17384475,0.75315088
140.95099998,0.00074038,0.00892535,0.01600000,0.74456345,0.18053658,0.77060880
141.05099988,0.00298030,0.01085209,0.02100000,0.75534193,0.18870369,0.74558645
141.15099978,0.00888059,0.00977062,0.02500000,0.79327560,0.19690387,0.76242569
141.25099993,0.01006041,0.00417711,0.01300000,0.78063618,0.17474944,0.77638271
141.35099983,0.00521418,0.00410638,0.00500000,0.69890976,0.17636138,0.73313729
141.45099998,0.00020601,0.00393415,0.00300000,0.68963951,0.17563542,0.75380654
141.55099988,0.00263851,0.00241625,0.00500000,0.66268420,0.17799285,0.73173348
141.65099978,0.00763352,0.00371609,0.00000000,0.72360282,0.18528158,0.71825919
141.75099993,0.00703092,0.00801599,0.00300000,0.75231268,0.18538302,0.70835151
141.85099983,0.00733282,0.00768634,0.00100000,0.75422167,0.18575865,0.71777845
141.95099998,0.00753998,0.00878457,0.01600000,0.72192225,0.20585568,0.77613463
142.05099988,0.00605783,0.00603264,0.01000000,0.75684321,0.18947846,0.74782895
142.15099978,0.00459158,0.00862829,0.00300000,0.70903800,0.19582511,0.71588247
142.25099993,0.00914258,0.01127400,0.00800000,0.77021486,0.21929179,0.75225741
142.35099983,0.01165829,0.01084317,0.00100000,0.77687183,0.21590225,0.71149986
142.45099998,0.01089841,0.01134393,0.00000000,0.78374836,0.22152219,0.69443276
142.55099988,0.00536282,0.01143723,0.00000000,0.78837274,0.22741181,0.69110149
142.65099978,0.00342717,0.01057471,0.00100000,0.75016833,0.22573402,0.69983946
142.75099993,0.00022332,0.01305259,0.00200000,0.75255698,0.22691140,0.72117123
142.85099983,0.00210983,0.00658169,0.00400000,0.72042085,0.21236957,0.70365231
142.95099998,0.00390370,0.00567548,0.00400000,0.71685729,0.21778568,0.70337162
143.05099988,0.00770231,0.00688508,0.00100000,0.75278879,0.22700626,0.69808713
143.15099978,0.00065321,0.00550848,0.00800000,0.72652516,0.22440838,0.79620499
143.25099993,0.00159140,0.00463869,0.00500000,0.72095256,0.22886798,0.76536187
143.35099983,0.00492137,0.00718541,0.00100000,0.78799819,0.23118112,0.76300235
143.45099998,0.00053054,0.01041434,0.00400000,0.73155411,0.23131423,0.78375401
143.55199981,0.00539685,0.00851434,0.00400000,0.75567924,0.23446233,0.78892652
143.65199995,0.00577915,0.00889784,0.00400000,0.74397426,0.23286325,0.80676389
143.75199986,0.00640819,0.00746090,0.00800000,0.75498971,0.23125905,0.83848260
143.85200000,0.00056519,0.00776148,0.01100000,0.69493154,0.23992817,0.88009007
143.95199990,0.00102614,0.01251547,0.00600000,0.68540892,0.25271105,0.81458202
144.05199981,0.00022263,0.01420600,0.00100000,0.69409405,0.27223049,0.79507245
144.15199995,0.00303402,0.01307994,0.00400000,0.70940171,0.26122191,0.80336989
144.25199986,0.00328876,0.01404685,0.00600000,0.72556914,0.24719546,0.79947332
144.35200000,0.00195347,0.01491824,0.00300000,0.74442842,0.24915485,0.78399683
144.45199990,0.00306847,0.01504774,0.00100000,0.73394853,0.24776727,0.75712073
144.55199981,0.00539592,0.01572431,0.00100000,0.73965554,0.25297822,0.74343801
144.65199995,0.00381481,0.01420730,0.00900000,0.74654310,0.24646946,0.81991612
144.75199986,0.00340201,0.01318773,0.00800000,0.75418439,0.24896244,0.77024888
144.85200000,0.00594257,0.01172629,0.01100000,0.79901007,0.25312003,0.79847427
144.95199990,0.00406437,0.01054566,0.01500000,0.74525604,0.24632348,0.79712868
145.05199981,0.00031562,0.01145907,0.02000000,0.77017966,0.24463337,0.82434091
145.15199995,0.00006752,0.01054730,0.01300000,0.74435287,0.24192903,0.82621478
145.25199986,0.00303847,0.01257846,0.01000000,0.76237062,0.23366535,0.82210506
145.35200000,0.00319775,0.01833642,0.00600000,0.79639968,0.24442788,0.77822242
145.45199990,0.00089134,0.02012698,0.00500000,0.80394957,0.24987886,0.76117255
145.55199981,0.00354095,0.01334323,0.00100000,0.78891288,0.22445253,0.76393627
145.65199995,0.00560346,0.00938783,0.00500000,0.78913479,0.22372703,0.75942168
145.75199986,0.00394829,0.01522403,0.00700000,0.79819137,0.22767500,0.74322918
145.85200000,0.00088663,0.02323067,0.00700000,0.79471450,0.25019504,0.75066998
145.95199990,0.00409601,0.02269676,0.00400000,0.77760649,0.24942106,0.78187580
146.05199981,0.00637415,0.01360810,0.00100000,0.78411911,0.22736903,0.79611070
146.15199995,0.00277316,0.00998046,0.00100000,0.76500821,0.21338964,0.81088933
146.25199986,0.00041944,0.00650108,0.00000000,0.75959574,0.20293992,0.77405244
146.35200000,0.00125335,0.00509501,0.00300000,0.77277832,0.20158467,0.76601959
146.45199990,0.00650125,0.01463638,0.02000000,0.79404492,0.20923820,0.81749246
146.55299997,0.00528860,0.01049432,0.02000000,0.80261847,0.21610708,0.83009957
146.65299988,0.00888451,0.01037909,0.02300000,0.87293003,0.22002352,0.85130586
146.75299978,0.00882297,0.01051262,0.02900000,0.88363370,0.22089539,0.85507238
146.85299993,0.00202201,0.01015832,0.02100000,0.82502933,0.22100877,0.83726736
146.95299983,0.00362753,0.00878243,0.01600000,0.83497031,0.22142874,0.84550591
147.05299997,0.00887060,0.01457918,0.01800000,0.88687061,0.22260062,0.85879638
147.15299988,0.00886120,0.01983883,0.01600000,0.90458873,0.21906698,0.86105878
147.25299978,0.01139860,0.02228995,0.00900000,0.89675714,0.21980560,0.86034798
147.35299993,0.01151204,0.02481941,0.00800000,0.88748515,0.24689784,0.79336526
147.45299983,0.00660361,0.02317827,0.00400000,0.82900725,0.23641145,0.80027914
147.55299997,0.00418071,0.01661119,0.00600000,0.84821208,0.22036304,0.81846626
147.65299988,0.00483010,0.01603902,0.00400000,0.87008763,0.21621314,0.82944139
147.75299978,0.00604721,0.02275415,0.00300000,0.88458418,0.21864482,0.81480488
147.85299993,0.00775013,0.02820896,0.00000000,0.92102563,0.22932385,0.83164851
147.95299983,0.00855918,0.02800394,0.00100000,0.92561825,0.22800219,0.81795489
148.05299997,0.01141756,0.02678170,0.00600000,0.92856188,0.21788365,0.81753961
148.15299988,0.01311892,0.02676255,0.00700000,0.93182437,0.22254008,0.82411345
148.25299978,0.01536701,0.02814081,0.00600000,0.92998541,0.22986135,0.84760589
148.35299993,0.01489352,0.02972210,0.00600000,0.93081866,0.23634878,0.84538151
148.45299983,0.00870576,0.02815990,0.00900000,0.89587265,0.22526333,0.86641899
148.55299997,0.01189762,0.03142446,0.00200000,0.89544888,0.23964604,0.85325348
148.65299988,0.01538580,0.03157035,0.00100000,0.91807614,0.24239044,0.85787966
148.75299978,0.01119117,0.03126992,0.00200000,0.91776331,0.24023486,0.85352901
148.85299993,0.00439598,0.03058897,0.00400000,0.84536110,0.23366395,0.86236989
148.95299983,0.00245908,0.02209373,0.00600000,0.86278278,0.21015000,0.84482358
149.05299997,0.00086524,0.01986181,0.00400000,0.88806401,0.21078071,0.82182656
149.15299988,0.00222837,0.02810061,0.00600000,0.89422457,0.21912212,0.82075824
149.25299978,0.00668438,0.03377172,0.00300000,0.90040147,0.23889975,0.81223142
149.35399985,0.00996210,0.03367739,0.00100000,0.94629042,0.23488586,0.81302673
149.45400000,0.00707631,0.02793091,0.00500000,0.89377670,0.21391553,0.82771397
149.55399990,0.00848860,0.02909886,0.00600000,0.91360261,0.21504831,0.86020524
149.65399981,0.00761839,0.02825562,0.00800000,0.89799355,0.20779074,0.82840990
149.75399995,0.00709268,0.03220953,0.01000000,0.86092562,0.19870462,0.85444773
149.85399985,0.00629932,0.02962041,0.01100000,0.84081570,0.19898281,0.84053772
149.95400000,0.00500256,0.03044182,0.01300000,0.85998373,0.20488141,0.85482800
150.05399990,0.00008940,0.02772746,0.00200000,0.85201978,0.20473047,0.77831695
150.15399981,0.00351442,0.02675348,0.00300000,0.82234529,0.20050948,0.77806581
150.25399995,0.00581289,0.02496017,0.00100000,0.80728523,0.20941572,0.76752568
150.35399985,0.00229545,0.03293540,0.00200000,0.79474956,0.21470600,0.77793283
150.45400000,0.00262754,0.03178043,0.00100000,0.79957243,0.21139607,0.78792545
150.55399990,0.00042596,0.03329247,0.00200000,0.80900170,0.21577993,0.78773442
150.65399981,0.00038418,0.02761924,0.00600000,0.81271206,0.21724922,0.80995233
150.75399995,0.00150080,0.02633187,0.01300000,0.78512558,0.21433923,0.84159529
150.85399985,0.00176614,0.02730075,0.01100000,0.76904422,0.21818209,0.82957786
150.95400000,0.00000431,0.03023326,0.01300000,0.74685745,0.21998316,0.80301039
151.05399990,0.00016334,0.03478481,0.01600000,0.74437892,0.22458052,0.84008957
151.15399981,0.00210313,0.03038728,0.01800000,0.76063451,0.21598429,0.82033491
151.25399995,0.00071059,0.02181043,0.01000000,0.73116526,0.19937797,0.75408049
151.35399985,0.00215779,0.02253428,0.01100000,0.75352057,0.21038333,0.77865514
151.45400000,0.00652616,0.03306493,0.01710000,0.77594172,0.21541578,0.77086727
151.55399990,0.00618382,0.03726286,0.01400000,0.75806321,0.21936400,0.77109992
151.65399981,0.00551460,0.03333825,0.01500000,0.69970977,0.21384308,0.75272303
151.75399995,0.00364571,0.02569900,0.01900000,0.68433140,0.20995058,0.74712346
151.85399985,0.00195690,0.02270398,0.02000000,0.68930427,0.20409179,0.75719083
151.95400000,0.00401797,0.02448154,0.01800000,0.71252986,0.21026131,0.77026261
152.05399990,0.00638915,0.03181727,0.00400000,0.75015025,0.22190133,0.70780867
152.15399981,0.00566498,0.03669384,0.00000000,0.72120786,0.21892754,0.69758547
152.25499988,0.00533299,0.03414439,0.00700000,0.69600016,0.22029658,0.69643828
152.35499978,0.00820856,0.03497170,0.00200000,0.76020920,0.22481168,0.69267360
152.45499992,0.00793741,0.05021850,0.00400000,0.74632898,0.26419635,0.68196606
152.55499983,0.00756202,0.03392898,0.00400000,0.72420316,0.24085655,0.66751222
152.65499997,0.00455413,0.05060227,0.00500000,0.68852636,0.26754300,0.64783614
152.75499988,0.00730190,0.03487079,0.00810000,0.72212347,0.23908659,0.66188586
152.85499978,0.01126390,0.03753964,0.01300000,0.71578218,0.24466723,0.72634578
152.95499992,0.00817936,0.04257767,0.01300000,0.72001795,0.25509203,0.72827788
153.05499983,0.00647622,0.03483215,0.01600000,0.72738046,0.23004098,0.71017152
153.15499997,0.00638212,0.04991311,0.01800000,0.73087265,0.25712185,0.72180097
153.25499988,0.00681801,0.03105245,0.01500000,0.72778340,0.22802843,0.70741319
153.35499978,0.00565655,0.03688975,0.01100000,0.74247146,0.22451767,0.70346524
153.45499992,0.00360568,0.03902319,0.00900000,0.69229846,0.23218473,0.65782368
153.55499983,0.00232813,0.03632602,0.00900000,0.70073726,0.22913268,0.66436017
153.65499997,0.00131099,0.04540629,0.01300000,0.69625029,0.24883365,0.72089515
153.75499988,0.00161675,0.02992852,0.01400000,0.70028236,0.22289338,0.69227640
153.85499978,0.00412904,0.03516193,0.01200000,0.71988326,0.23326671,0.71200252
153.95499992,0.00346018,0.02733253,0.01000000,0.72176666,0.22015731,0.67143892
154.05499983,0.00562093,0.04605937,0.00400000,0.75352216,0.25517423,0.67225615
154.15499997,0.00505081,0.02714018,0.00300000,0.72944867,0.22392280,0.66062306
154.25499988,0.00430866,0.03731012,0.00500000,0.68819965,0.22847709,0.69521752
154.35499978,0.00524591,0.03476378,0.00200000,0.71333224,0.22975490,0.69972678
154.45499992,0.00369574,0.03406217,0.00300000,0.69457345,0.22524787,0.69021893
154.55499983,0.00477870,0.03468925,0.00100000,0.69988417,0.23200250,0.68960396
154.65499997,0.00264762,0.02822393,0.00000000,0.71162551,0.22128766,0.68292053
154.75499988,0.00136112,0.03370678,0.00000000,0.73381603,0.22792870,0.69946734
154.85499978,0.00804175,0.03499000,0.00700000,0.81072168,0.22950559,0.70374063
154.95499992,0.00829555,0.02637430,0.01100000,0.78585532,0.22386109,0.74065073
155.05499983,0.00756545,0.03488974,0.01400000,0.77665470,0.23786134,0.72657066
155.15599990,0.00527018,0.02351160,0.01500000,0.70314526,0.22732282,0.72968306
155.25599980,0.00119283,0.02404573,0.01300000,0.71296548,0.22711642,0.72294725
155.35599995,0.00078048,0.02687975,0.01600000,0.68472073,0.22362391,0.71622956
155.45599985,0.00030658,0.02896215,0.01500000,0.68405005,0.22363446,0.71085250
155.55599999,0.00112238,0.03093801,0.01000000,0.68219695,0.21767689,0.68376602
155.65599990,0.00249860,0.02939825,0.00400000,0.71319702,0.21353679,0.64096660
155.75599980,0.00828845,0.02482079,0.00400000,0.75254074,0.21256280,0.64463739
155.85599995,0.01054559,0.02027636,0.00600000,0.79423107,0.20261752,0.63843024
155.95599985,0.01241598,0.02712238,0.00500000,0.79831578,0.20319694,0.60648291
156.05599999,0.01007879,0.03116758,0.01000000,0.79663775,0.22131579,0.64686158
156.15599990,0.00236722,0.03775416,0.00000000,0.72850106,0.24094986,0.57996496
156.25599980,0.00370398,0.03828891,0.00300000,0.70857825,0.23642054,0.61110692
156.35599995,0.00581475,0.03503825,0.00300000,0.73334548,0.23365265,0.63677632
156.45599985,0.00590617,0.03557650,0.00400000,0.72011272,0.23961606,0.64958674
156.55599999,0.00470222,0.03035357,0.00200000,0.74116342,0.24246659,0.64435748
156.65599990,0.00327909,0.02470278,0.00800000,0.72426776,0.21878798,0.67479834
156.75599980,0.00534559,0.02418170,0.01400000,0.74935935,0.22022138,0.72037156
156.85599995,0.00397509,0.02773083,0.01400000,0.76403102,0.22802533,0.73991834
156.95599985,0.00110963,0.02781310,0.00700000,0.73200033,0.22768916,0.69317649
157.05599999,0.00253384,0.02492929,0.00600000,0.73156708,0.22244212,0.70569186
157.15599990,0.00714772,0.02062983,0.00100000,0.76298217,0.21632610,0.68620804
157.25599980,0.01194208,0.01900307,0.00000000,0.77466583,0.21512693,0.68572137
157.35599995,0.00914228,0.02840807,0.00500000,0.78135544,0.23878950,0.67083661
157.45599985,0.00230437,0.02647300,0.00800000,0.73562897,0.22392374,0.68587589
157.55599999,0.00273979,0.03228147,0.00500000,0.75378818,0.24443529,0.71158157
157.65599990,0.00217957,0.02899482,0.00300000,0.75981741,0.23268183,0.69746657
157.75599980,0.00327743,0.02114021,0.00600000,0.77829387,0.22007333,0.69920043
157.85599995,0.00265801,0.01586395,0.00000000,0.77723302,0.21348618,0.70135855
157.95599985,0.00182168,0.01663014,0.00600000,0.76184743,0.21197645,0.70836453
158.05699992,0.00313334,0.01263456,0.00900000,0.78513747,0.20468111,0.71968968
158.15699983,0.00476048,0.01144324,0.01200000,0.79070827,0.19848560,0.77833004
158.25699997,0.00601320,0.01106532,0.01400000,0.81320613,0.19628973,0.77588120
158.35699987,0.00658384,0.00922784,0.01700000,0.86163685,0.19804531,0.78894006
158.45699978,0.00198088,0.01053405,0.00800000,0.82603544,0.20207186,0.75088380
158.55699992,0.00085401,0.01022940,0.00400000,0.81275781,0.20187856,0.74604007
158.65699983,0.00024184,0.01110457,0.00700000,0.82143844,0.20585784,0.78177781
158.75699997,0.00746988,0.01283319,0.00500000,0.86629218,0.20867451,0.77879757
158.85699987,0.01227154,0.01368171,0.01300000,0.86762210,0.20742514,0.82809074
158.95699978,0.00939306,0.01352702,0.01800000,0.84577400,0.21226355,0.83926508
159.05699992,0.00892546,0.01219328,0.02100000,0.84514135,0.21630662,0.85799234
159.15699983,0.00998458,0.01053130,0.02400000,0.86054077,0.20674282,0.87971665
159.25699997,0.00717297,0.00978154,0.02800000,0.85399370,0.20718719,0.89788132
159.35699987,0.00986760,0.00668809,0.02600000,0.87683131,0.20493058,0.87733352
