time_s,LoPE,LaPE,VPE,LoPL_adjusted,LaPL_adjusted,VPL_adjusted
0.00000000,0.01916498,0.02876010,0.20200000,0.80968194,0.25441735,1.01494499
0.09999990,0.02128116,0.02943658,0.22700000,0.79881073,0.25859185,1.04568511
0.19999981,0.02083008,0.00548067,0.07700000,0.77755513,0.22745035,0.88944407
0.29999995,0.02323305,0.00900251,0.08700000,0.79071547,0.23064533,0.88641786
0.39999986,0.01622372,0.01088075,0.05600000,0.77344157,0.23040111,0.80807335
0.50000000,0.01655901,0.01264315,0.07100000,0.76850913,0.23398621,0.84252153
0.59999990,0.01929418,0.01032398,0.06300000,0.75160672,0.23835579,0.84146406
0.70099998,0.02310886,0.01259645,0.07300000,0.77707866,0.23739260,0.89903697
0.80099988,0.01103042,0.01721017,0.06400000,0.72094364,0.25350239,0.82087984
0.90100002,0.00267086,0.02255319,0.06090000,0.69830842,0.25763403,0.83231718
1.00099993,0.00665795,0.02369539,0.06800000,0.72624190,0.26228855,0.85136084
1.10099983,0.00968208,0.01942466,0.08200000,0.73604102,0.25830563,0.90680497
1.20099998,0.00631570,0.00919086,0.07500000,0.72282458,0.24041041,0.90686556
1.30099988,0.00183129,0.00696393,0.07700000,0.71387329,0.23408312,0.89603798
1.40100002,0.00240445,0.01230360,0.06800000,0.70528124,0.23629226,0.88029084
1.50099993,0.00489977,0.01541208,0.06300000,0.71853894,0.24241474,0.82895537
1.60099983,0.00252342,0.01798561,0.07300000,0.71283670,0.25091279,0.88568891
1.70099998,0.01464905,0.01554527,0.05400000,0.76179379,0.23995673,0.82102184
1.80199981,0.01429989,0.02252672,0.05800000,0.75366300,0.26203769,0.79390651
1.90199995,0.00435141,0.02625043,0.05400000,0.69351836,0.26759854,0.76793943
2.00199986,0.00654529,0.02273102,0.04390000,0.67772380,0.25481285,0.75646174
2.10200000,0.00939560,0.02652513,0.05100000,0.68616334,0.25662874,0.73920821
2.20199990,0.01069939,0.01278018,0.04800000,0.70338558,0.22999828,0.72050510
2.30199981,0.00231259,0.00646699,0.05200000,0.70688548,0.22088756,0.71130273
2.40199995,0.00433341,0.00155615,0.04700000,0.74000146,0.21579180,0.72997722
2.50199986,0.00922953,0.00331901,0.03900000,0.76124909,0.22101692,0.73371521
2.60200000,0.01767070,0.00217858,0.02800000,0.77835653,0.22031305,0.73095120
2.70199990,0.02139567,0.00283289,0.02500000,0.75473401,0.21725722,0.75184045
2.80199981,0.02447437,0.00035363,0.01990000,0.73132134,0.20755441,0.74737922
2.90299988,0.02136385,0.00309610,0.01300000,0.72019834,0.20354687,0.73261853
3.00300002,0.01662836,0.00935242,0.02600000,0.68934817,0.21422623,0.73379367
3.10299993,0.01802168,0.00964724,0.03000000,0.68412333,0.21038667,0.74035351
3.20299983,0.01484681,0.01256274,0.03400000,0.68579414,0.20928628,0.74041743
3.30299997,0.01136729,0.01848472,0.03410000,0.68787360,0.21547443,0.76485869
3.40299988,0.00699943,0.01623355,0.03300000,0.67999558,0.21855594,0.77724371
3.50300002,0.00789783,0.01228106,0.03500000,0.69102949,0.21742851,0.82577119
3.60299993,0.01232115,0.01666281,0.03200000,0.74163866,0.21931996,0.77676358
3.70299983,0.01762414,0.01516046,0.03100000,0.75531557,0.21476897,0.79172749
3.80299997,0.01961483,0.01612664,0.02500000,0.72379670,0.22207823,0.75559534
3.90299988,0.01752394,0.02045584,0.02500000,0.70210245,0.22988991,0.79233967
4.00399995,0.01180237,0.01974725,0.02700000,0.68583687,0.23321158,0.77713856
4.10399985,0.00649327,0.01963282,0.03600000,0.59832569,0.22945065,0.74817491
4.20400000,0.00268826,0.01923885,0.03310000,0.59045271,0.22575169,0.74998489
4.30399990,0.00551717,0.02192740,0.04000000,0.58973420,0.22344210,0.75409633
4.40399981,0.00166659,0.02333822,0.03600000,0.62117333,0.22923978,0.74368866
4.50399995,0.00506012,0.01895930,0.03800000,0.61922846,0.22264827,0.76266973
4.60399985,0.00291260,0.01310408,0.02200000,0.60594055,0.21916162,0.74392177
4.70400000,0.00422106,0.01445658,0.02700000,0.63141362,0.22531214,0.74617740
4.80399990,0.00137310,0.01154836,0.02810000,0.65804043,0.22826323,0.75969560
4.90399981,0.00134227,0.02035800,0.02000000,0.63600854,0.23085607,0.77291868
5.00399995,0.00044921,0.02112388,0.02500000,0.65717806,0.23249583,0.77997940
5.10500002,0.00197225,0.02321896,0.02500000,0.65202945,0.24344724,0.77975445
5.20499992,0.00958721,0.02910353,0.02910000,0.68354357,0.24690415,0.78979984
5.30499983,0.01299614,0.03113825,0.02710000,0.67921779,0.24564457,0.78732649
5.40499997,0.01439550,0.03112908,0.02100000,0.65734992,0.24369864,0.80731188
5.50499988,0.01578852,0.03282823,0.02600000,0.64088529,0.24818474,0.77382194
5.60500002,0.01513767,0.03203531,0.01800000,0.62151951,0.24945409,0.77028048
5.70499992,0.01668710,0.03079287,0.02300000,0.63087401,0.25267831,0.77393580
5.80499983,0.01634547,0.02520527,0.02610000,0.65057212,0.24735963,0.74129122
5.90499997,0.01226869,0.02611473,0.03100000,0.65026334,0.25378842,0.75472825
6.00499988,0.00906959,0.02414752,0.02500000,0.64800794,0.25934083,0.76489905
6.10500002,0.00764654,0.02424913,0.02400000,0.66403347,0.25477150,0.76278968
6.20599985,0.00592490,0.02316777,0.02600000,0.66462607,0.25300630,0.76558571
6.30599999,0.00403142,0.02340935,0.02600000,0.67474779,0.25382728,0.77816054
6.40599990,0.00498317,0.02515269,0.02600000,0.62885247,0.24967805,0.76052753
6.50599980,0.00163455,0.02528039,0.02610000,0.62339052,0.25289537,0.75119489
6.60599995,0.00206507,0.02330140,0.03000000,0.63779771,0.25118040,0.71247828
6.70599985,0.00360518,0.02651458,0.03010000,0.63792167,0.25145055,0.75043448
6.80599999,0.00407469,0.02697493,0.03400000,0.64898412,0.24587675,0.74045052
6.90599990,0.00586991,0.03386627,0.03710000,0.66026796,0.24376446,0.77170720
7.00599980,0.01312672,0.03910127,0.03800000,0.69826487,0.23886234,0.81528050
7.10599995,0.01441512,0.04232652,0.03900000,0.72799749,0.24263567,0.80733338
7.20599985,0.01424566,0.04575698,0.03910000,0.73729172,0.25849422,0.82584794
7.30599999,0.01580931,0.04652006,0.04700000,0.70977614,0.26241108,0.84243787
7.40699983,0.01897108,0.05106092,0.04500000,0.71963509,0.26935750,0.83541045
7.50699997,0.02164446,0.05668507,0.04610000,0.71892318,0.27590466,0.86280917
7.60699987,0.02826417,0.06140763,0.04300000,0.72694022,0.28877648,0.84430923
7.70700002,0.02727486,0.06069870,0.04400000,0.73641824,0.27999671,0.87963583
7.80699992,0.03025497,0.06227332,0.04800000,0.71166561,0.28121354,0.89751341
7.90699983,0.03148839,0.06364732,0.04700000,0.71573105,0.27496352,0.91243982
8.00699997,0.03152692,0.06245689,0.04310000,0.72768011,0.27519493,0.89302129
8.10699987,0.03159346,0.06383027,0.04610000,0.76334721,0.27312846,0.88500602
8.20700002,0.03351621,0.06566021,0.03810000,0.77723710,0.27438678,0.85457139
8.30699992,0.03727939,0.06740399,0.04210000,0.82834284,0.27522292,0.87078887
8.40699983,0.03673979,0.06929666,0.04010000,0.84282457,0.27536844,0.88873869
8.50799990,0.04009264,0.07396675,0.03010000,0.87794935,0.27699341,0.80874231
8.60799980,0.03907183,0.07867078,0.02510000,0.85549130,0.28489835,0.80627580
8.70799994,0.04523280,0.01782004,0.03300000,0.86354758,0.21800022,0.84895078
8.80799985,0.04120472,0.08329208,0.02910000,0.87219194,0.28630162,0.82093886
8.90799999,0.04674527,0.01826745,0.03600000,0.87368496,0.21066427,0.89701752
9.00799990,0.04164319,0.08370869,0.03510000,0.84502165,0.29153907,0.87503114
9.10799980,0.03648946,0.08451372,0.03400000,0.82126380,0.28714647,0.87510592
9.20799994,0.03917345,0.01526208,0.02800000,0.81426891,0.20329242,0.84914370
9.30799985,0.03860489,0.08781425,0.03100000,0.81666025,0.28464890,0.85798433
9.40799999,0.03568735,0.01584025,0.01790000,0.82013661,0.19443786,0.83358804
9.50799990,0.03511370,0.08430153,0.01700000,0.84813148,0.28039464,0.81231835
9.60799980,0.03551650,0.08309168,0.01600000,0.84270573,0.26857988,0.81255345
9.70899987,0.04413791,0.01385153,0.02000000,0.81695803,0.18311977,0.83527021
9.80900002,0.04546078,0.01634312,0.01590000,0.84880761,0.18940925,0.82969334
9.90899992,0.04698725,0.01079621,0.00510000,0.84131657,0.18971197,0.81471298
10.00899982,0.04580360,0.00716660,0.01300000,0.85475390,0.19672142,0.82237528
10.10899997,0.04781084,0.00205524,0.00810000,0.84107104,0.19578575,0.81702990
10.20899987,0.04708853,0.00737024,0.00710000,0.83881340,0.19785462,0.86473330
10.30900002,0.04664564,0.01078074,0.00100000,0.85061931,0.20131312,0.86588683
10.40899992,0.04939436,0.01238094,0.00600000,0.87653054,0.20807951,0.85304852
10.50899982,0.05336615,0.01118859,0.00300000,0.92946363,0.20066460,0.89525150
10.60899997,0.05199632,0.00904612,0.00200000,0.86266442,0.19634475,0.86011412
10.70899987,0.05151016,0.00005522,0.00210000,0.86773537,0.19183186,0.86406877
10.80900002,0.05165935,0.00144264,0.01000000,0.84546096,0.19506127,0.84585964
10.90999985,0.04679813,0.01047069,0.01000000,0.85040136,0.20105784,0.84199304
11.00999999,0.04757900,0.01053419,0.00800000,0.83155375,0.20792810,0.81120093
11.10999990,0.04881465,0.01008664,0.00900000,0.83226402,0.20757784,0.84308468
11.20999980,0.04890977,0.01380486,0.01700000,0.78312807,0.21132953,0.84786222
11.30999994,0.04914814,0.01423307,0.01300000,0.78247863,0.20523324,0.85060307
11.40999985,0.03812596,0.01803805,0.01810000,0.77313938,0.21289293,0.86098091
11.50999999,0.03787031,0.01702379,0.01300000,0.74147440,0.22242575,0.81303418
11.60999990,0.04169602,0.01204417,0.02000000,0.74698776,0.22259096,0.82313474
11.70999980,0.04771426,0.00312238,0.03510000,0.76908008,0.20438918,0.89922766
11.80999994,0.04717636,0.00431865,0.03300000,0.75984360,0.20147615,0.92544444
11.90999985,0.05134662,0.00340807,0.03500000,0.74311255,0.21234114,0.91508042
12.00999999,0.05140418,0.00423565,0.03300000,0.75060684,0.22164223,0.89479091
12.11099982,0.05557655,0.00414573,0.03800000,0.81341484,0.20841663,0.90030676
12.21099997,0.05372404,0.00557020,0.04800000,0.79124579,0.21794810,0.89731318
12.31099987,0.05048735,0.00611286,0.05200000,0.77791603,0.22471407,0.89526147
12.41100001,0.05710340,0.00841439,0.04800000,0.81429896,0.23094584,0.89291903
12.51099992,0.05849316,0.00703136,0.03200000,0.80487928,0.23264803,0.86652017
12.61099982,0.05741787,0.01257330,0.03010000,0.79011696,0.25367608,0.90190465
12.71099997,0.05665732,0.01153939,0.03100000,0.79479518,0.25236062,0.90609879
12.81099987,0.05578712,0.01143843,0.02900000,0.82728356,0.26133247,0.89126307
12.91100001,0.04967090,0.00363347,0.02500000,0.74266089,0.23787640,0.82626080
13.01099992,0.04302992,0.00283299,0.01900000,0.74055497,0.23289554,0.81757815
13.11099982,0.04158052,0.00478649,0.02100000,0.72360511,0.22323465,0.82107267
13.21099997,0.04265976,0.00701389,0.02200000,0.72818357,0.22847351,0.81884408
13.31199980,0.04226471,0.00727421,0.01900000,0.69971269,0.22215087,0.79703841
13.41199994,0.03963315,0.00489628,0.01810000,0.69260802,0.21767906,0.80071472
13.51199985,0.03961857,0.00269606,0.02500000,0.70616200,0.21060784,0.81020444
13.61199999,0.04045350,0.00210112,0.02000000,0.70387873,0.21025972,0.77288779
13.71199989,0.03883147,0.00565038,0.01400000,0.69287682,0.20968442,0.79348132
13.81199980,0.03981561,0.00098847,0.02200000,0.68044146,0.20072236,0.80808498
13.91199994,0.04312488,0.00870945,0.02900000,0.68705818,0.21249179,0.86597652
14.01199985,0.03643370,0.01097386,0.02700000,0.66280733,0.23294243,0.80642443
14.11199999,0.03653367,0.01227604,0.02700000,0.68601090,0.23596000,0.81028781
14.21199989,0.02495695,0.00842619,0.02200000,0.66810262,0.21895442,0.81434980
14.31199980,0.02381904,0.00760941,0.01900000,0.69641925,0.22551806,0.83604871
14.41199994,0.03724336,0.01312943,0.02500000,0.72916942,0.24507731,0.85298594
14.51300001,0.04154783,0.01813691,0.02600000,0.71451014,0.25039218,0.84967748
14.61299992,0.04569262,0.01731572,0.01800000,0.74614206,0.23750862,0.86020780
14.71299982,0.04756725,0.01706916,0.01500000,0.74006954,0.23656617,0.84236479
14.81299996,0.03336144,0.01192619,0.03000000,0.72671879,0.23952510,0.84376683
14.91299987,0.03074425,0.01714413,0.04400000,0.74250684,0.25018569,0.87864445
15.01300001,0.02998606,0.01766710,0.04600000,0.71604530,0.24662364,0.86527591
15.11299992,0.02573804,0.01643330,0.05100000,0.70557949,0.24341523,0.88879572
15.21299982,0.02808383,0.01414739,0.03500000,0.73249534,0.24170761,0.86148177
15.31299996,0.02489110,0.01248332,0.03800000,0.74659727,0.23605260,0.87355175
15.41299987,0.02589731,0.00515553,0.02400000,0.72117182,0.21732852,0.80022481
15.51300001,0.02365671,0.00210000,0.02200000,0.72062026,0.21388708,0.81043648
15.61299992,0.02513757,0.00477832,0.01700000,0.72579822,0.21011734,0.82114309
15.71399999,0.03451767,0.00460328,0.02000000,0.73854044,0.38651480,0.81754064
15.81399989,0.03645101,0.00315655,0.01600000,0.73715256,0.39517153,0.81805327
15.91400003,0.03593576,0.00531706,0.00800000,0.73512357,0.38496767,0.82023024
16.01399994,0.03407454,0.00658376,0.00400000,0.73297018,0.39024724,0.83137254
16.11399984,0.03417867,0.00236405,0.00900000,0.72061586,0.36668325,0.83028808
16.21399999,0.04414496,0.00060210,0.00010000,0.71970925,0.41447168,0.81933643
16.31399989,0.04713889,0.00254654,0.00400000,0.74834523,0.51732513,0.82872573
16.41400003,0.05152696,0.00150407,0.01200000,0.76949329,0.45667524,0.82785522
16.51399994,0.05084635,0.00270707,0.01600000,0.75774438,0.46281583,0.83456502
16.61399984,0.04478640,0.00395328,0.02000000,1.41638846,0.46064004,0.83268033
16.71399999,0.05530506,0.00060013,0.02400000,1.43686754,0.46234615,0.81917298
16.81399989,0.05817015,0.00069580,0.03000000,1.34434881,0.41399289,0.83744159
16.91499996,0.06778764,0.00518522,0.02690000,1.46289764,0.47381252,0.84101558
17.01499987,0.06661772,0.00570785,0.03200000,1.39792345,0.44192663,0.82635828
17.11500001,0.07764370,0.00693300,0.03490000,1.40260294,1.25333245,0.82902831
17.21499991,0.08736579,0.00727108,0.03300000,1.55120551,1.35287089,0.83685348
17.31499982,0.09090538,0.00656832,0.03700000,1.86559002,1.35711125,0.81292253
17.41499996,0.08809720,0.00136169,0.02890000,1.81194748,1.33148011,0.78849883
17.51499987,0.09807881,0.00163628,0.02600000,1.83666884,1.33767692,0.78018857
17.61500001,0.10307893,0.00741583,0.02500000,1.82644365,1.33733916,0.77461877
17.71499991,0.10604716,0.00988580,0.02590000,1.83073647,1.34034133,0.77444493
17.81499982,0.10750996,0.00938338,0.03590000,1.84315796,1.34424195,0.78851458
17.91499996,0.13000030,0.02159752,0.05090000,1.79638261,1.32862613,0.85997358
18.01499987,0.13588288,0.02156718,0.05490000,1.74395748,1.30516858,0.85535525
18.11599994,0.12516213,0.01890083,0.05100000,1.65896423,1.27266060,0.87111102
18.21599984,0.11064097,0.00830812,0.02790000,1.65223991,1.26520055,0.78235647
18.31599998,0.11348780,0.00702565,0.02890000,1.71164792,1.28664355,0.80932569
18.41599989,0.11987084,0.01937088,0.03090000,1.68101948,1.28411810,0.79793686
18.51600003,0.12953443,0.01715496,0.02900000,1.75836536,1.30909595,0.79765137
18.61599994,0.13856179,0.01687600,0.02800000,1.69954787,1.28155790,0.79929983
18.71599984,0.13801011,0.01566679,0.01800000,4.41468447,1.23757375,0.77159140
18.81599998,0.13730077,0.01757010,0.02390000,4.35383696,1.22229473,0.75833524
18.91599989,0.12491273,0.01142764,0.00800000,4.45146659,1.24758589,0.73847116
19.01600003,0.13159420,0.01590145,0.02400000,4.51077606,1.26709627,0.74433786
19.11599994,0.13141272,0.01686878,0.03200000,4.66285091,1.31156541,0.72441852
19.21599984,0.12929242,0.00787587,0.04690000,5.02153409,1.40565920,0.77174146
19.31699991,0.11533243,0.00229773,0.05690000,5.16691849,1.44560803,0.79132578
19.41699982,0.11068050,0.03327141,0.04890000,5.07032854,1.45031371,0.75957160
19.51699996,0.09510908,0.04219244,0.03390000,5.20912875,1.50334092,0.73207409
19.61699986,0.09280856,0.03919160,0.02390000,5.02229027,1.44761495,0.71608735
19.71700001,0.10564827,0.04043529,0.03190000,5.22058737,1.50184646,0.73809883
19.81699991,0.12642447,0.04075208,0.05190000,5.24817620,1.50410972,0.75212639
19.91699982,0.12770264,0.04754500,0.05590000,5.37334953,1.54630125,0.76424643
20.01699996,0.12396701,0.05766376,0.06190000,5.44450230,1.57781670,0.77085444
20.11699986,0.12993072,0.05694092,0.06290000,5.63274034,1.62917224,0.76458703
20.21700001,0.12978068,0.06608499,0.06390000,5.63982307,1.64038281,0.75144071
20.31699991,0.12190135,0.08326795,0.06190000,5.62161725,1.65461535,0.74834363
20.41699982,0.11683172,0.10338486,0.06790000,5.70161824,1.69903816,0.74870412
20.51699996,0.11623005,0.11433868,0.07290000,5.73053209,1.71842498,0.76054808
20.61800003,0.11622539,0.20737529,0.07380000,5.76696580,1.82187255,0.76967919
20.71799994,0.11471112,0.22001484,0.07680000,5.63831853,1.79818838,0.78441674
20.81799984,0.10967461,0.15143503,0.07890000,5.42509406,1.67012631,0.78429724
20.91799998,0.11073355,0.24740186,0.08280000,5.24638689,1.71473138,0.80569823
21.01799989,0.10621651,0.17717853,0.08580000,5.44168834,1.70159906,0.81246356
21.11800003,0.10672249,0.27553984,0.09080000,5.41074654,1.79097528,0.81111088
21.21799994,0.10819313,0.28740831,0.10280000,5.44860033,1.81323894,0.82399388
21.31799984,0.10308286,0.21554993,0.10680000,5.70912505,1.81727627,0.83119037
21.41799998,0.10282080,0.31703276,0.11470000,5.53509283,1.86911049,0.82257402
21.51799989,0.09699717,0.24468095,0.12080000,5.60755109,1.81912493,0.84007244
21.61800003,0.09632199,0.34662786,0.13270000,5.54748800,1.90410386,0.84630914
21.71799994,0.09031902,0.36405573,0.13970000,5.63653349,1.94868843,0.82663148
21.81900001,0.08403895,0.38087555,0.14270000,5.77348590,2.00643182,0.82793387
21.91899991,0.07651700,0.39772226,0.15070000,5.81996735,2.03870808,0.84147265
22.01899981,0.06975970,0.41566591,0.15870000,5.54793109,1.98085773,0.86271499
22.11899996,0.06146131,0.43226043,0.16860000,5.49645127,1.98511470,0.89004236
22.21899986,0.05331932,0.45180135,0.17470000,5.23859692,1.93330924,0.92667472
22.31900001,0.03699589,0.47469928,0.16960000,5.10747978,1.92340896,0.88701268
22.41899991,0.01836404,0.50046080,0.15770000,4.88580932,1.89115945,0.87013395
22.51899981,0.00595448,0.52095875,0.15870000,4.81995502,1.89638748,0.88691188
22.61899996,0.00213514,0.54300168,0.16060000,4.80207075,1.91441185,0.88468449
22.71899986,0.00745250,0.56700475,0.16260000,5.08203953,2.01688676,0.86044165
22.81900001,0.02318248,0.58827561,0.16860000,5.01356922,2.01410039,0.86177143
22.91899991,0.04321233,0.60637495,0.18560000,4.85317127,1.98064894,0.90505118
23.01999998,0.05561133,0.62896725,0.19160000,5.07077137,2.06187012,0.88470747
23.11999989,0.07690800,0.64910096,0.20260000,5.08612187,2.08030493,0.87130102
23.22000003,0.11173185,0.66954666,0.19960000,5.22855208,2.13149530,0.87698274
23.31999993,0.11127292,0.69660063,0.20150000,5.39510822,2.20626786,0.90060718
23.41999984,0.11332934,0.72421935,0.20450000,5.02799449,2.12840939,0.86067783
23.51999998,0.11942686,0.75233937,0.20850000,5.06938946,2.16661440,0.89977243
23.61999989,0.13247831,0.77711691,0.21350000,4.98076780,2.16234248,0.88221496
23.72000003,0.14652509,0.80208257,0.21950000,4.86212538,2.14939694,0.88501748
23.81999993,0.16026415,0.82768835,0.22340000,4.68473937,2.12039556,0.88569601
23.91999984,0.17512894,0.85471682,0.22750000,4.97975690,2.22746766,0.89237376
24.01999998,0.19150667,0.88053141,0.23240000,5.05436748,2.26992021,0.90890714
24.11999989,0.20525683,0.90886109,0.23440000,4.86006753,2.23880700,0.86941249
24.22000003,0.22354943,0.93613968,0.23640000,4.79911782,2.24344494,0.88439697
24.32099986,0.23896102,0.96420531,0.24240000,4.70458207,2.24009704,0.87287658
24.42100000,0.26212096,0.99037547,0.24430000,4.60574055,2.23140964,0.87860110
24.52099991,0.28100774,1.01758197,0.24930000,4.57439150,2.24426305,0.87630888
24.62099981,0.30047278,1.04505183,0.25530000,4.79860937,2.33023371,0.89390051
24.72099996,0.31557305,1.07759758,0.24930000,4.54599719,2.28629019,0.89489862
24.82099986,0.33655145,1.10636747,0.25330000,4.64274894,2.33670961,0.92577676
24.92100000,0.35798076,1.13549123,0.26030000,4.67169693,2.36798157,0.96782354
25.02099991,0.38179632,1.16714694,0.25430000,4.68739413,2.39731775,0.95305371
25.12099981,0.40375326,1.19641345,0.25730000,4.72566609,2.43124569,0.94340827
25.22099996,0.42630839,1.22620139,0.25420000,4.63932959,2.42992173,0.93409589
25.32099986,0.44948960,1.25607888,0.25920000,4.84310651,2.51139799,0.91689315
25.42100000,0.47278568,1.28635984,0.26520000,4.67610143,2.48730719,0.92185859
25.52099991,0.48080202,1.32241170,0.26320000,4.83980760,2.56784187,0.91915712
25.62199998,0.47068214,1.36404041,0.27410000,4.84564981,2.61403118,0.93728006
25.72199988,0.49355331,1.39596353,0.28110000,4.95506599,2.67068144,0.95891607
25.82200003,0.50711542,1.43337684,0.27700000,4.78062168,2.65437862,0.98650020
25.92199993,0.52088812,1.47030264,0.27400000,4.72162770,2.67051395,0.97150648
26.02199984,0.52076396,1.50302464,0.27610000,4.74215877,2.70913745,0.91517549
26.12199998,0.51745217,1.53052202,0.28610000,4.74137351,2.73735669,0.93638246
26.22199988,0.54143480,1.56442244,0.29200000,4.80874087,2.78365274,0.93895896
26.32200003,0.62336708,1.58403747,0.32900000,5.14024256,2.87457332,1.00580007
26.42199993,0.68292089,1.60482773,0.33000000,5.11236817,2.87038409,1.00680945
26.52199984,0.87737452,1.62792780,0.36500000,5.09417097,2.83272679,1.05320728
26.62199998,0.84783126,1.67013000,0.32900000,5.09445245,2.88345034,0.99307866
26.72199988,0.87877251,1.70443936,0.33600000,5.28881544,2.96445163,1.03155224
26.82299995,0.82896677,1.74030795,0.34500000,5.36704993,3.03690313,1.02710985
26.92299986,0.85045680,1.77579658,0.36790000,5.49312404,3.10227293,1.04401747
27.02300000,0.87948105,1.81111446,0.37590000,5.41112173,3.10586894,1.07889755
27.12299991,0.91087858,1.85125452,0.37890000,5.52615097,3.16990377,1.06705612
27.22299981,0.94248445,1.88745005,0.38580000,5.37580303,3.15411250,1.09613962
27.32299995,0.97561408,1.92683607,0.39080000,5.41285821,3.19462010,1.08262619
27.42299986,1.01094661,1.96745191,0.39580000,5.40919749,3.22409502,1.09916896
27.52300000,1.04371445,2.00507031,0.40280000,5.69261550,3.33332776,1.10578904
27.62299991,1.07800212,2.04296441,0.40980000,5.38864518,3.27457671,1.11027166
27.72299981,1.10711127,2.08219174,0.41570000,5.31602809,3.28473940,1.11117538
27.82299995,1.14240414,2.12345219,0.41980000,5.49154808,3.36606474,1.11659726
27.92299986,1.17055270,2.16197365,0.42170000,5.52423531,3.40588297,1.09799241
28.02300000,1.20578038,2.20118207,0.42860000,5.56489350,3.44664296,1.09300839
28.12399983,1.24044125,2.23791948,0.43470000,5.71000973,3.51493905,1.09939460
28.22399998,1.27620587,2.27218248,0.44270000,6.04456003,3.63456938,1.12082703
28.32399988,1.30935381,2.29445194,0.45760000,6.07831576,3.65701250,1.09483295
28.42400002,1.33881924,2.32894477,0.46560000,6.35134406,3.76109471,1.09781515
28.52399993,1.37704519,2.36881419,0.47350000,6.02253066,3.69609575,1.11980217
28.62399983,1.40634678,2.40463313,0.48560000,5.68646975,3.62752541,1.09510631
28.72399998,1.43724420,2.45050222,0.48660000,5.73635842,3.67882057,1.07762895
28.82399988,1.44845517,2.49096373,0.49650000,5.78901460,3.73112357,1.09260592
28.92400002,1.46848916,2.53121960,0.50450000,5.70993963,3.74306259,1.10058511
29.02399993,1.50840511,2.57163254,0.51240000,5.89190080,3.82405988,1.12445642
29.12399983,1.53194946,2.61420985,0.51940000,5.96982304,3.88217373,1.17058175
29.22399998,1.56796845,2.66104667,0.52750000,5.86553758,3.88892356,1.18098023
29.32399988,1.59190850,2.71089752,0.53440000,5.85593247,3.92919008,1.18010822
29.42499995,1.62740842,2.75527983,0.54140000,5.88760922,3.97248006,1.19443823
29.52499986,1.66771277,2.79956508,0.54930000,6.26615803,4.11340658,1.22807137
29.62500000,1.70570755,2.84478509,0.55530000,6.09612065,4.09918883,1.26967251
29.72499990,1.74604370,2.89000999,0.56330000,6.46698386,4.23885003,1.26384929
29.82499981,1.78140493,2.93769011,0.55520000,6.59583097,4.31324041,1.24770963
29.92499995,1.82294250,2.98370121,0.56330000,6.75710788,4.39346275,1.26785943
30.02499986,1.86132157,3.03029435,0.57030000,6.50236565,4.35630695,1.25979521
30.12500000,1.87573325,3.07528105,0.57120000,6.55562494,4.41239296,1.24091561
30.22499990,1.90643742,3.12075177,0.57320000,6.48895700,4.43004308,1.23808215
30.32499981,1.94171773,3.16152935,0.57420000,6.36485701,4.42528343,1.23555413
30.42499995,1.98491587,3.20833499,0.58310000,6.52456709,4.50537820,1.26857547
30.52499986,2.01843990,3.24729765,0.57410000,6.43212784,4.50835134,1.26598750
30.62500000,1.97863750,3.28897696,0.54200000,6.67451959,4.63065756,1.26427884
30.72599983,2.02214396,3.33601271,0.55000000,6.47697887,4.60882268,1.27504362
30.82599998,2.03681688,3.38767164,0.55500000,6.52337863,4.66954643,1.29248303
30.92599988,2.04870299,3.44120088,0.55190000,6.45340471,4.69968709,1.31311265
31.02600002,2.08387438,3.50755609,0.56990000,6.46148335,4.75830151,1.33819472
31.12599993,2.12428617,3.56241477,0.58480000,6.67930650,4.86384915,1.35372530
31.22599983,2.19544006,3.61469940,0.60680000,7.22871693,5.05277850,1.36938676
31.32599998,2.24064921,3.66509267,0.61480000,7.26396963,5.10032707,1.36964818
31.42599988,2.28636595,3.71399025,0.62380000,7.31517534,5.15079294,1.39967516
31.52600002,2.32573287,3.76413335,0.63570000,7.43002304,5.22250197,1.41919914
31.62599993,2.35669839,3.81311344,0.65080000,7.37241315,5.24617479,1.42745158
31.72599983,2.40518868,3.86442200,0.65980000,7.12304301,5.21238038,1.46657094
31.82599998,2.45112824,3.91764077,0.66770000,7.27577203,5.29611043,1.46740192
31.92699981,2.48975018,3.97375693,0.67570000,7.46186486,5.39436113,1.45728371
32.02699995,2.53028865,4.02753305,0.68270000,7.22774853,5.36966445,1.46395966
32.12699986,2.60019992,4.07600916,0.67060000,7.51150258,5.47923849,1.42986675
32.22700000,2.65032028,4.13054707,0.67950000,7.56882964,5.53583546,1.43733659
32.32699990,2.70043761,4.18489734,0.68950000,7.56163580,5.57381111,1.43106064
32.42699981,2.72743458,4.22725119,0.69450000,7.87517585,5.69803441,1.43425555
32.52699995,2.77696512,4.28269876,0.70250000,7.86976464,5.73778434,1.42487618
32.62699986,2.71870780,4.35528476,0.70040000,7.44130710,5.70459885,1.38693723
32.72700000,2.76874455,4.41126035,0.70940000,7.54642037,5.77631059,1.38377813
32.82699990,2.72533151,4.47137246,0.69630000,7.26193555,5.76754504,1.39911521
32.92699981,2.78640818,4.52688100,0.70530000,7.11744123,5.76431902,1.40590289
33.02699995,2.98258645,4.66027062,0.76530000,7.25045658,5.87966209,1.50053478
33.12699986,3.03704358,4.71549608,0.77720000,7.62309292,6.02579589,1.54309652
33.22799993,3.08724644,4.88996018,0.78810000,7.69496064,6.20644995,1.55893917
33.32799983,3.14636122,4.82396866,0.79920000,7.95921240,6.19906899,1.56879605
33.42799997,3.19477369,5.00343125,0.80910000,8.00754296,6.37850819,1.60117390
33.52799988,3.25113105,4.93897032,0.82010000,7.93098133,6.27607040,1.60861391
33.62800002,3.30839901,5.11621210,0.83300000,8.05387709,6.47206299,1.59452335
33.72799993,3.98069828,4.99884540,0.85730000,8.62205250,6.32494660,1.59635364
33.82799983,4.03869092,4.91843193,0.85730000,8.84408252,6.29140096,1.61257686
33.92799997,4.08865595,5.08732886,0.86320000,8.95780902,6.47851545,1.61591381
34.02799988,4.13992926,5.00042983,0.86330000,9.06546205,6.40772491,1.59753482
34.12800002,4.18846787,5.14647269,0.85920000,9.00368362,6.52224861,1.57178795
34.22799993,4.23386803,5.15894295,0.85420000,8.90465221,6.49345272,1.52745951
34.32799983,4.29310357,5.07786438,0.85720000,8.85286449,6.38065322,1.52090488
34.42799997,4.32218038,5.16091283,0.83610000,9.11281762,6.52966633,1.46356443
34.52899981,4.36378090,5.14242504,0.82120000,9.49098917,6.60734169,1.40085768
34.62899995,4.38584033,5.08388807,0.78430000,9.56569663,6.56384701,1.33552807
34.72899985,4.41939627,5.06617865,0.76530000,9.78513956,6.59924816,1.34722166
34.82900000,4.46306131,5.07514584,0.75520000,9.95360097,6.64387145,1.33460635
34.92899990,4.44381418,4.95105303,0.68040000,9.88965129,6.50700649,1.29424903
35.02899981,4.46106248,4.90871979,0.64340000,9.70237300,6.40623708,1.26824836
35.12899995,4.45019499,4.80234745,0.57140000,9.62921812,6.28206834,1.18968833
35.22899985,4.46379814,4.74478908,0.52950000,9.31332768,6.13036895,1.15807142
35.32900000,4.51886334,4.78335200,0.53450000,9.18525107,6.11660564,1.16568026
35.42899990,4.48047819,4.64725145,0.44450000,9.22524277,6.00289847,1.05891435
35.52899981,4.43262568,4.49942320,0.34370000,8.86535731,5.76591795,1.00516476
35.62899995,4.39767977,4.37609050,0.26170000,8.65458961,5.59235045,0.94525043
35.72899985,4.36670711,4.28734061,0.18980000,8.79340120,5.55211035,0.88869793
35.82999992,4.36788878,4.24608006,0.14680000,8.80607110,5.51413215,0.85329515
35.92999983,4.16901035,3.95563336,0.06900000,8.43526885,5.17456436,0.77813972
36.02999997,4.06476654,3.80395603,0.19390000,8.35989003,5.03113417,0.89743852
36.12999988,3.87110249,3.53723523,0.38870000,8.24503122,4.78692915,1.06288142
36.23000002,3.82278942,3.45971011,0.46170000,8.17978570,4.70456619,1.11523792
36.32999992,3.77207521,3.36366007,0.53760000,8.00287755,4.57246074,1.20160748
36.42999983,3.55439159,3.08229847,0.72950000,7.86108975,4.31278366,1.37826569
36.52999997,3.48765574,2.99065754,0.80940000,7.71998701,4.19989505,1.45996131
36.62999988,3.33296968,2.79070998,0.93730000,7.67791184,4.03212202,1.58024501
36.73000002,3.28844955,2.71368614,0.99230000,7.61397516,3.94955060,1.64503347
36.82999992,3.30511711,2.70945382,1.01020000,7.52132880,3.91408573,1.65266470
36.92999983,3.16331103,2.51172961,1.10320000,7.52613096,3.75824959,1.69811644
37.02999997,3.05052512,2.38104720,1.16510000,7.36311910,3.61321691,1.73542236
37.13099980,3.01315584,2.33062404,1.20010000,7.26899429,3.54657788,1.74058881
37.23099995,2.96520861,2.26424725,1.24300000,7.18970648,3.47124664,1.75191405
37.33099985,2.89168217,2.17679711,1.29090000,7.20268405,3.40851193,1.79257059
37.43099999,2.81470062,2.09030749,1.33500000,7.21566461,3.34772577,1.85107002
37.53099990,2.79543125,2.05769718,1.35890000,7.48133093,3.39652566,1.83627845
37.63099980,2.72848373,1.98286678,1.38780000,7.79241270,3.42970363,1.87912725
37.73099995,2.71007049,1.95950700,1.40690000,7.95126060,3.45698989,1.95645335
37.83099985,2.64743036,1.90313803,1.42780000,8.18560807,3.48547452,1.96618943
37.93099999,2.60203846,1.87129186,1.44880000,8.43081381,3.53665625,1.98531559
38.03099990,2.59742776,1.85616606,1.46280000,8.52641055,3.55016114,1.98099004
38.13099980,2.55749690,1.81404397,1.47070000,8.35632692,3.47085255,1.97024169
38.23099995,2.50598303,1.77287301,1.48180000,8.24632435,3.41297053,1.98054960
38.33099985,2.52115823,1.77689124,1.49680000,8.03595108,3.35254634,1.97677475
38.43199992,2.44644413,1.72512488,1.50780000,7.88330589,3.27851395,1.99213701
38.53199983,2.43641671,1.71175113,1.51970000,8.08242134,3.32489531,2.00189223
38.63199997,2.41412225,1.69632000,1.52970000,7.93991223,3.27511714,2.01431410
38.73199987,2.37653790,1.67638973,1.53770000,7.82078612,3.23188923,1.99688884
38.83200002,2.35793209,1.66292461,1.54470000,7.76725460,3.20844533,2.00963935
38.93199992,2.32499056,1.64485232,1.54870000,7.50921355,3.12605888,2.02409595
39.03199983,2.31132512,1.63150687,1.55570000,6.95151551,2.95727555,2.03696700
39.13199997,2.27210141,1.60572679,1.55260000,6.68730574,2.86721375,2.04456158
39.23199987,2.25541786,1.58842964,1.56060000,6.45852459,2.78931728,2.07217897
39.33200002,2.24048337,1.56997425,1.56370000,6.52567400,2.79431443,2.09235044
39.43199992,2.22673307,1.55645658,1.56470000,6.65100883,2.82053537,2.12068085
39.53199983,2.21921122,1.54964803,1.56960000,6.60137385,2.80169449,2.10071024
39.63199997,2.19531205,1.53550114,1.57770000,6.53943601,2.77667941,2.08025169
39.73299980,2.17616636,1.52871435,1.58760000,6.43860407,2.74655370,2.11248216
39.83299994,2.18765912,1.53161870,1.60060000,6.51503427,2.76801160,2.14251122
39.93299985,2.15935473,1.52151595,1.59970000,6.76072238,2.83619242,2.14978723
40.03299999,2.15129274,1.51714132,1.60570000,6.59360155,2.78637241,2.18565511
40.13299990,2.12881239,1.50558590,1.60560000,6.60386714,2.78417297,2.16678497
40.23299980,2.12822987,1.50633078,1.61760000,6.62839622,2.79209260,2.17997610
40.33299994,2.12077783,1.50506929,1.62560000,6.40356896,2.72872389,2.21231901
40.43299985,2.10238300,1.50128112,1.63770000,6.43295191,2.73858652,2.22281987
40.53299999,2.08381087,1.49171514,1.64570000,6.61790709,2.78717120,2.22344674
40.63299990,2.06432930,1.48216760,1.65060000,6.83837283,2.84618004,2.24599017
40.73299980,2.06271241,1.47653960,1.65670000,6.84346109,2.84246779,2.22142012
40.83299994,2.06328869,1.47580414,1.66660000,7.01662921,2.89104428,2.25584726
40.93299985,2.04849803,1.46042623,1.66870000,6.91637443,2.85124806,2.22910952
41.03399992,2.03585400,1.45718735,1.67560000,7.12747271,2.91193555,2.25942951
41.13399982,2.02800906,1.45120236,1.68360000,7.32874033,2.96569701,2.27126490
41.23399997,2.02685755,1.44981385,1.69260000,7.34390506,2.96897028,2.29572223
41.33399987,2.02499249,1.44717893,1.69860000,7.33462639,2.96421719,2.29857065
41.43400002,2.00832677,1.43936321,1.70160000,7.36482261,2.96979059,2.32649880
41.53399992,2.00695676,1.43646110,1.70670000,7.16486788,2.91015000,2.31609412
41.63399982,1.99268136,1.42730804,1.71260000,6.97552873,2.85097871,2.37247447
41.73399997,1.99033451,1.42461427,1.72070000,6.95933985,2.84433008,2.35620775
41.83399987,1.98046148,1.42144785,1.72160000,6.85614554,2.81450044,2.35624786
41.93400002,1.97140763,1.41905478,1.72560000,6.84740618,2.81219722,2.32714972
42.03399992,1.96793257,1.41983108,1.72960000,6.67555936,2.76486731,2.33718792
42.13399982,1.94375590,1.41922006,1.72860000,6.19225803,2.63307781,2.32912133
42.23499990,1.93663202,1.42148538,1.73160000,6.30931468,2.67082328,2.30845118
42.33499980,1.90028878,1.41922401,1.72160000,6.70910459,2.79317139,2.31054522
42.43499994,1.87702010,1.41773836,1.71160000,6.86478030,2.84281270,2.29199719
42.53499985,1.85234188,1.41589032,1.69260000,6.95447921,2.87364384,2.23339789
42.63499999,1.82158765,1.41536131,1.67270000,6.86576875,2.85655591,2.26857034
42.73499990,1.75194657,1.41492477,1.62870000,6.94820116,2.89956894,2.22291588
42.83499980,1.75091816,1.41969045,1.63260000,6.90458933,2.89216793,2.16840113
42.93499994,1.67954817,1.42055064,1.58470000,6.37856182,2.76312597,2.10868558
43.03499985,1.64084785,1.42038528,1.56370000,6.29496638,2.75013343,2.09285935
43.13499999,1.58519556,1.41784637,1.52670000,6.41827569,2.79872640,2.05097377
43.23499990,1.52394841,1.41306496,1.48380000,6.37214476,2.79826391,2.02327901
43.33499980,1.50055747,1.41012288,1.46770000,6.15958239,2.74127286,2.01714100
43.43499994,1.47013195,1.40428295,1.44570000,6.02511289,2.70570607,1.99309505
43.53600001,1.43055753,1.39978252,1.41570000,5.82203289,2.65448977,1.98578069
43.63599992,1.37965181,1.39415427,1.37770000,6.00504236,2.71569443,1.91774586
43.73599982,1.34363470,1.39063588,1.35080000,6.18853918,2.77489430,1.90050760
43.83599997,1.32970355,1.39103472,1.34480000,5.88073055,2.69132815,1.96036115
43.93599987,1.28911732,1.38790509,1.32080000,5.83647422,2.68714992,1.92510040
44.03600001,1.26184498,1.38579091,1.30470000,5.62604243,2.63270446,1.92348607
44.13599992,1.21764516,1.38118016,1.27870000,5.53365460,2.61432571,1.88874927
44.23599982,1.17580662,1.37605332,1.25280000,5.70069153,2.66887758,1.86633843
44.33599997,1.15338643,1.37611693,1.23280000,5.59158117,2.64417257,1.84650504
44.43599987,1.12240263,1.37566693,1.21180000,5.40405363,2.59899579,1.86862933
44.53600001,1.07813073,1.36808989,1.17680000,5.46116348,2.62038496,1.82642002
44.63599992,1.02407029,1.35605993,1.13680000,5.26477714,2.56769046,1.80286025
44.73599982,1.00580943,1.34977471,1.12280000,5.65693331,2.67866725,1.75502628
44.83699989,0.99688427,1.35118547,1.11380000,5.72037335,2.70075378,1.73858100
44.93699980,0.93465889,1.33969542,1.07280000,5.93869949,2.76942130,1.70912043
45.03699994,0.90467817,1.33548342,1.05480000,5.79774085,2.73350133,1.71343533
45.13699985,0.84666825,1.32538273,1.01680000,5.74172063,2.72396912,1.67544309
45.23699999,0.82198422,1.31836294,0.99780000,6.03657784,2.80824683,1.66526751
45.33699989,0.83462575,1.32251023,1.00280000,6.14859895,2.84078829,1.68129411
45.43699980,0.77830653,1.31460422,0.96080000,6.26465418,2.88213212,1.63074755
45.53699994,0.74977429,1.31108536,0.93980000,6.05701276,2.82743921,1.61582222
45.63699985,0.71701803,1.30781401,0.91680000,5.92574422,2.79602149,1.60072548
45.73699999,0.70042141,1.30850963,0.90480000,5.88675396,2.79031892,1.57683616
45.83699989,0.70807021,1.31274136,0.90590000,5.90968889,2.79891812,1.59995856
45.93699980,0.65271423,1.30464508,0.86180000,5.85237163,2.79026148,1.60057981
46.03699994,0.64515772,1.30405551,0.85380000,5.68680610,2.74452647,1.58914366
46.13800001,0.59257605,1.38926562,0.81590000,5.69113923,2.84599796,1.55408843
46.23799992,0.58590375,1.30072535,0.80790000,5.86022547,2.80767441,1.54599818
46.33799982,0.53639654,1.29638164,0.77390000,5.78175091,2.79505431,1.52365860
46.43799996,0.52445836,1.38624990,0.76490000,5.56979170,2.82777371,1.50587118
46.53799987,0.50439315,1.29231047,0.74790000,5.47908231,2.71365023,1.49769267
46.63800001,0.47178050,1.38153949,0.72690000,5.21461368,2.73663469,1.47001985
46.73799992,0.46643888,1.28794462,0.72090000,4.96418066,2.57301370,1.44206007
46.83799982,0.44040193,1.28264457,0.70490000,5.07348019,2.60638122,1.45384817
46.93799996,0.42277956,1.37639986,0.69500000,4.84440282,2.63972079,1.40010614
47.03799987,0.42153503,1.28538246,0.69480000,4.85327440,2.55159371,1.39063748
47.13800001,0.41281758,1.38565553,0.68990000,4.74027490,2.62207191,1.40390914
47.23799992,0.39288521,1.28449516,0.66890000,4.61188047,2.48992237,1.35361500
47.33799982,0.37904246,1.28350407,0.65790000,4.62196488,2.49576762,1.32694963
47.43899989,0.36902690,1.38113354,0.65490000,4.77769060,2.64075174,1.31040600
47.53900003,0.36354773,1.37861715,0.65200000,4.78513606,2.64192810,1.25778675
47.63899994,0.35670657,1.37359324,0.64890000,4.89093028,2.66908573,1.26969522
47.73899984,0.35570550,1.36855184,0.64600000,4.85608667,2.65437503,1.25107783
47.83899999,0.33828284,1.35935350,0.63590000,4.90949656,2.66541456,1.25877388
47.93899989,0.32970219,1.35504888,0.63200000,4.96757603,2.68015569,1.28777001
48.03900003,0.33214903,1.35423652,0.63490000,5.00271158,2.68868296,1.28477329
48.13899994,0.32443799,1.35194892,0.62600000,4.95493854,2.67494907,1.28256203
48.23899984,0.33537422,1.35571868,0.63190000,5.04850714,2.70232808,1.25274080
48.33899999,0.33425935,1.34893225,0.63100000,5.03925029,2.69321538,1.22753481
48.43899989,0.33140765,1.34188814,0.62590000,5.17347018,2.72533458,1.21932086
48.53900003,0.32124284,1.33276735,0.61600000,5.06370940,2.68775780,1.20196271
48.63899994,0.30298909,1.32556609,0.59790000,5.06584085,2.68638088,1.17397556
48.74000001,0.29793277,1.32031837,0.58990000,4.86214100,2.62437787,1.19591715
48.83999991,0.29729263,1.32165219,0.58800000,5.01251118,2.66885748,1.19737981
48.93999982,0.25960553,1.31204801,0.55990000,4.97855360,2.66031888,1.18650278
49.03999996,0.24515226,1.30975730,0.54890000,4.71854777,2.58787030,1.19712725
49.13999987,0.24188057,1.31023031,0.54800000,4.78259827,2.60757823,1.17093205
49.24000001,0.23302646,1.30972044,0.54300000,4.72659831,2.59359811,1.16757754
49.33999991,0.23038733,1.31130019,0.54290000,4.94684075,2.65885830,1.15056221
49.43999982,0.21101774,1.30724160,0.52990000,4.92945112,2.65536542,1.11144571
49.53999996,0.19865490,1.30494233,0.52400000,4.95836974,2.66486085,1.12681858
49.63999987,0.19160058,1.30198453,0.52200000,5.00274568,2.67659741,1.09621803
49.74000001,0.17840329,1.29827328,0.51590000,4.73338575,2.59969684,1.07607581
49.83999991,0.17943470,1.29964534,0.51790000,4.57543900,2.55564657,1.07871337
49.93999982,0.16195568,1.29150705,0.50490000,4.52842136,2.53906867,1.05607132
50.04099989,0.15578986,1.29014267,0.49990000,4.58984043,2.55701426,1.05395560
50.14100003,0.14541754,1.28722051,0.49290000,4.41236945,2.50634963,1.07669307
50.24099994,0.14749383,1.28773459,0.49290000,4.52714572,2.53906370,1.05958513
50.34099984,0.15000988,1.28914027,0.49190000,4.41367432,2.50733011,1.10100897
50.44099998,0.13334449,1.27956990,0.47590000,4.37045425,2.49017269,1.11583287
50.54099989,0.13496055,1.27757357,0.47590000,4.45334293,2.51139711,1.14512022
50.64100003,0.13117967,1.27507033,0.46900000,4.36580129,2.48496222,1.16834062
50.74099994,0.13681685,1.27365755,0.46600000,4.34590232,2.47625340,1.16025836
50.84099984,0.13738840,1.27097746,0.46090000,4.37240507,2.48098222,1.21584233
50.94099998,0.14400716,1.26872101,0.46090000,4.57040018,2.53340473,1.24420350
51.04099989,0.15140539,1.26919949,0.46490000,4.52450832,2.51865747,1.25573452
51.14100003,0.15787640,1.27159340,0.47000000,4.62012068,2.54652033,1.27297482
51.24099994,0.16536230,1.27467086,0.47490000,4.75840778,2.58696957,1.28853206
51.34099984,0.16728025,1.27618783,0.47300000,4.55642161,2.53022822,1.29965765
51.44199991,0.17018413,1.27676944,0.47490000,4.81413422,2.60361232,1.32276443
51.54199982,0.17372135,1.27758879,0.47890000,5.02372295,2.66330353,1.32761715
51.64199996,0.17845692,1.27753317,0.48290000,5.01137091,2.65836574,1.33480711
51.74199986,0.18626263,1.27663449,0.48290000,4.67606281,2.55943454,1.31953134
51.84200001,0.19207333,1.27738495,0.48890000,4.82863969,2.60211820,1.28388754
51.94199991,0.19315260,1.27755958,0.49690000,4.71300714,2.56894660,1.27685736
52.04199982,0.19695669,1.27792970,0.50390000,4.68175710,2.55930125,1.26486318
52.14199996,0.19276746,1.27587654,0.50800000,4.88237547,2.61576455,1.23483960
52.24199986,0.19502091,1.27824460,0.51390000,5.08604768,2.67568082,1.27691277
52.34200001,0.19046484,1.27783186,0.51990000,5.07996066,2.67483067,1.25634225
52.44199991,0.17899884,1.27901932,0.52200000,4.80667724,2.60121315,1.26401411
52.54199982,0.17076204,1.27947751,0.52200000,4.56552827,2.53512500,1.27009684
52.64199996,0.16118159,1.27703861,0.51790000,4.45305534,2.50328825,1.24892050
52.74300003,0.14938422,1.27542221,0.51490000,4.40134073,2.49026693,1.27095962
52.84299994,0.14125968,1.27627456,0.51390000,4.64620632,2.56340217,1.29239856
52.94299984,0.13573788,1.27594208,0.51400000,4.74678918,2.59338531,1.29145898
53.04299998,0.12950924,1.27398236,0.51100000,4.72562164,2.58715733,1.27815114
53.14299989,0.12945747,1.26907592,0.50600000,4.59740406,2.54563209,1.28254164
53.24300003,0.12835274,1.26443830,0.50600000,4.72113683,2.57666233,1.28895683
53.34299994,0.13216335,1.26184138,0.50700000,4.56434778,2.52817979,1.28559613
53.44299984,0.13758318,1.25759460,0.50400000,4.57076152,2.52421699,1.27731494
53.54299998,0.14016844,1.25437955,0.50600000,1.56919114,2.46604046,1.24890712
53.64299989,0.13779291,1.24741932,0.51390000,1.66941025,2.50030129,1.24699800
53.74300003,0.14167792,1.24485181,0.51590000,1.57196812,2.45702198,1.23089722
53.84299994,0.14303807,1.24278541,0.51790000,1.65209171,2.48660160,1.24613534
53.94299984,0.14494846,1.24411732,0.51590000,1.76784483,2.53367390,1.20989831
54.04399991,0.14496118,1.24285339,0.51390000,1.72077569,2.51349314,1.19767655
54.14399981,0.13723031,1.23982261,0.50290000,1.70722688,2.50812480,1.17342901
54.24399996,0.13624142,1.24012409,0.50090000,1.62923272,2.47748667,1.16773499
54.34399986,0.13532982,1.24118611,0.49890000,1.81669359,2.55423406,1.16765508
54.44400001,0.10934225,1.22663874,0.47700000,1.82606636,2.55389397,1.14897262
54.54399991,0.10469640,1.22245140,0.47190000,1.96082215,2.60571621,1.13616965
54.64399981,0.09863030,1.21853226,0.46590000,2.11565350,2.66644337,1.11643161
54.74399996,0.09527592,1.21610386,0.46290000,1.97747379,2.60984407,1.11920455
54.84399986,0.09923097,1.21771976,0.46590000,1.92259943,2.58782316,1.15241630
54.94400001,0.08564764,1.21317330,0.45900000,1.61050714,2.60235866,1.15399972
55.04399991,0.08181192,1.21222085,0.45790000,1.60914382,2.60317220,1.16219276
55.14399981,0.07045388,1.20923464,0.44900000,1.60532418,2.60557057,1.15327797
55.24399996,0.07013346,1.21154884,0.44890000,1.65694434,2.64498518,1.17756934
55.34500003,0.05902450,1.20979742,0.44500000,1.71765295,2.69453203,1.16585992
55.44499993,0.05491588,1.20837587,0.44390000,1.73836909,2.71084245,1.19280350
55.54499984,0.05360963,1.20971532,0.44590000,1.72919836,2.70656441,1.23577814
55.64499998,0.05226984,1.20796967,0.44890000,1.62952058,2.63457734,1.23900160
55.74499989,0.05281093,1.20283591,0.45090000,1.62101850,2.62298418,1.24015339
55.84500003,0.05518598,1.19783002,0.44890000,0.72630985,2.56038845,1.23034915
55.94499993,0.05880353,1.19358931,0.44990000,0.72409198,2.58181098,1.22516769
56.04499984,0.06239701,1.19009051,0.45090000,0.73195619,2.61663694,1.22188708
56.14499998,0.06728483,1.18876658,0.45590000,0.73190606,2.56399349,1.21548145
56.24499989,0.06659608,1.18386704,0.45790000,0.72849818,2.51839634,1.22759630
56.34500003,0.07084221,1.18578224,0.46490000,0.72819507,2.54808178,1.19903491
56.44499993,0.07030428,1.18526584,0.46590000,0.70940396,2.53987551,1.19479180
56.54499984,0.06946590,1.18454364,0.46690000,0.78755675,2.48755926,1.20487919
56.64499998,0.06576381,1.18251181,0.46390000,0.74007621,2.40457738,1.21393464
56.74599981,0.06063126,1.17806405,0.45980000,0.76066472,2.38500628,1.21851635
56.84599996,0.05081519,1.17078458,0.45690000,0.75862768,2.39233629,1.22190341
56.94599986,0.04751570,1.16597970,0.45390000,0.76986701,2.39855414,1.18536691
57.04600000,0.04881291,1.16568375,0.45590000,0.77514644,2.42190744,1.19107453
57.14599991,0.03881858,1.15990586,0.45190000,0.75363300,2.49151631,1.18273449
57.24599981,0.03992887,1.15987697,0.45490000,0.72617251,2.45843935,1.17398559
57.34599996,0.03575671,1.15233000,0.44990000,0.69845981,2.50901084,1.15708167
57.44599986,0.03140096,1.14623568,0.44890000,0.70810419,2.55821533,1.13773211
57.54600000,0.03108295,1.14650983,0.45390000,0.68660872,2.55377942,1.12348926
57.64599991,0.02026993,1.14269223,0.45590000,0.67269243,2.56716459,1.12746146
57.74599981,0.01532474,1.14210329,0.46090000,0.65197211,2.52767059,1.13725785
57.84599996,0.01059877,1.13617034,0.46190000,0.64140149,2.50043675,1.13679216
57.94700003,0.01040735,1.12906408,0.45880000,0.65983733,2.58417989,1.11252890
58.04699993,0.01351861,1.12464162,0.45880000,0.66980921,2.62108694,1.09295128
58.14699984,0.01032018,1.12192261,0.45690000,0.66543912,2.57190628,1.08585251
58.24699998,0.00860616,1.11885952,0.45890000,0.66576153,2.58310235,1.08084608
58.34699988,0.00794918,1.11806109,0.46290000,0.69461607,2.60932233,1.08915815
58.44700003,0.00870887,1.11150294,0.46590000,0.70149847,2.62915978,1.08699339
58.54699993,0.00765282,1.10633261,0.47080000,0.71109364,2.60130780,1.07125659
58.64699984,0.00293297,1.10016832,0.47290000,0.75366328,2.61093658,1.03895389
58.74699998,0.00006318,1.10026420,0.47490000,0.76039992,2.64724062,1.05322672
58.84699988,0.00300696,1.09946818,0.47680000,0.74526440,2.64624253,1.07556192
58.94700003,0.00939348,1.09814490,0.47280000,0.73016359,2.58704739,1.08306249
59.04699993,0.01342056,1.09690682,0.47390000,0.72272660,2.59150642,1.06831633
59.14699984,0.01329850,1.09465065,0.47380000,0.72897413,2.56075520,1.06597086
59.24699998,0.00642228,1.09526795,0.47580000,0.71610119,2.53158461,1.10029857
59.34799981,0.01159729,1.09662493,0.47990000,0.71036120,2.51342913,1.11238732
59.44799995,0.00128436,1.22972608,0.47590000,0.70481947,2.73439482,1.10854686
59.54799986,0.00749101,1.09904642,0.47890000,0.73795102,2.69006848,1.10992197
59.64800000,0.00290641,1.22793384,0.47900000,0.73058148,2.74516403,1.10568147
59.74799991,0.00369552,1.08710053,0.48080000,0.74708307,2.54962348,1.12378045
59.84799981,0.00233953,1.08127261,0.48080000,0.73551210,2.65165105,1.10660482
59.94799995,0.00023662,1.21334604,0.48290000,0.72820699,2.81791098,1.11272848
60.04799986,0.00481315,1.07823051,0.48380000,0.71111905,2.60666584,1.14474539
60.14800000,0.00531151,1.20837239,0.48490000,0.70642808,2.69086038,1.12289975
60.24799991,0.01147690,1.06930441,0.48880000,0.73033514,2.48364618,1.14200976
60.34799981,0.01151191,1.06185445,0.48390000,0.76194658,2.54222668,1.13823054
60.44799995,0.00935192,1.19366184,0.48490000,0.76261313,2.60126683,1.16504785
60.54799986,0.01191312,1.05791237,0.48590000,0.74569062,2.41979717,1.18025303
60.64899993,0.00738210,1.19396018,0.49290000,0.76554834,2.59934351,1.18952375
60.74899983,0.01093314,1.18992184,0.49700000,0.78864647,2.56850456,1.20957223
60.84899998,0.02031701,1.18301315,0.49790000,0.78382484,2.58505271,1.22259807
60.94899988,0.02182379,1.17790739,0.50290000,0.76112397,2.57388454,1.23411037
61.04900002,0.02252604,1.17202607,0.50590000,0.75300965,2.49869103,1.24261394
61.14899993,0.02639696,1.16193205,0.50690000,0.76712866,2.42092167,1.26356085
61.24899983,0.02820496,1.14771033,0.50990000,0.76664023,2.43090859,1.27596272
61.34899998,0.02987607,1.13468787,0.51380000,0.74847649,2.36999174,1.27669459
61.44899988,0.03472565,1.12195478,0.51890000,0.72008960,2.44389514,1.28318345
61.54900002,0.03095094,1.11299424,0.52580000,0.69938179,2.40993640,1.29271007
61.64899993,0.03028342,1.09939516,0.53080000,0.69367205,2.42233080,1.31516776
61.74899983,0.03531690,1.08368594,0.53190000,0.65779708,2.36835118,1.32910198
61.84899998,0.04351273,1.06502824,0.53280000,0.69152480,2.31668495,1.30780163
61.94999981,0.04848780,1.04852391,0.53580000,0.71452037,2.32670294,1.31760439
62.04999995,0.05146277,1.03240314,0.53880000,0.73685985,2.35770916,1.30305020
62.14999986,0.05329310,1.01285557,0.54070000,0.76519406,2.27966290,1.30807429
62.25000000,0.05642401,0.99421355,0.54370000,0.76721873,2.28944025,1.29917301
62.34999990,0.05630883,0.97916241,0.54570000,0.76900941,2.30502539,1.28641070
62.44999981,0.05540814,0.96278743,0.54970000,0.77911947,2.30575007,1.27158674
62.54999995,0.05756198,0.94376172,0.55170000,0.79221444,2.27556186,1.27498842
62.64999986,0.06221853,0.92038388,0.54470000,0.78996360,2.14901230,1.27019207
62.75000000,0.06261126,0.89757052,0.54360000,0.78766286,2.13479887,1.27039329
62.84999990,0.06091551,0.87898527,0.54360000,0.78835732,2.12220867,1.27286729
62.94999981,0.06050362,0.86402113,0.54960000,0.77864653,2.19707089,1.27749538
63.04999995,0.06526160,0.84507276,0.54860000,0.79002128,2.26102580,1.28590481
63.14999986,0.07147216,0.82687555,0.54460000,0.81699273,2.16289460,1.28616666
63.25099993,0.06884059,0.81386199,0.54760000,0.82149513,2.15882011,1.30339352
63.35099983,0.06526081,0.80650377,0.55170000,0.81813547,2.24870085,1.27050213
63.45099998,0.06597208,0.79780282,0.55260000,0.80648070,2.25986594,1.27216433
63.55099988,0.06785128,0.79072689,0.55260000,0.83140157,2.21338218,1.26316203
63.65100002,0.07058123,0.78555244,0.55660000,0.83493926,2.22349711,1.24016998
63.75099993,0.07162135,0.78040884,0.55860000,0.82878384,2.23192039,1.24556507
63.85099983,0.07476737,0.77465643,0.56160000,0.80904058,2.16919215,1.24634518
63.95099998,0.08152684,0.76819816,0.56360000,0.82938550,2.18679386,1.23983411
64.05099988,0.08463555,0.76101942,0.56360000,0.84184211,2.18622086,1.21250860
64.15100002,0.08773089,0.75082330,0.56450000,0.84008099,2.15014917,1.20045222
64.25099993,0.08799284,0.74380983,0.56960000,0.81159525,2.06480455,1.20575999
64.35099983,0.09261919,0.73986957,0.57360000,0.85517876,1.98971301,1.21245392
64.45099998,0.10050260,0.72800552,0.57850000,0.87351692,1.96563996,1.23540058
64.55099988,0.10289829,0.72072792,0.58160000,0.88632123,1.94657894,1.20919471
64.65199995,0.11018896,0.71037742,0.58850000,0.90982727,1.91081473,1.22089515
64.75199986,0.11458134,0.70727367,0.59460000,0.91322315,1.92534177,1.21619173
64.85200000,0.11878408,0.70391564,0.59850000,0.93184300,1.98549144,1.22140180
64.95199990,0.12289810,0.69691719,0.60060000,0.92752812,1.95573675,1.22948515
65.05199981,0.12653389,0.69155233,0.60050000,0.92735368,1.89790282,1.20706180
65.15199995,0.12995731,0.68194055,0.60850000,0.91243406,1.96138911,1.21183902
65.25199986,0.13002829,0.66053049,0.61550000,0.89912981,1.97492768,1.21444511
65.35200000,0.13336811,0.62460483,0.61850000,0.90604421,1.90992541,1.22815026
65.45199990,0.13957007,0.57639692,0.61940000,0.94791751,1.83648911,1.23368168
65.55199981,0.14035197,0.52969464,0.61940000,0.94209639,1.73488482,1.24686884
65.65199995,0.14158783,0.48973704,0.61540000,0.92827574,1.72477785,1.25647596
65.75199986,0.12531735,0.44469950,0.61030000,0.90080013,1.65471674,1.24599552
65.85200000,0.09146836,0.39826256,0.60830000,0.86556742,1.62413864,1.22451279
65.95299983,0.05618310,0.35567124,0.60930000,0.77377950,1.63681846,1.21275312
66.05299997,0.01445387,0.31258929,0.60630000,0.76518125,1.62466190,1.22534532
66.15299988,0.02615815,0.27910149,0.60330000,0.78155877,1.70542630,1.20865853
66.25300002,0.05638388,0.26515912,0.60220000,0.80325984,1.73447279,1.22428703
66.35299993,0.07195221,0.25494662,0.59520000,0.84274332,1.70828819,1.22325178
66.45299983,0.07513121,0.25222599,0.59320000,0.84184784,1.78743696,1.25382341
66.55299997,0.07261051,0.24771963,0.59320000,0.82286715,1.83762272,1.26750013
66.65299988,0.06732294,0.23920979,0.59820000,0.80368390,1.83056396,1.25613861
66.75300002,0.06043627,0.23243569,0.60220000,0.79537856,1.84367772,1.29153227
66.85299993,0.05556802,0.22621469,0.61220000,0.77527683,1.80802273,1.30769076
66.95299983,0.05204985,0.22632592,0.61320000,0.77702181,1.78271919,1.31048622
67.05299997,0.04985921,0.22459283,0.61720000,0.76332431,1.79295740,1.31001263
67.15299988,0.04552932,0.22150233,0.62420000,0.78298385,1.77087090,1.32106130
67.25399995,0.04543375,0.22188381,0.62920000,0.77554064,1.76331839,1.36368500
67.35399985,0.04508719,0.22256360,0.63420000,0.76890278,1.75045150,1.37029021
67.45400000,0.03383040,0.22562038,0.64820000,0.76800060,1.69161996,1.37737366
67.55399990,0.02661475,0.22263869,0.65620000,0.77394030,1.62456500,1.36421088
67.65399981,0.00914489,0.21679276,0.67520000,0.75949315,1.61401479,1.42855977
67.75399995,0.00303225,0.22003496,0.68620000,0.73707804,1.60945714,1.43481786
67.85399985,0.00128909,0.22125910,0.69220000,0.74367907,1.61793311,1.43570726
67.95400000,0.00172229,0.22274614,0.69320000,0.73797280,1.55336644,1.43344927
68.05399990,0.00900978,0.22461993,0.69810000,0.73709541,1.54164405,1.43809700
68.15399981,0.02225914,0.22430990,0.71610000,0.71248899,1.53840142,1.46187527
68.25399995,0.02749600,0.22534866,0.72220000,0.72417506,1.46028411,1.47436685
68.35399985,0.03462686,0.22771364,0.73120000,0.72877133,1.43253035,1.45401153
68.45400000,0.04831429,0.22712510,0.74520000,0.72719761,1.50031479,1.45440189
68.55499983,0.05636813,0.22230635,0.75420000,0.69218604,1.46899835,1.44867293
68.65499997,0.06164258,0.22245369,0.75820000,0.70769434,1.49378989,1.44705192
68.75499988,0.06518654,0.22061096,0.76120000,0.72466883,1.51966168,1.43623217
68.85500002,0.07953966,0.22220480,0.77020000,0.75421642,1.55921380,1.45111398
68.95499992,0.08793294,0.22403548,0.77720000,0.73657755,1.61813600,1.47278543
69.05499983,0.10396407,0.22817391,0.78920000,0.78466518,1.62246003,1.49680627
69.15499997,0.11659736,0.23324454,0.80520000,0.76817625,1.61081848,1.49854584
69.25499988,0.12462050,0.23568594,0.81320000,0.78982752,1.50373445,1.50280338
69.35500002,0.13658020,0.23418988,0.82220000,0.79027245,1.43704376,1.47168325
69.45499992,0.14434938,0.23322819,0.82720000,0.75678801,1.54028820,1.48401067
69.55499983,0.14945031,0.23287348,0.83020000,0.77255311,1.53200123,1.44747621
69.65499997,0.15797604,0.23014330,0.83720000,0.79546367,1.43282815,1.46140159
69.75499988,0.16592655,0.22954570,0.84320000,0.80064919,1.46107485,1.44617690
69.85599995,0.17354747,0.22790914,0.84820000,0.87288167,1.46649801,1.42912410
69.95599985,0.17997111,0.22924192,0.85220000,0.90251367,1.50184067,1.46027646
70.05599999,0.18338245,0.23040806,0.85620000,0.91186191,1.44762098,1.46565602
70.15599990,0.19391382,0.22978677,0.86320000,0.91604156,1.48329113,1.48207535
70.25599980,0.19999735,0.22846319,0.86820000,0.91693544,1.54650955,1.49579434
70.35599995,0.20637256,0.22284339,0.87220000,0.95799473,1.51545687,1.49248139
70.45599985,0.20883736,0.22278769,0.87910000,0.97717598,1.47913963,1.49427584
70.55599999,0.20724126,0.22739927,0.88510000,0.99970112,1.46016796,1.48729941
70.65599990,0.20615377,0.23462562,0.90010000,0.93615463,1.49587795,1.53232968
70.75599980,0.21011133,0.23393982,0.90510000,0.93635317,1.44741561,1.52497107
70.85599995,0.21460405,0.23627600,0.90810000,0.93827972,1.47530890,1.51967206
70.95599985,0.21799093,0.24084394,0.91110000,0.91238531,1.46816186,1.51480997
71.05599999,0.22103663,0.24572077,0.91610000,0.93832168,1.49097885,1.51129524
71.15599990,0.22189704,0.24341568,0.92310000,0.93525763,1.50237115,1.52631442
71.25699997,0.22391662,0.23814608,0.93010000,0.96734564,1.56847337,1.53570142
71.35699987,0.22026696,0.23644400,0.92510000,0.96654780,1.59811500,1.51362764
71.45700002,0.22100405,0.23722677,0.92120000,0.96108743,1.61108444,1.52809229
71.55699992,0.22478751,0.23781193,0.92220000,1.01419475,1.56422732,1.54709332
71.65699983,0.23559768,0.23505103,0.92520000,1.05734083,1.47617882,1.55032518
71.75699997,0.23682665,0.23169471,0.93220000,1.05324673,0.65687806,1.57713552
71.85699987,0.23622921,0.23257679,0.93720000,1.05459035,0.66850289,1.58541427
71.95700002,0.23434711,0.24164901,0.93920000,1.02857877,0.65640768,1.60046162
72.05699992,0.23412581,0.24335282,0.93720000,1.03322925,0.75907884,1.56245690
72.15699983,0.23286404,0.23947200,0.93710000,0.99946313,0.75044314,1.56075090
72.25699997,0.23473785,0.23871142,0.93710000,1.01427278,0.78859581,1.56190712
72.35699987,0.23956031,0.24193922,0.94010000,0.98495332,0.75242540,1.54642322
72.45700002,0.24178507,0.23994737,0.94110000,0.97853007,0.80064444,1.55862274
72.55799985,0.24420813,0.23418255,0.94410000,0.99516026,0.80670502,1.54989071
72.65799999,0.24553048,0.33166019,0.94830000,0.97550004,0.90341750,1.57426306
72.75799990,0.24879995,0.22247778,0.94810000,0.98812579,0.73703903,1.57479554
72.85799980,0.24851113,0.22320732,0.95210000,0.97824012,0.80276684,1.62338224
72.95799994,0.24911890,0.33073693,0.95020000,0.98008195,0.90475302,1.66996788
73.05799985,0.25228513,0.22108248,0.94710000,0.97553544,0.82064066,1.63822162
73.15799999,0.25196421,0.32595834,0.94420000,0.97174099,0.89519719,1.62783043
73.25799990,0.25596313,0.21989572,0.94210000,1.00699215,0.79601770,1.63101581
73.35799980,0.25533947,0.21840532,0.94310000,1.00896700,0.80266088,1.64899564
73.45799994,0.25385139,0.32335657,0.94420000,1.00232453,0.87800122,1.65263984
73.55799985,0.25927067,0.21632318,0.94610000,0.99440211,0.75423065,1.65988992
73.65799999,0.26251373,0.31980780,0.94520000,0.96514961,0.86704038,1.69234056
73.75799990,0.26933195,0.20798911,0.94210000,0.98783002,0.72432410,1.67043782
73.85899997,0.26906220,0.31385594,0.94520000,0.99438395,0.77869393,1.66285915
73.95899987,0.27467719,0.31113197,0.94720000,1.00574080,0.73060604,1.67620374
74.05900002,0.28231408,0.30871213,0.95220000,1.03591702,0.75956292,1.68059059
74.15899992,0.28556607,0.30910501,0.95210000,1.00138109,0.76497507,1.68546432
74.25899982,0.29255903,0.30318436,0.94720000,1.01123604,0.76697370,1.69177350
74.35899997,0.29219280,0.29820768,0.94920000,0.97813071,0.75706779,1.67421008
74.45899987,0.28927480,0.29661190,0.95520000,0.99464364,0.71747680,1.68731061
74.55900002,0.28812319,0.29505579,0.95620000,1.00796408,0.69755737,1.70179545
74.65899992,0.28877263,0.29184060,0.95020000,0.96210101,0.74811230,1.70962140
74.75899982,0.28906672,0.28797514,0.94220000,0.93874194,0.79901219,1.72622931
74.85899997,0.28841748,0.28289851,0.93220000,0.94912913,0.84415339,1.69072895
74.95899987,0.28356460,0.27886866,0.92820000,0.94642974,0.79606990,1.67744283
75.05900002,0.28103756,0.27850117,0.92520000,0.95461608,0.80314266,1.69179464
75.15999985,0.28423863,0.27785353,0.92020000,0.98531341,0.83029289,1.71377789
75.25999999,0.28723007,0.27413228,0.92020000,0.99406783,0.81459024,1.73986438
75.35999990,0.29093205,0.26824316,0.92020000,0.99775030,0.85479188,1.74771332
75.45999980,0.29524677,0.25748829,0.91810000,1.02051233,0.79863746,1.79052130
75.55999994,0.30075802,0.25574491,0.91810000,1.05534459,0.77778454,1.80700051
75.65999985,0.31012337,0.25984545,0.91610000,1.06548450,0.74227356,1.81138600
75.75999999,0.31481339,0.25684409,0.91510000,1.07776794,0.75230548,1.83248855
75.85999990,0.31462086,0.25442735,0.91420000,1.07718200,0.70248677,1.82627865
75.95999980,0.31372383,0.25121649,0.91120000,1.09556344,0.71020656,1.81551737
76.05999994,0.31753832,0.25183851,0.91110000,1.08025744,0.72435585,1.79277472
76.15999985,0.30869170,0.24866381,0.91010000,1.06490556,0.74982929,1.80648646
76.25999999,0.31060461,0.24658757,0.90720000,1.06958079,0.76698922,1.78414428
76.35999990,0.31132860,0.24612720,0.90510000,1.07768020,0.74543694,1.77750279
76.46099997,0.30635427,0.24222131,0.90210000,1.05962737,0.71734950,1.75771621
76.56099987,0.29994786,0.23793792,0.90110000,1.04594342,0.68466291,1.77067227
76.66100001,0.28908603,0.23282877,0.88820000,1.05273917,0.64810962,1.75820429
76.76099992,0.28637188,0.22860428,0.88310000,1.05898598,0.66613624,1.72530308
76.86099982,0.28596302,0.22928182,0.88310000,1.03784967,0.64595661,1.75306806
76.96099997,0.29022493,0.23091672,0.88320000,1.01039835,0.63781307,1.71569012
77.06099987,0.29559335,0.23319273,0.88510000,1.01544611,0.69953513,1.70529345
77.16100001,0.29837205,0.23016003,0.88410000,1.02729893,0.67905244,1.72436175
77.26099992,0.29701215,0.22881648,0.88520000,1.59747727,0.64937019,1.73342533
77.36099982,0.29814432,0.22941557,0.88610000,1.64587379,0.67397657,1.72234032
77.46099997,0.29739423,0.23078607,0.88410000,1.72213993,0.71446643,1.75152106
77.56099987,0.29804423,0.23221657,0.88210000,1.78621901,0.74811487,1.78744659
77.66100001,0.29736256,0.23670354,0.88620000,1.84627772,0.78345410,1.78939418
77.76199985,0.29612915,0.23545746,0.88810000,2.01081615,0.86640959,1.77614582
77.86199999,0.29771215,0.23125286,0.88410000,2.04312752,0.87781305,1.73889713
77.96199989,0.29841501,0.22848355,0.88410000,2.12983784,0.91873006,1.73763246
78.06199980,0.29864077,0.22943081,0.88710000,2.10295893,0.90590988,1.74374522
78.16199994,0.30417111,0.23650052,0.89710000,2.07449817,0.89571426,1.72988814
78.26199985,0.31523162,0.23872295,0.90010000,2.02306879,0.86619580,1.72176308
78.36199999,0.32296136,0.23442101,0.90320000,1.94941601,0.82055671,1.68934463
78.46199989,0.32362753,0.22969544,0.90510000,1.91563148,0.79833237,1.65827976
78.56199980,0.32609125,0.22802137,0.90310000,1.89006583,0.78242116,1.63733183
78.66199994,0.32681597,0.23017491,0.90210000,1.72591633,0.70082906,1.62789934
78.76199985,0.33070135,0.22955162,0.90110000,1.67341123,0.67156299,1.62362945
78.86199999,0.33489556,0.22670215,0.90310000,1.71677614,0.68860975,1.60801962
78.96199989,0.33855202,0.22628047,0.90610000,1.70268457,0.67917319,1.60054813
79.06199980,0.33644713,0.22841416,0.90710000,1.68657816,0.67419500,1.60747007
79.16299987,0.33600669,0.23332594,0.90810000,1.69194418,0.68205609,1.60883490
79.26300001,0.34001837,0.22793399,0.91020000,1.71304620,0.68534495,1.58548808
79.36299992,0.34578073,0.22448992,0.91210000,1.79886185,0.72256287,1.61588252
79.46299982,0.34773526,0.22446605,0.91210000,1.80859623,0.72649067,1.62540844
79.56299996,0.35297997,0.22178887,0.91610000,1.78912902,0.71126141,1.62277001
79.66299987,0.35744834,0.22381799,0.91510000,1.80194636,0.71753126,1.62228374
79.76300001,0.36198502,0.23000662,0.91110000,1.73999334,0.68994735,1.60594580
79.86299992,0.36688227,0.23186041,0.91410000,1.72370391,0.68103965,1.61639683
79.96299982,0.36881578,0.23057704,0.91720000,1.73164844,0.68280950,1.57696119
80.06299996,0.37100591,0.23121660,0.92110000,1.82015202,0.72729081,1.61623805
80.16299987,0.36808970,0.22951865,0.92110000,1.71293811,0.67261625,1.62787849
80.26300001,0.37066724,0.23294505,0.92110000,1.72903101,0.68290760,1.63374648
80.36299992,0.37163585,0.23026997,0.92210000,1.78132312,0.70630160,1.61532531
80.46399999,0.37320031,0.22655104,0.92210000,1.70918256,0.66514520,1.62285754
80.56399989,0.37774169,0.22621277,0.91910000,1.65475403,0.63485396,1.60017647
80.66400003,0.38337631,0.23218352,0.91810000,1.69279908,0.65728715,1.57347104
80.76399994,0.38878220,0.23540538,0.91610000,1.69000830,0.65634563,1.58765149
80.86399984,0.39002373,0.23507033,0.92310000,1.70268628,0.66181956,1.61121791
80.96399999,0.39378660,0.23424467,0.92710000,1.77710244,1.52232741,1.61974612
81.06399989,0.39561531,0.23867347,0.92810000,1.77462280,1.52367882,1.61439786
81.16400003,0.39597621,0.24369994,0.92910000,1.78571418,1.53636993,1.61544672
81.26399994,0.39750252,0.24655223,0.93210000,1.78633882,1.53857816,1.61343289
81.36399984,0.39944327,0.24753823,0.93510000,1.72793264,1.49645921,1.63109741
81.46399999,0.40210468,0.24676490,0.93810000,1.70739299,1.47911369,1.63112303
81.56399989,0.40568345,0.24821973,0.94110000,1.83632569,1.57010705,1.69187381
81.66400003,0.40667335,0.25351638,0.94610000,1.83398148,1.57302219,1.69582653
81.76499987,0.41251441,0.25492442,0.94810000,1.91141509,1.62556776,1.70118166
81.86500001,0.42013812,0.25570689,0.95210000,1.94047013,1.64165832,1.70471373
81.96499991,0.42727179,0.25632097,0.95310000,2.00031280,1.67992169,1.70508022
82.06499982,0.43388466,0.25855004,0.95220000,2.02003805,1.69151675,1.72001728
82.16499996,0.43874784,0.26015453,0.95110000,2.05290053,1.71312074,1.72832379
82.26499987,0.43882265,0.26252524,0.95310000,2.02792054,1.69759517,1.71110419
82.36500001,0.44133753,0.26435825,0.95420000,2.03222670,1.70070766,1.74435158
82.46499991,0.44897718,0.26658939,0.95210000,1.99221910,1.66890504,1.72623010
82.56499982,0.46058148,0.26492112,0.95210000,1.96132770,1.63688271,1.69490642
82.66499996,0.46181271,0.26503802,0.95720000,1.95561510,1.63203972,1.72264975
82.76499987,0.46681504,0.26852406,0.95810000,1.99779543,1.66208148,1.69636243
82.86500001,0.47393130,0.26777546,0.95910000,2.08458154,1.71823992,1.71407965
82.96499991,0.48383450,0.26838099,0.95920000,2.16575942,1.76975593,1.69442696
83.06599998,0.49158531,0.27389570,0.95910000,2.71496039,1.80471605,1.71787300
83.16599989,0.49291486,0.27773036,0.95810000,2.81455614,1.84803266,1.70685951
83.26600003,0.49410959,0.27882918,0.95520000,2.70657926,1.80526788,1.67399600
83.36599994,0.49934480,0.27654770,0.95410000,2.90470236,1.88048601,1.64242787
83.46599984,0.51151637,0.27621842,0.95610000,2.84649374,1.85187897,1.66757817
83.56599998,0.52158060,0.27690810,0.95210000,2.75255749,1.81078274,1.65980969
83.66599989,0.52697090,0.27179759,0.95710000,2.77103974,1.81093239,1.66767653
83.76600003,0.53371335,0.26737626,0.96210000,2.84523292,1.83361180,1.66519421
83.86599994,0.53825325,0.27397858,0.95910000,2.79311200,1.81744861,1.65833578
83.96599984,0.53878246,0.27101856,0.96010000,2.88652866,1.85180944,1.64567279
84.06599998,0.54042492,0.27418824,0.96010000,2.96305173,1.88506508,1.65802003
84.16599989,0.54374349,0.26982059,0.96510000,2.78206938,1.80664796,1.65583580
84.26600003,0.54942323,0.27371414,0.96610000,2.93992004,1.87168161,1.62957922
84.36699986,0.55558546,0.27540669,0.96710000,2.86066057,1.83905294,1.62988414
84.46700001,0.55739564,0.27812527,0.96210000,2.96012328,1.88100691,1.62792243
84.56699991,0.55568109,0.28338241,0.96310000,2.91110966,1.86725996,1.63356773
84.66699982,0.55519726,0.28244194,0.96910000,2.74477416,1.79968265,1.61681918
84.76699996,0.56334360,0.28379970,0.97110000,2.74702026,1.79866979,1.61429332
84.86699986,0.57225406,0.28714392,0.97210000,2.72916554,1.79126014,1.60874297
84.96700001,0.57773681,0.29032264,0.97310000,2.73944517,1.79636618,1.62174369
85.06699991,0.57125607,0.29104958,0.97110000,2.40663485,1.66597856,1.61511599
85.16699982,0.57298987,0.29734704,0.97210000,2.16366837,1.57395894,1.61273877
85.26699996,0.57647464,0.30231472,0.97210000,2.14317465,1.56929241,1.59838676
85.36699986,0.58166962,0.30363949,0.97310000,2.36765918,1.65872458,1.60828343
85.46700001,0.58826569,0.30362011,0.97410000,2.36668107,1.65566201,1.59365122
85.56699991,0.59528012,0.30736061,0.97410000,2.47389535,1.69966137,1.59310562
85.66699982,0.60000052,0.31295908,0.97720000,2.53844680,1.72929910,1.61499044
85.76799989,0.60632643,0.31767755,0.98310000,2.57945384,1.74795195,1.61834944
85.86800003,0.60925597,0.43988613,0.98220000,2.40748922,1.79989056,1.63165287
85.96799994,0.62163443,0.43369964,0.98730000,2.33684318,1.76034601,1.63290512
86.06799984,0.63072013,0.32222992,0.99110000,2.18039625,1.58236765,1.63679153
86.16799998,0.64306332,0.44159531,0.99220000,2.06574523,1.65070858,1.62173073
86.26799989,0.65619985,0.32953971,0.99620000,2.23730620,1.60230565,1.63605612
86.36800003,0.65965797,0.45061711,1.00020000,2.31477980,1.75312142,1.67435984
86.46799994,0.65967241,0.45674110,1.00530000,2.44321943,1.81084481,1.69449770
86.56799984,0.66584723,0.34729444,1.00810000,2.36313662,1.66674107,1.65653599
86.66799998,0.66765705,0.46669305,1.00920000,2.24675827,1.73865335,1.62066066
86.76799989,0.67571099,0.35443134,1.01220000,2.12795565,1.57542250,1.61143559
86.86800003,0.68029472,0.47576817,1.01620000,2.16040175,1.70795403,1.63198955
86.96799994,0.68840108,0.48182134,1.01930000,2.16506422,1.71262349,1.62077592
87.06900001,0.69309957,0.48682674,1.02220000,2.11955773,1.69745725,1.62607085
87.16899991,0.70091795,0.49127055,1.02820000,2.27810591,1.76246214,1.64172382
87.26899981,0.70702804,0.49621464,1.03230000,2.12417129,1.70310256,1.64207112
87.36899996,0.71413403,0.49535600,1.03320000,2.20642409,1.73243683,1.66925605
87.46899986,0.71819037,0.50178494,1.03630000,2.27866337,1.76626070,1.66574768
87.56900001,0.72442089,0.50631301,1.03620000,2.14406913,1.71420740,1.68829912
87.66899991,0.72999410,0.51166257,1.03730000,2.13698649,1.71447201,1.68400527
87.76899981,0.73657224,0.51523275,1.04030000,2.14981132,1.72055202,1.69244109
87.86899996,0.73983642,0.51740909,1.04420000,2.15342657,1.72286942,1.69581452
87.96899986,0.74471353,0.51890766,1.04630000,2.16615086,1.72752088,1.69436878
88.06900001,0.74914344,0.52406776,1.04920000,2.25944784,1.76838649,1.69849547
88.16899991,0.75428315,0.53191186,1.05130000,2.59725225,1.90989051,1.71428201
88.26899981,0.75836588,0.53106042,1.05630000,2.82142176,1.99746680,1.71304855
88.36999989,0.76479262,0.52816848,1.05930000,2.82671735,1.99412038,1.71731345
88.47000003,0.77355287,0.52647857,1.06120000,2.81018513,1.98226832,1.70289777
88.56999993,0.78067631,0.52607283,1.06530000,2.82997499,1.98695176,1.69427396
88.66999984,0.79535189,0.52735626,1.07330000,2.65024745,1.91012680,1.70534874
88.76999998,0.79891447,0.53397262,1.07320000,2.47003256,1.84290400,1.70155047
88.86999989,0.81171269,0.53536101,1.07830000,2.49351456,1.84858497,1.69439225
88.97000003,0.81955359,0.53652772,1.08330000,2.52922455,1.86094909,1.69660361
89.06999993,0.82492030,0.53753187,1.08430000,2.57491322,1.87815402,1.68158898
89.16999984,0.84057555,0.53457273,1.09420000,2.61739028,1.88597150,1.71674847
89.26999998,0.84912135,0.53956723,1.10020000,2.73833366,1.93612575,1.74119840
89.36999989,0.86308443,0.53779888,1.10330000,2.83803130,1.96880432,1.74410806
89.47000003,0.87551578,0.53827754,1.11230000,3.16867165,2.09713481,1.74077011
89.56999993,0.88143620,0.53769148,1.11930000,3.13176720,2.07934233,1.74434840
89.66999984,0.89034196,0.54124968,1.12820000,2.95963421,2.01016175,1.77632703
89.77099991,0.89377283,0.54544684,1.12920000,3.01632933,2.03575972,1.81058227
89.87099981,0.89638106,0.54912357,1.13720000,2.95283222,2.01287627,1.82794560
89.97099996,0.89784488,0.55352071,1.13730000,2.96917952,2.02325338,1.81790373
90.07099986,0.89730868,0.55166096,1.13430000,2.95965639,2.01778281,1.81043216
90.17100000,0.89907061,0.55583311,1.13330000,2.73288417,1.93013320,1.81768106
90.27099991,0.89909090,0.55531354,1.13930000,2.97383651,2.02641668,1.79760932
90.37099981,0.90371680,0.55382205,1.13930000,2.97447864,2.02332458,1.80267135
90.47099996,0.90419318,0.55807668,1.14020000,2.83633953,1.97188548,1.80506157
90.57099986,0.90324393,0.56011242,1.14020000,2.51686759,1.84594336,1.83030349
90.67100000,0.90557023,0.56417335,1.14130000,5.46053264,1.86559118,1.82237523
90.77099991,0.90374500,0.56751574,1.14130000,5.16874128,1.78608610,1.80985306
90.87099981,0.90201989,0.56545682,1.14230000,5.16652358,1.78388644,1.80929349
90.97199988,0.90039026,0.56526428,1.13720000,5.19990001,1.79369564,1.80277707
91.07200003,0.90001914,0.56898038,1.13630000,5.23282254,1.80692421,1.82255329
91.17199993,0.90358790,0.56843990,1.13130000,5.14013960,1.77888324,1.80673238
91.27199984,0.90441434,0.56603023,1.12820000,5.27573037,1.81497767,1.78703968
91.37199998,0.90528136,0.56169684,1.12830000,5.29028385,1.81455470,1.78518634
91.47199988,0.90461810,0.56414564,1.12630000,5.43387976,1.85822041,1.75634609
91.57200003,0.91070290,0.56572163,1.12820000,5.50299565,1.87780527,1.77760987
91.67199993,0.91649917,0.56496570,1.12930000,5.40974494,1.84875021,1.81312166
91.77199984,0.91802888,0.56629164,1.12720000,5.37925230,1.84092690,1.82104776
91.87199998,0.91816090,0.56137911,1.13530000,5.29961676,1.81322364,1.83788528
91.97199988,0.91892410,0.56300126,1.13620000,5.28728398,1.81110409,1.86178261
92.07200003,0.91769370,0.56551676,1.13430000,5.17525155,1.78196186,1.86202774
92.17199993,0.91918051,0.56905828,1.13420000,5.45430465,1.86480804,1.87041461
92.27199984,0.91988113,0.57135314,1.13230000,5.46234069,1.86919873,1.83730068
92.37299991,0.91820757,0.57143448,1.13620000,5.52162726,1.88669725,1.82706590
92.47299981,0.91705480,0.57356498,1.13330000,5.57661771,1.90486867,1.83207587
92.57299995,0.91834714,0.57566662,1.13720000,5.83867936,1.98147582,1.85595120
92.67299986,0.92046011,0.57614346,1.13830000,5.95254666,2.01388247,1.84841489
92.77300000,0.92334131,0.57389822,1.13930000,5.74155323,1.95053019,1.85596131
92.87299991,0.93085269,0.57342356,1.14130000,5.97220160,2.01380896,1.83316331
92.97299981,0.93497379,0.57092527,1.13930000,6.05917529,2.03498284,1.83571990
93.07299995,0.93594289,0.56834219,1.14130000,5.98553462,2.01108268,1.84506729
93.17299986,0.94076273,0.56469325,1.14520000,5.99225123,2.00797568,1.83747744
93.27300000,0.94008697,0.56431861,1.14430000,5.98259958,2.00503649,1.83754459
93.37299991,0.94177986,0.56316811,1.14620000,6.10583033,2.03861110,1.86414626
93.47299981,0.94032084,0.56812834,1.14930000,6.12820409,2.05038070,1.88486365
93.57299995,0.94121218,0.56986628,1.14730000,6.12653888,2.05138820,1.89869665
93.67400002,0.94396664,0.57499179,1.15220000,5.91861338,1.99631943,1.89591530
93.77399993,0.94715597,0.57632510,1.15730000,5.84122653,1.97463097,1.88659083
93.87399983,0.94505361,0.58052414,1.15930000,5.54527212,1.89487228,1.91960438
93.97399998,0.93964302,0.58729842,1.16730000,5.57482195,1.91163526,1.92199908
94.07399988,0.94010642,0.58484767,1.16830000,5.31526736,1.83489366,1.94009441
94.17400002,0.93878434,0.58614891,1.16630000,5.58582639,1.91387521,1.90725450
94.27399993,0.94056425,0.58731317,1.16930000,5.49205683,1.88773962,1.93017365
94.37399983,0.93806290,0.59425240,1.17130000,5.37695885,1.86250838,1.95081356
94.47399998,0.92975675,0.60710737,1.18030000,5.25082259,1.84169761,1.94628077
94.57399988,0.92952546,0.61393104,1.19030000,5.35984672,1.87973712,1.97210255
94.67400002,0.92887662,0.61597541,1.18830000,5.43310747,1.90289851,1.96430481
94.77399993,0.92340002,0.62193455,1.18730000,5.28658590,1.86855908,1.97624190
94.87399983,0.91813574,0.62533632,1.18730000,5.46174045,1.92350910,1.97991015
94.97499990,0.91359815,0.62980597,1.19030000,5.48729347,1.93657606,1.98136770
95.07499981,0.90851433,0.63641404,1.19330000,5.74351076,2.01784159,1.96896659
95.17499995,0.90445653,0.64030839,1.19830000,5.55411575,1.96878245,1.97587648
95.27499986,0.90248757,0.64116854,1.19830000,5.82922320,2.04880729,1.96088990
95.37500000,0.90009791,0.64574256,1.19740000,6.00713647,2.10489643,1.97801060
95.47499990,0.89322311,0.65822115,1.19640000,6.09882709,2.14553657,1.97681205
95.57499981,0.88910634,0.66166978,1.19540000,6.03991922,2.13333060,1.94266493
95.67499995,0.88589679,0.66461372,1.19740000,6.05131912,2.14044867,1.92362225
95.77499986,0.88694757,0.66412918,1.19740000,6.34886276,2.22467638,1.94611815
95.87500000,0.89080458,0.66428708,1.20140000,6.24062438,2.19280702,1.94547511
95.97499990,0.89097701,0.66350729,1.19940000,6.49518965,2.26471091,1.98127401
96.07499981,0.89703902,0.66220006,1.20240000,6.47896943,2.25703732,1.98204073
96.17499995,0.90363561,0.65887813,1.20940000,6.38554003,2.22513654,1.96804370
96.27499986,0.90532898,0.66031677,1.21040000,6.41618492,2.23484704,1.99147068
96.37599993,0.91221438,0.66083341,1.21840000,6.44615303,2.24195874,1.99258272
96.47599983,0.91322593,0.66110844,1.21740000,6.35957972,2.21720952,1.96087595
96.57599998,0.91747625,0.65890501,1.22340000,6.25781768,2.18471684,1.93646559
96.67599988,0.92306664,0.65735663,1.22840000,6.34569313,2.20667848,1.92241567
96.77600002,0.92299751,0.65825807,1.22740000,6.53699847,2.26225835,1.90808338
96.87599993,0.91845940,0.65728221,1.22340000,6.23753220,2.17701730,1.91266580
96.97599983,0.91472982,0.65658724,1.22040000,6.36129777,2.21274952,1.89847727
97.07599998,0.91420536,0.65689915,1.21840000,6.54545940,2.26582887,1.89670790
97.17599988,0.91808189,0.65689730,1.22040000,6.25402452,2.18145233,1.88560676
97.27600002,0.91687455,0.65429824,1.22240000,6.25921352,2.18068081,1.91444336
97.37599993,0.91684167,0.65162400,1.21940000,6.19866311,2.16071584,1.87805274
97.47599983,0.92969044,0.64531238,1.21840000,5.97729238,2.08748436,1.85943804
97.57599998,0.93814128,0.64148711,1.21640000,5.76915555,2.02177690,1.86462277
97.67699981,0.96551889,0.62711099,1.21430000,5.72549657,1.98710462,1.84899997
97.77699995,0.97165636,0.62546860,1.21240000,5.55361564,1.93459983,1.85105818
97.87699986,0.98270409,0.62164314,1.21140000,5.72027873,1.97523589,1.83324156
97.97700000,1.00731528,0.61241492,1.21440000,5.48285527,1.89114063,1.80837139
98.07699990,1.01832314,0.61053614,1.21130000,5.72905427,1.95645932,1.79664909
98.17699981,1.05003670,0.59884847,1.21630000,5.62701820,1.90655747,1.78510026
98.27699995,1.05851860,0.59906675,1.21830000,5.73146810,1.93419518,1.79092936
98.37699986,1.07261091,0.59662543,1.22030000,5.78384243,1.94269158,1.80353404
98.47700000,1.08359892,0.59841898,1.21840000,5.57517290,1.88172584,1.79109059
98.57699990,1.12063687,0.59643969,1.22840000,5.62311453,1.88286188,1.79458420
98.67699981,1.13360379,0.59906529,1.23030000,5.49997978,1.84660129,1.82281729
98.77699995,1.15110519,0.59856072,1.23630000,5.67514268,1.89114286,1.84250882
98.87699986,1.17451202,0.59833444,1.24730000,5.51591884,1.83873639,1.84265388
98.97799993,1.19726987,0.69229322,1.26240000,5.63469166,1.96012802,1.83710742
99.07799983,1.22196499,0.59827052,1.27430000,5.54763986,1.83417763,1.85097729
99.17799997,1.23602201,0.69843725,1.28240000,5.54119466,1.92848658,1.85621840
99.27799988,1.25351793,0.61461540,1.29130000,5.51819283,1.83309394,1.90666208
99.37800002,1.28028871,0.71454914,1.30840000,5.66086755,1.96614309,1.91342683
99.47799993,1.29677465,0.72143913,1.32030000,5.94493968,2.04948628,1.90720254
99.57799983,1.31038287,0.63930110,1.32630000,5.77524607,1.91497630,1.91363960
99.67799997,1.32054350,0.74035953,1.34240000,5.61215294,1.96653366,1.92226206
99.77799988,1.33165799,0.65821952,1.35130000,5.58002125,1.87203759,1.92560454
99.87800002,1.33762622,0.76366660,1.35640000,5.74327294,2.02242281,1.94678631
99.97799993,1.35083804,0.77472730,1.38340000,5.56385270,1.97844577,1.93447941
100.07799983,1.35990746,0.69376872,1.40330000,5.60486936,1.90661498,2.00332110
100.17799997,1.36800091,0.79258734,1.41230000,5.77742311,2.05242225,1.99341714
100.27799988,1.37925577,0.70735858,1.42330000,5.89487180,1.99753459,2.01323346
100.37800002,1.38605903,0.80946816,1.43840000,6.12606112,2.16375447,2.02451453
100.47899985,1.39734574,0.82052816,1.44940000,6.22733084,2.20052390,2.05252472
100.57900000,1.40708181,0.82553604,1.45540000,6.24635309,2.20818497,2.04446520
100.67899990,1.41600089,0.83282575,1.46540000,6.23930134,2.21091160,2.04857457
100.77899981,1.42412368,0.83894996,1.47840000,6.52304681,2.29578513,2.08718594
100.87899995,1.43407709,0.84586612,1.49240000,6.35654536,2.25228562,2.09936167
100.97899985,1.44139011,0.84936851,1.49540000,6.45492556,2.28180721,2.09455211
101.07900000,1.44951219,0.85538989,1.50140000,6.38009074,2.26412662,2.11967875
101.17899990,1.46059680,0.86698069,1.51340000,6.65939671,2.35235209,2.12943350
101.27899981,1.46620656,0.87158303,1.51840000,6.90432766,2.42533192,2.14584691
101.37899995,1.47330441,0.87977396,1.52940000,6.96642905,2.44923814,2.15646371
101.47899985,1.48175336,0.88378406,1.54150000,7.16762774,2.50831960,2.16791683
101.57999992,1.49013483,0.88392889,1.54340000,7.00408631,2.45934360,2.17262390
101.67999983,1.50184080,0.88971423,1.55240000,7.10677162,2.49112303,2.18548363
101.77999997,1.51063661,0.89394648,1.55840000,6.81644549,2.40989188,2.19381734
101.87999988,1.52097676,0.89752831,1.56640000,6.91883983,2.43977490,2.17999306
101.98000002,1.53044920,0.90277758,1.57540000,6.74908819,2.39381729,2.19554188
102.07999992,1.53480561,0.90628215,1.58040000,6.76955519,2.40192489,2.21086318
102.17999983,1.54106071,0.91190248,1.59640000,6.69412584,2.38420681,2.19428885
102.27999997,1.54961970,0.91339848,1.60040000,6.42959986,2.30767852,2.19006596
102.37999988,1.55670748,0.91565831,1.60950000,6.41807058,2.30461920,2.15895981
102.48000002,1.55956949,0.91884728,1.61350000,6.15689128,2.23236779,2.19957089
102.57999992,1.56272200,0.92219966,1.62640000,5.82954254,2.14129125,2.22817534
102.67999983,1.56463581,0.93566961,1.64340000,5.99888328,2.20259745,2.25434103
102.77999997,1.56846837,0.93970554,1.64750000,6.32885907,2.29981717,2.28427395
102.87999988,1.56969443,0.94616192,1.65440000,6.31894822,2.30309158,2.29444654
102.98099995,1.57151260,0.95268193,1.67050000,6.32827852,2.31175791,2.29921321
103.08099985,1.56714105,0.96391497,1.68950000,6.40132078,2.34510918,2.34071401
103.18099999,1.56579908,0.97102263,1.69640000,6.40073782,2.35243370,2.34562000
103.28099990,1.56897062,0.97599685,1.70250000,6.36000675,2.34486432,2.34617440
103.38099980,1.57073978,0.98112878,1.70850000,6.00534417,2.24815861,2.34029937
103.48099995,1.57167876,0.98333815,1.71250000,5.84174553,2.20335722,2.33860380
103.58099985,1.57203386,0.99328306,1.72150000,5.79250813,2.19913284,2.36558828
103.68099999,1.56977390,1.00127393,1.72650000,5.78964549,2.20695153,2.39721023
103.78099990,1.56893238,1.00483640,1.73150000,5.77054606,2.20529745,2.40387006
103.88099980,1.56891310,1.00579434,1.73650000,5.85437171,2.23021108,2.42715935
103.98099995,1.57104536,1.00939708,1.74050000,5.92391019,2.25307274,2.44182567
104.08099985,1.57356056,1.01249801,1.74360000,6.08065016,2.30023790,2.45164843
104.18099999,1.57894657,1.01591597,1.74950000,6.08708325,2.30395502,2.46562566
104.28199983,1.58384113,1.02100677,1.75650000,5.94907837,2.26821741,2.47492150
104.38199997,1.58730237,1.02439844,1.76060000,5.80189115,2.22856666,2.46023472
104.48199987,1.59153347,1.02812312,1.76350000,6.01462710,2.29186415,2.42297350
104.58200002,1.59586237,1.03125110,1.76650000,6.06112069,2.30703919,2.42809138
104.68199992,1.60051096,1.03406346,1.76950000,6.02352098,2.29778061,2.43681512
104.78199983,1.60505858,1.03774821,1.77260000,5.98464376,2.28905826,2.43827879
104.88199997,1.61343851,1.04497009,1.78450000,5.98626369,2.29434871,2.43540486
104.98199987,1.61836170,1.05052180,1.78550000,5.88267440,2.26889686,2.42913847
105.08200002,1.62423409,1.05586667,1.78860000,5.95167990,2.29227976,2.41872955
105.18199992,1.62901136,1.06066396,1.79260000,6.18305543,2.36181941,2.41763103
105.28199983,1.63325701,1.06366772,1.78950000,6.13018518,2.34850434,2.42222722
105.38199997,1.63906619,1.07012023,1.79350000,6.26160527,2.39084568,2.41749676
105.48199987,1.64492874,1.07494657,1.79450000,6.24668296,2.38973350,2.44669144
105.58299994,1.64994199,1.08039346,1.79950000,6.15133651,2.36650618,2.39581548
105.68299985,1.65241704,1.08492356,1.80060000,6.46403922,2.45967275,2.37462528
105.78299999,1.65755099,1.09119327,1.80460000,6.46529360,2.46483401,2.38264010
105.88299990,1.66545842,1.09762555,1.80960000,6.41629797,2.45500828,2.38018068
105.98299980,1.67056344,1.10506582,1.81360000,6.49152060,2.48248215,2.37786525
106.08299994,1.67781169,1.11095267,1.81560000,6.54876116,2.50265251,2.36831445
106.18299985,1.68506940,1.11852655,1.82050000,6.52958873,2.50267493,2.36292114
106.28299999,1.69525106,1.12605593,1.82450000,6.75556371,2.57185955,2.35895395
106.38299990,1.68895120,1.12502974,1.81750000,6.82797121,2.59332117,2.34969794
106.48299980,1.69711171,1.13344114,1.81960000,7.12350410,2.68383897,2.37247589
106.58299994,1.70147918,1.13788518,1.82560000,7.14509917,2.69320518,2.37899703
106.68299985,1.68907731,1.11207199,1.83660000,6.83685980,2.58286699,2.36088129
106.78299999,1.69255099,1.11634807,1.84050000,6.71935849,2.55257878,2.36520766
106.88399982,1.69824540,1.11402083,1.84350000,6.49829162,2.48546260,2.36875408
106.98399997,1.71015605,1.11106265,1.83060000,6.34595168,2.43557569,2.33758609
107.08399987,1.71422584,1.10998336,1.83150000,6.34725026,2.43370462,2.31531262
107.18400002,1.69154787,1.08247137,1.83750000,6.25453180,2.38618107,2.32249272
107.28399992,1.69152294,1.07806168,1.84150000,6.26713166,2.38537845,2.32985937
107.38399982,1.69386498,1.06602229,1.84350000,6.32781950,2.39000929,2.34523526
107.48399997,1.68255358,1.03862396,1.83450000,6.34327045,2.37025735,2.34900983
107.58399987,1.66325304,1.02216709,1.83040000,6.27804095,2.34067792,2.36150183
107.68400002,1.66309562,1.01769613,1.82850000,6.31009739,2.34541092,2.35466641
107.78399992,1.66111457,1.00673918,1.82440000,6.39500489,2.35927927,2.37863786
107.88399982,1.66178099,0.99405780,1.80850000,6.44535049,2.36079194,2.35214135
107.98399997,1.66704124,0.99415178,1.80040000,6.57855154,2.39744043,2.34680518
108.08399987,1.66023682,0.98880961,1.79050000,6.26449156,2.30431096,2.37653696
108.18499994,1.64894821,0.97566293,1.77540000,6.30554188,2.30611827,2.37628207
108.28499985,1.65503725,0.97531072,1.77740000,6.16514963,2.26391425,2.38257738
108.38499999,1.65380954,0.96794992,1.77050000,6.30928213,2.29808495,2.37602420
108.48499990,1.63348508,0.94691328,1.75040000,6.39097647,2.30619653,2.37085750
108.58499980,1.63243884,0.94151593,1.74650000,6.37137971,2.29549904,2.34308687
108.68499994,1.62540662,0.92927236,1.73540000,6.40670153,2.29535662,2.34391234
108.78499985,1.62550340,0.92873769,1.72540000,6.28383127,2.25968851,2.35559420
108.88499999,1.62426336,0.92435358,1.71940000,6.13752015,2.21385552,2.33986163
108.98499990,1.61682644,0.91062966,1.70040000,6.16885023,2.21120789,2.32789336
109.08499980,1.62249467,0.90822448,1.70040000,6.35127800,2.25930543,2.35990022
109.18499994,1.62403908,0.90155414,1.69640000,6.30313652,2.23843912,2.36933872
109.28499985,1.62549487,0.89313208,1.69340000,6.44841126,2.27110819,2.39499444
109.38499999,1.62487046,0.87459432,1.67940000,6.10017287,2.15325215,2.38491293
109.48599982,1.63098944,0.87346093,1.67940000,5.86192379,2.08229931,2.38577465
109.58599997,1.62965581,0.86885241,1.67540000,5.84221014,2.07243936,2.37212952
109.68599987,1.62471430,0.85570556,1.66630000,5.94842317,2.09105095,2.34111840
109.78600001,1.62169936,0.85084284,1.66540000,6.04188945,2.11375430,2.34716599
109.88599992,1.61609616,0.83882677,1.66240000,5.94452183,2.07551982,2.33151106
109.98599982,1.60527654,0.81662013,1.66630000,6.22335335,2.13607065,2.33035535
110.08599997,1.60918406,0.81836894,1.67130000,6.00962752,2.07563850,2.35190388
110.18599987,1.60553856,0.81051037,1.66940000,6.13984885,2.10602759,2.35138745
110.28600001,1.60569190,0.80390342,1.65940000,6.13579766,2.09821935,2.32324242
110.38599992,1.59680135,0.80038859,1.64530000,5.82555040,2.00860261,2.29111897
110.48599982,1.58296610,0.79130773,1.62830000,5.92259141,2.03120068,2.27872168
110.58599997,1.57600079,0.78389444,1.62130000,5.89074060,2.01667724,2.28586154
110.68599987,1.56180616,0.77153179,1.60730000,5.91832797,2.01625230,2.26600847
110.78600001,1.55233150,0.76158428,1.58830000,5.84091400,1.98689356,2.27701703
110.88699985,1.54031255,0.75173080,1.57130000,5.86497388,1.98734833,2.23120694
110.98699999,1.52650400,0.74623709,1.55730000,6.05937834,2.04134404,2.21789911
111.08699989,1.52170745,0.73806347,1.55030000,6.03772664,2.02835467,2.20181662
111.18699980,1.49963325,0.71623296,1.51530000,5.91031694,1.97642830,2.15207252
111.28699994,1.49839827,0.71114744,1.50930000,6.03705310,2.00790596,2.14511559
111.38699985,1.48576382,0.69807922,1.49030000,6.06554214,2.00658732,2.12492919
111.48699999,1.47256453,0.68631844,1.47030000,6.19972518,2.03693576,2.10247548
111.58699989,1.46916966,0.67826243,1.46020000,6.33823534,2.06942406,2.10285435
111.68699980,1.45421875,0.66982004,1.43020000,6.12124274,2.00325547,2.07965698
111.78699994,1.46730725,0.63589775,1.38120000,6.17021666,1.97958615,2.01268476
111.88699985,1.46672061,0.60997236,1.36120000,6.08534910,1.92958050,1.98893219
111.98699999,1.44722970,0.61414726,1.33720000,6.21900789,1.97751246,1.97142060
112.08699989,1.41524465,0.63454889,1.33320000,6.51592845,2.09188712,1.97532763
112.18799996,1.39652265,0.71835957,1.32730000,6.71198849,2.23706409,1.97569934
112.28799987,1.39987166,0.64016996,1.32520000,6.81740406,2.18803636,1.96892422
112.38800001,1.38903699,0.71688672,1.31430000,7.05956578,2.33703781,1.94787525
112.48799992,1.38151696,0.63080675,1.30820000,6.79818248,2.17842547,1.93383186
112.58799982,1.36738132,0.62533339,1.30620000,6.74153231,2.16080510,1.93876957
112.68799996,1.36410671,0.70547952,1.30330000,6.88297924,2.28230024,1.94090512
112.78799987,1.36845240,0.63330635,1.29430000,6.93493903,2.22373110,1.95428866
112.88800001,1.36443905,0.71178441,1.28630000,6.83654960,2.27524457,1.96238812
112.98799992,1.35105977,0.62039905,1.27730000,6.77448471,2.16994903,1.94365630
113.08799982,1.34592680,0.61633300,1.27530000,6.92846759,2.21134465,1.95057097
113.18799996,1.33919719,0.69441456,1.26830000,6.70152964,2.22650954,1.91887881
113.28799987,1.34108530,0.61198485,1.26620000,6.78064071,2.16614353,1.90274713
113.38800001,1.33543054,0.69014309,1.26530000,6.74472579,2.23565602,1.88813977
113.48899984,1.32512681,0.68785208,1.25730000,6.51419901,2.17044413,1.90742691
113.58899999,1.32456697,0.68966059,1.25430000,6.43470795,2.14970087,1.90998279
113.68899989,1.31849549,0.68723591,1.25020000,6.76171248,2.24244076,1.88801571
113.78900003,1.31480941,0.68583175,1.24630000,6.50135455,2.16770179,1.90057817
113.88899994,1.30730357,0.67720837,1.24230000,6.32363428,2.11044571,1.84595956
113.98899984,1.30437325,0.67094002,1.23630000,6.40324204,2.12775967,1.83889328
114.08899999,1.30647611,0.66963015,1.23730000,6.48266766,2.14854203,1.85022262
114.18899989,1.30696018,0.66689697,1.23430000,6.53314550,2.16009277,1.87266351
114.28900003,1.30489071,0.66002782,1.22830000,6.45909023,2.13265626,1.84785280
114.38899994,1.30577674,0.65900636,1.22130000,6.47586401,2.13617415,1.81103708
114.48899984,1.30112687,0.65402538,1.22130000,6.40397700,2.11198256,1.82444534
114.58899999,1.29327816,0.64671005,1.21830000,6.36069186,2.09454253,1.82188869
114.68899989,1.29376923,0.64462572,1.21820000,6.20770960,2.04860868,1.82133973
114.78999996,1.29276368,0.63988449,1.20830000,6.39813914,2.09856320,1.81085427
114.88999987,1.28893460,0.63671096,1.19920000,6.30472490,2.06979391,1.77985440
114.99000001,1.28842405,0.63654395,1.19230000,6.44738052,2.11053152,1.77553529
115.08999991,1.28975615,0.63677569,1.19230000,6.39937622,2.09666714,1.79614690
115.18999982,1.28912117,0.63506938,1.19020000,5.97647267,1.97431267,1.77689424
115.28999996,1.28413391,0.62712116,1.19020000,6.08893880,1.99992256,1.74568522
115.38999987,1.27257518,0.61452376,1.18720000,5.82664119,1.91568548,1.77411707
115.49000001,1.27171865,0.61329642,1.18620000,5.93113464,1.94455813,1.76711126
115.58999991,1.27212666,0.61163692,1.18130000,5.85188526,1.92013938,1.75280712
115.68999982,1.27119238,0.60790981,1.16830000,5.76421983,1.89163194,1.74671620
115.78999996,1.27025125,0.60833255,1.16830000,5.60157145,1.84585261,1.72216163
115.88999987,1.26829884,0.60164819,1.16530000,5.58413803,1.83474511,1.73459846
115.99000001,1.26913951,0.60240901,1.16230000,5.58801268,1.83637277,1.70284440
116.09099984,1.26893315,0.60018497,1.16120000,5.64154988,1.84950403,1.72252985
116.19099998,1.26824521,0.59607711,1.15520000,5.81403843,1.89487518,1.72022174
116.29099989,1.26962410,0.59536215,1.15320000,5.63328846,1.84212339,1.72671913
116.39100003,1.27268757,0.59615045,1.14420000,5.75124289,1.87573769,1.75030432
116.49099994,1.27492669,0.59687320,1.14220000,5.82366246,1.89651200,1.75524542
116.59099984,1.27123496,0.57851480,1.14220000,5.90521782,1.90250990,1.74066580
116.69099998,1.27692020,0.52262013,1.14110000,5.79099383,1.81235545,1.72724027
116.79099989,1.29613075,0.45881458,1.13700000,5.66693132,1.70761474,1.74096104
116.89100003,1.31840695,0.41011451,1.12410000,5.85347797,1.70584909,1.70992719
116.99099994,1.23505972,0.33663472,1.17300000,5.74014711,1.62380255,1.76841002
117.09099984,1.20153439,0.32134647,1.15590000,5.61270069,1.58167970,1.75997230
117.19099998,1.17085225,0.31606158,1.12200000,5.64342977,1.59394087,1.77520587
117.29099989,1.15590448,0.31257454,1.10890000,5.62825614,1.59038931,1.73513589
117.39100003,1.11588277,0.30405575,1.07600000,5.83610837,1.65269163,1.74354668
117.49199986,1.04691257,0.27085909,1.01500000,5.67991133,1.59457302,1.73235242
117.59200001,1.00829769,0.26098111,0.96290000,5.72643611,1.60902066,1.70246885
117.69199991,1.00013156,0.25622014,0.95400000,5.60506742,1.57191610,1.68090641
117.79199982,0.98968040,0.25340120,0.92690000,5.63908394,1.58180221,1.65587621
117.89199996,0.99459331,0.25196977,0.92400000,5.50987926,1.54205147,1.63152019
117.99199986,0.97371597,0.24566094,0.90200000,5.19589799,1.45199866,1.62668949
118.09200001,0.96364454,0.24436908,0.88790000,5.31592692,1.48787833,1.62570988
118.19199991,0.95732029,0.24178198,0.88600000,5.40993854,1.51395862,1.61727575
118.29199982,0.95923191,0.24042883,0.88790000,5.31611389,1.48525225,1.58735790
118.39199996,0.88337044,0.21180543,0.79990000,5.44939847,1.51638486,1.46466421
118.49199986,0.83238114,0.18672051,0.74590000,5.37357932,1.48420571,1.35140206
118.59200001,0.79960479,0.16874062,0.70890000,5.44984771,1.49738145,1.29675906
118.69199991,0.74873288,0.13328277,0.66100000,5.14882483,1.39045190,1.28505932
118.79299998,0.64143289,0.08029234,0.55190000,5.19335220,1.38084072,1.20195832
118.89299989,0.54977133,0.05452568,0.42490000,5.01135479,1.32926381,1.10779569
118.99300003,0.50521829,0.04291105,0.36190000,4.85930790,1.28693666,1.04634278
119.09299994,0.50112314,0.04066005,0.35390000,5.03749847,1.33676728,1.03264786
119.19299984,0.45703180,0.02662594,0.29490000,5.13196837,1.36232211,0.96956311
119.29299998,0.41244701,0.01039065,0.23690000,5.32858045,1.41500020,0.88723375
119.39299989,0.37492201,0.00108326,0.18490000,4.95957231,1.31098334,0.83495340
119.49300003,0.35215903,0.00882212,0.15690000,4.89801699,1.30763868,0.79596659
119.59299994,0.34095717,0.00994259,0.14090000,4.96178639,1.33017951,0.78120625
119.69299984,0.32213486,0.01585881,0.12690000,4.89822608,1.32331344,0.77491804
119.79299998,0.28788682,0.02629253,0.08990000,4.63812616,1.26921805,0.72116718
119.89299989,0.24880117,0.04149733,0.05490000,4.75085699,1.32779899,0.66805928
119.99300003,0.19575797,0.05661366,0.00710000,4.95688090,1.41693450,0.64830261
120.09399986,0.19550239,0.05627598,0.00610000,4.81793387,1.37697069,0.64481440
120.19400001,0.15422424,0.07491985,0.06510000,4.73777219,1.38450497,0.72378560
120.29399991,0.14688763,0.07649728,0.07410000,4.86673690,1.42502564,0.70476243
120.39399981,0.13475715,0.07916539,0.09910000,4.99751769,1.46852555,0.76136714
120.49399996,0.11978326,0.08234605,0.12110000,5.12895807,1.51353885,0.77068640
120.59399986,0.11758686,0.08193248,0.12110000,5.01740144,1.48187950,0.75733310
120.69400001,0.09405272,0.09776469,0.15410000,4.84327910,1.45468652,0.78402571
120.79399991,0.09054678,0.09904024,0.15610000,4.80833590,1.44697999,0.79307580
120.89399981,0.07004571,0.10789114,0.19310000,4.89020803,1.48508037,0.81725579
120.99399996,0.06924243,0.10842798,0.19610000,4.86011935,1.47724996,0.81111814
121.09399986,0.05830496,0.11199532,0.21510000,4.34225594,1.33598131,0.84700951
121.19400001,0.04691327,0.11364944,0.22410000,4.24962824,1.31442514,0.82813421
121.29399991,0.03383164,0.11743620,0.24210000,4.29451262,1.33477362,0.83617805
121.39499998,0.00602714,0.12230075,0.26710000,4.54310317,1.41860819,0.89027510
121.49499989,0.00008018,0.12789306,0.26810000,4.60366931,1.44320423,0.92823456
121.59500003,0.03842094,0.14312488,0.33810000,4.87201025,1.52415040,0.98691366
121.69499993,0.04955793,0.14609898,0.35510000,4.64821570,1.46000120,0.97559824
121.79499984,0.05119873,0.14313927,0.35310000,4.39317609,1.38370423,0.93961861
121.89499998,0.05753129,0.14233454,0.36710000,4.52763907,1.41950819,0.98383339
121.99499989,0.04443181,0.13678653,0.36310000,4.40231028,1.38189467,0.96816649
122.09500003,0.04417127,0.13822373,0.36710000,1.50740065,1.36362839,0.95246328
122.19499993,0.04548435,0.14139326,0.36610000,1.62583881,1.41385711,0.97478090
122.29499984,0.04664245,0.14107024,0.36910000,1.66816003,1.43007284,0.98318580
122.39499998,0.05226778,0.14087079,0.37110000,1.56956412,1.38799878,0.94530546
122.49499989,0.04900916,0.13831454,0.38610000,1.49947731,1.35859193,0.97503595
122.59500003,0.04302889,0.13998541,0.39320000,1.54424383,1.38065212,0.99951348
122.69599986,0.04105812,0.13891721,0.39310000,1.47650431,1.35315898,1.02056990
122.79600000,0.04155669,0.13788670,0.39610000,1.48460550,1.35518309,0.99779567
122.89599991,0.05723026,0.14575647,0.40010000,1.54762765,0.57158429,0.97334204
122.99599981,0.06140203,0.14436915,0.40310000,1.55122794,0.57003369,0.99876326
123.09599996,0.06137136,0.14438219,0.40310000,1.61122635,0.58719790,1.00406646
123.19599986,0.05115029,0.13700441,0.39510000,1.46721550,0.54159447,0.99523184
123.29600000,0.04971505,0.13683619,0.39710000,1.53619424,0.56154453,0.98375494
123.39599991,0.05252194,0.14157647,0.40710000,1.48115636,0.54975773,0.98609824
123.49599981,0.05020467,0.13954949,0.41110000,1.60890109,0.52505427,0.96184025
123.59599996,0.04616643,0.13709832,0.41510000,1.65969830,0.53141594,0.97842974
123.69599986,0.04454729,0.13740011,0.41810000,1.50014976,0.50633622,0.96156113
123.79600000,0.03588646,0.13329101,0.41210000,1.48709927,0.50152164,0.93709539
123.89599991,0.03985532,0.13768883,0.41010000,1.44492491,0.49850359,0.93695417
123.99699998,0.05354228,0.13842714,0.41510000,1.48914634,0.50414922,0.95395037
124.09699988,0.05473444,0.13790461,0.41820000,1.47723006,0.50151997,0.97881352
124.19700003,0.05158966,0.13502076,0.42010000,1.49306404,0.50168629,0.97228566
124.29699993,0.04658633,0.13453670,0.42610000,1.46753221,0.49790300,0.98805599
124.39699984,0.04288871,0.13247052,0.43310000,1.55067851,0.32839767,0.99208707
124.49699998,0.04102348,0.13290130,0.42810000,1.63403085,0.33544320,0.99568063
124.59699988,0.04131982,0.13282666,0.43010000,1.69899467,0.33648992,0.97670400
124.69700003,0.05572909,0.14209472,0.42820000,1.70486579,0.35111049,0.95364601
124.79699993,0.05658028,0.14230774,0.42910000,1.63296768,0.35330505,0.99974862
124.89699984,0.05344717,0.13777028,0.44210000,1.59342680,0.35009637,1.03288320
124.99699998,0.04880305,0.13403191,0.44010000,1.66208923,0.34744291,1.02921640
125.09699988,0.05290297,0.13439541,0.44510000,1.62266834,0.35284397,1.05217060
125.19700003,0.05186781,0.12978224,0.44410000,1.70164128,0.35025012,1.08011119
125.29799986,0.05198631,0.13010962,0.44610000,1.47754567,0.35385108,1.05242379
125.39800000,0.05758797,0.04179660,0.44900000,1.46674596,0.25816956,1.04540901
125.49799991,0.05609614,0.13166003,0.45110000,1.57416018,0.34788857,1.05952841
125.59799981,0.04362595,0.12899611,0.44210000,1.68787289,0.34125828,1.07957321
125.69799995,0.04166033,0.03997020,0.44210000,1.71562826,0.25013815,1.05000963
125.79799986,0.04010179,0.12777487,0.44410000,1.54135086,0.34349658,1.05740073
125.89800000,0.05451923,0.03807562,0.44800000,1.50888744,0.25116794,1.06452192
125.99799991,0.06475329,0.12376499,0.45310000,1.52024254,0.33652300,1.06012924
126.09799981,0.07013366,0.12536363,0.46210000,1.61732423,0.34024837,1.03902350
126.19799995,0.06598005,0.04002803,0.45600000,1.62302415,0.25659570,1.03738296
126.29799986,0.06476320,0.12393792,0.45710000,1.67468901,0.34692120,1.04650900
126.39800000,0.05633282,0.03866670,0.45810000,1.59996140,0.25849014,1.05145167
126.49799991,0.05912152,0.11941493,0.45910000,1.62846488,0.34056940,1.02069896
126.59899998,0.07825041,0.03794896,0.46800000,1.57865069,0.24789135,1.04811785
126.69899988,0.08275572,0.03987594,0.47200000,1.54982341,0.24563918,1.03392041
126.79900002,0.08702726,0.04244946,0.47700000,1.52142212,0.24477424,1.06587399
126.89899993,0.09237938,0.04498055,0.48200000,1.51333717,0.25023562,1.09550644
126.99899983,0.09579277,0.04116059,0.47910000,1.53859785,0.24162993,1.11531748
127.09899998,0.09643564,0.04026930,0.48400000,1.60416073,0.24234188,1.11003113
127.19899988,0.09470096,0.03220277,0.49000000,1.67027794,0.22840612,1.13993052
127.29900002,0.09543979,0.03251425,0.49000000,1.77107544,0.23465210,1.13326585
127.39899993,0.09918155,0.03247262,0.49000000,1.71879426,0.24737784,1.15604225
127.49899983,0.11109296,0.04124142,0.50200000,1.81848004,0.26214964,1.18291292
127.59899998,0.11753537,0.04951967,0.50510000,1.79764776,0.25859393,1.19201005
127.69899988,0.11973968,0.04903987,0.50700000,1.90492097,0.25591427,1.22363421
127.79900002,0.12703171,0.04948206,0.51300000,1.77379290,0.25907558,1.24225701
127.89899993,0.12858017,0.04031452,0.52000000,1.79088729,0.24305059,1.25245449
128.00000000,0.11951308,0.03511017,0.51600000,1.83666826,0.24201411,1.26502551
128.09999990,0.12199624,0.03672326,0.52100000,1.79488811,0.24368761,1.28856953
128.19999981,0.12685484,0.03443094,0.51500000,1.85266355,0.24051632,1.28172237
128.29999995,0.12590839,0.03379477,0.51300000,1.59153524,0.23966788,1.26478159
128.39999986,0.12655129,0.04525728,0.52300000,1.44780785,0.24691841,1.28473256
128.50000000,0.12725029,0.04390233,0.52000000,1.43112871,0.24567530,1.29712754
128.59999990,0.14191597,0.04416500,0.52600000,1.40251336,0.25328826,1.31820160
128.69999981,0.14474308,0.04397661,0.53000000,1.01603918,0.26124735,1.31240552
128.79999995,0.14833756,0.04398986,0.54400000,1.00113222,0.25560177,1.33548438
128.89999986,0.14519238,0.04115365,0.54100000,1.00067912,0.25081765,1.32117065
129.00000000,0.13058521,0.03717139,0.52900000,0.94448002,0.24375554,1.29178884
129.09999990,0.13136859,0.03436035,0.53200000,0.95318381,0.24599575,1.30737385
129.19999981,0.12970996,0.03751275,0.53000000,0.91367740,0.25569096,1.30575290
129.30099988,0.13410306,0.03617830,0.53400000,0.93778381,0.24024713,1.30318002
129.40100002,0.12697983,0.02571016,0.54100000,0.90612811,0.23133891,1.32526647
129.50099993,0.11758072,0.01954214,0.53400000,0.90664793,0.22484368,1.30951938
129.60099983,0.11692849,0.01983276,0.53500000,0.90208019,0.22460401,1.35531547
129.70099998,0.12023284,0.01521424,0.53700000,0.87972914,0.22677336,1.33394113
129.80099988,0.12725529,0.01809177,0.54900000,0.86059766,0.22564691,1.36122315
129.90100002,0.13573012,0.02331062,0.55100000,0.89184151,0.23485125,1.37524785
130.00099993,0.13308657,0.02545533,0.54500000,0.91635427,0.24141555,1.37018764
130.10099983,0.12468106,0.02552809,0.54800000,0.93275891,0.25221877,1.37986847
130.20099998,0.12815260,0.02795997,0.56400000,0.91521921,0.25358428,1.40894676
130.30099988,0.13114816,0.02824909,0.56600000,0.93177068,0.25483245,1.41905123
130.40100002,0.13824681,0.01712072,0.56590000,0.98019087,0.24690562,1.43770845
130.50099993,0.12825470,0.01143080,0.56900000,0.93690394,0.23929882,1.44813506
130.60200000,0.11900869,0.01421026,0.56000000,0.94873884,0.24027510,1.43767808
130.70199990,0.12790428,0.01390058,0.55700000,0.98329034,0.24371398,1.42661652
130.80199981,0.12998776,0.01217877,0.55800000,0.96023539,0.24418167,1.40279491
130.90199995,0.13655670,0.01462594,0.56100000,0.99811265,0.24665782,1.40872198
131.00199986,0.13197810,0.01118401,0.56190000,0.95766982,0.25173262,1.37481606
131.10200000,0.12754646,0.00955362,0.56500000,0.94605374,0.24291248,1.36044552
131.20199990,0.11993064,0.00947423,0.56200000,0.89746810,0.24584831,1.35132428
131.30199981,0.11814577,0.00818939,0.56300000,0.89937943,0.24259312,1.32897574
131.40199995,0.11127116,0.00689188,0.56100000,0.89578144,0.23668717,1.33048615
131.50199986,0.12964500,0.01553136,0.55790000,0.94507701,0.24217715,1.36390387
131.60200000,0.14238607,0.01934574,0.56090000,0.96337918,0.24029608,1.35912567
131.70199990,0.13915375,0.02070659,0.55990000,0.94977590,0.24567532,1.32950778
131.80199981,0.13524062,0.01949631,0.55700000,0.97710583,0.24452464,1.34790599
131.90299988,0.13156331,0.01451020,0.55600000,0.97576827,0.24381063,1.34289668
132.00300002,0.12665052,0.00917743,0.56000000,0.98054956,0.23214887,1.34945427
132.10299993,0.11672053,0.00335822,0.56300000,0.95018790,0.22314104,1.39455389
132.20299983,0.10626268,0.00314541,0.56000000,0.93253522,0.21796650,1.37747910
132.30299997,0.09922088,0.00383093,0.55590000,0.93622443,0.22183367,1.38731371
132.40299988,0.09209986,0.01067504,0.54300000,0.91717212,0.22663578,1.36462581
132.50300002,0.08166189,0.01534390,0.53390000,0.93228666,0.23412845,1.33663769
132.60299993,0.07420959,0.01301796,0.52200000,0.91559519,0.23625098,1.32968802
132.70299983,0.06796782,0.01632958,0.51890000,0.88909089,0.23752198,1.32224687
132.80299997,0.06177989,0.01433230,0.51500000,0.87842328,0.22939201,1.34198142
132.90299988,0.05025557,0.01738586,0.50890000,0.87984557,0.24432012,1.30251186
133.00300002,0.04936590,0.02118626,0.51100000,0.86804546,0.24150609,1.31604208
133.10299993,0.04335311,0.02275320,0.50900000,0.80721040,0.24062356,1.30653944
133.20400000,0.03386467,0.03073213,0.50190000,0.77244038,0.25514826,1.27835996
133.30399990,0.02854220,0.03313356,0.49990000,0.75845112,0.25351632,1.23909753
133.40399981,0.02436340,0.03448688,0.49200000,0.72759228,0.25669849,1.21878180
133.50399995,0.02828485,0.03025339,0.48600000,0.78193571,0.25228145,1.17387437
133.60399985,0.02398246,0.03070345,0.48600000,0.77270197,0.24827657,1.12370727
133.70400000,0.04462517,0.02337080,0.48790000,0.77012582,0.23520865,1.12622135
133.80399990,0.03722264,0.02701397,0.48390000,0.75086928,0.23807083,1.13816287
133.90399981,0.06076238,0.02130875,0.49600000,0.77981711,0.23376283,1.16165539
134.00399995,0.05699724,0.02293478,0.49300000,0.77078901,0.23770311,1.13679661
134.10399985,0.05475862,0.02318392,0.49100000,0.77346725,0.23932307,1.14717382
134.20400000,0.05976851,0.02140596,0.49100000,0.77789576,0.23544803,1.13337654
134.30399990,0.05725969,0.02238074,0.48700000,0.78016710,0.23294891,1.12880051
134.40399981,0.05420901,0.02661358,0.49300000,0.77323620,0.23756763,1.13627928
134.50499988,0.05801505,0.02259322,0.48990000,0.79208422,0.24120802,1.14328151
134.60500002,0.05865117,0.01896841,0.48390000,0.77576235,0.23525882,1.12485156
134.70499992,0.06275318,0.02186088,0.48090000,0.77200890,0.24607342,1.13224547
134.80499983,0.05736173,0.02461162,0.47600000,0.77418756,0.23898761,1.13997345
134.90499997,0.06140691,0.02910055,0.48500000,0.75674876,0.23912417,1.13781304
135.00499988,0.05526977,0.03178148,0.48100000,0.74146121,0.23454252,1.14213901
135.10500002,0.06293009,0.03149180,0.48700000,0.75330742,0.24081735,1.12908943
135.20499992,0.06344682,0.03172304,0.48790000,0.78461536,0.24375368,1.11156071
135.30499983,0.06317643,0.03212691,0.48590000,0.76349304,0.24158942,1.10699287
135.40499997,0.06444450,0.03324870,0.49090000,0.79512720,0.24233023,1.11045944
135.50499988,0.06377390,0.03219114,0.49200000,0.78779051,0.24267699,1.12216350
135.60500002,0.05777471,0.03146893,0.49400000,0.76814893,0.24503623,1.12075489
135.70499992,0.06134962,0.03515557,0.49790000,0.74929754,0.24726157,1.12404678
135.80599999,0.05816265,0.03858959,0.49690000,0.75966089,0.26018902,1.12524802
135.90599990,0.07005415,0.03975142,0.50000000,0.79645372,0.27580798,1.12720446
136.00599980,0.08605183,0.03470537,0.51490000,0.82059276,0.27200806,1.18300699
136.10599995,0.08710663,0.03477522,0.51890000,0.81277555,0.27547699,1.16833964
136.20599985,0.08689803,0.03654494,0.51700000,0.83464355,0.27964867,1.17961822
136.30599999,0.08692748,0.03781022,0.51700000,0.85563780,0.28327978,1.19273217
136.40599990,0.08413582,0.04124916,0.52290000,0.89144670,0.28794668,1.22427991
136.50599980,0.08303001,0.04194028,0.52090000,0.87902289,0.28986610,1.21249678
136.60599995,0.07806566,0.04169812,0.52000000,0.85425148,0.29197679,1.22868080
136.70599985,0.07607833,0.04377189,0.51690000,0.84617488,0.29135170,1.25258594
136.80599999,0.07488797,0.04514656,0.51990000,0.86187611,0.28299760,1.24447433
136.90599990,0.08322110,0.04053960,0.51900000,0.84673441,0.28555542,1.21819629
137.00599980,0.08759092,0.03904984,0.52800000,0.87651581,0.27620920,1.23887326
137.10699987,0.08966699,0.03945124,0.52990000,0.89631407,0.28401767,1.25206291
137.20700002,0.09237539,0.03983575,0.52990000,0.92680791,0.28032503,1.26654088
137.30699992,0.09593612,0.04106568,0.53200000,0.92127900,0.28830404,1.28089692
137.40699983,0.11085240,0.04172224,0.54100000,0.91880528,0.28676327,1.28919273
137.50699997,0.11643233,0.04063597,0.54290000,0.93174751,0.28536902,1.28920730
137.60699987,0.11774671,0.04133126,0.54190000,0.91935115,0.28400557,1.26951726
137.70700002,0.11833521,0.04173654,0.54390000,0.94136349,0.28803068,1.23557034
137.80699992,0.12100738,0.04402492,0.53900000,0.94253159,0.28206928,1.22066130
137.90699983,0.12066658,0.04240280,0.54300000,0.93314859,0.29015927,1.23996272
138.00699997,0.12231247,0.03835765,0.54890000,0.91607414,0.28883549,1.25429907
138.10699987,0.12363974,0.03784000,0.54390000,0.93871827,0.29147063,1.25000189
138.20700002,0.12340613,0.03833611,0.53490000,0.92970383,0.29492690,1.23355125
138.30699992,0.12480644,0.03833541,0.53290000,0.95141278,0.29267696,1.22867772
138.40799999,0.11940650,0.12823139,0.52490000,0.94128190,0.40035539,1.20611446
138.50799990,0.12404706,0.04298811,0.52890000,0.95978364,0.29442044,1.22305005
138.60799980,0.12539663,0.04294398,0.52800000,0.94242908,0.28877018,1.23668042
138.70799994,0.14059534,0.12795468,0.53990000,0.95817770,0.38376346,1.27380409
138.80799985,0.13865607,0.03967232,0.54100000,0.97532046,0.28189492,1.27196592
138.90799999,0.14695386,0.13211773,0.54990000,0.99513520,0.37275901,1.25646556
139.00799990,0.14315799,0.04650043,0.54600000,0.95739814,0.26462754,1.25214599
139.10799980,0.14026996,0.04901489,0.54490000,0.93855313,0.26793551,1.21708224
139.20799994,0.13773207,0.13803060,0.53990000,0.93454943,0.36982006,1.21393940
139.30799985,0.13456929,0.04873025,0.53990000,0.93298079,0.26065751,1.21035252
139.40799999,0.14397209,0.13733018,0.54080000,0.92449088,0.35832817,1.21778333
139.50799990,0.16066505,0.04083284,0.54790000,0.90209547,0.24929311,1.23555710
139.60799980,0.17224962,0.03742348,0.55500000,0.91322559,0.24603907,1.23951883
139.70799994,0.17733425,0.12571752,0.55280000,0.90384235,0.33428416,1.23894805
139.80900002,0.17215322,0.12551498,0.54480000,0.93373005,0.33393251,1.24168090
139.90899992,0.17592781,0.12168589,0.54590000,0.91812228,0.32772787,1.23882665
140.00899982,0.18392937,0.12406807,0.55780000,0.96883390,0.32285739,1.26235497
140.10899997,0.18575492,0.12414351,0.56190000,0.93346086,0.33075886,1.24331917
140.20899987,0.18310692,0.12486259,0.56580000,0.92220473,0.31902248,1.25618543
140.30900002,0.18370585,0.12536809,0.56580000,0.90113552,0.31761709,1.24011569
140.40899992,0.19677445,0.12391956,0.58580000,0.96462482,0.31547505,1.25299145
140.50899982,0.19614158,0.12307726,0.59390000,0.98369266,0.30414297,1.25212384
140.60899997,0.19508228,0.12555188,0.59780000,0.97302268,0.30428528,1.25487516
140.70899987,0.19443206,0.12605465,0.59690000,0.96662429,0.30089888,1.24920846
140.80900002,0.19431368,0.12594727,0.59690000,0.94703500,0.29721188,1.27509799
140.90899992,0.19008623,0.12895532,0.59480000,0.92450331,0.30120171,1.28209812
141.00899982,0.18535188,0.13096309,0.59180000,0.92123297,0.29313608,1.29003991
141.10999990,0.18812867,0.12899652,0.59280000,0.93229620,0.29713454,1.26047333
141.20999980,0.18458981,0.12934408,0.59190000,0.91624963,0.30574582,1.27327780
141.30999994,0.18780543,0.12840412,0.59390000,0.90398458,0.30073308,1.29962545
141.40999985,0.17826436,0.13139508,0.58680000,0.86163454,0.30504913,1.30117559
141.50999999,0.17748736,0.13788490,0.58280000,0.85535272,0.32321097,1.32054358
141.60999990,0.17299650,0.13807122,0.58280000,0.82167778,0.31381789,1.29467375
141.70999980,0.17358775,0.13490271,0.58480000,0.83266649,0.31643940,1.28749996
141.80999994,0.17251044,0.13485488,0.58290000,0.85954946,0.31290250,1.27310096
141.90999985,0.18014817,0.13125036,0.57090000,0.86709685,0.31027877,1.27429544
142.00999999,0.17688552,0.13105390,0.55990000,0.83273187,0.31589529,1.26487280
142.10999990,0.17226828,0.13747131,0.55390000,0.86489499,0.32036719,1.23604879
142.20999980,0.17228103,0.13718398,0.55090000,0.86313707,0.32371991,1.25270311
142.30999994,0.17158877,0.13308866,0.54590000,0.87446722,0.32736387,1.23432184
142.41100001,0.15632935,0.13702750,0.52090000,0.86417882,0.32798749,1.22206997
142.51099992,0.15922833,0.13186716,0.51480000,0.87489580,0.32801507,1.19851203
142.61099982,0.15982832,0.12932732,0.50980000,0.88554810,0.33100376,1.19005354
142.71099997,0.15698385,0.12398391,0.51390000,0.89106604,0.32526924,1.20142179
142.81099987,0.15590615,0.12329417,0.51190000,0.89591553,0.32375131,1.22124223
142.91100001,0.15897662,0.11905260,0.51290000,0.86519064,0.32352725,1.20255903
143.01099992,0.15859617,0.12162358,0.50990000,0.85882463,0.33143907,1.19916737
143.11099982,0.15573050,0.12040047,0.50890000,0.84397825,0.33792983,1.19599034
143.21099997,0.15484382,0.12028521,0.51090000,0.86847593,0.33663354,1.24547039
143.31099987,0.15348270,0.11757976,0.50880000,0.86166099,0.33910942,1.26065356
143.41100001,0.15689331,0.11702559,0.50480000,0.88441754,0.33848621,1.25820561
143.51099992,0.15312601,0.11442021,0.49990000,0.87344469,0.33348445,1.27234627
143.61099982,0.15010060,0.11253537,0.49590000,0.84599321,0.33620245,1.27394989
143.71199989,0.14577246,0.11269148,0.49180000,0.83013824,0.33425769,1.28858289
143.81199980,0.14524589,0.11067647,0.48990000,0.83984103,0.33185732,1.31586022
143.91199994,0.15123523,0.11420734,0.49380000,0.83605132,0.34248965,1.31310648
144.01199985,0.14926040,0.11277226,0.49390000,0.82442539,0.34892586,1.29625988
144.11199999,0.15187068,0.11029318,0.49090000,0.83599981,0.35138059,1.27785891
144.21199989,0.15642479,0.11241150,0.49480000,0.85260989,0.34394567,1.28617183
144.31199980,0.15348841,0.11247435,0.49290000,0.86557712,0.33014441,1.27758501
144.41199994,0.14610714,0.11325866,0.48880000,0.87943124,0.33182955,1.25970996
144.51199985,0.13953997,0.11499029,0.48590000,0.86279919,0.33191400,1.23005677
144.61199999,0.14429588,0.11133279,0.48490000,0.87116878,0.33279970,1.21391636
144.71199989,0.14974655,0.10782032,0.48980000,0.88399214,0.33640280,1.24419050
144.81199980,0.14819940,0.10733116,0.48890000,0.89025521,0.33880139,1.23895129
144.91199994,0.14570193,0.10649318,0.48190000,0.88547451,0.34322572,1.21234579
145.01300001,0.14194177,0.10226937,0.48090000,0.87463843,0.33420474,1.20593003
145.11299992,0.14364445,0.09913669,0.48590000,0.90379143,0.32910367,1.23355612
145.21299982,0.11912997,0.10176021,0.45690000,0.85632946,0.32953012,1.21559536
145.31299996,0.11092190,0.10365352,0.44790000,0.86394953,0.32167142,1.20570773
145.41299987,0.11293091,0.10614263,0.44890000,0.89903314,0.31726165,1.21095368
145.51300001,0.11290647,0.10212780,0.44490000,0.90837695,0.31703268,1.19107426
145.61299992,0.10941526,0.09750565,0.43990000,0.88795723,0.30669030,1.19281467
145.71299982,0.11496517,0.09186435,0.43690000,0.89203596,0.30410984,1.18217122
145.81299996,0.11396258,0.09020105,0.43390000,0.90144339,0.30124074,1.16042593
145.91299987,0.12022064,0.09204068,0.44380000,0.90625075,0.30507707,1.17663010
146.01300001,0.12334065,0.08754275,0.43990000,0.88862450,0.30057056,1.20791955
146.11299992,0.12720506,0.08376230,0.43490000,0.89584632,0.29595860,1.22065694
146.21299982,0.13061415,0.07897464,0.43290000,0.88340757,0.28177122,1.23312162
146.31299996,0.12904115,0.07833666,0.42790000,0.87884368,0.27450550,1.19040052
146.41400003,0.13487890,0.08169701,0.42690000,0.89567960,0.27726469,1.17733880
146.51399994,0.13174156,0.08120302,0.42490000,0.90845177,0.27577566,1.16562636
146.61399984,0.13145253,0.07660394,0.42390000,0.91698341,0.28124491,1.17690481
146.71399999,0.12916899,0.07355584,0.41900000,0.93610404,0.28204464,1.19153155
146.81399989,0.12891327,0.06904584,0.42190000,0.94642035,0.27872945,1.19232350
146.91400003,0.13182133,0.07348548,0.42390000,0.94141135,0.28296887,1.18299782
147.01399994,0.13035161,0.07347182,0.42290000,0.94837937,0.28427929,1.19516627
147.11399984,0.12448832,0.07133407,0.41690000,0.94534182,0.27833465,1.20156190
147.21399999,0.12227171,0.07438467,0.41790000,0.96005736,0.27282924,1.20669796
147.31399989,0.12166951,0.06806688,0.41990000,0.94886085,0.26524082,1.21527948
147.41400003,0.12446110,0.06730494,0.42490000,0.94144983,0.27533164,1.19871800
147.51399994,0.11725152,0.06569582,0.42100000,0.92591496,0.27707570,1.20709599
147.61399984,0.11697000,0.06314040,0.41900000,0.94680342,0.26489704,1.22328276
147.71499991,0.12027880,0.05295667,0.41700000,0.96999264,0.25183997,1.23561284
147.81499982,0.11843295,0.05139929,0.41500000,0.98083098,0.24672852,1.22039904
147.91499996,0.13768680,0.04182876,0.42800000,0.98845200,0.23106603,1.25313380
148.01499987,0.14132591,0.04134522,0.43800000,0.99558756,0.22901974,1.24778075
148.11500001,0.14514204,0.04138160,0.44100000,0.99948732,0.23203236,1.24607772
148.21499991,0.14537084,0.04172838,0.43600000,1.00225629,0.23636092,1.24736323
148.31499982,0.14519430,0.03942685,0.43390000,0.99837604,0.22782203,1.27055287
148.41499996,0.13908408,0.04163446,0.42690000,0.99415036,0.23422487,1.26175524
148.51499987,0.13956368,0.03595373,0.42190000,0.96565751,0.23172578,1.27596887
148.61500001,0.13358550,0.03436517,0.40290000,0.95706311,0.22856758,1.25149727
148.71499991,0.13646361,0.03089941,0.40090000,0.97877500,0.22767868,1.25507463
148.81499982,0.13639368,0.02839603,0.39990000,0.98275089,0.22372927,1.24828815
148.91499996,0.13558774,0.02679955,0.40700000,0.96074313,0.21660330,1.26152408
149.01600003,0.12592335,0.02661783,0.39500000,0.97082997,0.21343270,1.23025006
149.11599994,0.11855218,0.02605304,0.38790000,0.99117064,0.21538297,1.20066286
149.21599984,0.12189559,0.02327969,0.37690000,0.99974139,0.21376206,1.18657776
149.31599998,0.12427330,0.01992052,0.37600000,1.00469756,0.21231792,1.17855836
149.41599989,0.12717853,0.01895132,0.37700000,1.00623909,0.20788391,1.18192003
149.51600003,0.12346471,0.01873408,0.37500000,0.99858379,0.20497612,1.19139088
149.61599994,0.12628368,0.01663018,0.37390000,0.97590466,0.20322546,1.22290543
149.71599984,0.12449110,0.01766086,0.37190000,0.95956172,0.19815994,1.18605969
149.81599998,0.12344519,0.01625319,0.36800000,0.96668316,0.18501699,1.16109834
149.91599989,0.12512082,0.01469699,0.36600000,0.94913213,0.18587932,1.14383194
150.01600003,0.12769340,0.01502817,0.36600000,0.97156765,0.19093041,1.15671727
150.11599994,0.12570448,0.01210639,0.36890000,0.96632463,0.19067412,1.13584525
150.21599984,0.12383475,0.00595021,0.37090000,0.93314474,0.18230797,1.13557702
150.31699991,0.11814347,0.00307406,0.36600000,0.91124470,0.18948014,1.12126494
150.41699982,0.11580892,0.00186908,0.36800000,0.90079142,0.18669106,1.13204438
150.51699996,0.12251411,0.00817697,0.36700000,0.91217494,0.19031353,1.14155896
150.61699986,0.12658059,0.01608615,0.36700000,0.92723461,0.20036117,1.14119558
150.71700001,0.13193519,0.02010857,0.36900000,0.93601207,0.21043874,1.16239418
150.81699991,0.12485027,0.02151026,0.36900000,0.90098210,0.21045462,1.14239140
150.91699982,0.12667161,0.02354558,0.37200000,0.88607014,0.21544264,1.13380476
151.01699996,0.13197166,0.02565113,0.37200000,0.87082753,0.21701446,1.10373083
151.11699986,0.14004852,0.02801323,0.37000000,0.87586145,0.22012388,1.13684459
151.21700001,0.14221343,0.02638521,0.36800000,0.89245534,0.21492724,1.11199225
151.31699991,0.14027038,0.02670282,0.36700000,0.86317495,0.20755188,1.09560938
151.41699982,0.16071964,0.03267057,0.38300000,0.90183853,0.23568209,1.08832632
151.51699996,0.16826219,0.04154907,0.39300000,0.88216053,0.23984559,1.08384661
151.61800003,0.17205384,0.05025261,0.39190000,0.86850331,0.24823857,1.08704247
151.71799994,0.16940492,0.04783298,0.39590000,0.85282255,0.24445571,1.07176952
151.81799984,0.16828344,0.04979624,0.39600000,0.83775257,0.24914824,1.06337977
151.91799998,0.16729190,0.04412061,0.39390000,0.84266200,0.24110853,1.07204805
152.01799989,0.16534782,0.05303083,0.39300000,0.86217523,0.25299739,1.08773877
152.11800003,0.16945286,0.04036122,0.39900000,0.85615793,0.24672988,1.08816413
152.21799994,0.16708249,0.03903604,0.40390000,0.82548362,0.23829160,1.08584571
152.31799984,0.16563097,0.05711104,0.40500000,0.84383447,0.25727885,1.07916923
152.41799998,0.16348185,0.03373507,0.41090000,0.85850717,0.23928623,1.08522776
152.51799989,0.16583041,0.06680214,0.40410000,0.84646057,0.28017535,1.06607117
152.61800003,0.16815028,0.02626754,0.40090000,0.82636890,0.23416958,1.04820686
152.71799994,0.17481184,0.02123301,0.40290000,0.84326230,0.22800895,1.02872272
152.81799984,0.17722563,0.07507148,0.40410000,0.83193155,0.28851268,1.04224162
152.91799998,0.18117860,0.01302481,0.40490000,0.82641155,0.22106489,1.05861697
153.01899981,0.17794275,0.01171107,0.39590000,0.83108836,0.21277034,1.05150179
153.11899996,0.17669928,0.01383701,0.39200000,0.83871220,0.20928323,1.02547786
153.21899986,0.17245474,0.00983275,0.38690000,0.83911214,0.20598410,1.03002116
153.31900001,0.17580747,0.00643684,0.39000000,0.83942816,0.20334656,1.02046900
153.41899991,0.16712702,0.00010157,0.38900000,0.84785070,0.18922329,1.01902258
153.51899981,0.16119378,0.00464179,0.38400000,0.83895568,0.19899061,1.01531652
153.61899996,0.15800098,0.00373914,0.38300000,0.84620006,0.19703224,1.02097472
153.71899986,0.15419808,0.00030157,0.38090000,0.83981632,0.19290654,1.02804135
153.81900001,0.15839983,0.00757528,0.38400000,0.84787200,0.20058632,1.00082433
153.91899991,0.15330895,0.01340615,0.38000000,0.86091513,0.21121319,1.02016573
154.01899981,0.16050477,0.01637124,0.37500000,0.87034832,0.20878462,1.02257690
154.11899996,0.16520916,0.01959754,0.37300000,0.90445299,0.21684590,1.02782067
154.21899986,0.16346855,0.02491833,0.37100000,0.87950679,0.22059572,1.01541057
154.31999993,0.16408353,0.02722066,0.36900000,0.83923683,0.21877441,1.04650663
154.41999984,0.14868380,0.03202090,0.35700000,0.84852242,0.22669683,1.04203302
154.51999998,0.14887078,0.03471111,0.35500000,0.83154744,0.22618796,1.02906562
154.61999989,0.14500873,0.03498796,0.35700000,0.83236772,0.23249273,1.03170737
154.72000003,0.13451735,0.03663416,0.35100000,0.83652455,0.22979149,1.01998234
154.81999993,0.13367611,0.03863245,0.34900000,0.85887223,0.23344829,1.03421432
154.91999984,0.14549989,0.04006533,0.34500000,0.89534874,0.23573041,1.02742742
155.01999998,0.15184718,0.04683902,0.34100000,0.87721123,0.24404730,1.01163876
155.11999989,0.15465250,0.04759291,0.33300000,0.87138812,0.25093604,0.98674413
155.22000003,0.15350538,0.04855502,0.32500000,0.84349963,0.25187495,0.98158220
155.31999993,0.16139367,0.05179135,0.32510000,0.86324055,0.25443169,0.97631233
155.41999984,0.17059341,0.05748163,0.33400000,0.84338197,0.25422333,0.97344547
155.51999998,0.17149036,0.05991549,0.33000000,0.84412405,0.25466904,0.96498127
155.61999989,0.17865777,0.06636355,0.33210000,0.84815838,0.25334208,0.94324780
155.72099996,0.18124573,0.06745506,0.32900000,0.92542692,0.25185737,0.94797861
155.82099986,0.17720544,0.06825506,0.32100000,0.91203396,0.25548199,0.94526341
155.92100000,0.17465615,0.07093969,0.32310000,0.90477463,0.25259747,0.93959555
156.02099991,0.16983976,0.07021292,0.32000000,0.90282765,0.24706698,0.90536777
156.12099981,0.16046578,0.07056474,0.31410000,0.89470731,0.26107958,0.89068975
156.22099996,0.16055904,0.07183658,0.31700000,0.87840669,0.26337670,0.87952750
156.32099986,0.15602202,0.07601283,0.31800000,0.85326932,0.26283632,0.91052496
156.42100000,0.15414737,0.08170825,0.31910000,0.87383136,0.26843003,0.93869820
156.52099991,0.15254547,0.08427384,0.32010000,0.85741225,0.27613189,0.95176359
156.62099981,0.15386625,0.09010787,0.31500000,0.87930775,0.28867877,0.94348970
156.72099996,0.15471151,0.09250685,0.31010000,0.86439595,0.28549473,0.96479772
156.82099986,0.15002720,0.09796372,0.30710000,0.88360369,0.29244147,0.95701838
156.92199993,0.13994659,0.10544269,0.30100000,0.89072225,0.30347728,0.97232309
157.02199984,0.13724975,0.10904932,0.30110000,0.85900180,0.30662502,0.97656075
157.12199998,0.13688867,0.10910611,0.30100000,0.85673615,0.30472820,0.98995961
157.22199988,0.12998190,0.10824900,0.30010000,0.83304777,0.30237210,0.97323607
157.32200003,0.12668360,0.10984952,0.29710000,0.83710680,0.30452647,0.97054308
157.42199993,0.13075938,0.11014901,0.28900000,0.84955108,0.30741048,0.94263913
157.52199984,0.12865187,0.11105718,0.28010000,0.85246018,0.30810382,0.94608899
157.62199998,0.12023847,0.10745585,0.27500000,0.86207473,0.30729638,0.97039621
157.72199988,0.12028282,0.10590644,0.26510000,0.86760720,0.29795654,0.94823639
157.82200003,0.11803885,0.10619289,0.26000000,0.88266420,0.30515383,0.94224538
157.92199993,0.12277406,0.10830323,0.25710000,0.88628719,0.30558157,0.94712557
158.02199984,0.11331325,0.10749645,0.25900000,0.87836247,0.30240730,0.94108040
158.12199998,0.10728835,0.10365066,0.24210000,0.89394032,0.29022941,0.91977588
158.22299981,0.10423933,0.10661301,0.23200000,0.90063018,0.28828241,0.93898752
158.32299995,0.10210157,0.10633865,0.22810000,0.92127649,0.29359405,0.94514522
158.42299986,0.11093612,0.11659532,0.23010000,0.93421583,0.31038648,0.95731888
158.52300000,0.11425642,0.12682807,0.24210000,0.92241253,0.32183099,0.98752628
158.62299991,0.11384290,0.12980907,0.24810000,0.91318474,0.32443303,0.99971183
158.72299981,0.10298187,0.12989682,0.24410000,0.92168301,0.33068701,1.04139127
158.82299995,0.09060893,0.12913823,0.23410000,0.89046224,0.32993293,1.03436177
158.92299986,0.08592763,0.13498686,0.24010000,0.88706099,0.33073867,1.04292073
159.02300000,0.09863305,0.14404864,0.25210000,0.87825524,0.34715887,1.05908030
159.12299991,0.10258936,0.14772063,0.24910000,0.88323974,0.35439075,1.09296866
159.22299981,0.09329880,0.14771430,0.23710000,0.89095222,0.35179246,1.09613647
159.32299995,0.08968917,0.14877736,0.23320000,0.88274816,0.35413930,1.11572979
159.42299986,0.08856219,0.14776748,0.23810000,0.90682252,0.35110518,1.11034453
159.52300000,0.08902522,0.14378053,0.23710000,0.90662316,0.34848731,1.09709588
159.62399983,0.10107850,0.14636050,0.24610000,0.90714343,0.34863047,1.11244730
159.72399998,0.10891632,0.14737871,0.25210000,0.90247038,0.34132150,1.13773708
159.82399988,0.10741639,0.14614807,0.24410000,0.91385109,0.34396531,1.12186284
159.92400002,0.10687559,0.14665994,0.24110000,0.88662382,0.34134662,1.10910202
160.02399993,0.09758383,0.14220691,0.24610000,0.86113195,0.34175288,1.11694566
160.12399983,0.08771132,0.14517171,0.24920000,0.86993121,0.34034202,1.12104815
160.22399998,0.08819695,0.14455306,0.24810000,0.85998079,0.34334753,1.12137595
160.32399988,0.08624423,0.14431920,0.24710000,0.87857173,0.33701336,1.14750531
160.42400002,0.06897759,0.14046616,0.23520000,0.86850642,0.33026292,1.13088548
160.52399993,0.07977515,0.14375318,0.23310000,0.88544225,0.33960799,1.15336295
160.62399983,0.08829170,0.14774937,0.23510000,0.89404149,0.35159127,1.13336189
160.72399998,0.10301600,0.15065840,0.24110000,0.93807019,0.35042411,1.17546305
160.82399988,0.10134015,0.14872368,0.23510000,0.93355635,0.35313661,1.18503828
160.92499995,0.09277339,0.13950914,0.22110000,0.91157665,0.34238362,1.13870337
161.02499986,0.08249125,0.13768774,0.21310000,0.83818650,0.34053721,1.11286647
161.12500000,0.07963707,0.13975903,0.21110000,0.81305393,0.34082309,1.10816736
161.22499990,0.08993528,0.14219598,0.21710000,0.87666781,0.34503621,1.18066917
161.32499981,0.08860881,0.14164208,0.21610000,0.87522308,0.34656808,1.15773943
161.42499995,0.08652711,0.13533776,0.20710000,0.89757212,0.32749735,1.06449577
161.52499986,0.06485776,0.13499293,0.20010000,0.83115553,0.32362893,1.06475108
161.62500000,0.06392276,0.13779659,0.19720000,0.86399434,0.32858149,1.05782354
161.72499990,0.06280379,0.14021984,0.18110000,0.86179296,0.33052317,1.02903510
161.82499981,0.06233722,0.13958338,0.17810000,0.84601354,0.32323605,1.02664037
161.92499995,0.07926506,0.13376958,0.16920000,0.94924211,0.31877417,1.00358135
162.02499986,0.08716169,0.12916179,0.17110000,0.94030595,0.31334237,1.00121208
162.12500000,0.07083792,0.12604967,0.16510000,0.86976254,0.30730903,0.96662222
162.22599983,0.06370382,0.12384536,0.15620000,0.86723050,0.30628207,0.91869351
162.32599998,0.04971323,0.12402889,0.14510000,0.84611175,0.29721367,0.90473631
162.42599988,0.06136972,0.12599761,0.12710000,0.87757959,0.30196499,0.87596276
162.52600002,0.06764141,0.12278697,0.13110000,0.88146486,0.30131377,0.85717920
162.62599993,0.05795465,0.11475957,0.13410000,0.86261393,0.29310062,0.85212682
162.72599983,0.05331744,0.10954917,0.12000000,0.86393089,0.29494622,0.82671598
162.82599998,0.05198855,0.10650000,0.11610000,0.84780444,0.29151655,0.79395374
162.92599988,0.05033890,0.10384650,0.11210000,0.85868070,0.28698195,0.77787155
163.02600002,0.04402977,0.10541546,0.10210000,0.84601029,0.28695147,0.76882004
163.12599993,0.03757046,0.10527825,0.08800000,0.83148566,0.28678426,0.73713085
163.22599983,0.04053208,0.11142837,0.08110000,0.85044003,0.29017230,0.71306247
163.32599998,0.03737959,0.11608814,0.08510000,0.85226227,0.29170679,0.73578711
163.42599988,0.02943368,0.11250075,0.08310000,0.82249554,0.28297334,0.71635127
163.52699995,0.00868560,0.10631562,0.07110000,0.78347562,0.27806880,0.72886211
163.62699986,0.00116554,0.10507660,0.05710000,0.80055953,0.26905147,0.69701677
163.72700000,0.00222072,0.10611677,0.05410000,0.79275393,0.26093141,0.72912932
163.82699990,0.00578751,0.10366815,0.04810000,0.82978511,0.26908543,0.71290547
163.92699981,0.01447798,0.09338270,0.05900000,0.85282326,0.25901643,0.71608256
164.02699995,0.00905432,0.08674255,0.06010000,0.85031053,0.25847322,0.68249259
164.12699986,0.00868320,0.09077974,0.05110000,0.87058437,0.26140726,0.67465643
164.22700000,0.01443111,0.09057258,0.04610000,0.88701659,0.26764300,0.68258016
164.32699990,0.02597491,0.09065652,0.03610000,0.88685313,0.27383527,0.67483339
164.42699981,0.03361652,0.09122050,0.03200000,0.86779853,0.28636227,0.66880390
164.52699995,0.04257368,0.08914338,0.02710000,0.84687499,0.29084651,0.70356526
164.62699986,0.05251614,0.09192646,0.02110000,0.83708327,0.29517580,0.70225931
164.72700000,0.04376220,0.08668125,0.01610000,0.83017139,0.28089625,0.68692445
164.82799983,0.05182863,0.08772824,0.00510000,0.82710276,0.28107002,0.68595251
164.92799997,0.05298495,0.00489132,0.00100000,0.82191745,0.19486926,0.66544086
165.02799988,0.06144446,0.08942320,0.00190000,0.78329275,0.28342735,0.65883744
165.12800002,0.05854715,0.00869949,0.01000000,0.80327751,0.20810513,0.64913208
165.22799993,0.06154332,0.01609565,0.00500000,0.83269081,0.21770968,0.68406408
165.32799983,0.08208266,0.07886753,0.00710000,0.87628572,0.29570450,0.68607703
165.42799997,0.08618691,0.01501522,0.00100000,0.88703464,0.22951770,0.69501193
165.52799988,0.10099347,0.08164049,0.02890000,0.88162030,0.29597091,0.72380157
165.62800002,0.10811834,0.01016639,0.03600000,0.86204424,0.21674740,0.74242544
165.72799993,0.10284888,0.01839340,0.06400000,0.86780104,0.22491687,0.82616437
165.82799983,0.09830164,0.07856893,0.06990000,0.89170478,0.28365738,0.80046847
165.92799997,0.07988761,0.00982701,0.03900000,0.90160590,0.20960835,0.72149705
166.02799988,0.08441828,0.08992599,0.03190000,0.87424651,0.30857256,0.70781679
166.12800002,0.09076431,0.00760658,0.02700000,0.88975285,0.22845228,0.72076349
166.22899985,0.09653816,0.01184326,0.04400000,0.89521189,0.22272629,0.74761512
166.32900000,0.10207935,0.01136913,0.04890000,0.87073819,0.22918190,0.76596570
166.42899990,0.10218477,0.01595628,0.05600000,0.88000158,0.22991917,0.78124002
166.52899981,0.10440798,0.01839007,0.05800000,0.88009916,0.23318016,0.78651870
166.62899995,0.11228180,0.01361790,0.07000000,0.91083459,0.23321364,0.75653646
166.72899985,0.11593889,0.01099561,0.07400000,0.90612621,0.23702685,0.76462756
166.82900000,0.12104758,0.01013525,0.07890000,0.92304510,0.23968167,0.76537152
166.92899990,0.09595790,0.00537779,0.05700000,0.87258731,0.23088113,0.73769115
167.02899981,0.09376160,0.00490025,0.05000000,0.84118228,0.23182337,0.75230818
167.12899995,0.09153230,0.00609006,0.05400000,0.83924297,0.22978384,0.76907458
167.22899985,0.07813809,0.00654667,0.05100000,0.81896391,0.24201039,0.76486154
167.32900000,0.08002659,0.00580220,0.05900000,0.82040745,0.23809491,0.76190643
167.42899990,0.05438347,0.00423888,0.04200000,0.75056804,0.23410161,0.68632191
167.52999997,0.05650525,0.00585203,0.04500000,0.77753635,0.23497683,0.71538577
167.62999988,0.06059702,0.00848534,0.04800000,0.78145174,0.24314709,0.70143659
167.73000002,0.05959367,0.01080715,0.04400000,0.79678189,0.23878436,0.61877987
167.82999992,0.05958882,0.01026511,0.04700000,0.76964021,0.24937295,0.65131505
167.92999983,0.05286251,0.01100430,0.04000000,0.77336394,0.25843498,0.59435283
168.02999997,0.05292831,0.01053538,0.03900000,0.77266303,0.25947903,0.56265164
168.12999988,0.05786579,0.01009802,0.03600000,0.79434733,0.25533729,0.58966162
168.23000002,0.05389682,0.01230416,0.02800000,0.78493491,0.25157832,0.62379942
168.32999992,0.05377294,0.01206028,0.03000000,0.76819751,0.24828868,0.62035122
168.42999983,0.04983453,0.01893726,0.03400000,0.78459671,0.25430109,0.65628987
168.52999997,0.04494545,0.01835748,0.04200000,0.74255881,0.25671317,0.67249132
168.62999988,0.03825936,0.01715667,0.04100000,0.72621498,0.25376052,0.66919952
168.73000002,0.03685264,0.01455104,0.03900000,0.75901356,0.25587351,0.67485723
168.83099985,0.03814094,0.01213377,0.03400000,0.74748369,0.24961076,0.66751656
168.93099999,0.03495123,0.01184826,0.03100000,0.70853103,0.24619170,0.69477335
169.03099990,0.03685728,0.00978675,0.03900000,0.69470096,0.23709189,0.72302670
169.13099980,0.04254014,0.00726884,0.04290000,0.73214548,0.22325069,0.71833358
169.23099995,0.04339545,0.00577189,0.04300000,0.71815810,0.20757062,0.71383086
169.33099985,0.03796700,0.00191750,0.03400000,0.70007184,0.20856001,0.70285599
169.43099999,0.02744932,0.00397304,0.02300000,0.71250652,0.20231638,0.70208955
169.53099990,0.02498990,0.00006985,0.02000000,0.70020345,0.20519513,0.69329212
169.63099980,0.02249264,0.00126539,0.02200000,0.68415854,0.22035936,0.71578633
169.73099995,0.02773898,0.00145225,0.03090000,0.68068035,0.21707250,0.72610008
169.83099985,0.02776063,0.00049748,0.03200000,0.66893356,0.21589724,0.72076372
169.93099999,0.03129866,0.00070284,0.04000000,0.65855338,0.21371288,0.71127003
170.03099990,0.03194875,0.00274181,0.03900000,0.65922911,0.20622225,0.71989197
170.13199997,0.02877524,0.00180979,0.03900000,0.70346458,0.20333061,0.68106734
170.23199987,0.02565109,0.00281981,0.03800000,0.69626296,0.19701890,0.68796744
170.33200002,0.02736670,0.00316127,0.04100000,0.70686681,0.18563613,0.69865237
170.43199992,0.02758694,0.00171194,0.04200000,0.68933773,0.18487604,0.72388261
170.53199983,0.02977896,0.00077036,0.04300000,0.68157434,0.18580216,0.73806477
170.63199997,0.02919386,0.00150949,0.04300000,0.66949528,0.18439594,0.77486358
170.73199987,0.03002907,0.00243007,0.04400000,0.66520014,0.17523121,0.79418950
170.83200002,0.02799774,0.00126760,0.04300000,0.65942961,0.18238891,0.81829049
170.93199992,0.03277258,0.00453961,0.04400000,0.70198594,0.19081386,0.86207538
171.03199983,0.03321869,0.00625447,0.04400000,0.68293545,0.18436033,0.86776258
171.13199997,0.03388249,0.00646737,0.04000000,0.68095743,0.18440548,0.88874153
171.23199987,0.03810199,0.00772325,0.03900000,0.69079276,0.19736876,0.86030794
171.33200002,0.03658867,0.00779225,0.03700000,0.67440513,0.19416327,0.82823052
171.43299985,0.03546358,0.00133964,0.03900000,0.66813938,0.19610429,0.82031763
171.53299999,0.03297785,0.00055821,0.04100000,0.64058753,0.19901357,0.80988537
171.63299990,0.03433658,0.00454083,0.04300000,0.68386080,0.20269042,0.80091988
171.73299980,0.03503790,0.00406763,0.04300000,0.69047816,0.20346246,0.80175464
171.83299994,0.03145301,0.00281219,0.04000000,0.69106102,0.19922992,0.78859172
171.93299985,0.03277689,0.00064437,0.03900000,0.69416186,0.19966861,0.78958368
172.03299999,0.04053706,0.00129499,0.04500000,0.69236059,0.19926806,0.80457417
172.13299990,0.04787598,0.00134941,0.05300000,0.75722252,0.20053998,0.82190488
172.23299980,0.04460936,0.00098720,0.05500000,0.72188964,0.20495136,0.84818837
172.33299994,0.03935030,0.00033759,0.04800000,0.67404044,0.20488212,0.83451106
172.43299985,0.04316211,0.00419547,0.04600000,0.71187645,0.20571842,0.82939698
172.53299999,0.04554761,0.00524839,0.04900000,0.75536966,0.20454873,0.83023960
172.63299990,0.04829347,0.00558036,0.05000000,0.76091300,0.20314214,0.85121126
172.73299980,0.05021711,0.00764862,0.05300000,0.76437107,0.19979171,0.82861198
172.83399987,0.04766616,0.00345063,0.04500000,0.76097979,0.19790625,0.84645335
172.93400002,0.04383089,0.00951123,0.05600000,0.72025385,0.21484262,0.85467679
173.03399992,0.04400394,0.01262670,0.05400000,0.70311137,0.22266501,0.85560067
173.13399982,0.04203327,0.01159545,0.05100000,0.68690307,0.22758540,0.89861517
173.23399997,0.03859318,0.01323996,0.04800000,0.66082475,0.23183433,0.92058464
173.33399987,0.03176700,0.01548154,0.05100000,0.64382525,0.23847553,0.90326603
173.43400002,0.02994235,0.01525109,0.05210000,0.61719834,0.23465064,0.91829599
173.53399992,0.03134479,0.01488099,0.05800000,0.62499853,0.23281518,0.91228799
173.63399982,0.03613882,0.01177395,0.06200000,0.65394510,0.22391349,0.88938616
173.73399997,0.03480825,0.01224769,0.05900000,0.65091501,0.22331138,0.87978864
173.83399987,0.03756054,0.01255453,0.05900000,0.65966041,0.23156015,0.87193621
173.93400002,0.03740142,0.01544615,0.06000000,0.66492280,0.22786630,0.87035765
174.03399992,0.03806068,0.01629369,0.06300000,0.66087357,0.21836252,0.85401635
174.13499999,0.04069270,0.01389764,0.06100000,0.66114246,0.21954175,0.84013016
174.23499990,0.04240770,0.01352949,0.06000000,0.68807125,0.22286672,0.85277119
174.33499980,0.04096783,0.01249148,0.05800000,0.67430597,0.21515412,0.88100977
174.43499994,0.04890216,0.01280424,0.06300000,0.72812509,0.22138109,0.90565807
174.53499985,0.04277099,0.00972843,0.06300000,0.67522794,0.20908123,0.91118174
174.63499999,0.03842071,0.00823948,0.06100000,0.68419969,0.19533823,0.88751857
174.73499990,0.04311968,0.01178360,0.05900000,0.66812694,0.20809456,0.86893948
174.83499980,0.04132231,0.01116947,0.05700000,0.66623437,0.21648823,0.87059060
174.93499994,0.04524729,0.01328090,0.06400000,0.65569200,0.21630627,0.89683070
175.03499985,0.04391853,0.01254123,0.06400000,0.68123574,0.21656541,0.89417588
175.13499999,0.04718007,0.01382392,0.06900000,0.77585411,0.22385484,0.94603436
175.23499990,0.04414204,0.01342760,0.06300000,0.71111446,0.22178694,0.86454106
175.33499980,0.03888439,0.01120063,0.06200000,0.72480578,0.21799464,0.83485256
175.43599987,0.03520257,0.00780441,0.06300000,0.74655546,0.20586305,0.82243745
175.53600001,0.03734297,0.00443085,0.06600000,0.72599139,0.20225762,0.84275930
175.63599992,0.04166698,0.00299208,0.06600000,0.72334830,0.20764899,0.83666620
175.73599982,0.03714397,0.00108407,0.06200000,0.73561967,0.20853170,0.81768122
175.83599997,0.03297760,0.00057291,0.05900000,0.74895669,0.21049905,0.82396169
175.93599987,0.03673880,0.00072165,0.05900000,0.76198217,0.20714998,0.81008640
176.03600001,0.03586402,0.00200546,0.05800000,0.76332801,0.21094360,0.82003696
176.13599992,0.03626942,0.00235997,0.05800000,0.76145919,0.20609430,0.81603364
176.23599982,0.03583910,0.00357897,0.05600000,0.78661678,0.20782520,0.79206318
176.33599997,0.03267985,0.00140254,0.05200000,0.78539973,0.20563364,0.80743474
176.43599987,0.03897982,0.00700523,0.05400000,0.78497101,0.21723656,0.83390888
176.53600001,0.03498988,0.00538500,0.05300000,0.77761959,0.22180402,0.80583078
176.63599992,0.02997528,0.00246023,0.05300000,0.79449714,0.22247631,0.79358721
176.73699999,0.02829358,0.00483771,0.05500000,0.76697039,0.22822430,0.80910548
176.83699989,0.02470854,0.00357464,0.05100000,0.78200099,0.22849243,0.80382222
176.93699980,0.02818444,0.00575301,0.05700000,0.77496865,0.22658981,0.80715998
177.03699994,0.03194068,0.00622275,0.05700000,0.76962231,0.23101929,0.81936809
177.13699985,0.02865358,0.00411000,0.05500000,0.75633414,0.23038527,0.81180420
177.23699999,0.04091323,0.01115338,0.06000000,0.76815974,0.23222972,0.83017901
177.33699989,0.03892915,0.01046714,0.05900000,0.76431486,0.23069735,0.80671847
177.43699980,0.03070247,0.00460958,0.06200000,0.76747306,0.22920732,0.79454035
177.53699994,0.02643746,0.00014416,0.05990000,0.73889459,0.22078060,0.77901865
177.63699985,0.02445552,0.00054526,0.05700000,0.74282051,0.22032576,0.77092932
177.73699999,0.02764028,0.00215987,0.05800000,0.75164823,0.22428832,0.79763050
177.83699989,0.03036826,0.00374550,0.06200000,0.75652566,0.22479146,0.78449819
177.93699980,0.03131671,0.00799650,0.06000000,0.75504838,0.22358237,0.77020037
178.03799987,0.02969786,0.01050225,0.05400000,0.74538803,0.22870071,0.74496073
178.13800001,0.02917687,0.02621374,0.05700000,0.72990075,0.25102630,0.75082196
178.23799992,0.03565805,0.01375440,0.05700000,0.69207621,0.22756084,0.71916513
178.33799982,0.04072671,0.01107904,0.05700000,0.69121741,0.21468544,0.74363056
178.43799996,0.03579880,0.02152919,0.06900000,0.68153630,0.24106180,0.76900058
178.53799987,0.03161618,0.01137837,0.06900000,0.67698048,0.21988075,0.77654469
178.63800001,0.03147199,0.02541818,0.06610000,0.67431078,0.24688077,0.75923488
178.73799992,0.02661893,0.01354962,0.06100000,0.66985368,0.21887104,0.75225523
178.83799982,0.03149871,0.01292561,0.06200000,0.66678844,0.22047530,0.78380738
178.93799996,0.03896689,0.02549630,0.06300000,0.67492078,0.24296110,0.80037241
179.03799987,0.04803128,0.02018009,0.07300000,0.71896929,0.23879434,0.81696630
179.13800001,0.04710241,0.03405015,0.06700000,0.71010177,0.24795409,0.81332417
179.23799992,0.04603085,0.02075117,0.06600000,0.68660101,0.23202945,0.81186573
179.33799982,0.04828200,0.02037226,0.07200000,0.72658167,0.21990072,0.80405465
179.43899989,0.03569385,0.02517835,0.06500000,0.67527753,0.23796499,0.75582929
179.53900003,0.03608132,0.02648752,0.06800000,0.68233426,0.23201164,0.72936639
179.63899994,0.04088836,0.02910983,0.07400000,0.69224185,0.23757157,0.74895936
179.73899984,0.04047375,0.02938785,0.07500000,0.68639194,0.23759250,0.74329045
179.83899999,0.04116648,0.02921594,0.07500000,0.69293447,0.24402250,0.76267918
179.93899989,0.04384486,0.03035174,0.07910000,0.67147702,0.24712149,0.76520165
180.03900003,0.04552970,0.02977409,0.07200000,0.69766262,0.24810145,0.73913147
180.13899994,0.04521227,0.02765015,0.07300000,0.71807487,0.24743135,0.70986801
180.23899984,0.04585384,0.02702638,0.07000000,0.70254251,0.24821951,0.71800956
180.33899999,0.05043097,0.02725963,0.07700000,0.73454296,0.25502806,0.72589883
180.43899989,0.04418339,0.01967405,0.07700000,0.74401264,0.23821718,0.76202231
180.53999996,0.04590782,0.01655785,0.07700000,0.70878292,0.23534544,0.76378017
180.63999987,0.05138627,0.02028131,0.08000000,0.75345929,0.24648430,0.76419439
180.74000001,0.04752234,0.02315853,0.07800000,0.73005960,0.25349477,0.76035578
180.83999991,0.04833302,0.02174671,0.07900000,0.73474140,0.24829933,0.74568848
180.93999982,0.04769153,0.02692244,0.08000000,0.76978044,0.25645857,0.75601071
181.03999996,0.04944186,0.02615632,0.07700000,0.75555284,0.24832852,0.76810509
181.13999987,0.05156544,0.02614547,0.07610000,0.73788685,0.25124074,0.75210144
181.24000001,0.05182666,0.02296535,0.07200000,0.71402694,0.24517784,0.76461931
181.33999991,0.05261397,0.02101381,0.07200000,0.74009367,0.24388626,0.78465478
181.43999982,0.04403881,0.01705823,0.07710000,0.74300606,0.24987323,0.77534449
181.53999996,0.03895336,0.01433093,0.07600000,0.72561661,0.24242245,0.77598097
181.63999987,0.04007886,0.01505076,0.07700000,0.67625257,0.24530874,0.77741121
181.74000001,0.03926954,0.01433538,0.07300000,0.67753264,0.25041245,0.77040205
181.83999991,0.04018307,0.01232399,0.07600000,0.70526919,0.24997465,0.76265390
181.94099998,0.04425824,0.01946504,0.07100000,0.71969215,0.25418999,0.75095041
182.04099989,0.04791855,0.02233074,0.07300000,0.71066346,0.25172628,0.75485095
182.14100003,0.04866720,0.02534567,0.07200000,0.71528868,0.25390994,0.73830781
182.24099994,0.05309169,0.02784246,0.07110000,0.71812523,0.25117538,0.74524808
182.34099984,0.05494943,0.02616047,0.07700000,0.70743621,0.25702138,0.74654116
182.44099998,0.05587602,0.02775466,0.07700000,0.71861769,0.26025939,0.75342326
182.54099989,0.05180507,0.02485166,0.07600000,0.69947265,0.25588400,0.79273660
182.64100003,0.05112869,0.02345094,0.08000000,0.71310933,0.25051406,0.83421686
182.74099994,0.05087398,0.02357390,0.07000000,0.68798591,0.24410053,0.85280893
182.84099984,0.05509217,0.02271549,0.07200000,0.68771327,0.24608151,0.86938473
182.94099998,0.05808063,0.02386400,0.07400000,0.69008868,0.24044483,0.87502552
183.04099989,0.05886446,0.02434945,0.07300000,0.70953618,0.23675954,0.87603985
183.14100003,0.06170125,0.02502190,0.07700000,0.68410790,0.23438039,0.90364591
183.24199986,0.06019256,0.02661400,0.07700000,0.64362128,0.23164265,0.93727867
183.34200001,0.06150110,0.02802399,0.07600000,0.64532236,0.23536866,0.93536359
183.44199991,0.06396250,0.03068319,0.07700000,0.63033153,0.25035301,0.91451641
183.54199982,0.06722980,0.03224678,0.07800000,0.61253379,0.24949862,0.88085547
183.64199996,0.06523596,0.03462238,0.08100000,0.64672569,0.24456855,0.89465322
183.74199986,0.06358689,0.03267044,0.08000000,0.63701432,0.24256689,0.88522398
183.84200001,0.06462552,0.03303275,0.08000000,0.68150159,0.24129716,0.90056267
183.94199991,0.06241457,0.03056652,0.07900000,0.68757331,0.23864982,0.94203108
184.04199982,0.06553905,0.03102149,0.08000000,0.66238066,0.24105982,0.94785559
184.14199996,0.07028409,0.03320657,0.08300000,0.73858679,0.25119370,0.93341730
184.24199986,0.07163889,0.03357334,0.08300000,0.78182280,0.23952564,0.95119527
184.34200001,0.07100664,0.03356421,0.08400000,0.80653098,0.24684623,0.92277812
184.44199991,0.06465217,0.02658151,0.07500000,0.74450387,0.22479560,0.90028142
184.54299998,0.06036391,0.02339076,0.07400000,0.77420417,0.21818552,0.90466421
184.64299989,0.05713606,0.02353552,0.07400000,0.76028412,0.21935140,0.90917186
184.74300003,0.06114999,0.02599477,0.07900000,0.78817820,0.21905155,0.90696934
184.84299994,0.06459951,0.02582175,0.08000000,0.79955281,0.21623294,0.91123825
184.94299984,0.06426568,0.02708213,0.07800000,0.78557903,0.21224392,0.95485520
185.04299998,0.06253762,0.02626739,0.07500000,0.78541039,0.20894037,0.92022658
185.14299989,0.06459719,0.02825691,0.07800000,0.80791949,0.21805748,0.89385158
185.24300003,0.06044960,0.02405589,0.08300000,0.78550587,0.21930213,0.89913605
185.34299994,0.05678483,0.02150657,0.07900000,0.77488143,0.22800740,0.89653914
185.44299984,0.05541240,0.02240459,0.07900000,0.76229132,0.23603416,0.89112968
185.54299998,0.05816584,0.02453028,0.08200000,0.75257662,0.23338609,0.88067451
185.64299989,0.05972503,0.02157918,0.08000000,0.75331154,0.22773189,0.86935511
185.74300003,0.06222168,0.02170881,0.07900000,0.73696854,0.23387693,0.84342073
185.84399986,0.06365559,0.02093815,0.07900000,0.76183749,0.23753482,0.81829277
185.94400001,0.06281230,0.02244450,0.07800000,0.75594009,0.23048833,0.80995782
186.04399991,0.06325585,0.02238743,0.07700000,0.75415791,0.23140704,0.80729247
186.14399981,0.06317451,0.02595980,0.07500000,0.72922408,0.23346001,0.80906595
186.24399996,0.06563823,0.02618383,0.08300000,0.71634356,0.23302044,0.80605578
186.34399986,0.06697331,0.02569642,0.08300000,0.74349442,0.23369471,0.80304241
186.44400001,0.06894484,0.02945605,0.07700000,0.75192820,0.24384183,0.82106408
186.54399991,0.06222583,0.02594679,0.07400000,0.75471105,0.23547081,0.84034604
186.64399981,0.06118514,0.02346546,0.07800000,0.75908362,0.23382686,0.88706248
186.74399996,0.05621840,0.02130872,0.07600000,0.73986318,0.23028378,0.88415486
186.84399986,0.05749612,0.02493202,0.07700000,0.73161513,0.22685927,0.89776905
186.94400001,0.05997951,0.02601035,0.07700000,0.71555225,0.22706644,0.90117287
187.04399991,0.06109722,0.02523529,0.07400000,0.70052288,0.22013025,0.85667768
187.14499998,0.06168786,0.02597092,0.07500000,0.71420282,0.21623069,0.87248896
187.24499989,0.06346858,0.02754541,0.07300000,0.71582138,0.21659740,0.88953225
187.34500003,0.05971838,0.02433033,0.07800000,0.68222809,0.21582518,0.91125756
187.44499993,0.05633248,0.02219598,0.07400000,0.67961433,0.21084691,0.90212959
187.54499984,0.05396760,0.02168867,0.07300000,0.67505230,0.21446584,0.92472153
187.64499998,0.05431000,0.02435002,0.07300000,0.63132148,0.22119754,0.93053645
187.74499989,0.05594365,0.02513181,0.07200000,0.65728556,0.22284234,0.93913596
187.84500003,0.05775082,0.02480912,0.07400000,0.66685079,0.22086209,0.95533578
187.94499993,0.05844031,0.02526144,0.07300000,0.65873090,0.21781594,0.93406202
188.04499984,0.05672755,0.02561708,0.07000000,0.64107468,0.22951200,0.87775416
188.14499998,0.05752023,0.02547005,0.07200000,0.61319765,0.22518277,0.87688312
188.24499989,0.06008924,0.02721366,0.06900000,0.60529948,0.22769892,0.88863853
188.34500003,0.06056142,0.02737817,0.06700000,0.63944470,0.22548148,0.87383849
188.44599986,0.06229821,0.02756072,0.07000000,0.65336248,0.22637828,0.86258591
188.54600000,0.05884860,0.02773395,0.07000000,0.63979005,0.22038735,0.85388814
188.64599991,0.05678460,0.02606069,0.07200000,0.62758296,0.21347301,0.85091382
188.74599981,0.05632805,0.02251223,0.07300000,0.62963457,0.21805008,0.84948136
188.84599996,0.05743695,0.02236956,0.07300000,0.62152206,0.21644165,0.83615061
188.94599986,0.05698884,0.02729675,0.07300000,0.60639569,0.22706283,0.84921238
189.04600000,0.06046260,0.02766142,0.07500000,0.60949083,0.22917193,0.86109850
189.14599991,0.06117403,0.02653296,0.07700000,0.60882799,0.22705117,0.85566289
189.24599981,0.05734464,0.02445552,0.07500000,0.64161529,0.22834920,0.83901832
189.34599996,0.05797701,0.02446439,0.07500000,0.68277503,0.23144843,0.85595645
189.44599986,0.04998006,0.02188592,0.07200000,0.67629908,0.23028501,0.81471735
189.54600000,0.05156981,0.02127569,0.07100000,0.67982631,0.22022168,0.78806490
189.64599991,0.05454062,0.02368904,0.07100000,0.65909100,0.21925870,0.77087013
189.74699998,0.05659576,0.02599480,0.07300000,0.67706643,0.21426417,0.76013262
189.84699988,0.05779466,0.02620127,0.07300000,0.67458134,0.21746978,0.74184545
189.94700003,0.05907917,0.02707308,0.07100000,0.68152297,0.21476660,0.72823480
190.04699993,0.06170767,0.02682488,0.07000000,0.68967536,0.21798237,0.72453513
190.14699984,0.05945244,0.02752104,0.07300000,0.68522852,0.23166912,0.72831484
190.24699998,0.06138905,0.02925584,0.07300000,0.67230913,0.23549302,0.73791676
190.34699988,0.06195556,0.02945349,0.07100000,0.64926976,0.23318725,0.73743946
190.44700003,0.05566039,0.02503299,0.06900000,0.66512842,0.23493917,0.71565130
190.54699993,0.05632582,0.02494719,0.07100000,0.63950293,0.24133978,0.74152158
190.64699984,0.05312641,0.02531392,0.07200000,0.64567664,0.24132768,0.71744449
190.74699998,0.05506535,0.02461356,0.07000000,0.65595584,0.23986694,0.69620342
190.84699988,0.05617424,0.02447089,0.07000000,0.63172651,0.23397036,0.69629021
190.94799995,0.05955136,0.02723758,0.07400000,0.63412664,0.23318114,0.72342599
191.04799986,0.05584262,0.02784998,0.07100000,0.61157133,0.23748873,0.76157468
191.14800000,0.05730935,0.02698515,0.07400000,0.60729760,0.23225564,0.77658718
191.24799991,0.06174492,0.02641447,0.07200000,0.60748045,0.23208141,0.78376495
191.34799981,0.05632573,0.02494739,0.07300000,0.59398730,0.22753761,0.79012494
191.44799995,0.05405977,0.02415659,0.07400000,0.57380206,0.22392653,0.80592800
191.54799986,0.05256671,0.02236473,0.07500000,0.58335777,0.21386450,0.81224771
191.64800000,0.05250724,0.02435651,0.07400000,0.59611725,0.20650986,0.81855267
191.74799991,0.05480181,0.02536890,0.07500000,0.58486260,0.21773341,0.82135325
191.84799981,0.05748496,0.02799963,0.07600000,0.58268238,0.22018917,0.82418552
191.94799995,0.05725006,0.02897656,0.07300000,0.61967581,0.22676771,0.85034420
192.04799986,0.05832601,0.02892830,0.07300000,0.63237771,0.22332397,0.85025699
192.14800000,0.05778144,0.02714986,0.07100000,0.64093556,0.21909366,0.84841312
192.24799991,0.05764294,0.03027889,0.06900000,0.62872495,0.21956437,0.83801384
192.34799981,0.05739912,0.03188841,0.06800000,0.61684503,0.22301506,0.84730928
192.44799995,0.05590272,0.02767285,0.06700000,0.61590489,0.21317336,0.82223896
192.54900002,0.05618265,0.02353381,0.06800000,0.61389057,0.21376966,0.84367640
192.64899993,0.05898195,0.02461727,0.06800000,0.61662763,0.21878970,0.84280481
192.74899983,0.05497743,0.02638338,0.06800000,0.64027651,0.22233661,0.86598733
192.84899998,0.05581847,0.02731206,0.06700000,0.60178739,0.22743786,0.84797651
192.94899988,0.05846525,0.02761422,0.06700000,0.61367357,0.22442751,0.85165952
193.04900002,0.05963555,0.02759930,0.06600000,0.61106764,0.23693056,0.88000365
193.14899993,0.05888023,0.02733566,0.06700000,0.59331101,0.23375161,0.87112973
193.24899983,0.05879029,0.02698650,0.06600000,0.61293313,0.22628543,0.89531741
193.34899998,0.06109931,0.02735425,0.06800000,0.64233481,0.22466008,0.85792151
193.44999981,0.06212493,0.03048070,0.06900000,0.66165537,0.23343554,0.87213705
193.54999995,0.06310813,0.03251867,0.06800000,0.63479818,0.23195674,0.87388437
193.64999986,0.06413760,0.03351385,0.06800000,0.63333516,0.24499080,0.86948146
193.75000000,0.06670269,0.03375753,0.06600000,0.64076245,0.25011343,0.88907139
193.84999990,0.06489784,0.03164507,0.06700000,0.65118836,0.23021070,0.89619855
193.94999981,0.06362774,0.02708635,0.06900000,0.65811526,0.23045011,0.87026312
194.04999995,0.06112219,0.02758855,0.07000000,0.64938140,0.23390537,0.83752386
194.14999986,0.05509483,0.02664958,0.07000000,0.65919942,0.23262445,0.84309960
194.25000000,0.05223400,0.02543894,0.07100000,0.66547169,0.23008331,0.84513768
194.34999990,0.05024524,0.02294398,0.07000000,0.67692829,0.23034505,0.86666377
194.44999981,0.05092566,0.02402889,0.06700000,0.67109168,0.23212718,0.85265207
194.54999995,0.05540052,0.02516729,0.07000000,0.67942371,0.23338866,0.86389229
194.64999986,0.05626364,0.02451536,0.06800000,0.66656457,0.22873851,0.86709502
194.75000000,0.05564787,0.02779594,0.07100000,0.66113299,0.24108504,0.89061051
194.85099983,0.05668640,0.02815852,0.07100000,0.67789703,0.24366507,0.89183618
194.95099998,0.05709865,0.03031492,0.06900000,0.70259277,0.24021528,0.88706430
195.05099988,0.05930931,0.03278119,0.07000000,0.68883442,0.23991695,0.90806389
195.15100002,0.05726239,0.03439678,0.07000000,0.69932036,0.25090225,0.90829410
195.25099993,0.06084215,0.03172780,0.07100000,0.69834410,0.24518356,0.90616458
195.35099983,0.06225832,0.03222223,0.07100000,0.72856558,0.24745297,0.89543184
195.45099998,0.05530766,0.02725348,0.07100000,0.72830971,0.23961429,0.89101050
195.55099988,0.05676574,0.02702111,0.07300000,0.69910332,0.24356621,0.89836258
195.65100002,0.05773844,0.02757231,0.07400000,0.67829849,0.24373902,0.91189814
195.75099993,0.05826738,0.02818089,0.07300000,0.68261540,0.23531761,0.91241100
195.85099983,0.05567024,0.02621496,0.06900000,0.68498260,0.23802371,0.89711224
195.95099998,0.05659034,0.02600660,0.06700000,0.69965133,0.23570272,0.88891378
196.05099988,0.05958914,0.02864235,0.06900000,0.71124557,0.24490661,0.88909596
196.15199995,0.05525525,0.02649353,0.07100000,0.72320164,0.23356409,0.87857800
196.25199986,0.05208717,0.02464603,0.07300000,0.75324998,0.22586097,0.91040666
196.35200000,0.05065585,0.02298141,0.07000000,0.74162648,0.21755897,0.88833402
196.45199990,0.04757770,0.02148307,0.06700000,0.73294044,0.21774751,0.91205365
196.55199981,0.05057933,0.02168367,0.06700000,0.74485979,0.21268616,0.88715001
196.65199995,0.05355411,0.02378144,0.06600000,0.77333751,0.22111606,0.87520742
196.75199986,0.05531223,0.02693710,0.06800000,0.79994035,0.22759281,0.87759383
196.85200000,0.05543066,0.02750804,0.06800000,0.79434158,0.22028241,0.85084642
196.95199990,0.05637468,0.02783785,0.06600000,0.77073376,0.21833237,0.87332171
197.05199981,0.05704898,0.02711999,0.06600000,0.79511342,0.21708384,0.89755030
197.15199995,0.05810257,0.02865295,0.06600000,0.82000033,0.22029995,0.89987713
197.25199986,0.06184170,0.03038181,0.06600000,0.83495624,0.21697152,0.88590178
197.35200000,0.05711947,0.02661478,0.06700000,0.82459740,0.21116221,0.88366015
197.45299983,0.05167483,0.02248982,0.06800000,0.79224047,0.20898637,0.90737265
197.55299997,0.05334575,0.02286134,0.06600000,0.79896193,0.20524555,0.88995251
197.65299988,0.05438428,0.02322392,0.06600000,0.80178323,0.20536247,0.90527963
197.75300002,0.05109949,0.02292426,0.06500000,0.80642914,0.21571109,0.90898903
197.85299993,0.05149386,0.02634544,0.06300000,0.81197522,0.22098155,0.89467819
197.95299983,0.05139050,0.02694487,0.06300000,0.81636405,0.21143114,0.87167414
198.05299997,0.05826291,0.02849708,0.06400000,0.80483991,0.21346324,0.86472746
198.15299988,0.05883385,0.02837866,0.06400000,0.79824331,0.21612904,0.84378070
198.25300002,0.05959197,0.02620720,0.06400000,0.79466787,0.21594880,0.82771212
198.35299993,0.06388861,0.02876622,0.06400000,0.76771502,0.20830298,0.83174941
198.45299983,0.06556118,0.03125670,0.06500000,0.75340013,0.22482872,0.83943809
198.55299997,0.06373877,0.03040887,0.06600000,0.73254229,0.21846214,0.82996765
198.65299988,0.05711490,0.02693117,0.06600000,0.72914785,0.21075133,0.82801206
198.75399995,0.05796908,0.02691163,0.06600000,0.75155778,0.20875582,0.83143259
198.85399985,0.05766639,0.02595837,0.06500000,0.74664669,0.21121853,0.81617313
198.95400000,0.06121495,0.02550255,0.06500000,0.76215363,0.21312368,0.81660695
199.05399990,0.06576907,0.02550372,0.06500000,0.78176725,0.21225002,0.81104180
199.15399981,0.06318408,0.02714355,0.06600000,0.77146543,0.21414370,0.82969156
199.25399995,0.05421828,0.02825010,0.06700000,0.75341330,0.21641392,0.80537503
199.35399985,0.04921456,0.02650295,0.06700000,0.73918272,0.22055174,0.78180564
199.45400000,0.04916041,0.02362423,0.06800000,0.76962018,0.22348272,0.78814834
199.55399990,0.05232684,0.02335276,0.06800000,0.74805348,0.21542433,0.81050877
199.65399981,0.05265355,0.02484398,0.06700000,0.73377573,0.21486127,0.80129199
199.75399995,0.05386748,0.02622108,0.06900000,0.75268898,0.21355647,0.83606714
199.85399985,0.05427370,0.02657452,0.06900000,0.77559905,0.21188604,0.83261641
199.95400000,0.05856695,0.02489583,0.06800000,0.79509224,0.21347550,0.84382850
200.05499983,0.06332496,0.02613329,0.06900000,0.82218926,0.22244471,0.83587522
200.15499997,0.05768876,0.02437739,0.06900000,0.81702696,0.22304299,0.81169170
200.25499988,0.05640882,0.02318932,0.07000000,0.80179299,0.21943016,0.84032267
200.35500002,0.05481725,0.02168038,0.06900000,0.81679010,0.22016727,0.83441988
200.45499992,0.05543018,0.02083496,0.07000000,0.81315992,0.23131860,0.81737726
200.55499983,0.05583631,0.02118859,0.07200000,0.84161382,0.23435255,0.78663667
200.65499997,0.05654522,0.02249528,0.07200000,0.84670465,0.23411072,0.82859084
200.75499988,0.05849930,0.02296589,0.07100000,0.84668714,0.23342117,0.82134124
200.85500002,0.06141263,0.02493629,0.07100000,0.84686034,0.23596680,0.79699888
200.95499992,0.06164345,0.02427520,0.07000000,0.85022462,0.23994490,0.78765821
201.05499983,0.06136021,0.02417632,0.07200000,0.84862240,0.24051998,0.79467789
201.15499997,0.06518918,0.02625454,0.07000000,0.83583369,0.24807256,0.80376337
201.25599980,0.06531373,0.02862825,0.07300000,0.84724450,0.24333537,0.79545940
201.35599995,0.06160757,0.02680498,0.07200000,0.83819940,0.23962820,0.81412736
201.45599985,0.05950203,0.02585804,0.07200000,0.86120230,0.24291041,0.80610223
201.55599999,0.05556815,0.02226008,0.07000000,0.85969365,0.23965693,0.81305085
201.65599990,0.05457318,0.02328966,0.07000000,0.87898128,0.24368098,0.81836141
201.75599980,0.05757033,0.02380645,0.07100000,0.87972159,0.25050327,0.82325410
201.85599995,0.06000988,0.02349328,0.07100000,0.88601020,0.24510841,0.83425037
201.95599985,0.05967132,0.02506978,0.07100000,0.87744098,0.25127952,0.83700231
202.05599999,0.06262656,0.02631339,0.07100000,0.86008665,0.25693028,0.83016329
202.15599990,0.06191326,0.02532267,0.07100000,0.85743204,0.26159963,0.84238240
202.25599980,0.06275849,0.02593552,0.07100000,0.86429537,0.26330737,0.82751695
202.35599995,0.06691251,0.02738606,0.07100000,0.85345860,0.26737444,0.85520761
202.45599985,0.06085228,0.02654129,0.07100000,0.84066314,0.26788651,0.84841707
202.55699992,0.05834956,0.02460832,0.07000000,0.80505208,0.26604158,0.87823602
202.65699983,0.06056914,0.02644219,0.07000000,0.81146821,0.27225589,0.86732099
202.75699997,0.06057808,0.02580980,0.07000000,0.81570955,0.26770231,0.87282706
202.85699987,0.05829266,0.02416455,0.06900000,0.76948690,0.26593578,0.86330370
202.95700002,0.05930874,0.02610831,0.06900000,0.74974540,0.26281419,0.85479000
203.05699992,0.05945565,0.02690104,0.06800000,0.70313070,0.26560788,0.85619884
203.15699983,0.06405789,0.02797797,0.06800000,0.69582004,0.26392817,0.84069177
203.25699997,0.06791370,0.02815901,0.06800000,0.69555655,0.26171653,0.83590659
203.35699987,0.06936730,0.02824283,0.06800000,0.71142065,0.26785821,0.81370713
203.45700002,0.06503944,0.02789697,0.06900000,0.67104163,0.27204721,0.80344528
203.55699992,0.06537061,0.02907204,0.07000000,0.70576027,0.26361914,0.83898177
203.65699983,0.06902578,0.03225480,0.06900000,0.68219893,0.26182089,0.83269443
203.75699997,0.06335225,0.03090926,0.06900000,0.67882258,0.26639703,0.80663110
203.85799980,0.05884902,0.02954883,0.06800000,0.67045921,0.27088852,0.80234778
203.95799994,0.05617691,0.02840432,0.06700000,0.67499521,0.26337694,0.82300764
204.05799985,0.06424662,0.02804411,0.06800000,0.65533113,0.25091804,0.84376169
204.15799999,0.06240649,0.02846068,0.06900000,0.64961279,0.25840128,0.86648710
204.25799990,0.06223556,0.02712997,0.07000000,0.67509195,0.24998718,0.88366167
204.35799980,0.06147747,0.02930138,0.06900000,0.67269852,0.25785304,0.91195454
204.45799994,0.06410582,0.02905415,0.06800000,0.68107969,0.26219300,0.89724096
204.55799985,0.06250530,0.02817760,0.07000000,0.68123975,0.26230211,0.90432863
204.65799999,0.05751044,0.02579823,0.07300000,0.67930073,0.26203306,0.89403215
204.75799990,0.05653501,0.02768199,0.07300000,0.64817499,0.25949333,0.91299867
204.85799980,0.05733396,0.02933764,0.07100000,0.67263941,0.26054014,0.89793531
204.95799994,0.05990534,0.02864683,0.07000000,0.66160572,0.26566180,0.88586821
205.05799985,0.06239310,0.02940921,0.07100000,0.65987406,0.27057727,0.87915006
205.15899992,0.06170524,0.03107593,0.07200000,0.64937750,0.26939381,0.88479049
205.25899982,0.06149419,0.03259071,0.07100000,0.62337314,0.27010071,0.90330492
205.35899997,0.05653676,0.02980075,0.07300000,0.61014572,0.26110870,0.90468576
205.45899987,0.05564797,0.02779575,0.07400000,0.62607168,0.25613103,0.89177887
205.55900002,0.05391979,0.02698121,0.07200000,0.60727207,0.25329975,0.86618577
205.65899992,0.05647299,0.02755578,0.07200000,0.61230375,0.25945408,0.83794880
205.75899982,0.05890937,0.02967839,0.07200000,0.62341757,0.26802604,0.84663327
205.85899997,0.05691729,0.03143314,0.07110000,0.61170409,0.28547698,0.85308158
205.95899987,0.05815479,0.03334847,0.06900000,0.62198154,0.28280242,0.83060469
206.05900002,0.05753698,0.03724911,0.07000000,0.63538618,0.29426044,0.83659680
206.15899992,0.05299802,0.03841796,0.07200000,0.64023007,0.29293473,0.84755416
206.25899982,0.05601899,0.03673300,0.07410000,0.63898242,0.29698713,0.83816234
206.35899997,0.05468137,0.03298193,0.07600000,0.62774654,0.29564199,0.83861810
206.45999980,0.05470469,0.02958660,0.07510000,0.61021727,0.29330991,0.84533784
206.55999994,0.05881703,0.02690571,0.07400000,0.63548104,0.29031969,0.83578266
206.65999985,0.06193652,0.02586247,0.07400000,0.59766722,0.29075734,0.81512282
206.75999999,0.06515398,0.02423158,0.07500000,0.62505968,0.28586754,0.81940987
206.85999990,0.06290829,0.02580537,0.07410000,0.63643320,0.28637585,0.79949135
206.95999980,0.05982605,0.02643716,0.06900000,0.62632039,0.28075428,0.80218058
207.05999994,0.05957337,0.02987429,0.06300000,0.61217825,0.28111049,0.78099947
207.15999985,0.06613074,0.03412485,0.06610000,0.62844846,0.28445837,0.75948688
207.25999999,0.06391692,0.03436507,0.06300000,0.61452504,0.28522729,0.76634648
207.35999990,0.06378649,0.03712107,0.06200000,0.61305378,0.28870081,0.75993983
207.45999980,0.06676358,0.03917543,0.06200000,0.60925151,0.28460496,0.72583672
207.55999994,0.07314184,0.03640730,0.06600000,0.60543237,0.28048295,0.74078690
207.65999985,0.07248787,0.03643856,0.06400000,0.61029080,0.28091582,0.73658789
207.76099992,0.08041523,0.03950292,0.06710000,0.65223386,0.28318768,0.76791107
207.86099982,0.07887230,0.03994859,0.06710000,0.65669841,0.28190595,0.78019200
207.96099997,0.07921537,0.04254862,0.06910000,0.65474310,0.30322708,0.80686914
208.06099987,0.08117817,0.04358617,0.07300000,0.67978832,0.30073037,0.78033887
208.16100001,0.07606385,0.04006420,0.07600000,0.64543863,0.27119780,0.80116013
208.26099992,0.07173074,0.03852000,0.07600000,0.63976134,0.26385941,0.79902847
208.36099982,0.07384472,0.03914917,0.07800000,0.65895091,0.25968761,0.78842879
208.46099997,0.06990743,0.03679173,0.08100000,0.65243487,0.26188382,0.80000259
208.56099987,0.06551983,0.03480449,0.08310000,0.67153172,0.25680719,0.79375384
208.66100001,0.06290792,0.03408935,0.08100000,0.70497287,0.25860934,0.80959258
208.76099992,0.06303669,0.03551557,0.08200000,0.72055079,0.26353514,0.80581116
208.86099982,0.06215382,0.03382178,0.08100000,0.68474097,0.25876642,0.79335328
208.96199989,0.06503449,0.03676024,0.08500000,0.67601761,0.24857956,0.81644238
209.06199980,0.06178257,0.04260897,0.08300000,0.67801623,0.27052223,0.80867716
209.16199994,0.06545977,0.04837756,0.08510000,0.65135932,0.26739832,0.82379135
209.26199985,0.06311241,0.04870887,0.07810000,0.65730374,0.27049521,0.81124134
209.36199999,0.06551085,0.04169063,0.08610000,0.67057689,0.25991223,0.82170665
209.46199989,0.06253358,0.03723334,0.08310000,0.66107878,0.24888990,0.84561950
209.56199980,0.05664511,0.03439333,0.07900000,0.66258072,0.24679681,0.83077777
209.66199994,0.06154850,0.03941411,0.08400000,0.66790742,0.26089973,0.85545367
209.76199985,0.06190374,0.03244391,0.08000000,0.70275974,0.23906470,0.88618678
209.86199999,0.06711604,0.03122077,0.09500000,0.73045723,0.24338161,0.94654556
209.96199989,0.05894046,0.02914450,0.08400000,0.70775420,0.24591475,0.90235839
210.06199980,0.05935248,0.03067122,0.08600000,0.71632588,0.25403783,0.91588620
210.16199994,0.06319723,0.02821825,0.09800000,0.73978551,0.25871911,0.97868685
210.26300001,0.05838327,0.02564204,0.09200000,0.75607236,0.25314999,0.97674035
210.36299992,0.05594005,0.02445426,0.08900000,0.74768474,0.25495630,0.94317903
210.46299982,0.06476309,0.02799985,0.10000000,0.73537488,0.25737140,0.98536907
210.56299996,0.05656143,0.02688967,0.07700000,0.71585930,0.25551818,0.94112961
210.66299987,0.05894767,0.02614712,0.07400000,0.73893506,0.25260232,0.91085613
210.76300001,0.06655764,0.02832456,0.08600000,0.79734890,0.24938722,0.94838410
210.86299992,0.06766055,0.03297954,0.08510000,0.82567103,0.26837795,0.90944266
210.96299982,0.06450503,0.03260064,0.07600000,0.84680731,0.26539449,0.86710267
211.06299996,0.06898895,0.03492070,0.08000000,0.86149548,0.26503356,0.85531394
211.16299987,0.07710663,0.03387887,0.08900000,0.83398161,0.26604319,0.91169174
211.26300001,0.06827584,0.02946285,0.08100000,0.81006328,0.26531730,0.85646635
211.36299992,0.06088918,0.02874714,0.08200000,0.82800534,0.25876131,0.85645330
211.46299982,0.05063418,0.02774562,0.07700000,0.76136389,0.26366286,0.86026526
211.56399989,0.04818573,0.02568552,0.07400000,0.77027355,0.25139175,0.86778745
211.66400003,0.05312533,0.02372465,0.06800000,0.80340486,0.25196994,0.87493125
211.76399994,0.05755919,0.02318835,0.06700000,0.79869326,0.25300750,0.88853236
211.86399984,0.05994335,0.02095554,0.06500000,0.77998864,0.24476738,0.88988286
211.96399999,0.05417567,0.02345648,0.06400000,0.79716523,0.24656701,0.87319323
212.06399989,0.05505920,0.02396110,0.06700000,0.83998979,0.25332746,0.86110004
212.16400003,0.04476654,0.01977591,0.07400000,0.80022415,0.24954594,0.89661737
212.26399994,0.04131882,0.01513290,0.06800000,0.82353991,0.24481578,0.86152642
212.36399984,0.03863138,0.01734089,0.06400000,0.82256817,0.24103846,0.84058488
212.46399999,0.03737858,0.01488091,0.06000000,0.83503181,0.24296254,0.84420695
212.56399989,0.03333844,0.01100219,0.05900000,0.83176888,0.23203806,0.83142546
212.66400003,0.03466595,0.00361830,0.06800000,0.84653428,0.21648385,0.84407828
212.76499987,0.03524328,0.00317661,0.07000000,0.83698885,0.21759349,0.83843480
212.86500001,0.02904616,0.00664608,0.06000000,0.82403349,0.21714068,0.80947365
212.96499991,0.02160176,0.00598031,0.05600000,0.83296598,0.21752610,0.78354122
213.06499982,0.01812460,0.00603316,0.05400000,0.83799739,0.21317507,0.77106961
213.16499996,0.01796898,0.00799097,0.05100000,0.82503905,0.21328111,0.73576916
213.26499987,0.02253664,0.00500997,0.05000000,0.82554378,0.20765407,0.72640203
213.36500001,0.02250972,0.00522708,0.05100000,0.80496326,0.21349950,0.73107176
213.46499991,0.01427783,0.00079600,0.04900000,0.80944090,0.19809899,0.70005923
213.56499982,0.00560259,0.00205208,0.04400000,0.82034514,0.19240800,0.69393122
213.66499996,0.00081345,0.00580244,0.04690000,0.81344475,0.20219478,0.68127983
213.76499987,0.00228423,0.00555628,0.04800000,0.81152257,0.20286057,0.70863607
213.86500001,0.00317654,0.00746790,0.04600000,0.78570986,0.20778725,0.67073160
213.96499991,0.00399971,0.00919197,0.04100000,0.78327167,0.20583857,0.68790116
214.06599998,0.00357360,0.01008560,0.04090000,0.79203425,0.20635460,0.69813785
214.16599989,0.00245867,0.01222313,0.04100000,0.79099887,0.20310395,0.72344838
214.26600003,0.00399470,0.01000312,0.04100000,0.80676630,0.19722873,0.74816357
214.36599994,0.00251344,0.00621793,0.04100000,0.79470778,0.19380043,0.73238192
214.46599984,0.00897023,0.00648344,0.04200000,0.80794253,0.19923255,0.72492967
214.56599998,0.00973967,0.00716790,0.04300000,0.81702553,0.19846048,0.70464078
214.66599989,0.00943665,0.00812586,0.03790000,0.83645233,0.19282941,0.68459377
214.76600003,0.00254883,0.00875006,0.03500000,0.82339401,0.19155342,0.70734121
214.86599994,0.00638629,0.01348426,0.03300000,0.82135890,0.19013963,0.71355721
214.96599984,0.00280913,0.01010291,0.03300000,0.81981868,0.18616304,0.72723322
215.06599998,0.00034348,0.00973561,0.03500000,0.82162108,0.17787608,0.73498066
215.16599989,0.00345302,0.01076367,0.03300000,0.79678313,0.17680337,0.72017807
215.26600003,0.00537634,0.01051404,0.03300000,0.81286410,0.17158704,0.69945446
215.36699986,0.00169068,0.01394065,0.04000000,0.81723187,0.17289407,0.73061594
215.46700001,0.00512301,0.01534942,0.03800000,0.82422433,0.17666422,0.74181328
215.56699991,0.00444955,0.01818602,0.03900000,0.80588692,0.17032335,0.74203971
215.66699982,0.00164232,0.01985328,0.04100000,0.79281818,0.17306166,0.73603930
215.76699996,0.00431338,0.01856461,0.03700000,0.78675082,0.17139389,0.73163317
215.86699986,0.00643169,0.01581655,0.03390000,0.80244978,0.17233501,0.73265483
215.96700001,0.00246105,0.01411358,0.03700000,0.78117742,0.17988729,0.72984559
216.06699991,0.00349710,0.01596685,0.04000000,0.76174648,0.18407255,0.74872550
216.16699982,0.00113090,0.01874303,0.03500000,0.74166489,0.18278208,0.75486392
216.26699996,0.00027056,0.01844388,0.03600000,0.73255164,0.17930447,0.78778046
216.36699986,0.00217454,0.01212318,0.03900000,0.74566581,0.17461506,0.79356144
216.46700001,0.00350256,0.01403752,0.03900000,0.76309987,0.17545411,0.79340909
216.56699991,0.00432818,0.02021897,0.03990000,0.75987541,0.18982292,0.79975385
216.66799998,0.00065378,0.03569163,0.04100000,0.73307651,0.22619474,0.79329481
216.76799989,0.00427444,0.01628463,0.03500000,0.76428766,0.18340887,0.79825477
216.86800003,0.00619641,0.03665262,0.03410000,0.78333826,0.21001546,0.78728640
216.96799994,0.00033175,0.03301469,0.03700000,0.79442485,0.21233742,0.80766609
217.06799984,0.00017088,0.02096714,0.03600000,0.79443920,0.18848863,0.80273292
217.16799998,0.00166284,0.03777201,0.03510000,0.75980803,0.22344508,0.78483839
217.26799989,0.00558116,0.01350928,0.03290000,0.74414541,0.18066459,0.75041837
217.36800003,0.00120425,0.04014411,0.03400000,0.76307791,0.21960957,0.73051303
217.46799994,0.00876450,0.03871154,0.03410000,0.85651502,0.22250076,0.73685128
217.56799984,0.01243063,0.01571112,0.02790000,0.85262853,0.18890054,0.75074589
217.66799998,0.01079873,0.03872735,0.02500000,0.83379592,0.22158369,0.75100241
217.76799989,0.00542591,0.02042840,0.02900000,0.76523962,0.19296545,0.74242860
217.86800003,0.00075921,0.03531450,0.03500000,0.76937039,0.22407068,0.71381865
217.96899986,0.00762333,0.03471462,0.03600000,0.75550019,0.21417866,0.69097476
218.06900001,0.00989190,0.03903793,0.04100000,0.78740733,0.22639870,0.68889515
218.16899991,0.01314989,0.04391504,0.04310000,0.79732380,0.23169494,0.70999306
218.26899981,0.00624502,0.04005895,0.04110000,0.74862562,0.23282499,0.70220689
218.36899996,0.00385762,0.03325115,0.04010000,0.71971710,0.23662307,0.72483701
218.46899986,0.00061691,0.03367298,0.04410000,0.71510271,0.23671916,0.71882139
218.56900001,0.00352413,0.03101646,0.04610000,0.72181392,0.21840987,0.71567153
218.66899991,0.00949073,0.03125086,0.04600000,0.76848065,0.21602008,0.74373062
218.76899981,0.00659743,0.03191103,0.04100000,0.74154435,0.21562558,0.75652331
218.86899996,0.00269730,0.03210568,0.03810000,0.71385605,0.22500651,0.76273952
218.96899986,0.00443416,0.03667285,0.04100000,0.70312059,0.23653891,0.78674317
219.06900001,0.00876824,0.03962951,0.04510000,0.71468245,0.23796762,0.79311621
219.16899991,0.01579592,0.03687464,0.05000000,0.75160643,0.23434188,0.78409211
219.26999998,0.02123840,0.03502899,0.05300000,0.78251026,0.23565773,0.83074381
219.36999989,0.01676933,0.03118829,0.05300000,0.78416152,0.22321503,0.80298552
219.47000003,0.01267204,0.02896669,0.05310000,0.77483345,0.22127527,0.79014616
219.56999993,0.01298761,0.02663404,0.05710000,0.79188435,0.22116307,0.79665117
219.66999984,0.01382070,0.02843023,0.05310000,0.78016804,0.22358381,0.79232247
219.76999998,0.01235107,0.02778976,0.05310000,0.79282816,0.22130873,0.81938522
219.86999989,0.01058508,0.02736523,0.05210000,0.77792092,0.23076975,0.79874127
219.97000003,0.01423730,0.02870452,0.05710000,0.75970318,0.23908238,0.77954222
220.06999993,0.01471487,0.02973016,0.05410000,0.76914513,0.23653386,0.75699663
220.16999984,0.01939571,0.02653274,0.05000000,0.75849186,0.23458681,0.73182993
220.26999998,0.01586748,0.02716382,0.05000000,0.77913130,0.22931904,0.74125008
220.36999989,0.01502909,0.03239223,0.05400000,0.78785543,0.25177386,0.75848751
220.47099996,0.01631773,0.03413183,0.05400000,0.78882574,0.25146364,0.77149352
220.57099986,0.01167912,0.03138054,0.05300000,0.74015759,0.24738164,0.79040467
220.67100000,0.00928739,0.02508375,0.05410000,0.67432052,0.22147979,0.79113989
220.77099991,0.00696687,0.02530737,0.05100000,0.67836388,0.22647978,0.81408275
220.87099981,0.00435280,0.02340327,0.05000000,0.66536991,0.23218580,0.83344599
220.97099996,0.00556010,0.02533585,0.04800000,0.65195359,0.22762447,0.83390548
221.07099986,0.00865118,0.02646898,0.05100000,0.67442455,0.24817286,0.82349748
221.17100000,0.01034768,0.02762834,0.05200000,0.70165087,0.24358141,0.80569676
221.27099991,0.01364959,0.02469066,0.05400000,0.73768445,0.23672846,0.80192282
221.37099981,0.00994378,0.02111022,0.05310000,0.70891607,0.22766400,0.78184764
221.47099996,0.00610774,0.01821251,0.05010000,0.70957097,0.21715693,0.75293565
221.57099986,0.00457532,0.01658513,0.04710000,0.68061637,0.22443380,0.73891184
221.67100000,0.00901992,0.01608232,0.04710000,0.67164154,0.22292175,0.75338972
221.77199984,0.00906626,0.01450183,0.04810000,0.65869058,0.22742907,0.74333041
221.87199998,0.01053800,0.01631228,0.04900000,0.71932235,0.23214806,0.73238521
221.97199988,0.00928085,0.01627162,0.04100000,0.70217410,0.22724533,0.70269078
222.07200003,0.00712438,0.01345263,0.03300000,0.68528773,0.22439656,0.63591347
222.17199993,0.00749479,0.01421542,0.03400000,0.66238660,0.22331158,0.63646036
222.27199984,0.01016649,0.01390296,0.03100000,0.63380911,0.21499223,0.63464780
222.37199998,0.00571124,0.01653305,0.03000000,0.61789840,0.22132907,0.67307017
222.47199988,0.00633667,0.01600677,0.03000000,0.64263340,0.22095219,0.67754247
222.57200003,0.00092973,0.01213860,0.02400000,0.61737677,0.21740037,0.69192637
222.67199993,0.00634164,0.00812795,0.02100000,0.61508098,0.21540728,0.69508182
222.77199984,0.00843873,0.00832393,0.01600000,0.64028102,0.20913822,0.69884629
222.87199998,0.00395294,0.01090570,0.01400000,0.62971043,0.21635174,0.65828871
222.97199988,0.00405624,0.00618683,0.02000000,0.64182831,0.21392769,0.68446442
223.07299995,0.00262816,0.00574741,0.01500000,0.62748311,0.21410490,0.69282210
223.17299986,0.00364241,0.00995454,0.00400000,0.60473858,0.21555878,0.70964520
223.27300000,0.00166360,0.01323754,0.01000000,0.59045747,0.22315575,0.74270867
223.37299991,0.00083924,0.01183831,0.01010000,0.58501759,0.22153376,0.75943084
223.47299981,0.00585355,0.00689898,0.00900000,0.58306110,0.21848749,0.73784694
223.57299995,0.00679983,0.00451246,0.00600000,0.57681241,0.20862784,0.73932274
223.67299986,0.01433840,0.00348427,0.00600000,0.66118041,0.20970844,0.73215318
223.77300000,0.01358490,0.00255548,0.00400000,0.64933571,0.21765250,0.72318628
223.87299991,0.01472360,0.00379677,0.00300000,0.66519968,0.21166538,0.70305572
223.97299981,0.00836994,0.00588932,0.00500000,0.64741594,0.20666382,0.71689918
224.07299995,0.00606746,0.00044259,0.00200000,0.64148469,0.21063272,0.70891222
224.17299986,0.00013343,0.00338115,0.00600000,0.63179765,0.21449238,0.75448741
224.27300000,0.00019608,0.00765255,0.01000000,0.60091352,0.21586431,0.76617754
224.37399983,0.00308504,0.01377616,0.01500000,0.62094614,0.23186545,0.75525245
224.47399998,0.00010462,0.00219067,0.01300000,0.60380831,0.20874477,0.78474507
224.57399988,0.00142866,0.00524203,0.01800000,0.57653777,0.21582878,0.78624125
224.67400002,0.00182312,0.00868598,0.01700000,0.57527764,0.21123450,0.80754881
224.77399993,0.00552565,0.00693666,0.01600000,0.58238510,0.21392518,0.78835171
224.87399983,0.00800466,0.00179595,0.01200000,0.60258843,0.21401416,0.76122505
224.97399998,0.01136239,0.00364637,0.00700000,0.57385871,0.21058576,0.77192367
225.07399988,0.01271706,0.00568915,0.00300000,0.56392344,0.20962992,0.78300039
225.17400002,0.00807675,0.00108452,0.00300000,0.55986326,0.20326414,0.78024326
225.27399993,0.00371555,0.00094060,0.00200000,0.59894740,0.20558148,0.77722542
225.37399983,0.01264186,0.00609782,0.00400000,0.62492941,0.21283915,0.79198827
225.47399998,0.01924849,0.00815817,0.00700000,0.68423580,0.21305165,0.77570966
225.57399988,0.01464126,0.00866968,0.00400000,0.61786220,0.21109953,0.77973691
225.67499995,0.00414987,0.01161372,0.01000000,0.57731808,0.20788040,0.78503381
225.77499986,0.00223283,0.01052732,0.01790000,0.58372936,0.20193636,0.77569015
225.87500000,0.00536046,0.00939763,0.02800000,0.60633800,0.20135373,0.77296077
225.97499990,0.00700077,0.00898272,0.02790000,0.63131691,0.20308940,0.79546910
226.07499981,0.01839750,0.00996505,0.03500000,0.67448701,0.20649446,0.83968859
226.17499995,0.01833887,0.01996812,0.03390000,0.69327576,0.20984435,0.85486277
226.27499986,0.01969754,0.02363931,0.03300000,0.71290295,0.23128708,0.84911529
226.37500000,0.01043033,0.01818208,0.01900000,0.67742882,0.20348212,0.78678082
226.47499990,0.01387582,0.01871314,0.02300000,0.66792125,0.20461514,0.77641488
226.57499981,0.01914253,0.01494469,0.03200000,0.71059001,0.20315391,0.79427531
226.67499995,0.01721108,0.01098903,0.03890000,0.69654543,0.20898693,0.84950661
226.77499986,0.02093835,0.00930298,0.04200000,0.71371677,0.20150008,0.86450114
226.87500000,0.02493457,0.01466006,0.04500000,0.73334326,0.20574887,0.87540513
226.97599983,0.03087383,0.01984204,0.05000000,0.72568549,0.21713061,0.87973611
227.07599998,0.03295700,0.02376586,0.05190000,0.71256736,0.22113996,0.84079746
227.17599988,0.03654311,0.02392930,0.04790000,0.71915584,0.21597782,0.84581545
227.27600002,0.04322117,0.02295519,0.04590000,0.73294523,0.21557966,0.83441141
227.37599993,0.04607126,0.02302692,0.04490000,0.75361202,0.21172217,0.84507608
227.47599983,0.04179667,0.02556127,0.05390000,0.71180624,0.20912560,0.85589733
227.57599998,0.03631252,0.02243950,0.05390000,0.70578712,0.20100881,0.83989993
227.67599988,0.03322617,0.02666124,0.04700000,0.71756342,0.20314341,0.86445690
227.77600002,0.03478802,0.03194001,0.04500000,0.72870503,0.21793415,0.84103464
227.87599993,0.03792880,0.02848958,0.04700000,0.73067913,0.21726374,0.85706989
227.97599983,0.02944364,0.02342759,0.04200000,0.72862615,0.20415552,0.86489798
228.07599998,0.02693768,0.02402605,0.04400000,0.75328480,0.20775292,0.86216659
228.17599988,0.02112588,0.03337360,0.04490000,0.68853571,0.22074366,0.84574443
228.27699995,0.01312253,0.04144405,0.04590000,0.69973024,0.24180332,0.85550042
228.37699986,0.00812583,0.04668009,0.04690000,0.65673357,0.24373795,0.86655269
228.47700000,0.01074083,0.04429994,0.04390000,0.66824223,0.24147206,0.85951069
228.57699990,0.00656256,0.04153737,0.04390000,0.65398353,0.22705406,0.84931887
228.67699981,0.00548071,0.04348220,0.04390000,0.65083842,0.23035498,0.82742238
228.77699995,0.00211627,0.04343007,0.04400000,0.68922573,0.23592757,0.84232848
228.87699986,0.00179331,0.04208639,0.04700000,0.67062303,0.24048189,0.85156885
228.97700000,0.00239185,0.04059654,0.04100000,0.67797749,0.25138295,0.80458812
229.07699990,0.00332909,0.03949541,0.03500000,0.67334332,0.24987326,0.78937618
229.17699981,0.00027928,0.03815982,0.02700000,0.66949929,0.23149812,0.79189887
229.27699995,0.00226045,0.03920944,0.02500000,0.67307712,0.25110629,0.77386696
229.37699986,0.00037675,0.03715963,0.02600000,0.68356209,0.23316685,0.77978952
229.47700000,0.00644141,0.03450896,0.02300000,0.67554326,0.23464271,0.76564150
229.57799983,0.00931282,0.03280505,0.01900000,0.69169895,0.23133412,0.77779810
229.67799997,0.00309428,0.05811889,0.02910000,0.71368351,0.26798636,0.80223061
229.77799988,0.00036594,0.03524367,0.03200000,0.72063278,0.24297987,0.77406745
229.87800002,0.00975174,0.05150683,0.03200000,0.72334180,0.27097116,0.76287844
229.97799993,0.02243266,0.04475249,0.04400000,0.71024278,0.26671526,0.80584639
230.07799983,0.02084776,0.04630627,0.03890000,0.73266770,0.26556079,0.79782047
230.17799997,0.02640915,0.04368440,0.04700000,0.72105059,0.25511765,0.80524748
230.27799988,0.03066544,0.05327852,0.03990000,0.76169620,0.26507753,0.79441992
230.37800002,0.03793166,0.03440479,0.03900000,0.74316068,0.23911635,0.79203964
230.47799993,0.04181394,0.03555002,0.04200000,0.73883215,0.24720999,0.77935636
230.57799983,0.04751371,0.06037298,0.03600000,0.76591394,0.28441780,0.76634381
230.67799997,0.05317387,0.03319488,0.03310000,0.81980751,0.26010857,0.71679509
230.77799988,0.04956467,0.06029646,0.03100000,0.79771775,0.30163374,0.69206107
230.87899995,0.04230882,0.03083608,0.04600000,0.78692347,0.25459232,0.76924680
230.97899985,0.04253221,0.03455562,0.03700000,0.79105000,0.24763767,0.76560734
231.07900000,0.04462347,0.03376974,0.03600000,0.79425591,0.24627888,0.75260134
231.17899990,0.05142751,0.03510642,0.02410000,0.78022750,0.26009783,0.68956584
231.27899981,0.05010402,0.03138275,0.01410000,0.78295847,0.24449784,0.69933789
231.37899995,0.05518970,0.02644667,0.01200000,0.79154566,0.24387154,0.68114708
231.47899985,0.06390851,0.02506395,0.01010000,0.86933613,0.24164824,0.66437201
231.57900000,0.08270155,0.02646628,0.00090000,0.90134940,0.24119076,0.64376564
231.67899990,0.07764069,0.02692143,0.00200000,0.90348376,0.25304276,0.67667288
231.77899981,0.07813730,0.02566345,0.00310000,0.92221253,0.25411236,0.69639754
231.87899995,0.08079352,0.02356814,0.00400000,0.92127812,0.24875167,0.69478863
231.97899985,0.07773506,0.02247911,0.00790000,0.92857637,0.24673991,0.69591672
232.07900000,0.07134785,0.02102342,0.01000000,0.88191800,0.23295495,0.70709999
232.17999983,0.07185484,0.02028255,0.01190000,0.86456463,0.22622838,0.72088093
232.27999997,0.06993411,0.02385875,0.01100000,0.88160977,0.22737117,0.68209385
232.37999988,0.06629504,0.02197197,0.01500000,0.83056049,0.22270177,0.68953735
232.48000002,0.06963077,0.01842705,0.01990000,0.83348910,0.22136003,0.65998222
232.57999992,0.06672350,0.01697572,0.02300000,0.86146656,0.22102361,0.67501408
232.67999983,0.07049407,0.01367610,0.02500000,0.88633494,0.22154116,0.67995224
232.77999997,0.07102624,0.00998464,0.02700000,0.85989417,0.22316576,0.66686677
232.87999988,0.07529737,0.00917092,0.02690000,0.89060063,0.20536155,0.68824445
232.98000002,0.07705802,0.00870071,0.02500000,0.88889913,0.20883082,0.67088429
233.07999992,0.07443100,0.01013487,0.02400000,0.86392628,0.20426679,0.65719023
233.17999983,0.06716893,0.01204427,0.02500000,0.84145535,0.20410512,0.66395850
233.27999997,0.06575130,0.01188138,0.02600000,0.85683932,0.21582816,0.68316710
233.38099980,0.07435966,0.00829098,0.02600000,0.83893429,0.20704854,0.73631850
233.48099995,0.07949965,0.00426806,0.02800000,0.90828328,0.19735600,0.73714644
233.58099985,0.08289382,0.00361451,0.02890000,0.93988785,0.19589671,0.74081307
233.68099999,0.08418981,0.00106069,0.03290000,0.95510453,0.19796107,0.73738284
233.78099990,0.08205599,0.00091334,0.03490000,0.93855688,0.18555881,0.73687701
233.88099980,0.08378776,0.00114092,0.03290000,0.93641961,0.18619660,0.72225588
233.98099995,0.08319415,0.00070186,0.02690000,0.95395714,0.18429250,0.69857545
234.08099985,0.08209397,0.00093308,0.02700000,0.96827249,0.19164301,0.70971786
234.18099999,0.07074209,0.00462137,0.02700000,0.89377396,0.20614592,0.73220292
234.28099990,0.07106538,0.00414272,0.02800000,0.89502147,0.20281892,0.74179530
234.38099980,0.06593928,0.00795372,0.02100000,0.91320942,0.19710195,0.69002305
234.48099995,0.06357291,0.00944329,0.01300000,0.89053994,0.19151703,0.68049687
234.58099985,0.07300374,0.00503527,0.01200000,0.88169973,0.18455208,0.69226663
234.68199992,0.07942950,0.00147131,0.01690000,0.89550607,0.18563193,0.72779038
234.78199983,0.07909792,0.00194383,0.01800000,0.88620470,0.18246772,0.69459901
234.88199997,0.07812753,0.00477999,0.01900000,0.84196861,0.18520763,0.71821129
234.98199987,0.06832004,0.00382904,0.02000000,0.84309782,0.18803246,0.69300713
235.08200002,0.06282124,0.00133481,0.01700000,0.84075436,0.17944491,0.68149907
235.18199992,0.06405403,0.00257905,0.01490000,0.86438691,0.18772909,0.67115719
235.28199983,0.06304049,0.00529780,0.01500000,0.84693219,0.19013041,0.66706720
235.38199997,0.05983716,0.00442316,0.01500000,0.81449948,0.18954351,0.68770967
235.48199987,0.05441311,0.00033605,0.01700000,0.80482823,0.18550394,0.68818364
235.58200002,0.05473607,0.00067991,0.01690000,0.79300322,0.18284131,0.72327742
235.68199992,0.05098776,0.00146247,0.01600000,0.76435849,0.17936005,0.74086838
235.78199983,0.05260766,0.00553570,0.01600000,0.73564355,0.17707991,0.75583003
235.88199997,0.05338391,0.00753709,0.01600000,0.75010968,0.17482530,0.75809092
235.98299980,0.04925143,0.00692798,0.01800000,0.77228821,0.18735603,0.74711313
236.08299994,0.05118496,0.00659315,0.01900000,0.78152370,0.18708882,0.74412324
236.18299985,0.04912033,0.00820997,0.02200000,0.77070741,0.19290038,0.76444249
236.28299999,0.05286438,0.01553214,0.02000000,0.77613294,0.19872115,0.75897997
236.38299990,0.05743389,0.01612727,0.01700000,0.76621418,0.19264733,0.77180491
236.48299980,0.06041472,0.01581965,0.01900000,0.75235656,0.19362777,0.77373111
236.58299994,0.06266050,0.01725402,0.02000000,0.74013727,0.20086315,0.74554995
236.68299985,0.06575370,0.01751946,0.02200000,0.72286063,0.19364280,0.77088058
236.78299999,0.06722109,0.01845902,0.02300000,0.71133833,0.18439466,0.76382135
236.88299990,0.06690808,0.01933415,0.02400000,0.68646147,0.18688488,0.79193169
236.98299980,0.06868213,0.02091279,0.02500000,0.67095963,0.18337301,0.78836831
237.08299994,0.06964908,0.01886334,0.02800000,0.66340164,0.18482673,0.79288173
237.18299985,0.06454765,0.01655842,0.02700000,0.64042012,0.18056266,0.78992495
237.28299999,0.05671841,0.01358056,0.02000000,0.63095094,0.17308271,0.74307435
237.38399982,0.06215716,0.02221930,0.02100000,0.65763799,0.18451624,0.74009276
237.48399997,0.07144499,0.02986860,0.02900000,0.67600955,0.21848195,0.73772631
237.58399987,0.06698245,0.03138140,0.02800000,0.63592851,0.22364600,0.74326103
237.68400002,0.06774658,0.03127763,0.02900000,0.65452488,0.22372379,0.75684518
237.78399992,0.06592696,0.03119032,0.03100000,0.63675555,0.22379136,0.75166974
237.88399982,0.06036818,0.03258348,0.02800000,0.67277349,0.23319033,0.75622740
237.98399997,0.05765952,0.03405041,0.02500000,0.68891569,0.23011640,0.73781173
238.08399987,0.05629191,0.03484927,0.01900000,0.65646916,0.23271941,0.77534999
238.18400002,0.05485745,0.03475098,0.01410000,0.65012423,0.24250378,0.80221437
238.28399992,0.06227634,0.03911722,0.01810000,0.63479790,0.24884919,0.80502403
238.38399982,0.05046100,0.03652544,0.00200000,0.66658910,0.24867626,0.77065543
238.48399997,0.05326248,0.04063629,0.00500000,0.69139548,0.25433716,0.76697555
238.58499980,0.04931759,0.03609120,0.00400000,0.69901121,0.24852803,0.78917553
238.68499994,0.04481890,0.02898182,0.01800000,0.72305223,0.23241796,0.75806807
238.78499985,0.04666395,0.03092339,0.01900000,0.71479979,0.24398633,0.71944441
238.88499999,0.04686886,0.03044684,0.02100000,0.73556547,0.24809750,0.69567758
238.98499990,0.04996415,0.02753186,0.02100000,0.73011832,0.23508783,0.69166891
239.08499980,0.05775176,0.02568626,0.02700000,0.72404540,0.22499035,0.67638640
239.18499994,0.05094971,0.02324258,0.03600000,0.70303659,0.22341711,0.69666608
239.28499985,0.04758595,0.02479491,0.04090000,0.70484166,0.22109691,0.69091450
239.38499999,0.04934615,0.02551407,0.04600000,0.70402211,0.22335674,0.71388486
239.48499990,0.06243522,0.02937691,0.03800000,0.72606907,0.22509332,0.69810760
239.58499980,0.05503361,0.02537070,0.04500000,0.74875945,0.22224716,0.72083611
239.68499994,0.03849115,0.02374028,0.06100000,0.73287293,0.21543795,0.80112585
239.78499985,0.04985553,0.03468178,0.05400000,0.75581294,0.22710793,0.78178871
239.88599992,0.05860150,0.04105928,0.04500000,0.75620973,0.25305253,0.76598210
239.98599982,0.06130829,0.03832328,0.04000000,0.80494867,0.25472491,0.73326838
240.08599997,0.05878385,0.03594314,0.05100000,0.81481416,0.24069783,0.76542379
240.18599987,0.05863631,0.03824635,0.04600000,0.81812404,0.24099709,0.76894864
240.28600001,0.06226105,0.04314512,0.04090000,0.80992024,0.26075570,0.77209729
240.38599992,0.05455557,0.04182032,0.04000000,0.82397594,0.25939725,0.79679484
240.48599982,0.04465107,0.03809897,0.04490000,0.79323915,0.24425382,0.79464073
240.58599997,0.04036496,0.03800684,0.04100000,0.80031383,0.23804513,0.79549538
240.68599987,0.04325275,0.03755382,0.04390000,0.81639180,0.24650612,0.79251143
240.78600001,0.04452736,0.03627195,0.03800000,0.81352496,0.25201033,0.76699335
240.88599992,0.04955785,0.02928685,0.05490000,0.79605696,0.24697723,0.78995254
240.98599982,0.05108648,0.02577346,0.06200000,0.76303712,0.23585723,0.80291244
241.08599997,0.04787782,0.02106287,0.06400000,0.76720773,0.23410050,0.80931575
241.18699980,0.05319691,0.01975523,0.06400000,0.77314149,0.22662989,0.75973428
241.28699994,0.05645510,0.01840168,0.05800000,0.77766049,0.22250277,0.73253493
241.38699985,0.06524593,0.03039965,0.05000000,0.80413852,0.22422407,0.70882589
241.48699999,0.07432485,0.03332833,0.05590000,0.79632679,0.21960151,0.74492956
241.58699989,0.07805539,0.03211473,0.05700000,0.80133926,0.21682310,0.74145595
241.68699980,0.08231607,0.03222908,0.07200000,0.79265625,0.21446501,0.74808326
241.78699994,0.08017315,0.03413848,0.07300000,0.76374410,0.21318680,0.76040348
241.88699985,0.06990705,0.03132497,0.06000000,0.79420502,0.20751138,0.77570314
241.98699999,0.07147580,0.02978691,0.06200000,0.78003453,0.20358289,0.78381530
242.08699989,0.07862055,0.02844661,0.06400000,0.78566530,0.20933944,0.79933928
242.18699980,0.09303265,0.02502750,0.07300000,0.85775184,0.21493444,0.84505871
242.28699994,0.09897549,0.02190920,0.07400000,0.87223924,0.21232831,0.87209404
242.38699985,0.09131382,0.02094295,0.07800000,0.83395793,0.21202644,0.89083149
242.48799992,0.09048437,0.01942626,0.08300000,0.84634359,0.20787296,0.86113827
242.58799982,0.09822163,0.02071453,0.09100000,0.84440307,0.20805615,0.85228877
242.68799996,0.11007292,0.09273614,0.10510000,0.89490772,0.29292555,0.85840197
242.78799987,0.11067729,0.01530219,0.11100000,0.91006799,0.21558126,0.87631868
242.88800001,0.08752852,0.09104152,0.09110000,0.83198612,0.30661807,0.84216896
242.98799992,0.08575665,0.01753874,0.09400000,0.84409457,0.23370183,0.82516036
243.08799982,0.08266247,0.01726053,0.09400000,0.83211209,0.23025441,0.85246475
243.18799996,0.08760701,0.09562814,0.10310000,0.85710287,0.30925907,0.86008990
243.28799987,0.08731574,0.01029230,0.10900000,0.86223267,0.22091434,0.89682476
243.38800001,0.08946280,0.09936180,0.11210000,0.90275350,0.31469155,0.87889512
243.48799992,0.09145243,0.00695072,0.12000000,0.87860822,0.22020772,0.87330345
243.58799982,0.07875148,0.00717870,0.12310000,0.86907200,0.21681347,0.86878246
243.68799996,0.07602967,0.12327100,0.12810000,0.84275549,0.33655306,0.86377282
243.78900003,0.07856696,0.12564734,0.12920000,0.80894085,0.33006817,0.87600797
243.88899994,0.09188033,0.10864164,0.13910000,0.82388898,0.31248765,0.88959516
243.98899984,0.09533062,0.10980311,0.14220000,0.83453610,0.30287758,0.88908172
244.08899999,0.09783302,0.12008439,0.13220000,0.83155851,0.32687802,0.81705511
244.18899989,0.09935269,0.11975743,0.13120000,0.82155537,0.32379491,0.80219315
244.28900003,0.10248990,0.12190271,0.13320000,0.84477161,0.32570990,0.81707452
244.38899994,0.10131757,0.12393833,0.13920000,0.84698471,0.32744780,0.82292433
244.48899984,0.09320831,0.12075521,0.14420000,0.85796128,0.31340671,0.83375258
244.58899999,0.09392934,0.11887947,0.14510000,0.87886703,0.31925664,0.85338431
244.68899989,0.09768336,0.11971800,0.14510000,0.86792549,0.32183276,0.86781887
244.78900003,0.11037491,0.12133322,0.13920000,0.89846548,0.32975932,0.86572502
244.88899994,0.11467703,0.12295202,0.14120000,0.89705948,0.33305050,0.85809122
244.98899984,0.11713131,0.13099567,0.15310000,0.88705870,0.33905165,0.85270255
245.08999991,0.11675016,0.13746770,0.15110000,0.89840457,0.34483317,0.82654382
245.18999982,0.10870382,0.13897010,0.14220000,0.87204172,0.34966503,0.80965321
245.28999996,0.11305232,0.14116013,0.14120000,0.83293886,0.35001191,0.80040667
245.38999987,0.12084968,0.14367882,0.14720000,0.82619495,0.35471599,0.79650769
245.49000001,0.12567539,0.14497957,0.14420000,0.81625925,0.35948774,0.80795672
245.58999991,0.12620879,0.14937654,0.15410000,0.80849534,0.36410973,0.84269850
245.68999982,0.12661741,0.15277684,0.16310000,0.81766275,0.37433647,0.85997566
245.78999996,0.11282408,0.15510634,0.16520000,0.80018553,0.36900934,0.85219699
245.88999987,0.08705747,0.13603748,0.14220000,0.74347381,0.35271435,0.82479744
245.99000001,0.07926707,0.13515288,0.13420000,0.74188513,0.33380974,0.82915088
246.08999991,0.07847411,0.14333856,0.13910000,0.73078866,0.33234683,0.84692605
246.18999982,0.07706978,0.15023109,0.14510000,0.73193144,0.34333616,0.85681194
246.28999996,0.08346698,0.15989473,0.15520000,0.71664377,0.36307005,0.85870418
246.39100003,0.06261311,0.16625236,0.15910000,0.72206916,0.37011175,0.82650480
246.49099994,0.05713069,0.15895450,0.16520000,0.71858714,0.35904266,0.83799143
246.59099984,0.05425634,0.16037440,0.16820000,0.74218669,0.36308524,0.86096431
246.69099998,0.04391729,0.15377230,0.15810000,0.72503105,0.35995682,0.85811837
246.79099989,0.04845106,0.15379329,0.15320000,0.73909062,0.36153118,0.88083547
246.89100003,0.06886018,0.16354215,0.17520000,0.75538520,0.37177975,0.89650526
246.99099994,0.06855830,0.16577092,0.17820000,0.76749309,0.37426431,0.88328196
247.09099984,0.06798320,0.17093292,0.17310000,0.76661267,0.37891522,0.91614271
247.19099998,0.06824331,0.17644472,0.17220000,0.77471475,0.38268361,0.93039113
247.29099989,0.06791769,0.17972645,0.17220000,0.81034684,0.38481097,0.93670470
247.39100003,0.06937362,0.17523856,0.16820000,0.82265568,0.38944487,0.91899745
247.49099994,0.06752074,0.17249438,0.17220000,0.79432222,0.38379891,0.90106545
247.59099984,0.06633484,0.17416239,0.17320000,0.75606544,0.38306204,0.92360537
247.69199991,0.06183001,0.17745633,0.17520000,0.73026466,0.38079578,0.90960942
247.79199982,0.05822599,0.18107641,0.17520000,0.72749868,0.38197707,0.91742656
247.89199996,0.05551002,0.18450051,0.18020000,0.75304716,0.38942277,0.92433723
247.99199986,0.05831762,0.18251810,0.18320000,0.77226316,0.38487604,0.96441915
248.09200001,0.06064375,0.18522555,0.18220000,0.76554113,0.38327147,0.96418525
248.19199991,0.06255577,0.18291002,0.18920000,0.78476982,0.38285356,1.01669521
248.29199982,0.06080185,0.18422580,0.19120000,0.80092225,0.38739712,1.00789232
248.39199996,0.06058135,0.18493120,0.19920000,0.84850729,0.38962726,1.00506974
248.49199986,0.06385130,0.18995700,0.20520000,0.87706284,0.38956147,0.97729319
248.59200001,0.07036294,0.17334920,0.20720000,0.89252568,0.37351698,0.94033865
248.69199991,0.06984031,0.16444933,0.20720000,0.88698833,0.37006519,0.93253234
248.79199982,0.06835568,0.16525078,0.21020000,0.88893408,0.36575975,0.93713584
248.89199996,0.07376599,0.16532810,0.20710000,0.87660601,0.36941842,0.93020575
248.99300003,0.07436466,0.16480752,0.21120000,0.87071966,0.36522651,0.94006272
249.09299994,0.07817606,0.17385133,0.21820000,0.85404695,0.38369631,0.94076749
249.19299984,0.07395483,0.17766905,0.22220000,0.85701904,0.39377448,0.94381412
249.29299998,0.07088328,0.17922101,0.22220000,0.83852939,0.39853544,0.94245117
249.39299989,0.06881201,0.18212984,0.23420000,0.84923790,0.39528942,0.95268864
249.49300003,0.05163101,0.19161192,0.22930000,0.79507158,0.40171504,0.95499741
249.59299994,0.03647044,0.18710168,0.22720000,0.79347433,0.40186637,0.98662803
249.69299984,0.02038305,0.17626410,0.22320000,0.75966301,0.38746734,0.99306362
249.79299998,0.01419501,0.17495197,0.22520000,0.78844868,0.38764747,1.01047540
249.89299989,0.00912289,0.17411371,0.24220000,0.81583264,0.38313008,1.00462104
249.99300003,0.01950175,0.17956626,0.24910000,0.85514101,0.39224595,1.07411992
250.09299994,0.03392257,0.18356489,0.25020000,0.86685164,0.39239226,1.07260193
250.19299984,0.04807991,0.18372222,0.25120000,0.90283946,0.39397869,1.07366846
250.29299998,0.04736234,0.18185761,0.25120000,0.89645658,0.39381087,1.05622403
250.39399981,0.06842714,0.18307293,0.23220000,0.89097769,0.39651477,0.98850025
250.49399996,0.07665320,0.18315776,0.22420000,0.88326937,0.39559832,0.97685186
250.59399986,0.08937915,0.17519800,0.21920000,0.91781254,0.38688483,0.99846954
250.69400001,0.08989020,0.17077310,0.22220000,0.94950642,0.38892996,1.00050726
250.79399991,0.09823333,0.16783752,0.21820000,0.95582635,0.67973240,0.98726410
250.89399981,0.09795898,0.17025759,0.20820000,0.95350582,0.69270055,0.97175236
250.99399996,0.09983051,0.16896555,0.20710000,0.95720872,0.78424844,0.98216379
251.09399986,0.09939997,0.16817198,0.20920000,0.90375207,0.80494747,0.95025807
251.19400001,0.10973491,0.17289575,0.21320000,0.91830231,0.77333452,0.94404878
251.29399991,0.11167133,0.17429436,0.21820000,0.89614541,0.76326339,0.89258068
251.39399981,0.11416684,0.17145341,0.22020000,0.93214168,0.78604048,0.91636388
251.49399996,0.10254263,0.16277942,0.21520000,0.89443872,0.67138334,0.90480530
251.59500003,0.09967309,0.15964950,0.21320000,0.87176621,0.62049224,0.93241986
251.69499993,0.09896564,0.16128330,0.21020000,0.86414536,0.61284560,0.95425693
251.79499984,0.09842470,0.16009890,0.21220000,0.86382720,0.56071169,0.95106892
251.89499998,0.10316418,0.16283707,0.21720000,0.86183359,0.58327025,0.95295601
251.99499989,0.10412813,0.16682971,0.21720000,0.87120426,0.60704016,0.93976006
252.09500003,0.10247263,0.16839350,0.21820000,0.85021605,0.56934635,0.91161357
252.19499993,0.08939961,0.17273668,0.19820000,0.84439188,0.61028055,0.89908516
252.29499984,0.08363826,0.17064868,0.19420000,0.84526068,0.57221571,0.89612220
252.39499998,0.09438173,0.17117552,0.20820000,0.87646600,0.62066982,0.89314597
252.49499989,0.10621533,0.17120515,0.21220000,0.86822798,0.62004487,0.88692169
252.59500003,0.11543823,0.16580189,0.20220000,0.87695256,0.58154487,0.87319499
252.69499993,0.12907413,0.15819330,0.18720000,0.90824942,0.57871415,0.82375273
252.79499984,0.13373768,0.15579228,0.18220000,0.92195689,0.61391037,0.80427494
252.89499998,0.15000927,0.15318740,0.16720000,0.93747830,0.56837555,0.77537376
252.99599981,0.15137691,0.15208524,0.16720000,0.94907811,0.55557311,0.77845525
253.09599996,0.14313085,0.15266463,0.16820000,0.96266491,0.59604147,0.75395130
253.19599986,0.14478983,0.15790961,0.17420000,0.94490639,0.55901542,0.76393978
253.29600000,0.14524424,0.16188981,0.17820000,0.93919262,0.57060447,0.79862759
253.39599991,0.14801874,0.16481536,0.17820000,0.96185467,0.59875454,0.78380417
253.49599981,0.15131828,0.16661020,0.17920000,0.96547633,0.59952066,0.78306491
253.59599996,0.15908362,0.17169654,0.18120000,0.95264863,0.60317794,0.82405348
253.69599986,0.15792303,0.16754617,0.17920000,0.94812658,0.60385444,0.82612782
253.79600000,0.15911023,0.16701986,0.17920000,0.94348316,0.63153174,0.82612720
253.89599991,0.13948829,0.15349589,0.17120000,0.90814978,0.63338695,0.81027516
253.99599981,0.13621959,0.15625442,0.16420000,0.91880800,0.60241104,0.79230288
254.09599996,0.14467832,0.15894490,0.16420000,0.96054667,0.60543523,0.77972870
254.19599986,0.14939322,0.16062629,0.16920000,0.99089375,0.67471358,0.80142421
254.29699993,0.15414323,0.15949368,0.17720000,0.98404079,0.65233768,0.81686758
254.39699984,0.14128357,0.15430607,0.17320000,0.96640242,0.60448559,0.86077737
254.49699998,0.12416838,0.15122121,0.15920000,0.87029932,0.61958114,0.83959813
254.59699988,0.11203974,0.15048411,0.14720000,0.86083069,0.62421798,0.83036172
254.69700003,0.11755268,0.14351034,0.15920000,0.85636090,0.54992593,0.83226660
254.79699993,0.11777309,0.14281709,0.15810000,0.85400989,0.61353476,0.82640135
254.89699984,0.11994563,0.15107828,0.16520000,0.84729267,0.64501575,0.84305734
254.99699998,0.11545608,0.15109965,0.16210000,0.83048687,0.68020359,0.83668309
255.09699988,0.11484709,0.15386568,0.15520000,0.83634287,0.66671591,0.84527570
255.19700003,0.11063767,0.15856404,0.15310000,0.83879754,0.68806319,0.85242733
255.29699993,0.11185868,0.16121937,0.15420000,0.84974210,0.74588735,0.85009884
255.39699984,0.10997228,0.15723202,0.15420000,0.83426611,0.74137240,0.83395268
255.49699998,0.10734661,0.15562925,0.15320000,0.82621553,0.70780025,0.84865952
255.59799981,0.10154688,0.15928067,0.14720000,0.82368204,0.70615835,0.85628519
255.69799995,0.10050708,0.29348821,0.14540000,0.82466454,0.87939478,0.85418992
255.79799986,0.09401198,0.16175388,0.14720000,0.81566300,0.77782651,0.85613100
255.89800000,0.10290086,0.28977176,0.15440000,0.82417375,0.85042324,0.84714500
255.99799991,0.09802299,0.16170892,0.15220000,0.80296849,0.75290365,0.85234562
256.09799981,0.09590240,0.16457707,0.15620000,0.79930144,0.77276658,0.85983748
256.19799995,0.09686942,0.30296020,0.15430000,0.78349978,0.92742619,0.86757037
256.29799986,0.09050107,0.17040061,0.15610000,0.78402148,0.83038163,0.90409462
256.39800000,0.10327070,0.30747626,0.17230000,0.80765348,0.97488012,0.89312614
256.49799991,0.10225278,0.17270764,0.18020000,0.77445282,0.80423646,0.93301455
256.59799981,0.10148593,0.17195411,0.18220000,0.79681981,0.79454356,0.94089680
256.69799995,0.09905489,0.30312111,0.18030000,0.82831778,0.92610907,0.92059662
256.79799986,0.09560544,0.16963431,0.17920000,0.81920000,0.79911594,0.90047083
256.89899993,0.10109816,0.29899454,0.17730000,0.81477348,0.96173873,0.88656447
256.99899983,0.10728528,0.29650222,0.16740000,0.80304836,0.97955187,0.88357277
257.09899998,0.11254055,0.29455577,0.16030000,0.80609371,0.93424050,0.88801482
257.19899988,0.11433453,0.29222939,0.15430000,0.80889849,0.90557671,0.85696504
257.29900002,0.11714530,0.29029041,0.14930000,0.82081581,0.93446840,0.86870089
257.39899993,0.12068202,0.28884366,0.15030000,0.83185626,0.88731169,0.86905094
257.49899983,0.12617249,0.28660897,0.14540000,0.85120732,0.85763788,0.84489908
257.59899998,0.14115813,0.28149215,0.13130000,0.87622878,0.84562069,0.83495033
257.69899988,0.13123786,0.28465178,0.14530000,1.76482933,0.87441253,0.87173130
257.79900002,0.12858036,0.28430797,0.14830000,1.76769334,0.87687329,0.88468065
257.89899993,0.12524009,0.28453135,0.15230000,1.62798361,0.80782965,0.88107523
257.99899983,0.12718228,0.28311291,0.15030000,1.66324663,0.82333607,0.88023040
258.09899998,0.12696911,0.28211646,0.15130000,1.51485734,0.74707556,0.91047279
258.19999981,0.12258088,0.28226282,0.15840000,1.46127991,0.72223693,0.93627085
258.29999995,0.12512929,0.28050852,0.15630000,1.49027241,0.73391455,0.92436102
258.39999986,0.12786792,0.27868341,0.15630000,1.41096291,0.69041420,0.92899054
258.50000000,0.12949169,0.27904570,0.16130000,1.44093028,0.70517324,0.92831574
258.59999990,0.13038818,0.27934060,0.16230000,1.46485006,0.71716251,0.93256929
258.69999981,0.13066413,0.27837589,0.16430000,1.47527108,0.72135085,0.95993736
258.79999995,0.13179878,0.27805081,0.16630000,1.45393997,0.70961459,0.96326280
258.89999986,0.13264327,0.27527449,0.16740000,1.50022190,0.72991760,0.96461308
259.00000000,0.13450573,0.27300648,0.16630000,1.55160803,0.75280448,0.98612132
259.09999990,0.13732991,0.27029368,0.16530000,1.58657300,0.76641715,0.95432901
259.19999981,0.14076135,0.26773915,0.16630000,1.58088994,0.75923304,0.95049317
259.29999995,0.14181031,0.26665696,0.16830000,1.41100137,0.67132544,0.98915400
259.39999986,0.14480509,0.26605985,0.16630000,1.49081322,0.70974652,0.98360002
259.50000000,0.14681867,0.26495188,0.16830000,1.57236526,0.74903904,0.95708386
259.60099983,0.15044806,0.26294585,0.16830000,1.58078789,0.74946767,0.95817521
259.70099998,0.15930662,0.25999900,0.16430000,1.55693216,0.72990404,0.97591169
259.80099988,0.16459335,0.25801726,0.16230000,1.67295325,0.78416832,0.98693059
259.90100002,0.17364693,0.25528859,0.15530000,1.60554666,0.74260274,0.99160735
260.00099993,0.18664272,0.25150470,0.14430000,1.63361433,0.74647441,0.93476567
260.10099983,0.21155015,0.24610464,0.12530000,1.59008951,0.70631511,0.91325366
260.20099998,0.23887906,0.23872770,0.09530000,1.50903378,0.64388565,0.88469441
260.30099988,0.24348240,0.23702770,0.09330000,1.51000497,0.64034076,0.90020680
260.40100002,0.24869267,0.23513810,0.09130000,1.52691808,0.64439546,0.89014136
260.50099993,0.22556020,0.23604025,0.10430000,1.53751107,0.66242799,0.91473627
260.60099983,0.23015144,0.23454127,0.10130000,1.54178051,0.66076556,0.89392896
260.70099998,0.23254287,0.23290501,0.10130000,1.49500842,0.63415736,0.90095214
260.80099988,0.23719987,0.23089253,0.09830000,1.53362713,0.64939527,0.86192666
260.90199995,0.24065528,0.22951124,0.09730000,1.53424119,0.64657075,0.84628968
261.00199986,0.24449124,0.22799667,0.09630000,1.60512718,0.67911334,0.83297241
261.10200000,0.24773289,0.22621542,0.09520000,1.51959361,0.63223992,0.84045793
261.20199990,0.25180562,0.22455997,0.09430000,1.59254001,0.66556791,0.82369197
261.30199981,0.25452619,0.22336667,0.09430000,1.62328440,0.67860893,0.80798221
261.40199995,0.25460474,0.22235248,0.09730000,1.53658176,0.63351541,0.81982207
261.50199986,0.25979002,0.22111804,0.09630000,1.55513524,0.63907116,0.81846517
261.60200000,0.25586924,0.22141180,0.10530000,1.57943987,0.65370164,0.84652524
261.70199990,0.25274480,0.22208685,0.11730000,1.58570060,0.65914377,0.89064817
261.80199981,0.25769513,0.22115836,0.12030000,1.61766562,0.67193702,0.87008817
261.90199995,0.26282081,0.21967383,0.11930000,1.61445169,0.66621650,0.88024150
262.00199986,0.27563906,0.21609812,0.10030000,1.76365457,0.73191553,0.80589136
262.10200000,0.29512673,0.21322250,0.08420000,1.83961650,0.75772524,0.80063640
262.20299983,0.30173984,0.21168212,0.08330000,1.89103568,0.77894350,0.81832318
262.30299997,0.30804748,0.21031433,0.08130000,1.85582672,0.75648791,0.83149278
262.40299988,0.31400253,0.20853823,0.07930000,1.75929665,0.70265587,0.83256321
262.50300002,0.31989464,0.20674618,0.07630000,1.78976322,0.71334609,0.81273492
262.60299993,0.32595852,0.20461756,0.07420000,1.71764619,0.67150654,0.81759201
262.70299983,0.33332746,0.20266471,0.07130000,1.73882245,0.67656693,0.79839368
262.80299997,0.33806660,0.19967101,0.07030000,1.80708974,0.70584150,0.75160566
262.90299988,0.34436750,0.19798148,0.06730000,1.71986213,0.65664541,0.74677337
263.00300002,0.35055695,0.19537911,0.06430000,1.78053033,0.68171480,0.75875866
263.10299993,0.35694479,0.19334378,0.06130000,1.77326036,0.67274217,0.78254802
263.20299983,0.36332888,0.19034813,0.06030000,2.09107733,0.68399055,0.78054723
263.30299997,0.36592212,0.18821416,0.05820000,2.25652373,0.72838605,0.78429303
263.40299988,0.37697234,0.18478859,0.05230000,2.37657104,0.75610250,0.76135738
263.50399995,0.38249428,0.18144314,0.05020000,2.33163156,0.73833951,0.76634828
263.60399985,0.38950605,0.17810451,0.04930000,2.21587110,0.69992309,0.76193773
263.70400000,0.39647270,0.17486465,0.04620000,2.23156494,0.69917672,0.79441137
263.80399990,0.40398577,0.17196146,0.04330000,2.15095128,0.67109446,0.77415561
263.90399981,0.41207554,0.16949560,0.03820000,2.22179032,0.68655697,0.79530544
264.00399995,0.41979008,0.16680628,0.03530000,2.15378189,0.66223251,0.79823801
264.10399985,0.42960942,0.16330228,0.02920000,2.28264168,0.69274007,0.79426171
264.20400000,0.43967303,0.15974821,0.02230000,2.19895034,0.66239887,0.77063322
264.30399990,0.44863436,0.15672407,0.01720000,2.18352643,0.65240752,0.78164732
264.40399981,0.45668242,0.15379837,0.01130000,2.14582374,0.63641017,0.74393633
264.50399995,0.46141917,0.15145759,0.01120000,2.10560475,0.62122489,0.75413151
264.60399985,0.46387432,0.14877874,0.01430000,2.14534100,0.62919779,0.75784008
264.70400000,0.46468253,0.14607068,0.01430000,2.14786202,0.62697911,0.76885748
264.80499983,0.47518095,0.14239593,0.00320000,2.03590091,0.58831592,0.77232192
264.90499997,0.49035195,0.13831189,0.00770000,2.25975614,0.64385594,0.76256515
265.00499988,0.50500018,0.13503133,0.01780000,2.25606980,0.63533693,0.77691156
265.10500002,0.51761657,0.13141330,0.02270000,2.16870006,0.60315144,0.76415192
265.20499992,0.51952068,0.12841042,0.02070000,2.13832963,0.52357615,0.70897283
265.30499983,0.52801883,0.12466664,0.02380000,2.03298066,0.50153550,0.71536389
265.40499997,0.53579973,0.12170283,0.02670000,2.05822367,0.50137811,0.72259707
265.50499988,0.54480165,0.11727053,0.03070000,2.12107925,0.50560086,0.71790270
265.60500002,0.54556967,0.11416865,0.02080000,2.09274355,0.49782159,0.68062581
265.70499992,0.55265276,0.11069842,0.02370000,2.18081263,0.50736697,0.71265986
265.80499983,0.56012496,0.10739044,0.02670000,2.15328686,0.49843431,0.71714494
265.90499997,0.56887632,0.10356493,0.02880000,2.09076900,0.48315482,0.71467072
266.00499988,0.57787604,0.09921433,0.03280000,2.14628369,0.48627985,0.71224547
266.10500002,0.58787071,0.09492794,0.03570000,2.00211119,0.45721659,0.70919924
266.20599985,0.59611804,0.09058138,0.03980000,2.05571048,0.46015874,0.70103920
266.30599999,0.60588890,0.08630511,0.04480000,2.03375690,0.45078389,0.70576809
266.40599990,0.61447265,0.08175462,0.04780000,2.01990943,0.44262839,0.71752260
266.50599980,0.62167065,0.07697978,0.05070000,2.08407840,0.44700960,0.71983041
266.60599995,0.62791285,0.07219909,0.05480000,2.22514949,0.46389783,0.71487652
266.70599985,0.63387924,0.06779635,0.05880000,2.16327008,0.44859131,0.69777005
266.80599999,0.63684520,0.06360165,0.06680000,2.32670963,0.47018700,0.64681382
266.90599990,0.64318333,0.05903099,0.07170000,2.25494151,0.45306355,0.67839296
267.00599980,0.65012593,0.05422481,0.07680000,2.23674643,0.44421739,0.69040684
267.10599995,0.66025828,0.04984782,0.08180000,2.13580179,0.42198875,0.67828255
267.20599985,0.67485527,0.04413631,0.09180000,2.30196827,0.44063661,0.69934444
267.30599999,0.68386798,0.03914585,0.09970000,2.26391279,0.42808163,0.73355889
267.40599990,0.69379158,0.03425340,0.10280000,2.22271613,0.41497341,0.73599050
267.50699997,0.69956185,0.02908818,0.10880000,2.18403965,0.40266497,0.81103196
267.60699987,0.70723670,0.02478904,0.11380000,2.32596668,0.41994207,0.82197175
267.70700002,0.71801351,0.02003729,0.11680000,2.31753986,0.41210402,0.84018770
267.80699992,0.72639479,0.01643322,0.11980000,2.31914346,0.40741069,0.83635521
267.90699983,0.73790705,0.01118213,0.12480000,2.20196640,0.38147738,0.81317098
268.00699997,0.74763615,0.00590814,0.12780000,2.48762394,0.42054904,0.82630559
268.10699987,0.75630360,0.00172044,0.13480000,2.60310170,0.43352728,0.80763405
268.20700002,0.76049960,0.00275931,0.13490000,2.72743569,0.45387404,0.84568590
268.30699992,0.76797397,0.00688086,0.13680000,2.81818370,0.47137885,0.88002298
268.40699983,0.77807709,0.01240351,0.13680000,2.89020355,0.48685240,0.87193780
268.50699997,0.78652498,0.01724635,0.13480000,2.83848658,0.48202590,0.84823691
268.60699987,0.79812204,0.02168197,0.13880000,2.84399620,0.48548318,0.82642847
268.70700002,0.80622045,0.02567728,0.14290000,2.83767835,0.23467170,0.84223605
268.80799985,0.81087248,0.03063489,0.14990000,2.87174928,0.23270656,0.80488215
268.90799999,0.82523887,0.08977022,0.15370000,2.92691264,0.29403892,0.80782367
269.00799990,0.82862737,0.04050342,0.15780000,2.78152003,0.22968855,0.83075368
269.10799980,0.82963351,0.04594696,0.15380000,2.79354773,0.23128366,0.81480989
269.20799994,0.85453983,0.07542684,0.18480000,2.80198685,0.27114052,0.83348527
269.30799985,0.84061142,0.05151289,0.18190000,2.73626605,0.26360987,0.82497159
269.40799999,0.84276482,0.06998611,0.17970000,2.58616833,0.28464193,0.82255151
269.50799990,0.83700703,0.05860785,0.15180000,2.64382032,0.26760753,0.76736831
269.60799980,0.83523299,0.06310340,0.14290000,2.73171075,0.27829665,0.79423964
269.70799994,0.83220473,0.05702469,0.13580000,2.56928275,0.27557342,0.74154215
269.80799985,0.83967952,0.07317381,0.13890000,2.65034028,0.28575254,0.77706097
269.90799999,0.84083381,0.04733238,0.12670000,2.62561144,0.26142513,0.80409361
270.00799990,0.83464638,0.08322484,0.11790000,2.81488541,0.29829088,0.77803609
270.10799980,0.83656281,0.08891808,0.11090000,2.80776765,0.31080492,0.78390424
270.20899987,0.82894704,0.03031589,0.10970000,3.00135736,0.24204303,0.78796196
270.30900002,0.83985427,0.02478428,0.11380000,2.98169289,0.24355428,0.80944211
270.40899992,0.83723509,0.01892534,0.09980000,3.07618321,0.24160579,0.78272401
270.50899982,0.78476909,0.01459905,0.06080000,3.04099078,0.23836875,0.72414474
270.60899997,0.77543523,0.00958399,0.04180000,3.05234433,0.23367011,0.70753891
270.70899987,0.78378753,0.00534349,0.04280000,2.90974957,0.22175070,0.72418517
270.80900002,0.79259679,0.00077889,0.04680000,3.04968700,0.22193880,0.70664910
270.90899992,0.77444636,0.00618062,0.00890000,2.93721763,0.22966315,0.65730620
271.00899982,0.78744398,0.00939338,0.00420000,3.07055152,0.23321739,0.68657936
271.10899997,0.79208090,0.00995316,0.00820000,2.83801034,0.23444652,0.69006585
271.20899987,0.80164304,0.01410452,0.00720000,2.57005092,0.24243043,0.69705989
271.30900002,0.79366670,0.01905825,0.00690000,2.52045240,0.24520177,0.68582500
271.40899992,0.78940005,0.02358767,0.00680000,2.34759311,0.25235199,0.71512278
271.50999999,0.76631569,0.02657666,0.01820000,2.18251927,0.26194992,0.75744669
271.60999990,0.77599138,0.02999513,0.01710000,2.20868411,0.26177463,0.75076582
271.70999980,0.80675360,0.03079114,0.03320000,2.21271406,0.25721099,0.79504396
271.80999994,0.83713668,0.03786274,0.06920000,2.37796042,0.26986265,0.84529124
271.90999985,0.84007178,0.04303364,0.08810000,2.27663383,0.27734860,0.89985118
272.00999999,0.83082831,0.04859831,0.11210000,2.23942164,0.28218965,0.93618386
272.10999990,0.80494714,0.05349643,0.15320000,2.28212499,0.28007154,1.01723636
272.20999980,0.79086016,0.05730799,0.19110000,2.22659886,0.28071357,1.04849483
272.30999994,0.76261632,0.06212043,0.23210000,2.23494339,0.43374442,1.06794617
272.40999985,0.73822894,0.06761516,0.26810000,2.16551740,0.43200080,1.09892003
272.50999999,0.74803329,0.07307695,0.26910000,2.18892658,0.48476075,1.10855183
272.60999990,0.75688423,0.07706642,0.27110000,2.24153656,0.50125280,1.11853546
272.70999980,0.76710770,0.08095596,0.26910000,2.30201820,0.51950182,1.08552047
272.81099987,0.79038379,0.08464683,0.31310000,2.34861373,1.34822136,1.18983198
272.91100001,0.83605574,0.05345166,0.02520000,2.48136451,1.35201322,0.85725600
273.01099992,0.93026713,0.05866481,0.08380000,2.76419788,1.43301199,0.90214072
273.11099982,0.98027377,0.06889694,0.10480000,2.91831639,1.48507477,0.92245788
273.21099997,1.00874639,0.07650998,0.10990000,2.85142425,1.45437162,0.91283923
273.31099987,1.02043303,0.08349471,0.11190000,2.82186777,1.44478546,0.90060685
273.41100001,1.03241828,0.08830330,0.11390000,3.02738289,1.52735158,0.86528305
273.51099992,1.04406154,0.09114511,0.11890000,2.95875468,1.49794146,0.84505255
273.61099982,1.05586296,0.09513891,0.12290000,3.00907920,1.51741329,0.82117168
273.71099997,1.06868168,0.10069611,0.12390000,2.97307423,1.50335383,0.79223472
273.81099987,1.08100328,0.10586742,0.11990000,2.84633465,1.45265234,0.75548055
273.91100001,1.09395750,0.11002924,0.12290000,2.92980947,1.48514834,0.74856626
274.01099992,1.10243749,0.11411545,0.12190000,2.91897913,1.48147593,0.73533486
274.11199999,1.11548137,0.11787563,0.12490000,2.97823383,1.50380295,0.72358788
274.21199989,1.12087654,0.12137665,0.11990000,2.83422360,1.44727503,0.70803702
274.31199980,1.13351002,0.12585201,0.12290000,2.64143119,1.36921320,0.71244325
274.41199994,1.13126986,0.12871558,0.12290000,2.70740494,1.39948414,0.73354794
274.51199985,1.12802606,0.13293315,0.12290000,2.66054485,1.38617731,0.70435866
274.61199999,1.12265796,0.13612172,0.12190000,2.65494163,1.38927141,0.65445199
274.71199989,1.09365204,0.13809226,0.11490000,2.55590906,1.36310624,0.68401662
274.81199980,1.10592383,0.14133591,0.11890000,2.51838920,1.34634432,0.66989262
274.91199994,1.10040105,0.14452406,0.12190000,2.60516925,1.38661843,0.66374591
275.01199985,1.09804615,0.14716060,0.12390000,2.65024206,1.40831074,0.65755299
275.11199999,1.09015888,0.15024288,0.12490000,2.51058494,1.35844978,0.64683132
275.21199989,1.10078761,0.15446388,0.12590000,2.58654729,1.38892090,0.67839228
275.31199980,1.11150026,0.15933745,0.12890000,2.77548864,1.46540421,0.69845432
275.41199994,1.12284108,0.16396997,0.12990000,2.88496606,1.50946662,0.71834640
275.51300001,1.14211858,0.17129796,0.11500000,2.96963960,1.54306979,0.68962853
275.61299992,1.14689161,0.17452849,0.09800000,2.76485227,1.46210197,0.65615965
275.71299982,1.16105962,0.17840815,0.09990000,2.71164455,1.43891103,0.68613077
275.81299996,1.15941442,0.18279896,0.09290000,2.74049295,1.45555373,0.69114446
275.91299987,1.17116857,0.18839979,0.09390000,2.59346432,1.39735790,0.64201450
276.01300001,1.16881578,0.18967174,0.08890000,2.71115064,1.44685985,0.60771702
276.11299992,1.14856537,0.19059591,0.07290000,2.85820599,1.51500509,0.58815551
276.21299982,1.16036933,0.19609537,0.07590000,2.97588668,1.56304430,0.58953089
276.31299996,1.16417571,0.19977361,0.07900000,3.11674047,1.62178624,0.56962446
276.41299987,1.11809290,0.10411861,0.07990000,2.90600690,1.45997691,0.59306404
276.51300001,1.12768347,0.10598068,0.08090000,3.02870087,1.50728231,0.61643404
276.61299992,1.13710730,0.10681165,0.08380000,3.01213304,1.49767021,0.64349655
276.71299982,1.14597032,0.10788335,0.08580000,3.12168331,1.53919661,0.68917867
276.81399989,1.15638698,0.10950243,0.08690000,3.16285289,1.55317177,0.72184843
276.91400003,1.14528049,0.12851715,0.09990000,2.93538999,1.48525757,0.75661760
277.01399994,1.14190760,0.14835978,0.11090000,2.97565436,1.52263303,0.78612212
277.11399984,1.13031864,0.17791732,0.12390000,2.99126047,1.56311716,0.83074546
277.21399999,1.10293411,0.22960062,0.14790000,2.95837051,1.61258845,0.86823758
277.31399989,1.09755646,0.25282848,0.16000000,2.73694280,1.54901049,0.88940167
277.41400003,1.05358913,0.32191966,0.19210000,2.74512787,1.63905576,0.91599452
277.51399994,1.04891185,0.33835133,0.20410000,2.86757001,1.70656220,0.90169354
277.61399984,1.01704661,0.38646829,0.23020000,2.94601534,1.79900037,0.93607761
277.71399999,0.99584846,0.41162544,0.25320000,2.85189662,1.79485907,0.98091482
277.81399989,0.94929192,0.44933382,0.28920000,2.67278261,1.77930776,0.99596567
277.91400003,0.92149882,0.47451968,0.31530000,2.73291508,1.83982086,1.07039077
278.01399994,0.90703391,0.49448242,0.33330000,2.82605022,1.90301576,1.07230209
278.11500001,0.88661750,0.51780504,0.35340000,2.74577038,1.90228611,1.06946304
278.21499991,0.85708398,0.54791017,0.38140000,2.70835783,1.92922556,1.09963155
278.31499982,0.81696784,0.57777647,0.41440000,2.50811782,1.89475637,1.08493464
278.41499996,0.80200287,0.59256076,0.43250000,2.37207152,1.86089192,1.07271500
278.51499987,0.79114392,0.59982968,0.44640000,2.30332402,1.84490204,1.07596036
278.61500001,0.75983775,0.60761238,0.47350000,2.21433183,1.82950732,1.11708955
278.71499991,0.72430011,0.61538824,0.50740000,2.21945386,1.85361966,1.17416970
278.81499982,0.70209644,0.62077048,0.53250000,2.13084024,1.83231933,1.17193595
278.91499996,0.69337987,0.62478858,0.54660000,2.23152507,1.88029335,1.19967083
279.01499987,0.66159566,0.62805365,0.57550000,2.37070470,1.95224924,1.27534997
279.11500001,0.64080955,0.63120770,0.59660000,2.17151250,1.88372228,1.29983923
279.21499991,0.60635481,0.63874826,0.62750000,2.11685085,1.88314399,1.34100401
279.31499982,0.59674487,0.64408320,0.64260000,2.33868828,1.98147118,1.35285422
279.41499996,0.54799853,0.64901604,0.68160000,2.49234842,2.06772805,1.40094491
279.51600003,0.52229154,0.65417065,0.70560000,2.45993683,2.07018885,1.44777656
279.61599994,0.46283706,0.65601499,0.74860000,2.40243585,2.07281808,1.51563911
279.71599984,0.41716639,0.66388472,0.78470000,2.34860580,2.07740948,1.55505782
279.81599998,0.41695490,0.67229885,0.79260000,2.41008815,2.11061132,1.54204043
279.91599989,0.35489771,0.65607181,0.84060000,2.46187207,2.14012400,1.57409537
280.01600003,0.32072592,0.64975271,0.87170000,2.16272624,2.02734213,1.60501958
280.11599994,0.27152999,0.62960041,0.90960000,2.22393065,2.05154710,1.66089743
280.21599984,0.24274530,0.61979474,0.93760000,2.17296197,2.03282822,1.67806009
280.31599998,0.22138632,0.61583127,0.95560000,2.19603027,2.04671500,1.65837356
280.41599989,0.14690694,0.58179451,1.01260000,2.00662252,1.96650166,1.72488884
280.51600003,0.10630809,0.57164560,1.04460000,2.07412075,1.99978461,1.77113812
280.61599994,0.03244138,0.54121912,1.09650000,2.10889882,2.01301006,1.80451833
280.71599984,0.01422889,0.53215018,1.11860000,2.15106087,2.02819875,1.81280933
280.81699991,0.01482130,0.52145300,1.14260000,2.12558007,2.00702572,1.85368893
280.91699982,0.07609253,0.48414164,1.19150000,2.05325543,1.91603745,1.87009668
281.01699996,0.13876596,0.47232309,1.22360000,2.18067617,1.93023344,1.87751707
281.11699986,0.15266055,0.47735502,1.23960000,2.24706386,1.95635635,1.88920590
281.21700001,0.19270383,0.46223039,1.26550000,2.24802158,1.92552770,1.94522780
281.31699991,0.21101927,0.46238953,1.27750000,2.22563471,1.90933323,1.94744378
281.41699982,0.27507592,0.42915009,1.31650000,1.98628964,1.75419132,1.99243093
281.51699996,0.29599051,0.42944381,1.33350000,2.11832733,1.79913271,2.02917645
281.61699986,0.34728713,0.41667529,1.36150000,2.21632402,1.80512762,2.05276184
281.71700001,0.38177409,0.41096131,1.38450000,2.04542757,1.71689351,2.05832041
281.81699991,0.40791045,0.40626647,1.39950000,1.92827154,1.65462585,2.05397245
281.91699982,0.45064813,0.39509971,1.42450000,2.08270876,1.68833835,2.13783526
282.01699996,0.46923431,0.39270718,1.44050000,2.10499264,1.68743151,2.13074611
282.11800003,0.48229147,0.27367825,1.45840000,2.10618104,1.56363389,2.13720771
282.21799994,0.51473512,0.26102484,1.48240000,2.14117724,1.55200605,2.16491409
282.31799984,0.54925517,0.35471229,1.50450000,2.32966305,1.70755475,2.19832940
282.41799998,0.56117201,0.24240524,1.51640000,2.43579090,1.63310033,2.20566403
282.51799989,0.58389206,0.34679255,1.53050000,2.55731263,1.77718474,2.23379496
282.61800003,0.60763494,0.21908715,1.54930000,2.57822962,1.64834394,2.23248477
282.71799994,0.61922826,0.21266157,1.56240000,2.61600574,1.65243823,2.21021571
282.81799984,0.63808822,0.30904981,1.57750000,2.40454739,1.65628787,2.20754402
282.91799998,0.65216450,0.18797651,1.59030000,2.68513667,1.64229569,2.23228466
283.01799989,0.67926601,0.27573128,1.60550000,2.78962174,1.76114206,2.26182272
283.11800003,0.69017505,0.15693158,1.61430000,2.64852040,1.58126676,2.23498285
283.21799994,0.71604648,0.13518645,1.62630000,2.87643559,1.64069993,2.22372478
283.31799984,0.72549247,0.24953350,1.63650000,2.97180841,1.78957115,2.25307353
283.41799998,0.74047824,0.13449189,1.64630000,2.90717259,1.64253873,2.27839546
283.51899981,0.75807163,0.12115567,1.65930000,3.19695220,1.73856304,2.28650387
283.61899996,0.77786831,0.10740422,1.66630000,3.19593717,1.71644974,2.27418834
283.71899986,0.79595751,0.09108967,1.67430000,3.21791075,1.70169588,2.29234985
283.81900001,0.80030811,0.09871812,1.68230000,3.26638414,1.72705224,2.30535602
283.91899991,0.81506508,0.08207430,1.68730000,3.28122552,1.71044233,2.27986233
284.01899981,0.82772938,0.07301681,1.69520000,3.40480454,1.74594880,2.29160998
284.11899996,0.84746727,0.06092718,1.69730000,3.38789321,1.71913404,2.27849783
284.21899986,0.86163897,0.05462582,1.69930000,3.32354603,1.68128490,2.30276593
284.31900001,0.86602547,0.06259264,1.70720000,3.27732599,1.66891874,2.26005438
284.41899991,0.87847258,0.05079631,1.70330000,3.27619575,1.65166722,2.26017490
284.51899981,0.88432538,0.04469088,1.70320000,3.14085961,1.58883410,2.25020879
284.61899996,0.89371570,0.02891868,1.69630000,3.46151097,1.69812214,2.24955872
284.71899986,0.90268084,0.02497030,1.69520000,3.48588516,1.70036489,2.23514764
284.81999993,0.90627596,0.03259479,1.70220000,3.45212917,1.69298224,2.26082757
284.91999984,0.91556905,0.02512519,1.69530000,3.25951827,1.60439050,2.26740711
285.01999998,0.92387955,0.01911070,1.68720000,3.25705739,1.59404822,2.23433277
285.11999989,0.93088149,0.00736940,1.67220000,3.02342586,1.48562384,2.25070567
285.22000003,0.93186758,0.00342041,1.66830000,2.92416317,1.44139632,2.21805573
285.31999993,0.93492483,0.00402089,1.66720000,2.95018248,1.45122262,2.21616937
285.41999984,0.92120028,0.02431413,1.64020000,3.04748327,1.51612426,2.18244366
285.51999998,0.90952411,0.03870955,1.62620000,3.13433942,1.57010856,2.15998829
285.61999989,0.89537875,0.05965257,1.60210000,3.07258343,1.57192231,2.16680688
285.72000003,0.87601804,0.07604768,1.58910000,3.14638164,1.62574734,2.15465576
285.81999993,0.87464694,0.07176095,1.59520000,2.94523209,1.54119249,2.16636954
285.91999984,0.83826929,0.11758890,1.54310000,3.02077461,1.63198836,2.12185127
286.01999998,0.82166590,0.13332835,1.52800000,2.68881157,1.52102081,2.12119403
286.12099981,0.79715872,0.16796021,1.49200000,2.64069521,1.54616684,2.08890511
286.22099996,0.77992549,0.18705040,1.48300000,2.64602328,1.57432184,2.10174366
286.32099986,0.76898573,0.19556809,1.47800000,2.55782046,1.55179633,2.08846631
286.42100000,0.74110725,0.23571709,1.43690000,2.47615308,1.57033372,2.04898968
286.52099991,0.72789290,0.25257509,1.41690000,2.55672471,1.62487359,2.05151591
286.62099981,0.71205827,0.27955537,1.38290000,2.30777567,1.55819183,1.95739650
286.72099996,0.69609260,0.29953081,1.36180000,2.41107819,1.62608752,1.94085210
286.82099986,0.68044873,0.31264641,1.35280000,2.44140774,1.65767459,1.92269072
286.92100000,0.65907882,0.35307621,1.31380000,2.40891675,1.69363610,1.90261611
287.02099991,0.64261124,0.38502302,1.27970000,2.39274052,1.72569996,1.88663966
287.12099981,0.63447664,0.39838283,1.26370000,2.13406606,1.63839643,1.87647062
287.22099996,0.61512157,0.42633604,1.23270000,2.01573845,1.62658390,1.86185479
287.32099986,0.59140030,0.45530361,1.19560000,2.07617430,1.68936459,1.84418290
287.42100000,0.58054948,0.46714784,1.18260000,2.03763769,1.69008506,1.86668857
287.52199984,0.57197943,0.48470520,1.16360000,2.00917948,1.69965165,1.83943392
287.62199998,0.56256715,0.50822458,1.13660000,1.99254623,1.72026974,1.82785113
287.72199988,0.54485651,0.53212031,1.10260000,2.05639796,1.77693607,1.78568899
287.82200003,0.53759363,0.54522655,1.09160000,2.03012211,1.78240317,1.79448325
287.92199993,0.52618030,0.56371680,1.07160000,2.06895120,1.82108011,1.76870431
288.02199984,0.51101351,0.58361361,1.04450000,1.91883121,1.78675465,1.74730246
288.12199998,0.50201338,0.59821538,1.02740000,1.98053035,1.82976238,1.74142414
288.22199988,0.49069235,0.62081802,1.00040000,1.89151519,1.82114863,1.68739042
288.32200003,0.48439499,0.62843789,0.99340000,1.90461604,1.83656242,1.68941703
288.42199993,0.47133752,0.66099994,0.96040000,1.98224272,1.90556006,1.68344795
288.52199984,0.46444849,0.67739313,0.94440000,1.91547771,1.89789594,1.66999421
288.62199998,0.45331678,0.70263166,0.91430000,1.88124702,1.91385363,1.64959240
288.72199988,0.44187697,0.71926250,0.89430000,1.98673605,1.97746481,1.59977131
288.82299995,0.44005712,0.71894714,0.89530000,2.02660367,1.99389888,1.59149181
288.92299986,0.42450706,0.74309570,0.85930000,1.85259072,1.95437931,1.54903122
289.02300000,0.41643527,0.76142035,0.83630000,1.88346623,1.98835243,1.49886904
289.12299991,0.41013788,0.78319922,0.81330000,1.86902265,2.00685828,1.47068404
289.22299981,0.40965345,0.79278103,0.80520000,1.81106803,1.99334939,1.47495079
289.32299995,0.40793005,0.80016078,0.80020000,1.89170115,2.03381881,1.48942031
289.42299986,0.39483079,0.82895514,0.77220000,1.89965917,2.07107368,1.47132670
289.52300000,0.38913123,0.84439871,0.76010000,1.82769991,2.05989505,1.42861336
289.62299991,0.37823473,0.86996149,0.73820000,1.78938479,2.07444142,1.38447168
289.72299981,0.37348911,0.87736019,0.73320000,1.82590148,2.09841873,1.40461317
289.82299995,0.36892438,0.88594669,0.72710000,1.84784509,2.11765591,1.41352866
289.92299986,0.36621244,0.90391905,0.70610000,1.95372191,2.17925768,1.41467317
290.02300000,0.35979845,0.92232203,0.68710000,1.85503786,2.16058786,1.38478714
290.12399983,0.35721090,0.92733956,0.68210000,1.91343732,2.19010910,1.38997503
290.22399998,0.35212883,0.94421795,0.67200000,1.89144440,2.20019296,1.39743201
290.32399988,0.34825808,0.94986159,0.66910000,1.90115838,2.21129474,1.39143375
290.42400002,0.34267596,0.97023161,0.65900000,1.94580807,2.25184719,1.37482914
290.52399993,0.34089929,0.97788897,0.65300000,1.99768581,2.28106213,1.36057635
290.62399983,0.33893229,0.98327789,0.64200000,1.91331352,2.25334177,1.37239680
290.72399998,0.33919748,0.98874242,0.63400000,1.74407623,2.19070263,1.36868273
290.82399988,0.33543240,0.99318501,0.62900000,1.91349846,2.26472941,1.38090978
290.92400002,0.33058060,1.00339840,0.60900000,1.85847596,2.25478493,1.37941401
291.02399993,0.32892122,1.00463612,0.60600000,1.93693506,2.28821310,1.38985138
291.12399983,0.32709636,1.00942496,0.60200000,1.98262316,2.31209197,1.37234098
291.22399998,0.32818981,1.01631618,0.59700000,2.04416604,2.34327091,1.38204535
291.32399988,0.32690853,1.02156168,0.58900000,1.93253674,2.30418015,1.34754294
291.42499995,0.32028352,1.03362516,0.57300000,1.98856428,2.34141653,1.31625276
291.52499986,0.31705041,1.03749210,0.56700000,2.00032798,2.35130898,1.27054156
291.62500000,0.31970231,1.04770060,0.55590000,2.04679080,2.37912008,1.25373234
291.72499990,0.32183703,1.05169881,0.54890000,2.09677455,2.40234335,1.25527500
291.82499981,0.31769770,1.05375949,0.53700000,1.95726586,2.35001455,1.23355271
291.92499995,0.31416520,1.05694491,0.52490000,1.99342188,2.36914626,1.23080624
292.02499986,0.31157793,1.06312694,0.51090000,2.08584739,2.41350306,1.21859382
292.12500000,0.30748850,1.06207020,0.51090000,2.12945751,2.43161132,1.22238931
292.22499990,0.31269509,1.08030218,0.50090000,2.11964148,2.44380742,1.20611057
292.32499981,0.31511401,1.09049037,0.49690000,2.37512331,2.55567268,1.18891736
292.42499995,0.31793317,1.09967066,0.49090000,2.39962916,2.57356637,1.14069845
292.52499986,0.31485517,1.10111813,0.48890000,2.47708202,2.60736999,1.15330382
292.62500000,0.31237152,1.10545106,0.47780000,2.35910395,2.56529892,1.15410796
292.72499990,0.31218002,1.11444557,0.46680000,2.38906255,2.58640730,1.14915781
292.82599998,0.30984945,1.12136083,0.46680000,2.37319252,2.58788260,1.13031881
292.92599988,0.30925974,1.12744151,0.46080000,2.37835145,2.59627300,1.12591268
293.02600002,0.30816581,1.13106741,0.45580000,2.42898301,2.62068146,1.10622397
293.12599993,0.30662615,1.13482961,0.44880000,2.61018310,2.69786589,1.11655886
293.22599983,0.30583564,1.13909160,0.44480000,2.52336854,2.66756465,1.09444873
293.32599998,0.30275152,1.14509106,0.43890000,2.59125237,2.70207801,1.06749743
293.42599988,0.29973725,1.15286114,0.42880000,2.39291108,2.63136847,1.04796166
293.52600002,0.29706400,1.15906077,0.41980000,2.52713103,2.69256985,1.04302788
293.62599993,0.29844912,1.16928979,0.40380000,2.41429413,2.65690609,1.03331939
293.72599983,0.30073401,1.17509736,0.39780000,2.41968230,2.66396051,1.02110713
293.82599998,0.29731415,1.17656602,0.39880000,2.49968846,2.69894855,1.00547309
293.92599988,0.29569570,1.17838884,0.38480000,2.42480567,2.67133481,1.00096972
294.02600002,0.29467129,1.18023828,0.37070000,2.48984773,2.69972881,0.96015773
294.12699986,0.29768678,1.18809302,0.35480000,2.39343336,2.66763406,0.93612446
294.22700000,0.29917778,1.19492147,0.35180000,2.39080339,2.67280676,0.94372919
294.32699990,0.29719739,1.20040633,0.34870000,2.45177244,2.70358381,0.94239939
294.42699981,0.29965545,1.20788367,0.33470000,2.44265176,2.70640897,0.95574265
294.52699995,0.29922394,1.21156123,0.32580000,2.32943822,2.66477232,0.97846071
294.62699986,0.30090009,1.21548941,0.31480000,2.41305548,2.70162327,0.97299844
294.72700000,0.30513866,1.22081075,0.29980000,2.26073583,2.64404175,0.95222350
294.82699990,0.30125552,1.22234464,0.30180000,2.34419976,2.68067044,0.96513816
294.92699981,0.30753537,1.22899178,0.28080000,2.40144110,2.70779319,0.95675358
295.02699995,0.30876928,1.23183264,0.27670000,2.33079900,2.68175530,0.94408533
295.12699986,0.30964654,1.23953175,0.26570000,2.43605597,2.73139268,0.96093665
295.22700000,0.30855162,1.24180157,0.26270000,2.41133800,2.72417110,0.97907641
295.32699990,0.30720178,1.24567452,0.25870000,1.98510756,2.74417865,0.96835087
295.42799997,0.30906333,1.33632772,0.24260000,1.88501058,2.76200433,0.92490246
295.52799988,0.31243779,1.26983548,0.23270000,1.83609533,2.65816230,0.92590941
295.62800002,0.31321711,1.35814188,0.21360000,1.86671274,2.76778162,0.90545024
295.72799993,0.31445770,1.36418049,0.20850000,1.92369630,2.81363663,0.89303072
295.82799983,0.31845149,1.29994303,0.19170000,1.93162406,2.75220916,0.88167095
295.92799997,0.31492800,1.38641745,0.17760000,1.91577692,2.82988097,0.88122249
296.02799988,0.31737262,1.31880155,0.16960000,1.79625073,2.67514305,0.88598095
296.12800002,0.31790158,1.41083251,0.15760000,1.71090171,2.70583260,0.88905271
296.22799993,0.32221060,1.43046705,0.14250000,1.69973062,2.71440992,0.84089435
296.32799983,0.32360087,1.36643455,0.13260000,1.69872486,2.64866597,0.86454044
296.42799997,0.31811983,1.46208502,0.11040000,1.60611026,2.68207819,0.83690648
296.52799988,0.32354306,1.39264384,0.09060000,1.58880802,2.59640452,0.83385518
296.62800002,0.32112269,1.47653331,0.08040000,1.07521845,2.77216223,0.82375706
296.72899985,0.31892205,1.48374219,0.06750000,1.08318275,2.69652763,0.80486359
296.82900000,0.31684368,1.49208360,0.06140000,1.06143594,2.71849048,0.79341909
296.92899990,0.31136615,1.49984232,0.03850000,1.06836763,2.73228363,0.79193853
297.02899981,0.31124085,1.51218050,0.01940000,1.06405613,2.79231471,0.76433334
297.12899995,0.31102005,1.52081054,0.00840000,1.05445955,2.83244110,0.75160570
297.22899985,0.31223539,1.53837022,0.01160000,1.05239607,2.86380565,0.75514691
297.32900000,0.31383408,1.54261470,0.01860000,1.09569822,2.85763564,0.74172139
297.42899990,0.31392478,1.55275450,0.03270000,1.06763034,2.82789674,0.74661888
297.52899981,0.31363394,1.55714922,0.04260000,1.06577708,2.80695712,0.77411348
297.62899995,0.31637705,1.57090651,0.06060000,1.06462536,2.87203147,0.77520910
297.72899985,0.32061211,1.58119738,0.07360000,1.06635798,2.90727838,0.77902023
297.82900000,0.32224217,1.58162001,0.07570000,1.07315698,2.85696038,0.78868899
297.92899990,0.32511303,1.59717063,0.08870000,1.05346667,2.92405241,0.78466001
298.02999997,0.32907136,1.60651627,0.10470000,1.05735315,2.95975465,0.80773144
298.12999988,0.33131528,1.61510676,0.12670000,1.07607575,2.90669100,0.84100860
298.23000002,0.33615323,1.61961752,0.13270000,1.07093018,2.94624728,0.83657015
298.32999992,0.33788784,1.61919597,0.13460000,1.09331160,2.91268495,0.83451541
298.42999983,0.34109262,1.62914115,0.15270000,1.10913203,2.93737306,0.85483226
298.52999997,0.34091494,1.63070369,0.15870000,1.09109724,2.93330474,0.91139151
298.62999988,0.33430731,1.63671161,0.17870000,1.09307579,2.89943470,0.93038300
298.73000002,0.33241188,1.64047104,0.18980000,1.06880482,2.89016819,0.92472672
298.82999992,0.33249373,1.64000175,0.19170000,1.07513195,2.88101988,0.94903672
298.92999983,0.33139050,1.64807696,0.20370000,1.07645126,2.92289782,0.92729935
299.02999997,0.32975328,1.65571458,0.21470000,1.07797303,2.93661887,0.92586016
299.12999988,0.32708729,1.66072216,0.21970000,1.11251234,2.91134854,0.90280403
299.23000002,0.32526495,1.66353224,0.22470000,1.12275352,2.90547327,0.90327193
299.32999992,0.32423327,1.66134063,0.22580000,1.12453749,2.91240551,0.91712178
299.43099999,0.31333907,1.66940858,0.24880000,1.10590749,2.92413594,0.93900194
299.53099990,0.31047147,1.67092259,0.25180000,1.13248275,2.93137750,0.94959267
299.63099980,0.30357651,1.67525161,0.26680000,1.09136841,2.89766082,0.94941162
299.73099995,0.29951158,1.68207031,0.27680000,1.09734659,2.90206864,0.95937069
299.83099985,0.29345494,1.68323948,0.28480000,1.07586109,2.92764669,0.99741764
299.93099999,0.28062101,1.69059821,0.29970000,1.06622772,2.91697699,1.00663508
300.03099990,0.27132860,1.69521995,0.31080000,1.04856928,2.95066985,1.02821260
300.13099980,0.26271779,1.70244933,0.31980000,1.03375420,3.01721427,1.02959819
300.23099995,0.25741133,1.71396768,0.32780000,1.01098884,3.00474138,1.05787672
300.33099985,0.24921810,1.72654327,0.33180000,1.00783334,3.04635286,1.04804464
300.43099999,0.24289018,1.73597357,0.33690000,0.98949355,3.06232955,1.08352531
300.53099990,0.23696326,1.73843794,0.34090000,1.00394358,3.01701938,1.08763424
300.63099980,0.22517948,1.74563721,0.34990000,1.00676027,3.06096376,1.10515605
300.73199987,0.21594494,1.75018045,0.35580000,0.98950577,3.07620491,1.11356251
300.83200002,0.20290035,1.75566607,0.36290000,0.97301842,3.14496531,1.12773346
300.93199992,0.19199742,1.76241922,0.36990000,0.96065448,3.16747588,1.13232898
301.03199983,0.18436887,1.76786944,0.37190000,0.97914318,3.14575795,1.12447309
301.13199997,0.17547913,1.77206281,0.37590000,0.97803179,3.18040022,1.12056038
301.23199987,0.16448889,1.77843170,0.38490000,0.96381646,3.16318900,1.12765980
301.33200002,0.15913457,1.78535819,0.38790000,0.95633549,3.16464943,1.15106270
301.43199992,0.15093019,1.79171549,0.39390000,0.93446660,3.14018734,1.15412196
301.53199983,0.14481705,1.79550578,0.39300000,0.89794632,3.14073266,1.14239907
301.63199997,0.13641733,1.80430614,0.39690000,0.89131198,3.10613501,1.13285238
301.73199987,0.12993530,1.81495497,0.40100000,0.87047715,3.03993358,1.14247248
301.83200002,0.12705536,1.82119465,0.40300000,0.85379995,3.03341528,1.14101006
301.93199992,0.11892004,1.82645773,0.40590000,0.83497641,3.07870635,1.13501352
302.03299999,0.11041478,1.83236002,0.40800000,0.83680058,3.13967135,1.16540165
302.13299990,0.10455135,1.83605121,0.41490000,0.81417868,3.18353709,1.17458081
302.23299980,0.10454430,1.84071222,0.41700000,0.83413058,3.20902975,1.16971573
302.33299994,0.10403712,1.84476997,0.41900000,0.84612296,3.23885084,1.15463955
302.43299985,0.10313579,1.85208891,0.42200000,0.83527250,3.23015952,1.18354460
302.53299999,0.10352641,1.85599956,0.42600000,0.81381218,3.21825473,1.17366621
302.63299990,0.09790300,1.85835464,0.42810000,0.80185347,3.21193400,1.17344486
302.73299980,0.09414522,1.86193561,0.43210000,0.76675699,3.20287357,1.18053582
302.83299994,0.09512471,1.86302709,0.43100000,0.74387184,3.10652640,1.15083456
302.93299985,0.08886453,1.86618554,0.42800000,0.74617176,3.12323238,1.11420991
303.03299999,0.08720094,1.86848548,0.42810000,0.73414606,3.13276172,1.10785167
303.13299990,0.08547736,1.87049772,0.42910000,0.75924423,3.13065077,1.10253173
303.23299980,0.08465458,1.87207956,0.42600000,0.75965131,3.21320143,1.10381876
303.33299994,0.08356325,1.87300501,0.42410000,0.78553940,3.18716418,1.09549379
303.43400002,0.08828924,1.87755838,0.43400000,0.78783226,3.21591301,1.14511847
303.53399992,0.08721010,1.87848431,0.43300000,0.77637264,3.26959475,1.09905143
303.63399982,0.20615370,1.91489840,0.56510000,0.88149823,3.32818416,1.20312224
303.73399997,0.20450655,1.91578580,0.56410000,0.88242852,3.41243202,1.21227862
303.83399987,0.20328540,1.91659554,0.56200000,0.83457170,3.37452011,1.21156700
303.93400002,0.23227851,1.92206699,0.59010000,0.85699217,3.44736241,1.24149481
304.03399992,0.26999798,1.92885640,0.62310000,0.94531267,3.42959255,1.25775991
304.13399982,0.29862504,1.93102828,0.65100000,0.93156888,3.42790779,1.30068873
304.23399997,0.29756604,1.93238862,0.65110000,0.92795986,3.43250064,1.27514394
304.33399987,0.29583081,1.93366700,0.64810000,0.93043801,3.43464123,1.25291602
304.43400002,0.29751568,1.93035022,0.64710000,0.92336481,3.50520999,1.21834196
304.53399992,0.29519310,1.93054282,0.64710000,0.92601741,3.46486263,1.22443768
304.63499999,0.29520448,1.93031925,0.64810000,0.94417541,3.49575870,1.22578691
304.73499990,0.29626611,1.92755537,0.64610000,0.90794794,3.47025382,1.20969878
304.83499980,0.29315395,1.92606452,0.65010000,0.90858531,3.37251705,1.22697739
304.93499994,0.29063688,1.92394151,0.65200000,0.92653159,3.41877649,1.22546239
305.03499985,0.28566303,1.92393015,0.65110000,0.90540213,3.34284254,1.24383670
305.13499999,0.28071073,1.92327745,0.65900000,0.89983012,3.33376245,1.25966610
305.23499990,0.27667354,1.92127469,0.65910000,0.92103597,3.31983225,1.26675100
305.33499980,0.27431915,1.91876324,0.65910000,0.92237965,3.26726015,1.29192449
305.43499994,0.27298213,1.91750558,0.66010000,0.91846293,3.18571623,1.30643287
305.53499985,0.27085304,1.92069681,0.66110000,0.90744957,3.30846554,1.29234256
305.63499999,0.26362478,1.91858759,0.66610000,0.87183022,3.33873000,1.28759277
305.73499990,0.25934028,1.91615076,0.66710000,0.83911546,3.34341926,1.30110913
305.83499980,0.25449950,1.91599667,0.67110000,0.83314891,3.34630319,1.30765400
305.93599987,0.24889155,1.91670761,0.67400000,0.83079283,3.40146623,1.35149288
306.03600001,0.24451873,1.91770091,0.67310000,0.84473039,3.45936148,1.34988394
306.13599992,0.24090151,1.91863818,0.67310000,0.83880908,3.50264952,1.34767104
306.23599982,0.23972568,1.91829270,0.67300000,0.83949831,3.50890305,1.33861699
306.33599997,0.23631492,1.91974029,0.67510000,0.84580018,3.44725718,1.33323861
306.43599987,0.23355391,1.92159066,0.67710000,0.81871725,3.40965777,1.33504593
306.53600001,0.23434454,1.91746510,0.67510000,0.80692873,3.36571483,1.30994493
306.63599992,0.23764539,1.91467708,0.67210000,0.80897512,3.32961472,1.34268074
306.73599982,0.23979212,1.91150193,0.67300000,0.79761728,3.32982372,1.35065709
306.83599997,0.23763704,1.90791008,0.67100000,0.79399330,3.26490287,1.33279494
306.93599987,0.23402824,1.90653898,0.67110000,0.82225537,3.24073736,1.35820290
307.03600001,0.23200698,1.90460310,0.66900000,0.81646913,3.16113306,1.35875477
307.13599992,0.23249650,1.90593623,0.67010000,0.83962729,3.18285041,1.38687392
307.23699999,0.22950087,1.90385557,0.66810000,0.85043369,3.19806708,1.38774127
307.33699989,0.22612840,1.90566065,0.66800000,0.85444715,3.21572248,1.39815337
307.43699980,0.22425610,1.89508235,0.67000000,0.83374988,3.16720942,1.42354693
307.53699994,0.22246355,1.88981758,0.66800000,0.85732140,3.12921887,1.42600954
307.63699985,0.22384516,1.89039959,0.66800000,0.85331078,3.09836530,1.44412622
307.73699999,0.22281425,1.89089833,0.66500000,0.83441669,3.09152686,1.46564241
307.83699989,0.22153390,1.89237765,0.66700000,0.88374791,3.13624272,1.49585002
307.93699980,0.22069310,1.89230938,0.66800000,0.86337683,3.13786049,1.48261536
308.03699994,0.21598682,1.89524041,0.66600000,0.83555006,3.13565520,1.49308158
308.13699985,0.22111150,1.89202786,0.66800000,0.84590453,3.14623951,1.47234283
308.23699999,0.22659942,1.89359445,0.66800000,0.84115800,3.24597722,1.43987963
308.33699989,0.22565561,1.89358549,0.66600000,0.82387622,3.25688278,1.44003491
308.43699980,0.23262559,1.88096642,0.67000000,0.82212389,3.23384839,1.42273748
308.53699994,0.23510717,1.87928066,0.67300000,0.80631422,3.23459387,1.43103651
308.63800001,0.23843639,1.87883510,0.67200000,0.83487986,3.30909693,1.42245796
308.73799992,0.24187112,1.88022530,0.67100000,0.84483378,3.30772669,1.42752882
308.83799982,0.24770825,1.88476819,0.67400000,0.86232190,3.31509504,1.41627816
308.93799996,0.25603372,1.88794028,0.67500000,0.87704204,3.36450866,1.41543521
309.03799987,0.26381267,1.89515608,0.68100000,0.90155655,3.36817365,1.40232644
309.13800001,0.26920091,1.90039078,0.68400000,0.91745799,3.39446384,1.41865687
309.23799992,0.27329137,1.90327238,0.68300000,0.94506644,3.35748261,1.43180009
309.33799982,0.28028507,1.90630687,0.68600000,0.94553690,3.37233158,1.44780213
309.43799996,0.28558742,1.90749222,0.68900000,0.96886685,3.37938671,1.43606198
309.53799987,0.29220870,1.90606455,0.69100000,0.99034763,3.32616439,1.43608857
309.63800001,0.29939793,1.90853142,0.69310000,1.02331226,3.32496427,1.42623694
309.73799992,0.30666215,1.91261271,0.69410000,1.03757300,3.36846568,1.43109814
309.83899999,0.31264713,1.91582721,0.69510000,1.02533204,3.41039714,1.44301828
309.93899989,0.31820451,1.92027221,0.69610000,1.00351778,3.37550242,1.42320029
310.03900003,0.32600304,1.92527451,0.69710000,1.00298169,3.38552550,1.39119287
310.13899994,0.33367250,1.93065502,0.69710000,1.01570876,3.29950784,1.39143412
310.23899984,0.34200328,1.93626287,0.69910000,1.00588992,3.28649695,1.36957564
310.33899999,0.34535632,1.93973954,0.70210000,1.04357322,3.32508174,1.38708429
310.43899989,0.35190396,1.94314957,0.70310000,1.05551725,3.38913867,1.39549073
310.53900003,0.35975452,1.94584377,0.70410000,1.07506003,3.32163036,1.37972554
310.63899994,0.36593422,1.94785925,0.70710000,1.09392238,3.30714621,1.36304028
310.73899984,0.37477677,1.95290225,0.71010000,1.10231826,3.23538762,1.34444623
310.83899999,0.37855629,1.95821687,0.71510000,1.11846410,3.25360887,1.31031322
310.93899989,0.38864443,1.96178471,0.71610000,1.09934552,3.28941370,1.27234881
311.03900003,0.39901353,1.96576613,0.71710000,1.14297924,3.19381447,1.27899597
311.13899994,0.40546659,1.96914371,0.72010000,1.16771320,3.20817730,1.28384429
311.24000001,0.41141317,1.97615357,0.72410000,1.21145257,3.27065911,1.29523875
311.33999991,0.42079063,1.98129284,0.72610000,1.24290083,3.35507129,1.32796048
311.43999982,0.42732645,1.98616095,0.72710000,1.24527928,3.34938624,1.32410793
311.53999996,0.44241921,1.99239783,0.72610000,1.24681452,3.34724398,1.35106544
311.63999987,0.45062666,1.99724820,0.73110000,1.24309455,3.42916454,1.35421329
311.74000001,0.45854650,2.00332401,0.73410000,1.23261935,3.44141172,1.37492696
311.83999991,0.46914095,2.01034353,0.73510000,1.22716281,3.42887776,1.36162008
311.93999982,0.47673614,2.01604780,0.74010000,1.22657476,3.44275139,1.38607194
312.03999996,0.48871788,2.02446280,0.74110000,1.25141871,3.49003333,1.39513400
312.13999987,0.49799451,2.03039526,0.74410000,1.24617113,3.54592095,1.39706715
312.24000001,0.50592464,2.03357868,0.74510000,1.25868316,3.51103799,1.41278885
312.33999991,0.51173313,2.03965586,0.74710000,1.26724042,3.41536329,1.41846031
312.43999982,0.51543233,2.03965715,0.74910000,1.26401141,3.44114918,1.41570180
312.54099989,0.51705054,2.04120589,0.74910000,1.25373279,3.39223133,1.45293387
312.64100003,0.51816731,2.04010916,0.75210000,1.24206639,3.35795917,1.46780845
312.74099994,0.51950058,2.03735294,0.75510000,1.24824141,3.35395150,1.46571699
312.84099984,0.52147268,2.03479460,0.75510000,1.26253385,3.38854871,1.45732287
312.94099998,0.52442088,2.03534067,0.75610000,1.29012527,3.40117422,1.43270215
313.04099989,0.52479380,2.03529764,0.75810000,1.32093248,3.32998239,1.44432300
313.14100003,0.52634582,2.03445921,0.76010000,1.32462251,3.35731068,1.45103694
313.24099994,0.52722664,2.03497317,0.76110000,1.31505855,3.39793185,1.43778360
313.34099984,0.53176915,2.03395114,0.76010000,1.29171159,3.40850914,1.44337066
313.44099998,0.53306946,2.03581664,0.76110000,1.27884567,3.38029275,1.41647597
313.54099989,0.53405059,2.03573065,0.76210000,1.26621570,3.42176333,1.41837846
313.64100003,0.53540375,2.03703807,0.76610000,1.28435934,3.40972238,1.45364969
313.74099994,0.53642363,2.03559400,0.76810000,1.26507355,3.37934411,1.48010466
313.84200001,0.53930491,2.03520896,0.76810000,1.28765449,3.35401577,1.50165817
313.94199991,0.54091532,2.03317816,0.77110000,1.28673206,3.32242437,1.52711082
314.04199982,0.54029075,2.03110675,0.77410000,1.30073264,3.28631161,1.55765142
314.14199996,0.54270428,2.03055794,0.77510000,1.27456256,3.32246515,1.55817071
314.24199986,0.54430024,2.02836012,0.77710000,1.26414177,3.32414730,1.56337340
314.34200001,0.54406043,2.02690324,0.77210000,1.24997194,3.31791357,1.53858113
314.44199991,0.54662263,2.02683156,0.76110000,1.25356300,3.32386740,1.50211209
314.54199982,0.54944972,2.02648608,0.74310000,1.26681757,3.31127801,1.47558074
314.64199996,0.54961565,2.02458171,0.72110000,1.26322875,3.30446654,1.41609611
314.74199986,0.54960320,2.02246278,0.69710000,1.29866669,3.22435052,1.39375443
314.84200001,0.55061499,2.01889865,0.67710000,1.31973818,3.22162759,1.35674986
314.94199991,0.55421736,2.01580023,0.65610000,1.32487951,3.23655729,1.34564176
315.04199982,0.55639738,2.01253106,0.63810000,1.34564925,3.24753505,1.34690772
315.14299989,0.55713869,2.01098819,0.62310000,1.30920273,3.22584428,1.30574630
315.24300003,0.55958752,2.01002853,0.60810000,1.30198019,3.22908439,1.28334119
315.34299994,0.55880190,2.00891605,0.59710000,1.27296469,3.22103811,1.25988843
315.44299984,0.56196795,2.00492868,0.58410000,1.25822511,3.26607108,1.24282255
315.54299998,0.56463127,2.00425681,0.57210000,1.25877716,3.29888362,1.22615274
315.64299989,0.56417369,2.00589712,0.56510000,1.24223731,3.42850220,1.19806433
315.74300003,0.56758830,2.00304875,0.55510000,1.27520023,3.41091957,1.18109932
315.84299994,0.56939924,1.99807002,0.55110000,1.26802297,3.39246698,1.19250658
315.94299984,0.57222128,1.99724171,0.54210000,1.26356721,3.40285581,1.18641868
316.04299998,0.57504045,1.99672961,0.53410000,1.27573509,3.42578562,1.21873802
316.14299989,0.57623649,1.99386264,0.52810000,1.25136703,3.51345630,1.18921407
316.24300003,0.57799720,1.99213752,0.52110000,1.27310355,3.53801930,1.18835577
316.34299994,0.57711567,1.99225454,0.51610000,1.29128894,3.41410908,1.19798124
316.44400001,0.57969500,1.98965480,0.51210000,1.32835669,3.40266774,1.18804983
316.54399991,0.58140313,1.98960700,0.50610000,1.32328150,3.35425029,1.23723458
316.64399981,0.58117190,1.98720148,0.50310000,1.32822166,3.39668954,1.22037906
316.74399996,0.58179187,1.98508828,0.50010000,1.32118582,3.37216406,1.18564880
316.84399986,0.58073878,1.97922807,0.49610000,1.31874676,3.36346083,1.17732724
316.94400001,0.58199718,1.97987216,0.49210000,1.32769342,3.34109478,1.17469359
317.04399991,0.58378172,1.97837035,0.48810000,1.31721269,3.34947718,1.17427518
317.14399981,0.58360871,1.97302432,0.48610000,1.32143340,3.39962200,1.15751819
317.24399996,0.58573050,1.97269565,0.48210000,1.35590000,3.49690574,1.18012223
317.34399986,0.58496142,1.97031689,0.48010000,1.34537229,3.50261257,1.16668767
317.44400001,0.58612856,1.96722806,0.47810000,1.35874689,3.43936072,1.17490247
317.54399991,0.58738023,1.96512080,0.47510000,1.33461269,3.38553283,1.17935119
317.64399981,0.58819795,1.96212391,0.47610000,1.33198161,3.36450879,1.18955768
317.74499989,0.58953062,1.96162998,0.47210000,1.35253530,3.36733227,1.19733913
317.84500003,0.58900136,1.96070809,0.47010000,1.35357525,3.34441866,1.22107857
317.94499993,0.59151077,1.95956048,0.46610000,1.34939084,3.30916271,1.21386923
318.04499984,0.59496237,1.95905409,0.46400000,2.05257376,3.30020508,1.21867918
318.14499998,0.59549486,1.95659091,0.46600000,2.04632035,3.29289483,1.20271315
318.24499989,0.59585290,1.95491962,0.46700000,1.97137688,3.23743676,1.22047259
318.34500003,0.59669737,1.95246059,0.46700000,2.04358215,3.28594971,1.22101204
318.44499993,0.59795336,1.95003667,0.46600000,2.05679575,3.29206695,1.21224756
318.54499984,0.59896411,1.95017231,0.46400000,2.08513643,3.31172396,1.20394727
318.64499998,0.60013725,1.94983505,0.46400000,2.06666827,3.29735721,1.24000762
318.74499989,0.60130680,1.94981424,0.46200000,1.93464998,3.20220223,1.23295135
318.84500003,0.60232613,1.94900124,0.46300000,1.97299848,3.22805291,1.24223424
318.94499993,0.60354106,1.94762054,0.46300000,1.99874679,3.24419606,1.25423964
319.04600000,0.60451646,1.94816697,0.46100000,1.99349457,3.24029419,1.25113318
319.14599991,0.60514244,1.94880535,0.46100000,2.10958271,3.32340554,1.23132162
319.24599981,0.60594299,1.94770575,0.46200000,2.07434257,3.29656259,1.23062910
319.34599996,0.60687632,1.94591162,0.46000000,2.09299024,3.30742156,1.21717157
319.44599986,0.60849172,1.94213134,0.46200000,2.17465155,3.36081693,1.22984605
319.54600000,0.60945539,1.94055862,0.46200000,2.15942304,3.34767837,1.23638632
319.64599991,0.61003072,1.93980508,0.46400000,2.26178544,3.41962988,1.19347773
319.74599981,0.61047298,1.93636206,0.46500000,2.23738131,3.39843944,1.20480322
319.84599996,0.61166615,1.93381131,0.46500000,2.30334816,3.44215560,1.21426825
319.94599986,0.61305807,1.93376065,0.46400000,2.30713069,3.44381253,1.21548901
320.04600000,0.61465417,1.93219365,0.46400000,2.35573379,3.47582196,1.18898934
320.14599991,0.61466561,1.93092879,0.46200000,2.41307172,3.51550459,1.19242290
320.24599981,0.61586479,1.93112962,0.46600000,2.35736223,3.47505636,1.20372559
320.34699988,0.61647904,1.92964885,0.46500000,2.22174509,3.37626745,1.17248198
320.44700003,0.61749551,1.92915206,0.46600000,2.26810029,3.40815547,1.15601496
320.54699993,0.61790916,1.92887118,0.46700000,2.36579550,3.47736143,1.15375946
320.64699984,0.61875363,1.92641214,0.46900000,2.45959694,3.54130022,1.17038779
320.74699998,0.61911949,1.92442314,0.47100000,2.43724258,3.52308249,1.15358800
320.84699988,0.62030122,1.92313724,0.47100000,2.43706886,3.52082842,1.13099984
320.94700003,0.62063173,1.92155903,0.47300000,2.37181348,3.47240313,1.10631431
321.04699993,0.62141584,1.92235649,0.47300000,2.36862359,3.47036203,1.11979228
321.14699984,0.62190518,1.92062183,0.47400000,2.35693920,3.45993184,1.13493753
321.24699998,0.62217073,1.91923277,0.47400000,2.36167101,3.46173297,1.11940099
321.34699988,0.62244774,1.91657885,0.47500000,2.41367172,3.49602456,1.13263836
321.44700003,0.62327790,1.91570089,0.47500000,2.34051079,3.44229581,1.11843934
321.54699993,0.62411666,1.91387428,0.47600000,2.42085851,3.49726132,1.13639807
321.64800000,0.62579302,1.91392083,0.47700000,2.33449900,3.43442510,1.15607625
321.74799991,0.62630912,1.91272403,0.47800000,2.22213891,3.35260244,1.11355497
321.84799981,0.62784913,1.91378155,0.47800000,2.21710908,3.34896723,1.11839907
321.94799995,0.62886846,1.91296855,0.47900000,2.25076057,3.37146291,1.09691764
322.04799986,0.62980566,1.91424199,0.47900000,2.22761725,3.35553598,1.05526174
322.14800000,0.63089066,1.91323959,0.48000000,2.22319259,3.35059812,1.04281548
322.24799991,0.63255672,1.91085124,0.48100000,2.05364070,3.22591122,1.05239386
322.34799981,0.63214807,1.91049992,0.48000000,2.04355219,3.21864572,1.06991814
322.44799995,0.63641453,1.90731286,0.48200000,2.05665405,3.22176966,1.08078655
322.54799986,0.63762587,1.90624860,0.48200000,2.13566368,3.27627561,1.09801826
322.64800000,0.63797356,1.90277310,0.48500000,2.08520322,3.23650857,1.11205829
322.74799991,0.63855533,1.90138690,0.48700000,2.12431209,3.26264173,1.12924068
322.84799981,0.64036161,1.90105513,0.48800000,2.02971340,3.19344927,1.13777163
322.94899988,0.64171462,1.90173172,0.48700000,2.00039618,3.17221855,1.11845158
323.04900002,0.64264795,1.89993760,0.48800000,1.94432577,3.12970747,1.14605066
323.14899993,0.64397389,1.89669231,0.48900000,1.96693376,3.14166365,1.15622123
323.24899983,0.64485828,1.89688981,0.48900000,1.97557320,3.14740046,1.13281183
323.34899998,0.64596576,1.89674196,0.48900000,2.01887842,3.17739385,1.14126753
323.44899988,0.64769392,1.89448066,0.49100000,1.98822601,3.15200358,1.15284523
323.54900002,0.64954055,1.89310590,0.49000000,1.91058996,3.09385548,1.16323447
323.64899993,0.65001243,1.88988452,0.49100000,1.94791421,3.11695722,1.15817599
323.74899983,0.65137473,1.88961223,0.49200000,1.97024115,3.13165967,1.16013174
323.84899998,0.65332553,1.89070509,0.49100000,1.98974144,3.14528788,1.15971194
323.94899988,0.65513683,1.88974113,0.49400000,1.97713096,3.13402265,1.20154148
324.04900002,0.65618291,1.88946598,0.49300000,1.98814416,3.14086687,1.20238562
324.14899993,0.65820911,1.88572105,0.49390000,1.98146523,3.13090399,1.20646671
324.25000000,0.65955508,1.88026226,0.49590000,1.94884696,3.10118503,1.19107019
324.34999990,0.66108550,1.87888464,0.49490000,1.96864355,3.11285468,1.21952508
324.44999981,0.66322699,1.87295844,0.49790000,1.96512387,3.10288478,1.20966425
324.54999995,0.66532991,1.87114352,0.49990000,1.93676909,3.07931437,1.24336102
324.64999986,0.66764371,1.87056360,0.49890000,2.04215281,3.15235581,1.24865902
324.75000000,0.66916555,1.87013463,0.49890000,1.96361418,3.09474080,1.22572710
324.84999990,0.67024125,1.87008111,0.50090000,1.97996731,3.10559973,1.21062838
324.94999981,0.67107211,1.86920290,0.50290000,1.99531957,3.11509394,1.22911842
325.04999995,0.67249581,1.86905791,0.50190000,2.00487201,3.12075519,1.21794278
325.14999986,0.67307024,1.86762548,0.50390000,2.03049205,3.13721249,1.25460996
325.25000000,0.67430896,1.86439395,0.50590000,1.94085584,3.06907030,1.26833285
325.34999990,0.67590433,1.86282718,0.50590000,2.02756706,3.12830056,1.26285308
325.44999981,0.67593019,1.85930318,0.50890000,2.10715683,3.18160792,1.26394524
325.55099988,0.67722641,1.85651433,0.50990000,2.06246339,3.14596932,1.28671936
325.65100002,0.67825718,1.85443647,0.51090000,1.94281149,3.05768954,1.23479331
325.75099993,0.67892336,1.85367016,0.50990000,2.08318318,3.15671289,1.21955833
325.85099983,0.68060060,1.85407818,0.51390000,2.00285481,3.09854547,1.22669429
325.95099998,0.68207673,1.85464807,0.51290000,2.07493131,3.14954420,1.23089592
326.05099988,0.68365849,1.85466245,0.51190000,2.12403563,3.18350326,1.24196696
326.15100002,0.68639092,1.85722972,0.51090000,2.16547641,3.21371936,1.22215508
326.25099993,0.68731359,1.85602475,0.51190000,2.15730730,3.20602026,1.22134411
326.35099983,0.68779199,1.85217104,0.51390000,2.11186379,3.16936517,1.24077806
326.45099998,0.68959782,1.84881510,0.51590000,2.12995717,3.17764321,1.22641130
326.55099988,0.69011439,1.84725916,0.51590000,2.30355384,3.29971592,1.23704334
326.65100002,0.69107186,1.84667800,0.51890000,2.28376620,3.28431681,1.26678685
326.75099993,0.69116608,1.84296802,0.52390000,2.23059041,3.24255683,1.27281720
326.85200000,0.69094705,1.83929759,0.52690000,2.16390219,3.19140840,1.26043203
326.95199990,0.69233470,1.83992188,0.52790000,2.24819517,3.25125078,1.26679376
327.05199981,0.69295970,1.84051793,0.52690000,2.11635427,3.15722834,1.24858765
327.15199995,0.69337311,1.83685336,0.52890000,2.15635101,3.18183757,1.24300453
327.25199986,0.69430166,1.83573367,0.53190000,2.15184550,3.17683642,1.25188279
327.35200000,0.69515503,1.83566813,0.53090000,2.12581521,3.15756827,1.24531859
327.45199990,0.69545923,1.83355213,0.53190000,2.17604832,3.19111577,1.23436407
327.55199981,0.69650537,1.83327720,0.53290000,2.13113705,3.15801411,1.25082083
327.65199995,0.69719663,1.83034255,0.53590000,2.14081191,3.16149632,1.25429842
327.75199986,0.69856260,1.82975407,0.53490000,2.15034045,3.16673824,1.22613498
327.85200000,0.69922361,1.82659804,0.53790000,2.13842764,3.15460092,1.27258287
327.95199990,0.70043225,1.82585024,0.53690000,2.17539857,3.17939762,1.29794498
328.05199981,0.70188625,1.82592695,0.53590000,2.24762202,3.23002393,1.30295078
328.15299988,0.70248910,1.82571116,0.53890000,2.28222348,3.25409286,1.35472098
328.25300002,0.70414103,1.82490422,0.53890000,2.40095304,3.33691280,1.36843289
328.35299993,0.70350244,1.82214701,0.54090000,2.36938515,3.31206323,1.37636547
328.45299983,0.70566434,1.82140621,0.54190000,2.36531478,3.30687081,1.36636793
328.55299997,0.70703963,1.81923870,0.54190000,2.22994970,3.20703161,1.36369769
328.65299988,0.70678741,1.81566312,0.54390000,2.20671720,3.18704155,1.33914010
328.75300002,0.70730517,1.81446592,0.54290000,2.25793201,3.22205652,1.33052775
328.85299993,0.70663116,1.81211949,0.54390000,2.13499970,3.13238274,1.32964676
328.95299983,0.70845143,1.81020727,0.54790000,2.15956479,3.14671681,1.30500035
329.05299997,0.70865686,1.80900561,0.54790000,2.12942233,3.12383809,1.29414651
329.15299988,0.70791912,1.80621770,0.54990000,2.04007981,3.05776105,1.30675067
329.25300002,0.70852713,1.80536976,0.55190000,2.09088108,3.09276544,1.30994329
329.35299993,0.70836795,1.80214234,0.55390000,2.00920058,3.03130851,1.29420711
329.45400000,0.70853599,1.79765327,0.55490000,1.98149540,3.00690999,1.33714657
329.55399990,0.70975341,1.79595683,0.55580000,1.97916143,3.00267685,1.32250686
329.65399981,0.71056004,1.79422497,0.55680000,2.06779745,3.06368026,1.33014328
329.75399995,0.71156945,1.79499145,0.55580000,2.06099999,3.05887040,1.31674020
329.85399985,0.71237669,1.79262924,0.55680000,2.09947991,3.08341725,1.32959083
329.95400000,0.71314566,1.79162410,0.55780000,2.00541006,3.01467010,1.33826184
330.05399990,0.71423016,1.79062216,0.55680000,2.10567665,3.08451252,1.35105065
330.15399981,0.71410601,1.79036802,0.55780000,2.02336108,3.02555021,1.36041913
330.25399995,0.71383077,1.78593810,0.55980000,2.12414113,3.09330264,1.36017278
330.35399985,0.71480149,1.78404778,0.55880000,2.11736340,3.08587771,1.35265850
330.45400000,0.71590126,1.78083443,0.56080000,2.11980730,3.08362446,1.38591034
330.55399990,0.71675309,1.78112665,0.56080000,2.24969616,3.17608598,1.38634824
330.65399981,0.71737089,1.78271357,0.56180000,2.25987257,3.18450049,1.37673134
330.75499988,0.71792338,1.78110586,0.56280000,2.24135970,3.16927466,1.39343645
330.85500002,0.71888532,1.78016417,0.56280000,2.17420662,3.11967939,1.42831588
330.95499992,0.71931207,1.77798792,0.56680000,2.22420442,3.15291103,1.40648530
331.05499983,0.72018108,1.77976691,0.56680000,2.19970445,3.13656932,1.42633318
331.15499997,0.72125094,1.78034605,0.56880000,2.21850629,3.14981415,1.42748128
331.25499988,0.72113558,1.77914326,0.57080000,2.31501692,3.21762994,1.38873137
331.35500002,0.72067569,1.77464651,0.57380000,2.31776221,3.21542260,1.37681753
331.45499992,0.72103423,1.76959184,0.57580000,2.18861334,3.11786263,1.38477988
331.55499983,0.72191171,1.76703841,0.57580000,2.19839034,3.12166599,1.39415066
331.65499997,0.72146227,1.76434619,0.57780000,2.24628466,3.15350504,1.40885136
331.75499988,0.72195269,1.76261141,0.57880000,2.25273134,3.15602473,1.40686882
331.85500002,0.72291596,1.76103911,0.57980000,2.30203159,3.18897885,1.43610413
331.95499992,0.72438028,1.76048155,0.57980000,2.31480559,3.19649963,1.45339433
332.05599999,0.72444081,1.76029425,0.57880000,2.34493984,3.21779355,1.47565501
332.15599990,0.72479831,1.75925396,0.57980000,2.30423355,3.18742199,1.47174527
332.25599980,0.72496958,1.75783246,0.57980000,2.29001628,3.17572296,1.48369639
332.35599995,0.72504336,1.75669467,0.58280000,2.31031228,3.18902961,1.48177659
332.45599985,0.72634364,1.75629559,0.58180000,2.20523109,3.11264377,1.49736716
332.55599999,0.72717399,1.75541780,0.58080000,2.29094017,3.17239364,1.47016520
332.65599990,0.72829836,1.75400323,0.58180000,2.29788124,3.17513386,1.48258300
332.75599980,0.72928243,1.75360123,0.58380000,2.31638633,3.18724687,1.47251570
332.85599995,0.73065429,1.75175028,0.58380000,2.27041190,3.15157714,1.46336277
332.95599985,0.73174824,1.74979942,0.58280000,2.09309129,3.02218731,1.47326845
333.05599999,0.73277359,1.74835420,0.58380000,2.14196424,3.05491895,1.47723530
333.15599990,0.73376351,1.74731976,0.58580000,2.08306246,3.01110473,1.47503121
333.25599980,0.73309716,1.74803905,0.58680000,2.07348963,3.00546224,1.45837787
333.35699987,0.73394942,1.74431719,0.59080000,2.02915408,2.96946338,1.47172838
333.45700002,0.73475538,1.74258561,0.59080000,2.00066908,2.94680969,1.47512460
333.55699992,0.73563061,1.74034811,0.58980000,2.02787317,2.96337851,1.47273771
333.65699983,0.73573073,1.73636439,0.59280000,2.01541938,2.95042772,1.44780535
333.75699997,0.73646943,1.73513789,0.59180000,2.00993927,2.94475920,1.43331648
333.85699987,0.73715339,1.73346623,0.59280000,1.99734882,2.93360583,1.41280239
333.95700002,0.73788477,1.73255781,0.59480000,2.13384975,3.02967565,1.39552384
334.05699992,0.73904561,1.73348595,0.59480000,2.10022582,3.00575753,1.41943892
334.15699983,0.73981748,1.73216458,0.59580000,2.20982761,3.08217181,1.39362040
334.25699997,0.73963712,1.73115094,0.59680000,2.20669041,3.07904615,1.37513058
334.35699987,0.74045691,1.72846856,0.59780000,2.20669544,3.07578179,1.39132524
334.45700002,0.74055003,1.72818672,0.59780000,2.29429075,3.13800152,1.39281423
334.55699992,0.74077978,1.72720879,0.59680000,2.28121275,3.12751806,1.40026299
334.65799999,0.74130629,1.72506293,0.59780000,2.30787577,3.14404113,1.40667590
334.75799990,0.74256237,1.72602328,0.59580000,2.19148839,3.06097044,1.40513802
334.85799980,0.74261243,1.72403142,0.59980000,2.17650662,3.04824156,1.41532468
334.95799994,0.74399702,1.72524403,0.59780000,2.11497553,3.00451439,1.41999411
335.05799985,0.74506689,1.72582316,0.59680000,2.02836709,2.94246616,1.38589438
335.15799999,0.74618243,1.72441233,0.59680000,2.07433131,2.97309010,1.41635245
335.25799990,0.74588963,1.72187969,0.59870000,2.01907409,2.93129716,1.43444394
335.35799980,0.74638733,1.71982679,0.59770000,2.01398532,2.92525393,1.43357507
335.45799994,0.74912635,1.71431791,0.59470000,2.02493777,2.92561178,1.42444296
335.55799985,0.74875977,1.71292306,0.59470000,2.01721364,2.91896154,1.43478461
335.65799999,0.74854074,1.70925263,0.59670000,2.02265142,2.91933170,1.44663953
335.75799990,0.74880073,1.70849606,0.59770000,2.02174944,2.91774514,1.47221259
335.85799980,0.74873140,1.70868710,0.59870000,2.09478025,2.97015057,1.46126028
335.95899987,0.74889530,1.70852856,0.59770000,2.03240225,2.92531924,1.48218848
336.05900002,0.74914944,1.70840441,0.59570000,2.04947841,2.93721082,1.46863908
336.15899992,0.74992650,1.70645091,0.59670000,2.01639819,2.91107355,1.48352952
336.25899982,0.75002692,1.70585098,0.59770000,2.02669494,2.91775670,1.45568225
336.35899997,0.75009777,1.70502941,0.59870000,2.01079764,2.90552932,1.47999126
336.45899987,0.75057940,1.70424326,0.59970000,2.04555608,2.92922660,1.46756157
336.55900002,0.75188261,1.70352796,0.59770000,2.05916611,2.93730189,1.46583141
336.65899992,0.75205681,1.70179025,0.59770000,2.09532491,2.96126746,1.42797068
336.75899982,0.75325897,1.70167516,0.59670000,2.07650825,2.94685321,1.45014374
336.85899997,0.75288042,1.69727968,0.59970000,2.07375181,2.94075925,1.49036389
336.95899987,0.75391894,1.69482079,0.59770000,2.10452207,2.95953732,1.47369151
337.05900002,0.75371193,1.69326929,0.59870000,2.22840722,3.04662307,1.49548861
337.15899992,0.75418251,1.69374771,0.59870000,2.20573942,3.03057408,1.45368224
337.25999999,0.75446436,1.69109194,0.60070000,2.22039100,3.03818241,1.42236532
337.35999990,0.75496940,1.68777608,0.60070000,2.16206647,2.99284542,1.41688107
337.45999980,0.75472283,1.68638677,0.59870000,2.18179767,3.00572594,1.40334013
337.55999994,0.75485495,1.68594307,0.59770000,2.16701493,2.99462877,1.40041655
337.65999985,0.75469695,1.68584862,0.59870000,2.15568798,2.98655649,1.34999139
337.75999999,0.75415494,1.68305850,0.60170000,2.11082162,2.95210612,1.34971542
337.85999990,0.75316898,1.68070724,0.60270000,2.12336372,2.95941777,1.35643181
337.95999980,0.75262525,1.68080106,0.60270000,2.11110070,2.95114067,1.37578551
338.05999994,0.75280364,1.68206595,0.60170000,2.09597384,2.94147323,1.37918096
338.15999985,0.75223687,1.68187066,0.60270000,2.02991980,2.89450132,1.40624415
338.25999999,0.75105979,1.67920474,0.60470000,2.04053241,2.90025662,1.37776897
338.35999990,0.75099675,1.67964355,0.60270000,2.07154406,2.92289163,1.38938914
338.45999980,0.75009124,1.67834007,0.60270000,2.06663327,2.91872722,1.39221613
338.56099987,0.74967319,1.67862268,0.60270000,2.06126020,2.91547055,1.37810511
338.66100001,0.74852214,1.67706025,0.60470000,2.17348374,2.99488997,1.37080233
338.76099992,0.74852384,1.67642974,0.60270000,2.10356228,2.94431433,1.35454045
338.86099982,0.74757885,1.67610426,0.60270000,2.08569203,2.93189939,1.33273544
338.96099997,0.74733829,1.67189403,0.60370000,2.06025066,2.90968858,1.33621977
339.06099987,0.74777499,1.67246768,0.60170000,2.02108256,2.88197309,1.31640814
339.16100001,0.74708351,1.67201840,0.60270000,2.13431983,2.96290148,1.29527175
339.26099992,0.74604501,1.67103017,0.60270000,2.10731216,2.94336385,1.26528434
339.36099982,0.74471850,1.66750733,0.60470000,2.17564926,2.98960072,1.29684890
339.46099997,0.74408536,1.66474781,0.60370000,2.16896130,2.98251634,1.27750498
339.56099987,0.74351835,1.66116891,0.60470000,2.28066749,3.05913258,1.29727325
339.66100001,0.74306287,1.65910931,0.60470000,2.22209102,3.01555799,1.31299405
339.76099992,0.74268461,1.65897924,0.60470000,2.11871417,2.94185749,1.30314120
339.86199999,0.74236116,1.65929435,0.60370000,2.26780014,3.04889362,1.30444811
339.96199989,0.74193881,1.65713991,0.60470000,2.22514506,3.01657295,1.27569658
340.06199980,0.74056967,1.65529054,0.60670000,2.22821733,3.01789601,1.28248023
340.16199994,0.73928426,1.65410829,0.60770000,2.24245890,3.02780446,1.24867388
340.26199985,0.73890240,1.65429470,0.60670000,2.20102686,2.99866931,1.25025090
340.36199999,0.73855367,1.65438627,0.60670000,2.28491081,3.05892709,1.28992929
340.46199989,0.73814165,1.65403643,0.60770000,2.28572895,3.05945593,1.30500716
340.56199980,0.73754773,1.65330346,0.60770000,2.25181001,3.03491937,1.33540336
340.66199994,0.73721460,1.65181367,0.60570000,2.29173361,3.06218440,1.33805574
340.76199985,0.73661029,1.64927611,0.60570000,2.31582173,3.07728428,1.37650084
340.86199999,0.73569395,1.64578906,0.60670000,2.22027430,3.00620360,1.37346424
340.96199989,0.73506630,1.64483631,0.60570000,2.28750539,3.05372138,1.34911380
341.06199980,0.73485363,1.64391720,0.60470000,2.26425026,3.03634337,1.32896432
341.16299987,0.73438978,1.64280596,0.60470000,2.32827360,3.08129441,1.33971012
341.26300001,0.73342422,1.64131020,0.60470000,2.43712183,3.15823706,1.33694365
341.36299992,0.73262477,1.63934004,0.60560000,2.48100128,3.18818040,1.34802163
341.46299982,0.73238196,1.63819954,0.60460000,2.41232975,3.13816225,1.33542389
341.56299996,0.73182355,1.63705579,0.60460000,2.47331394,3.18097750,1.32680439
341.66299987,0.73116041,1.63651381,0.60360000,2.38210365,3.11575899,1.34874241
341.76300001,0.73037137,1.63634822,0.60460000,2.32969229,3.07872031,1.37247050
341.86299992,0.73008648,1.63688096,0.60260000,2.26798959,3.03538318,1.34962844
341.96299982,0.72957254,1.63437779,0.60360000,2.30035722,3.05636684,1.37757951
342.06299996,0.72836952,1.63110939,0.60660000,2.31217983,3.06240247,1.38242502
342.16299987,0.72795276,1.63170631,0.60560000,2.37246373,3.10635700,1.36629436
342.26300001,0.72739577,1.63331577,0.60460000,2.34501486,3.08875798,1.37768662
342.36299992,0.72620493,1.63216603,0.60660000,2.37477746,3.10971784,1.38663586
342.46399999,0.72600561,1.63367993,0.60560000,2.34319928,3.08881827,1.38222241
342.56399989,0.72553699,1.63257082,0.60560000,2.36493611,3.10357019,1.37185621
342.66400003,0.72430622,1.62939487,0.60660000,2.24977856,3.01901796,1.38810149
342.76399994,0.72342783,1.62486618,0.60760000,2.28052678,3.03707972,1.39576697
342.86399984,0.72299650,1.62366038,0.60860000,2.28560479,3.03980916,1.43491096
342.96399999,0.72244368,1.62526798,0.60860000,2.28803710,3.04354900,1.43775527
343.06399989,0.72263942,1.62470031,0.60760000,2.27891967,3.03632906,1.44669440
343.16400003,0.72246339,1.62368480,0.60860000,2.28423663,3.03923712,1.44439119
343.26399994,0.72154966,1.62326532,0.60760000,2.24004031,3.00790150,1.47541682
343.36399984,0.72133883,1.62171562,0.60860000,2.24598604,3.01074934,1.48761262
343.46399999,0.72146292,1.62196979,0.60860000,2.10897666,2.91305103,1.49188165
343.56399989,0.72151701,1.61966145,0.60760000,2.11188679,2.91278271,1.47716433
343.66400003,0.72095561,1.61883391,0.60760000,2.07710606,2.88751280,1.45848274
343.76499987,0.72061636,1.61829149,0.60660000,2.06043719,2.87530637,1.44949863
343.86500001,0.71993724,1.61319357,0.60860000,2.04150345,2.85716943,1.42314791
343.96499991,0.71999217,1.61363871,0.60760000,2.05323624,2.86595590,1.42845466
344.06499982,0.71997574,1.61246658,0.60660000,2.03791807,2.85385396,1.43866546
344.16499996,0.71914809,1.60932954,0.60760000,2.05450226,2.86315395,1.44324958
344.26499987,0.71945642,1.61059557,0.60560000,1.98335316,2.81337895,1.43809855
344.36500001,0.71741450,1.60915316,0.60860000,2.15393069,2.93523615,1.44689392
344.46499991,0.71577079,1.60901138,0.61060000,2.21217998,2.97787509,1.43086336
344.56499982,0.71510285,1.60941618,0.60960000,2.19347250,2.96539450,1.40396605
344.66499996,0.71400845,1.60766836,0.61160000,2.27014580,3.01919503,1.39593365
344.76499987,0.71324098,1.60528900,0.61160000,2.20991472,2.97434167,1.39182834
344.86500001,0.71258348,1.60167577,0.61360000,2.23852609,2.99163478,1.38371594
344.96499991,0.71226727,1.60167278,0.61160000,2.18538748,2.95390150,1.39608740
345.06599998,0.71206858,1.60255665,0.61060000,2.18819513,2.95693276,1.39892329
345.16599989,0.71239266,1.60129660,0.61060000,2.18812281,2.95538956,1.39641400
345.26600003,0.71282699,1.60218619,0.60860000,2.29266322,3.03064065,1.40941648
345.36599994,0.71339218,1.59592995,0.60860000,2.27259015,3.00964279,1.41188643
345.46599984,0.71286092,1.59532378,0.60960000,2.30111646,3.02979203,1.41494123
345.56599998,0.71242446,1.59168129,0.60860000,2.22039091,2.96880018,1.42280658
345.66599989,0.71186604,1.59053754,0.60760000,2.21861552,2.96678717,1.41191425
345.76600003,0.71171734,1.58911490,0.60760000,2.19803934,2.95077347,1.37857078
345.86599994,0.71179694,1.59072849,0.60660000,2.16741694,2.93045706,1.36073063
345.96599984,0.71237032,1.59029117,0.60460000,2.09087461,2.87493710,1.33940840
346.06599998,0.71201127,1.59196173,0.60260000,2.07413605,2.86490800,1.34227912
346.16599989,0.71167691,1.59047250,0.60160000,2.06887224,2.85989773,1.33955317
346.26600003,0.71093429,1.58831688,0.60160000,2.04078757,2.83821209,1.35250159
346.36699986,0.71065658,1.58758690,0.60060000,2.03107928,2.83074597,1.33005156
346.46700001,0.71010415,1.58581072,0.60060000,2.03812539,2.83439732,1.33115226
346.56699991,0.70906394,1.58545301,0.60060000,1.99538902,2.80425664,1.32161642
346.66699982,0.70766505,1.58338208,0.60160000,2.00980466,2.81348180,1.33823970
346.76699996,0.70614883,1.57979447,0.60260000,2.01069107,2.81161036,1.31905843
346.86699986,0.70574660,1.57849564,0.60160000,1.96753749,2.77977484,1.30832392
346.96700001,0.70506751,1.57709619,0.60260000,2.01688787,2.81411073,1.33425938
347.06699991,0.70393825,1.57464375,0.60260000,2.02751338,2.82005456,1.30597151
347.16699982,0.70469719,1.57570306,0.60060000,2.01743518,2.81337304,1.29123823
347.26699996,0.70447853,1.57541637,0.59960000,2.03560257,2.82621925,1.28550575
347.36699986,0.70354547,1.57382605,0.60160000,2.05804629,2.84132664,1.27451415
347.46700001,0.70357040,1.57161077,0.60060000,2.03198532,2.82047857,1.25295231
347.56699991,0.70339265,1.57028114,0.59960000,2.06241062,2.84100826,1.24997045
347.66799998,0.70218141,1.56991475,0.59960000,2.15844462,2.91010275,1.26598487
347.76799989,0.70250307,1.57071546,0.59860000,2.14316217,2.89975768,1.26666483
347.86800003,0.70125112,1.56800829,0.60060000,2.08561117,2.85683690,1.23725949
347.96799994,0.70177405,1.56760913,0.59860000,2.19612832,2.93500504,1.22210739
348.06799984,0.70190614,1.56660022,0.59860000,2.18142972,2.92340278,1.20384295
348.16799998,0.70168748,1.56631353,0.59760000,2.18042591,2.92255527,1.15857176
348.26799989,0.70197814,1.56609310,0.59660000,2.15534290,2.90421079,1.19261289
348.36800003,0.70135610,1.56450810,0.59760000,2.11929699,2.87732302,1.21336836
348.46799994,0.70132843,1.56655433,0.59660000,2.04022615,2.82290984,1.19896461
348.56799984,0.69987250,1.56340944,0.59760000,2.03191213,2.81486632,1.18515370
348.66799998,0.69954540,1.56208725,0.59860000,2.21165069,2.94216245,1.15520022
348.76799989,0.69762100,1.55797784,0.60060000,2.21003748,2.93827532,1.17778488
348.86800003,0.69728696,1.55648853,0.59950000,2.12551652,2.87665250,1.20301438
348.96899986,0.69691087,1.55572773,0.59950000,2.20266243,2.93126456,1.17837317
349.06900001,0.69634352,1.55553250,0.59950000,2.21452666,2.93994903,1.17877288
349.16899991,0.69548699,1.55587180,0.59950000,2.23406648,2.95485716,1.13747246
349.26899981,0.69510353,1.55668853,0.59750000,2.19536497,2.92830385,1.13909173
349.36899996,0.69396825,1.55629832,0.59950000,2.19987474,2.93194582,1.14690397
349.46899986,0.69383157,1.55134267,0.59950000,2.19223035,2.92162750,1.16038809
349.56900001,0.69294143,1.55129176,0.59850000,2.12174132,2.87186311,1.14938053
349.66899991,0.69189733,1.55093561,0.59850000,2.09025813,2.84976474,1.16514829
349.76899981,0.69193632,1.55069406,0.59750000,2.11372754,2.86625921,1.15961014
349.86899996,0.69098577,1.55082985,0.59850000,2.16365900,2.90273930,1.17911086
349.96899986,0.69090868,1.54858557,0.59650000,2.09798020,2.85363666,1.18087758
350.06900001,0.69068739,1.54941547,0.59550000,2.04622696,2.81765802,1.17481511
350.16899991,0.68967252,1.55249350,0.59550000,1.96274242,2.76182914,1.19711120
350.26999998,0.68926695,1.55151103,0.59550000,2.05606161,2.82779292,1.22417320
350.36999989,0.68931845,1.54951892,0.59450000,2.06790144,2.83422106,1.21572691
350.47000003,0.68862400,1.54938571,0.59450000,2.11348948,2.86714677,1.19981068
350.56999993,0.68794405,1.55136994,0.59350000,2.16413381,2.90579120,1.20991664
350.66999984,0.68640273,1.54724388,0.59550000,2.24924276,2.96355819,1.22390587
350.76999998,0.68543900,1.54511753,0.59450000,2.35509271,3.03772732,1.21100753
350.86999989,0.68397451,1.54292102,0.59650000,2.32425245,3.01454812,1.19900194
350.97000003,0.68324692,1.54288263,0.59650000,2.33582481,3.02329541,1.22127599
351.06999993,0.68290794,1.54202523,0.59550000,2.40004297,3.06855024,1.24670707
351.16999984,0.68152908,1.54112465,0.59550000,2.35198663,3.03430861,1.26741482
351.26999998,0.68060935,1.54133738,0.59550000,2.41358467,3.07917690,1.27035261
351.36999989,0.68020076,1.54067110,0.59350000,2.38365827,3.05742646,1.22375748
351.47000003,0.67940624,1.54113751,0.59350000,2.41944659,3.08402348,1.20911078
351.57099986,0.67877687,1.54081518,0.59450000,2.31909460,3.01247070,1.21744234
351.67100000,0.67844368,1.53964036,0.59250000,2.37588277,3.05209685,1.23404973
351.77099991,0.67744582,1.53823899,0.59250000,2.44168617,3.09841066,1.24802332
351.87099981,0.67701025,1.53703508,0.59150000,2.42795812,3.08771212,1.22092317
351.97099996,0.67619592,1.53294767,0.59250000,2.40532717,3.06804142,1.20167645
352.07099986,0.67585023,1.53272296,0.59050000,2.39241714,3.05884218,1.21110120
352.17100000,0.67514109,1.53417055,0.59050000,2.34953926,3.03016924,1.20811544
352.27099991,0.67447194,1.53182213,0.59150000,2.23431714,2.94599728,1.24199944
352.37099981,0.67419438,1.53109209,0.59050000,2.29614466,2.98962801,1.24117477
352.47099996,0.67362952,1.53058090,0.58950000,2.23799045,2.94798156,1.24684986
352.57099986,0.67420519,1.52951300,0.58850000,2.22718892,2.93878709,1.22493938
352.67100000,0.67316199,1.52947128,0.58850000,2.11031303,2.85600774,1.21891034
352.77099991,0.67326657,1.52886968,0.58850000,1.97959215,2.76195938,1.22027757
352.87199998,0.67213468,1.52784825,0.58950000,2.05398643,2.81488521,1.23956976
352.97199988,0.67149639,1.52878931,0.58850000,2.05126656,2.81433943,1.21471940
353.07200003,0.67064231,1.52881268,0.58850000,1.96500953,2.75336070,1.22907030
353.17199993,0.66988133,1.52855435,0.58850000,2.01928430,2.79241362,1.22965344
353.27199984,0.66933822,1.52952769,0.58750000,2.16587180,2.89848025,1.23118061
353.37199998,0.66787787,1.52976805,0.59050000,2.09423119,2.84859184,1.22524044
353.47199988,0.66804362,1.52897904,0.58850000,2.13101774,2.87396055,1.23412212
353.57200003,0.66671760,1.52915422,0.58850000,2.16011512,2.89586674,1.24411513
353.67199993,0.66640054,1.52883666,0.58750000,2.18744450,2.91529663,1.23434141
353.77199984,0.66557679,1.52939619,0.58850000,2.22320071,2.94198470,1.23628440
353.87199998,0.66470901,1.53037016,0.58850000,2.23865911,2.95462023,1.25728634
353.97199988,0.66472687,1.53185640,0.58650000,2.17088080,2.90768063,1.24728966
354.07200003,0.66327902,1.53114666,0.58750000,2.17921277,2.91395648,1.26298183
354.17299986,0.66313247,1.53035291,0.58650000,2.17341924,2.90912917,1.26433572
354.27300000,0.66256818,1.52984146,0.58550000,2.08012495,2.84238201,1.25115055
354.37299991,0.66229870,1.53154657,0.58750000,2.13188235,2.88124917,1.26549033
354.47299981,0.66149967,1.53201493,0.58650000,2.14489509,2.89158309,1.29153099
354.57299995,0.66113807,1.53337155,0.58550000,2.19954294,2.93223218,1.28608118
354.67299986,0.66035824,1.53225716,0.58550000,2.12945617,2.88161283,1.29345976
354.77300000,0.65965022,1.53032096,0.58650000,2.16883876,2.90831277,1.29760141
354.87299991,0.65961460,1.52459490,0.58550000,2.14400013,2.88487028,1.29437056
354.97299981,0.65860005,1.52446032,0.58450000,2.20009183,2.92552587,1.30557182
355.07299995,0.65686739,1.52089993,0.58650000,2.14253597,2.88209177,1.34035188
355.17299986,0.65590814,1.52152512,0.58650000,2.19604568,2.92162336,1.34535143
355.27300000,0.65419753,1.52188780,0.58650000,2.16952921,2.90426756,1.34216793
355.37299991,0.65279724,1.52320077,0.58750000,2.16354475,2.90230613,1.33868500
355.47399998,0.65177964,1.52338238,0.58650000,2.27767591,2.98473686,1.34064909
355.57399988,0.65110022,1.52536643,0.58650000,2.19220619,2.92615641,1.30938262
355.67400002,0.65004479,1.52658957,0.58650000,2.10495428,2.86581064,1.31278451
355.77399993,0.64873677,1.52730625,0.58650000,2.00881042,2.79878743,1.34252965
355.87399983,0.64801652,1.52663491,0.58650000,1.92448516,2.73839822,1.33701299
355.97399998,0.64674249,1.52757131,0.58550000,2.04600728,2.82704616,1.29449947
356.07399988,0.64580608,1.52629728,0.58450000,1.97372427,2.77481027,1.31284109
356.17400002,0.64492948,1.52578113,0.58550000,1.95152000,2.75906008,1.29942652
356.27399993,0.64364432,1.52459861,0.58750000,1.96933738,2.77152223,1.27952481
356.37399983,0.64311198,1.52399285,0.58650000,1.93060298,2.74362929,1.27674900
356.47399998,0.64183403,1.52493091,0.58650000,1.92649384,2.74254506,1.25837553
356.57399988,0.64124283,1.52726513,0.58550000,1.90194391,2.72776590,1.25294455
356.67400002,0.64019240,1.52510285,0.58650000,1.93872599,2.75262684,1.24723408
356.77499986,0.63906687,1.52376375,0.58750000,1.96659929,2.77200119,1.28895511
356.87500000,0.63891641,1.52297168,0.58550000,1.94257669,2.75415760,1.28686486
356.97499990,0.63863215,1.52287431,0.58750000,1.96467498,2.77004776,1.29131705
357.07499981,0.64022349,1.52469397,0.58650000,2.07497652,2.84951757,1.32152131
357.17499995,0.63814994,1.52334543,0.58850000,2.14758663,2.90151450,1.31562750
357.27499986,0.63756730,1.52473126,0.58850000,2.05947935,2.84038273,1.28916697
357.37500000,0.63615810,1.52329454,0.58950000,2.02090734,2.81240114,1.29957171
357.47499990,0.63546449,1.52347592,0.58850000,2.01322540,2.80759086,1.29383950
357.57499981,0.63440015,1.52194932,0.58950000,2.09524777,2.86541190,1.28816899
357.67499995,0.63338888,1.52181331,0.58850000,1.99165319,2.79200209,1.27665604
357.77499986,0.63255878,1.52269050,0.58750000,2.06675047,2.84711314,1.27832301
357.87500000,0.63152476,1.52170014,0.58850000,2.12596488,2.88915738,1.26932346
357.97499990,0.63115041,1.52156838,0.58850000,2.19141444,2.93604268,1.26719235
358.07599998,0.62937717,1.52180423,0.58950000,2.13684148,2.89856445,1.25906580
358.17599988,0.62860459,1.52281038,0.58850000,2.22175065,2.96077185,1.23911157
358.27600002,0.62797547,1.52280290,0.58750000,2.12993035,2.89562781,1.25934660
358.37599993,0.62664333,1.51959736,0.58950000,2.13465809,2.89675076,1.27499011
358.47599983,0.62607709,1.51601834,0.58750000,1.36157990,2.76647437,1.23701404
358.57599998,0.62410026,1.51808479,0.58750000,1.38231419,2.73051766,1.22813144
358.67599988,0.62320365,1.51883673,0.58650000,1.35840750,2.72954913,1.23228438
358.77600002,0.62186231,1.52059309,0.58450000,1.34125703,2.75288765,1.24503464
358.87599993,0.62213598,1.52132472,0.58450000,1.31593133,2.76970119,1.25111617
358.97599983,0.61992153,1.52143565,0.58450000,1.30940782,2.74275840,1.21559705
359.07599998,0.61860155,1.52066337,0.58350000,1.30979399,2.77556663,1.24045919
359.17599988,0.61834449,1.52097181,0.58450000,1.34398899,2.76950427,1.24596064
359.27600002,0.61741502,1.51938000,0.58350000,1.32976389,2.81062925,1.26046173
359.37699986,0.61534564,1.52091421,0.58450000,1.35716881,2.78778317,1.26960758
359.47700000,0.61350647,1.52102415,0.58450000,1.34145299,2.82099540,1.27787900
359.57699990,0.61203246,1.51977624,0.58550000,1.31495025,2.77616064,1.27311899
359.67699981,0.61062800,1.52109058,0.58350000,1.32030727,2.76046223,1.28284933
359.77699995,0.60981897,1.51975437,0.58450000,1.30240524,2.73842097,1.32501199
359.87699986,0.60827435,1.51964264,0.58350000,1.32389861,2.78046559,1.28585526
359.97700000,0.60755418,1.52172433,0.58350000,1.32651390,2.75828347,1.29215006
360.07699990,0.60654800,1.52433920,0.58450000,1.35368243,2.77550615,1.26936367
360.17699981,0.60573272,1.52363541,0.58250000,1.38205055,2.85781576,1.25278426
360.27699995,0.60434208,1.52675248,0.58350000,1.39218191,2.89452606,1.28403749
360.37699986,0.60269770,1.52354218,0.58350000,1.37115663,2.88165825,1.27724095
360.47700000,0.60132970,1.52476044,0.58150000,1.34955988,2.82740418,1.27787031
360.57699990,0.59805274,1.52596455,0.58250000,1.36790376,2.79799187,1.29294757
360.67799997,0.59609589,1.52392781,0.58350000,1.41362528,2.90953236,1.28399502
360.77799988,0.59507037,1.52411212,0.58550000,1.45316138,2.80687221,1.29112898
360.87800002,0.59496063,1.52133243,0.58450000,1.46035836,2.81233300,1.28826647
360.97799993,0.59451786,1.52370266,0.58360000,1.42275146,2.82523945,1.31005040
361.07799983,0.59202033,1.52539190,0.58360000,1.40611658,2.87984410,1.29208067
361.17799997,0.58934361,1.53251865,0.58560000,1.37681787,2.91455086,1.32172546
361.27799988,0.58920493,1.52920183,0.58650000,1.37878108,2.90533570,1.30288454
361.37800002,0.58797300,1.53884752,0.58760000,1.37543074,2.96399700,1.30587280
361.47799993,0.58926703,1.53656138,0.58660000,1.34936561,3.04512617,1.30120226
361.57799983,0.59170432,1.52726612,0.58750000,1.34417541,2.96199174,1.31653410
361.67799997,0.59169477,1.53859749,0.58750000,1.32425855,2.96105639,1.31658795
361.77799988,0.59438973,1.53043714,0.58850000,1.30522959,2.96233645,1.33116673
361.87899995,0.59187064,1.54593997,0.59060000,1.30330233,3.00029937,1.31800654
361.97899985,0.59272992,1.54509378,0.59350000,1.32474968,2.94868602,1.28579887
362.07900000,0.59564349,1.54449157,0.59660000,1.32694205,3.02253106,1.32246207
362.17899990,0.59711432,1.54817876,0.59860000,1.30533232,3.04382369,1.29553402
362.27899981,0.59646649,1.54687554,0.60160000,1.28543473,3.05962854,1.30853216
362.37899995,0.59660842,1.53813193,0.60760000,1.28956159,3.06952680,1.29838539
362.47899985,0.59785388,1.54279551,0.61060000,1.27833468,3.09533274,1.31786643
362.57900000,0.60461643,1.57846102,0.60460000,1.29085662,3.11788092,1.32626825
362.67899990,0.60723589,1.59323209,0.60470000,1.31636315,3.15422197,1.34852180
362.77899981,0.59973643,1.60908544,0.59560000,1.30484466,3.12373004,1.33649961
362.87899995,0.59589481,1.62299910,0.59570000,1.32195349,3.20704440,1.30767681
362.97899985,0.58340203,1.63622589,0.60570000,1.29061239,3.23951710,1.31599333
363.07900000,0.57697126,1.64228995,0.61170000,1.27158652,3.26410131,1.29285854
363.17999983,0.57628046,1.64564864,0.61570000,1.23868076,3.20580381,1.30523842
363.27999997,0.57269965,1.65036968,0.62370000,1.23807177,3.23536195,1.31258011
363.37999988,0.56121263,1.62751106,0.63460000,1.22105461,3.21321488,1.30924735
363.48000002,0.55159015,1.61453874,0.63970000,1.22109238,3.22646901,1.28824808
363.57999992,0.54957287,1.61591094,0.64270000,1.26486926,3.15384562,1.26537117
363.67999983,0.53894608,1.61010513,0.64670000,1.24716714,3.10072397,1.26325354
363.77999997,0.52793873,1.61889137,0.64770000,1.20089325,3.07308303,1.25514824
363.87999988,0.51840401,1.62783115,0.65070000,1.18259450,3.05403653,1.27611063
363.98000002,0.51058107,1.63038535,0.65470000,1.16159275,3.05263223,1.28482363
364.07999992,0.50001424,1.63029033,0.65370000,1.15279914,3.03397749,1.26069436
364.17999983,0.49336619,1.63251712,0.65470000,1.12966814,2.94049559,1.27158056
364.27999997,0.48553375,1.62861401,0.65170000,1.13372899,2.93911133,1.26022405
364.37999988,0.48327356,1.62392489,0.65160000,1.11601126,2.97145281,1.28536880
364.48099995,0.47962557,1.62368793,0.64970000,1.10422123,2.88879017,1.25298232
364.58099985,0.47605072,1.62401686,0.65070000,1.08070417,2.83289752,1.24733283
364.68099999,0.48140735,1.63113380,0.65060000,1.09140653,2.85697946,1.27760185
364.78099990,0.48163473,1.63213226,0.64870000,1.08156349,2.84463453,1.27851847
364.88099980,0.47917158,1.62427357,0.65070000,1.10264473,2.88691247,1.29311768
364.98099995,0.47539281,1.62038922,0.65360000,1.10140126,2.97943560,1.30618326
365.08099985,0.47619897,1.61515495,0.65670000,1.10736128,2.93064631,1.32107684
365.18099999,0.47561571,1.60749502,0.65970000,1.89057988,2.91818372,1.32280144
365.28099990,0.47020115,1.60526199,0.66360000,1.88129328,2.91318494,1.36797020
365.38099980,0.46650168,1.59926742,0.66560000,1.88291317,2.91098991,1.37285510
365.48099995,0.46464567,1.59169790,0.66270000,1.96008961,2.95987215,1.38216681
365.58099985,0.46175107,1.58621684,0.65570000,1.95329140,2.95160279,1.37554633
365.68099999,0.46316310,1.58906689,0.65360000,1.99625232,2.98413063,1.34737033
365.78199983,0.46201119,1.58610955,0.65560000,2.02908818,3.00545026,1.33841543
365.88199997,0.46291689,1.58502474,0.65560000,1.90592390,2.91574403,1.35817094
365.98199987,0.46342505,1.58902759,0.65770000,1.94593092,2.94796035,1.34597691
366.08200002,0.46773836,1.59718857,0.65570000,2.07816395,3.04749256,1.34520293
366.18199992,0.46653328,1.59334367,0.65860000,2.15927615,3.10244572,1.36864302
366.28199983,0.46575442,1.59085284,0.66160000,2.00754430,2.99213132,1.36982481
366.38199997,0.46747185,1.58361206,0.66470000,2.17886757,3.10603758,1.38771979
366.48199987,0.47458215,1.58077067,0.66270000,2.17308828,3.09398934,1.37625301
366.58200002,0.47853591,1.57804955,0.65970000,2.18526834,3.09714414,1.40365658
366.68199992,0.48170564,1.57931373,0.65870000,2.08372578,3.02361383,1.40561401
366.78199983,0.48401349,1.57879344,0.66160000,2.03969387,2.98999372,1.42351033
366.88199997,0.48206252,1.57920272,0.66570000,2.01570484,2.97466151,1.42658715
366.98199987,0.48434374,1.57984281,0.66860000,1.93760956,2.91788983,1.41467382
367.08299994,0.48715538,1.57785310,0.67360000,2.01055973,2.96599906,1.43152744
367.18299985,0.49010485,1.57548785,0.67660000,1.99127208,2.94775016,1.42260281
367.28299999,0.49063257,1.57212616,0.68060000,1.84119417,2.83681302,1.43980454
367.38299990,0.48939193,1.56219687,0.68360000,1.88585275,2.85966888,1.43781160
367.48299980,0.49260777,1.54580458,0.68960000,1.93780687,2.87808965,1.46203334
367.58299994,0.49503629,1.53494557,0.69260000,2.00493895,2.91344747,1.46474294
367.68299985,0.49773626,1.52921976,0.69660000,2.02976589,2.92352664,1.48629231
367.78299999,0.49937499,1.52301309,0.69950000,2.03122253,2.91718991,1.47517160
367.88299990,0.50149104,1.52163182,0.70150000,1.89759268,2.81884727,1.47444649
367.98299980,0.50375417,1.52450279,0.70550000,1.81135372,2.75850247,1.46339020
368.08299994,0.50456797,1.52247390,0.70650000,1.77006022,2.72639694,1.45191227
368.18299985,0.50746276,1.52026197,0.71060000,1.79118468,2.73720620,1.47267634
368.28299999,0.50959615,1.52008811,0.71460000,1.83653055,2.76789840,1.48357008
368.38399982,0.50644384,1.52142343,0.71950000,1.91773600,2.82948926,1.46483250
368.48399997,0.50369298,1.51945947,0.72350000,2.14117867,2.81487783,1.45701373
368.58399987,0.50586011,1.51782954,0.72660000,1.92537632,2.72567087,1.46871452
368.68400002,0.50784111,1.51119495,0.73050000,1.95378735,2.72965549,1.48930934
368.78399992,0.50889268,1.50829646,0.73660000,1.97923264,2.73655805,1.48796397
368.88399982,0.51015331,1.50269533,0.73650000,2.05181633,2.75961350,1.52234436
368.98399997,0.51111959,1.50240714,0.74060000,1.96916032,2.72572708,1.51908355
369.08399987,0.51466420,1.50038342,0.74350000,2.00419760,2.73635666,1.51362271
369.18400002,0.51568521,1.49776881,0.74950000,2.17913559,2.80361941,1.52913428
369.28399992,0.51558952,1.49804081,0.75650000,2.21775936,2.81944833,1.52186877
369.38399982,0.52006175,1.49631582,0.76050000,1.97796462,2.71958036,1.51132812
369.48399997,0.52443873,1.49459802,0.76350000,1.98165142,2.71758526,1.49207090
369.58399987,0.52692531,1.49164779,0.76660000,1.98316450,2.71424389,1.48326176
369.68499994,0.53149639,1.49428506,0.76950000,2.12101497,2.77043092,1.47244656
369.78499985,0.53247715,1.49220857,0.77250000,2.03438208,2.73315251,1.50222953
369.88499999,0.53669628,1.49930991,0.77750000,1.94069912,2.70091820,1.51953875
369.98499990,0.53844726,1.49734079,0.77950000,1.94313981,2.69922618,1.52080051
370.08499980,0.53850668,1.50281118,0.78460000,1.97469527,2.71735124,1.52205954
370.18499994,0.53811173,1.50213632,0.79150000,2.15515106,2.78933963,1.49622173
370.28499985,0.53844953,1.49894471,0.79650000,2.19544607,2.80220225,1.50648670
370.38499999,0.53675531,1.49661209,0.80050000,2.06261472,2.74718060,1.49946520
370.48499990,0.53925672,1.49603319,0.80250000,2.10920898,2.76431759,1.48678485
370.58499980,0.54126339,1.49708391,0.80450000,2.14800405,2.78014935,1.45926639
370.68499994,0.54172811,1.50045228,0.80660000,2.25174582,2.82501297,1.46166764
370.78499985,0.53982298,1.49814074,0.80950000,2.30707214,2.84569621,1.44777596
370.88499999,0.54025786,1.49788948,0.81050000,2.22940201,2.81406347,1.44674897
370.98599982,0.54153982,1.50208008,0.81150000,2.18937938,2.80165847,1.44699162
371.08599997,0.55110450,1.50727007,0.81760000,2.29767015,2.84651520,1.45745949
371.18599987,0.55470645,1.51531324,0.81950000,2.34049872,2.87031906,1.45642694
371.28600001,0.55753468,1.51229211,0.82650000,2.23274654,2.82286830,1.45244543
371.38599992,0.57094332,1.51648593,0.83850000,2.36675340,2.87551677,1.46590364
371.48599982,0.57796606,1.52076900,0.83960000,2.11746583,2.77681802,1.46516102
371.58599997,0.58659513,1.51976227,0.84560000,2.20020694,2.80558845,1.45276516
371.68599987,0.59102093,1.51825575,0.85150000,2.14045050,2.77829441,1.44189134
371.78600001,0.59421808,1.51599203,0.85250000,2.19326963,2.79596810,1.42478694
371.88599992,0.59976222,1.51181211,0.85850000,2.23103259,2.80473324,1.45077784
371.98599982,0.61029340,1.50851407,0.86950000,2.23910022,2.80044538,1.42986495
372.08599997,0.61688683,1.51020616,0.87150000,2.34205696,2.84085488,1.41836831
372.18599987,0.62193728,1.50733534,0.87350000,2.30089292,2.81941573,1.43288783
372.28699994,0.62949112,1.50027405,0.87850000,2.32363195,2.81845563,1.42547921
372.38699985,0.63421600,1.49539751,0.88750000,2.18764940,2.75704486,1.45568005
372.48699999,0.63699237,1.49704152,0.89150000,2.19214550,2.75937983,1.47487184
372.58699989,0.64130816,1.49678243,0.89450000,2.05337753,2.70163173,1.50307125
372.68699980,0.64767329,1.49759204,0.89750000,2.17488527,2.74870399,1.50766162
372.78699994,0.63594256,1.49778679,0.89350000,2.20670267,2.76639576,1.53339073
372.88699985,0.61842522,1.50167105,0.89150000,2.04563478,2.71260346,1.50048594
372.98699999,0.62618525,1.50211634,0.89950000,2.03924642,2.70736413,1.48928080
373.08699989,0.63522116,1.49885125,0.90550000,2.11074969,2.72919754,1.50131566
373.18699980,0.63627899,1.50399770,0.90550000,2.05592087,2.71188953,1.49910054
373.28699994,0.64989594,1.51950005,0.90950000,2.15571465,2.76201649,1.52461518
373.38699985,0.64731917,1.54071002,0.89950000,2.17277840,2.79111775,1.51639689
373.48699999,0.64188234,1.54329965,0.89960000,2.07868034,2.75808457,1.54102553
373.58799982,0.64822725,1.54067918,0.90550000,2.13966740,2.77741853,1.58190519
373.68799996,0.64497517,1.58466456,0.91360000,2.19332746,2.84427039,1.59136021
373.78799987,0.64902997,1.53221459,0.91660000,2.09432344,2.75041286,1.59577184
373.88800001,0.65722297,1.57748020,0.92560000,2.19954091,2.83466151,1.61608458
373.98799992,0.66363063,1.52577772,0.92960000,2.34337978,2.83817693,1.61768893
374.08799982,0.66921814,1.52581694,0.93460000,2.72898529,2.99090195,1.61775584
374.18799996,0.66146229,1.58117255,0.93460000,2.87190365,3.10679631,1.59056433
374.28799987,0.66624973,1.52662702,0.93950000,2.81681344,3.02819279,1.59673290
374.38800001,0.66738979,1.57430102,0.94560000,2.75478268,3.05048567,1.61392683
374.48799992,0.67177218,1.51739230,0.94860000,3.01166744,3.09502879,1.61075362
374.58799982,0.67635097,1.51679343,0.95450000,2.87508254,3.03771236,1.63225096
374.68799996,0.68129679,1.58218323,0.95050000,2.86619235,3.09754306,1.65377487
374.78799987,0.68955442,1.52173863,0.95650000,2.88981884,3.04327344,1.66771032
374.88899994,0.69503629,1.58047292,0.95960000,2.84826914,3.08311112,1.65556760
374.98899984,0.69842679,1.57922227,0.96560000,2.96180838,3.12611666,1.67542627
375.08899999,0.70050047,1.57820980,0.97060000,2.91750320,3.10646983,1.68920717
375.18899989,0.70349781,1.57614390,0.97660000,3.16669919,3.20332303,1.68251373
375.28900003,0.70789982,1.57554078,0.98350000,3.02897494,3.14561561,1.69593072
375.38899994,0.71023623,1.57645285,0.98860000,2.93231337,3.10675169,1.73522643
375.48899984,0.71244722,1.57408050,0.99460000,2.90587107,3.09286686,1.73358160
375.58899999,0.71891382,1.57651692,0.99560000,2.87289985,3.07945774,1.72047901
375.68899989,0.72439915,1.57692488,1.00050000,2.97763892,3.11974443,1.70358638
375.78900003,0.73439945,1.57732383,1.00860000,2.90604672,3.08736068,1.70145581
375.88899994,0.74218705,1.57812427,1.01260000,2.83987526,3.05844543,1.70826559
375.98899984,0.74929477,1.57461163,1.02160000,2.81522401,3.04217249,1.74490749
376.08899999,0.75883651,1.57358400,1.02860000,2.72057664,2.99928316,1.72260028
376.18999982,0.77203165,1.57734844,1.03060000,2.78781645,3.02476198,1.74823825
376.28999996,0.78449740,1.57811874,1.03660000,2.54673582,2.92366096,1.76927086
376.38999987,0.79292724,1.57552211,1.04160000,2.63338604,2.95249216,1.76632352
376.49000001,0.80033671,1.56826889,1.04760000,2.63692258,2.94368286,1.79460470
376.58999991,0.81131900,1.56724811,1.04950000,2.53655506,2.89792331,1.77575445
376.68999982,0.81787275,1.56530312,1.05660000,2.46614912,2.86505702,1.75952405
376.78999996,0.82641594,1.56358785,1.05960000,2.45426624,2.85513484,1.76595406
376.88999987,0.84061352,1.56371957,1.06860000,2.64344007,2.92556953,1.76542558
376.99000001,0.85076151,1.56501775,1.07360000,2.44378376,2.84257133,1.76339312
377.08999991,0.85719623,1.56543206,1.07750000,5.22036282,2.81205109,1.79543368
377.18999982,0.86401122,1.56592000,1.08560000,5.20913126,2.80738287,1.79874766
377.28999996,0.86873022,1.56661270,1.09060000,5.28194944,2.82753248,1.83339057
377.38999987,0.87690410,1.56172177,1.09850000,5.42911600,2.86235374,1.83935235
377.49099994,0.88094562,1.56048760,1.10160000,5.51965695,2.88583370,1.82061894
377.59099984,0.88398111,1.56165426,1.10650000,5.78878632,2.96302717,1.80403928
377.69099998,0.89158214,1.56456939,1.10760000,6.08687117,3.04893768,1.80256855
377.79099989,0.89732287,1.56306643,1.10860000,6.26008797,3.09528503,1.79547118
377.89100003,0.90205390,1.55921715,1.11460000,6.38689210,3.12631378,1.78969976
377.99099994,0.90761016,1.55751750,1.12160000,6.51964659,3.16095648,1.80030341
378.09099984,0.91322284,1.55793036,1.12550000,6.61896839,3.18814338,1.78280084
378.19099998,0.92187553,1.55852569,1.12650000,6.65114863,3.19546086,1.79409386
378.29099989,0.92736178,1.55099250,1.13260000,6.85996790,3.24602282,1.80932307
378.39100003,0.93505658,1.54053786,1.14050000,6.68005015,3.18196460,1.79881293
378.49099994,0.93619867,1.53886594,1.14650000,6.72839369,3.19377880,1.79572126
378.59099984,0.93633319,1.53910597,1.15050000,6.74967126,3.20005971,1.78493204
378.69099998,0.93493599,1.54081937,1.15550000,6.67223586,3.18004790,1.79130284
378.79199982,0.93661456,1.54049647,1.16150000,6.72919811,3.19552034,1.79990954
378.89199996,0.93623412,1.54557439,1.16750000,6.54589664,3.14833512,1.82628742
378.99199986,0.93654102,1.54676822,1.17160000,6.34230328,3.09127173,1.81677018
379.09200001,0.93811009,1.54907791,1.17760000,6.35982735,3.09813999,1.81526950
379.19199991,0.93506712,1.55202306,1.19150000,6.26183373,3.07395638,1.85714578
379.29199982,0.93552355,1.55316081,1.19860000,6.36163150,3.10347737,1.87112302
379.39199996,0.93602430,1.55706657,1.20860000,5.89636958,2.97430808,1.86961567
379.49199986,0.93722037,1.55746725,1.21450000,5.98355931,2.99927837,1.85730617
379.59200001,0.94111604,1.55256791,1.22650000,5.92934652,2.97777662,1.85393994
379.69199991,0.94400858,1.55092353,1.23150000,5.89213367,2.96467356,1.87672792
379.79199982,0.94683795,1.55108242,1.23650000,5.98001620,2.98913335,1.89779970
379.89199996,0.95311830,1.55520616,1.23750000,5.90130303,2.96897323,1.89227927
379.99199986,0.95649374,1.55269822,1.24050000,5.80392493,2.93767856,1.89839361
380.09299994,0.95806357,1.56257205,1.24550000,5.84888215,2.95994878,1.91559585
380.19299984,0.96187917,1.56645682,1.25460000,5.81459106,2.95294593,1.88939207
380.29299998,0.96418854,1.56716426,1.25650000,5.88297711,2.97253242,1.92531231
380.39299989,0.96535460,1.57349296,1.25750000,5.86187735,2.97249946,1.91750239
380.49300003,0.96049913,1.58004787,1.26050000,5.68921890,2.93111067,1.93645178
380.59299994,0.96193141,1.57477880,1.26660000,5.66533131,2.91860734,1.95515217
380.69299984,0.96543161,1.57346075,1.27350000,5.65541079,2.91345480,1.96854073
380.79299998,0.96869945,1.57106398,1.27950000,5.37345248,2.82956485,1.96855370
380.89299989,0.97284797,1.56846985,1.28350000,5.19274381,2.77415438,1.97364163
380.99300003,0.97534210,1.56956828,1.29150000,5.33437990,2.81500765,1.97206878
381.09299994,0.97681404,1.57288681,1.29550000,5.25583446,2.79546408,1.98971111
381.19299984,0.97450818,1.58218261,1.30050000,5.28274284,2.81310680,1.99439504
381.29299998,0.97661232,1.58363115,1.30450000,5.25912724,2.80720684,1.97126939
381.39399981,0.97422248,1.58500489,1.30860000,5.28706360,2.81724521,1.96703241
381.49399996,0.97196951,1.58048767,1.31460000,5.26871808,2.80813012,1.97104738
381.59399986,0.97083866,1.57561236,1.31960000,5.23305128,2.79338740,1.96555485
381.69400001,0.97277783,1.57141649,1.32460000,5.20507687,2.78064479,1.99151309
381.79399991,0.97881316,1.56759450,1.32560000,5.25615942,2.78969343,2.02403156
381.89399981,0.97929036,1.57351147,1.33460000,5.20024311,2.77949797,2.04879028
381.99399996,0.98700542,1.57820344,1.34060000,5.43375889,2.84870443,2.03327000
382.09399986,0.99386206,1.57534773,1.34560000,5.47613210,2.85599632,2.01833516
382.19400001,0.99725853,1.57342904,1.34860000,5.44149174,2.84320996,2.02760665
382.29399991,1.00566302,1.57002624,1.35150000,5.22654303,2.77599196,2.01310361
382.39399981,1.00979424,1.56960747,1.35550000,5.30702522,2.79738775,1.98717444
382.49399996,1.01488037,1.56803342,1.36060000,5.55123426,2.86413453,2.00484111
382.59399986,1.02179843,1.56353000,1.36360000,5.47527137,2.83595084,2.02196773
382.69499993,1.02483597,1.56592999,1.36050000,5.28684316,2.78364633,2.00603663
382.79499984,1.02863461,1.56248883,1.36360000,5.40559863,2.81304998,2.00127335
382.89499998,1.03313631,1.55559944,1.36660000,5.68598047,2.88498349,2.00599263
382.99499989,1.03901711,1.54893282,1.36960000,5.94343065,2.95019383,2.01856041
383.09500003,1.04350231,1.54047217,1.37260000,6.04250224,2.96875786,2.00918702
383.19499993,1.05162348,1.53621524,1.37560000,6.11625012,2.98325142,2.00322904
383.29499984,1.05712294,1.53408884,1.37650000,6.16184204,2.99258001,2.01712915
383.39499998,1.07044061,1.53424829,1.37050000,5.95167878,2.92888777,1.99164185
383.49499989,1.07402850,1.53266286,1.37250000,5.83865507,2.89398473,1.98817440
383.59500003,1.07760172,1.53071048,1.37350000,5.95432766,2.92406075,1.98297466
383.69499993,1.07969803,1.53401245,1.37450000,6.05069323,2.95429680,1.96459746
383.79499984,1.08460097,1.53670211,1.37350000,5.95708875,2.92884148,1.96966592
383.89499998,1.09288941,1.53969564,1.37260000,6.22603222,3.00630787,1.96411108
383.99499989,1.09479472,1.53836010,1.37460000,6.49801630,3.08213769,1.95512246
384.09599996,1.09497269,1.53801808,1.37760000,6.45999709,3.07088219,1.97506327
384.19599986,1.09107573,1.53311318,1.38160000,6.56196774,3.09622519,1.98852418
384.29600000,1.09087410,1.53234287,1.38450000,6.63906902,3.11754142,1.98700626
384.39599991,1.09063690,1.52020998,1.38560000,6.67151476,3.11474651,1.98766581
384.49599981,1.09115278,1.51731772,1.38450000,6.86525185,3.16706032,1.99950616
384.59599996,1.08904695,1.50127466,1.38850000,6.99329870,3.18820373,1.99533535
384.69599986,1.08674795,1.49293653,1.38750000,6.64530139,3.08109465,2.01428776
384.79600000,1.08633674,1.49152578,1.38750000,6.67576412,3.08850502,2.00859635
384.89599991,1.08923539,1.48611223,1.38850000,6.57802855,3.05433885,1.98665180
384.99599981,1.09159892,1.48370790,1.38650000,6.65418411,3.07301795,1.95841561
385.09599996,1.09185278,1.48052007,1.38640000,6.55580315,3.04164875,1.96819344
385.19599986,1.09204143,1.47617505,1.38650000,6.73846379,3.08943858,1.97929384
385.29600000,1.08955453,1.47460096,1.38750000,6.75735558,3.09397269,1.98521135
385.39699984,1.09292366,1.46575127,1.38150000,6.90120941,3.12526148,1.96311665
385.49699998,1.09902807,1.45162605,1.37450000,6.82960015,3.08893236,1.94898682
385.59699988,1.10185185,1.44077244,1.37140000,6.46020338,2.97173002,1.94882807
385.69700003,1.10484475,1.43143152,1.36740000,6.70911665,3.03265206,1.95823471
385.79699993,1.10825056,1.42425204,1.36540000,6.86582925,3.06927452,1.95875943
385.89699984,1.11862440,1.40876716,1.35840000,6.73108715,3.01232794,1.97828115
385.99699998,1.12679420,1.39248060,1.35240000,6.55045641,2.94209837,1.97712737
386.09699988,1.13019367,1.37835727,1.35130000,6.55768503,2.92906909,1.98599131
386.19700003,1.13560436,1.36748683,1.34630000,6.50282345,2.90097800,1.99473964
386.29699993,1.14018674,1.35870138,1.34330000,6.27480037,2.82573384,1.99362866
386.39699984,1.15491600,1.34690545,1.34030000,6.54673691,2.88742571,2.00875197
386.49699998,1.16296352,1.33736539,1.33930000,6.61785781,2.89590662,2.00000598
386.59699988,1.18803402,1.37847232,1.37530000,6.49139812,2.89371921,2.01947306
386.69799995,1.20650182,1.48967498,1.38950000,6.46990736,2.99350514,2.02950802
386.79799986,1.25025014,1.36658052,1.42330000,6.55256241,2.88152688,2.10753308
386.89800000,1.35966272,1.46663998,1.48940000,6.56809427,2.95476328,2.16635185
386.99799991,1.40472308,1.36015950,1.53730000,6.37909556,2.78140878,2.21549316
387.09799981,1.42337634,1.35339868,1.54730000,6.01159853,2.66431930,2.23303808
387.19799995,1.45968439,1.46614795,1.58040000,5.98205126,2.75825277,2.25642822
387.29799986,1.49794183,1.34685097,1.60830000,5.99547581,2.63186068,2.26883582
387.39800000,1.53253607,1.46439998,1.63440000,6.02568275,2.74815617,2.29652223
387.49799991,1.55326903,1.34461042,1.64620000,5.93651498,2.59696640,2.33073779
387.59799981,1.55659097,1.33944465,1.64730000,5.83504339,2.56185963,2.34407504
387.69799995,1.58665278,1.45343002,1.67440000,5.86353790,2.67539719,2.37991431
387.79799986,1.59910589,1.33289746,1.68120000,5.95525837,2.57751246,2.35776754
387.89800000,1.61773719,1.44911843,1.68540000,5.82688932,2.65173332,2.33753094
387.99899983,1.62626569,1.44489720,1.69040000,5.86064454,2.65471973,2.32796270
388.09899998,1.64011519,1.44025353,1.69430000,6.08952581,2.71151371,2.33284995
388.19899988,1.64878839,1.44801032,1.70740000,6.09268886,2.71769617,2.33005765
388.29900002,1.65568548,1.44620533,1.71230000,6.26390704,2.76284006,2.33500643
388.39899993,1.67425695,1.44061977,1.72340000,6.42222294,2.79718148,2.32261133
388.49899983,1.67682679,1.43837437,1.72340000,6.52554656,2.82372288,2.33534486
388.59899998,1.68852509,1.42870691,1.73030000,6.45484559,2.79051277,2.35967948
388.69899988,1.69405016,1.42144692,1.73240000,6.18469173,2.70448736,2.34838001
388.79900002,1.69839886,1.41474556,1.73340000,6.52274136,2.79312913,2.30747189
388.89899993,1.70616034,1.40974212,1.73630000,6.54864013,2.79330778,2.33958256
388.99899983,1.70893527,1.41639427,1.74240000,6.67764012,2.83602423,2.30525956
389.09899998,1.71380133,1.42082894,1.74730000,6.88069592,2.89708453,2.28307120
389.19899988,1.71216394,1.42477253,1.74730000,6.90803693,2.90930767,2.25416418
389.29999995,1.70999159,1.42663173,1.74740000,6.83191495,2.89003840,2.25249692
389.39999986,1.70274841,1.42443637,1.74630000,6.82355557,2.88752413,2.24942806
389.50000000,1.69731613,1.41973785,1.74730000,7.02264158,2.94125941,2.21739213
389.59999990,1.69485260,1.43110130,1.75140000,6.91073498,2.92135341,2.21611170
389.69999981,1.69356267,1.43541185,1.75030000,6.69893462,2.86551812,2.24692720
389.79999995,1.69171266,1.44132637,1.75140000,6.69074728,2.86962197,2.23506825
389.89999986,1.69180741,1.44913746,1.75330000,6.80762896,2.91080076,2.24694263
390.00000000,1.69151968,1.45155808,1.76040000,6.79102395,2.90855930,2.25049248
390.09999990,1.69035133,1.45134213,1.75930000,6.77934310,2.90533978,2.24165393
390.19999981,1.68771027,1.45048396,1.75630000,6.67688143,2.87596143,2.22968935
390.29999995,1.67585080,1.45608825,1.76640000,6.65153947,2.87771358,2.24865076
390.39999986,1.67642000,1.46230307,1.76530000,6.94993007,2.96902023,2.23518240
390.50000000,1.67275916,1.46656568,1.76430000,7.02052003,2.99449736,2.22859142
390.60099983,1.66963535,1.46940414,1.76430000,7.21777899,3.05458804,2.19052016
390.70099998,1.66450050,1.47084011,1.76530000,7.43512089,3.11958879,2.18395745
390.80099988,1.66091658,1.47334257,1.76430000,7.22736044,3.06375511,2.18800843
390.90100002,1.66130814,1.47976038,1.75830000,7.05743509,3.02151094,2.20115752
391.00099993,1.65623334,1.48055799,1.75830000,6.88279026,2.97385997,2.22108566
391.10099983,1.65794460,1.48078913,1.75330000,6.89830508,2.97803498,2.25465182
391.20099998,1.65509640,1.47741432,1.75330000,6.78618331,2.94343915,2.26015444
391.30099988,1.65754951,1.47457176,1.74630000,6.85827099,2.96049219,2.27133869
391.40100002,1.65407134,1.46726918,1.74630000,6.84326664,2.94989641,2.27069017
391.50099993,1.65308819,1.46231950,1.74330000,6.58932311,2.87267233,2.29822119
391.60099983,1.64858192,1.45873136,1.74130000,6.50610129,2.84659404,2.31963043
391.70099998,1.64930126,1.45719731,1.73630000,6.33147556,2.79496140,2.30751071
391.80099988,1.64499289,1.45645856,1.73530000,6.61889894,2.87757458,2.30314168
391.90199995,1.64683202,1.46740978,1.73130000,6.53408462,2.86376767,2.33213203
392.00199986,1.64401603,1.46953712,1.73230000,6.20752458,2.77339670,2.30269163
392.10200000,1.64406968,1.47079743,1.73030000,6.11917647,2.74939937,2.32225157
392.20199990,1.64426849,1.46997119,1.73430000,6.11902620,2.74847339,2.35684549
392.30199981,1.64028704,1.47004839,1.73330000,6.14963622,2.75843387,2.36312096
392.40199995,1.64517622,1.46989718,1.73130000,6.07489064,2.73552987,2.38067703
392.50199986,1.64632538,1.47274340,1.72630000,6.27020625,2.79385222,2.36683047
392.60200000,1.64175559,1.47306101,1.72430000,6.32118768,2.81004161,2.37079260
392.70199990,1.63152333,1.45941705,1.72930000,6.38155396,2.81656866,2.37831659
392.80199981,1.62240201,1.45317121,1.73230000,6.30452106,2.79091951,2.35576517
392.90199995,1.62227774,1.44819520,1.73530000,6.38755084,2.80970180,2.36947602
393.00199986,1.61951062,1.45291943,1.73930000,6.49784299,2.84672868,2.36263262
393.10200000,1.63696730,1.46165610,1.73430000,6.28013197,2.78827457,2.36012759
393.20299983,1.64356459,1.46594361,1.73230000,6.30131770,2.79673021,2.36553130
393.30299997,1.64296339,1.46486098,1.73230000,6.25122080,2.78150595,2.36010826
393.40299988,1.64241519,1.45478464,1.73520000,6.06103175,2.71724651,2.31427691
393.50300002,1.64087070,1.45160459,1.74020000,5.94155528,2.68037161,2.31931893
393.60299993,1.65011943,1.45928387,1.75430000,5.93130724,2.68248038,2.32412774
393.70299983,1.65890497,1.45802367,1.75530000,6.10341837,2.72788464,2.34266427
393.80299997,1.66046741,1.45681963,1.75330000,5.97151135,2.68854647,2.34812528
393.90299988,1.66927055,1.45490444,1.76630000,5.92552379,2.67097679,2.36801062
394.00300002,1.67233761,1.45465010,1.77530000,6.09566730,2.71845858,2.38066002
394.10299993,1.67168223,1.45562886,1.77520000,6.34975413,2.79222084,2.39390681
394.20299983,1.67033493,1.45448691,1.76630000,6.23947519,2.75995556,2.36731934
394.30299997,1.66433753,1.45416559,1.76430000,6.12760680,2.72938538,2.34836160
394.40299988,1.65625323,1.45400031,1.74930000,5.90990237,2.66932864,2.34471452
394.50399995,1.64278827,1.45174553,1.73520000,6.00645412,2.69850721,2.32939839
394.60399985,1.62787818,1.45309975,1.72730000,5.89060207,2.67102086,2.32839491
394.70400000,1.61654595,1.45409576,1.71530000,5.84773674,2.66300741,2.31950268
394.80399990,1.60644245,1.45466246,1.71030000,5.99203927,2.70769012,2.32774296
394.90399981,1.59396886,1.45219104,1.69130000,5.90138860,2.68288239,2.32393363
395.00399995,1.58047119,1.44932408,1.67720000,5.78324312,2.65011606,2.29045731
395.10399985,1.56996313,1.44893341,1.66530000,6.12235199,2.74961594,2.30010240
395.20400000,1.56039783,1.44722377,1.66030000,6.21396244,2.77681365,2.28077879
395.30399990,1.55676636,1.44660058,1.65730000,6.05023092,2.73044760,2.27518826
395.40399981,1.53245620,1.44598302,1.63630000,5.99538068,2.72110430,2.26354141
395.50399995,1.51759063,1.43960460,1.63420000,6.19540351,2.77612257,2.25521633
395.60399985,1.50441474,1.43456631,1.63830000,5.90439749,2.69170424,2.25466106
395.70400000,1.49465913,1.42826986,1.64120000,5.77693443,2.65177709,2.25898708
395.80499983,1.48480142,1.42763194,1.64330000,5.72958360,2.64042684,2.28137263
395.90499997,1.48054972,1.42462270,1.62030000,6.00235306,2.71656651,2.27500732
396.00499988,1.47963818,1.42201221,1.61130000,6.08189926,2.73694395,2.26316948
396.10500002,1.47727089,1.42148399,1.60130000,5.86965258,2.67645018,2.27012224
396.20499992,1.48117685,1.42459609,1.58830000,6.01162412,2.71900960,2.27139986
396.30499983,1.47619886,1.41982021,1.58830000,5.91941159,2.68930956,2.26279215
396.40499997,1.45867424,1.41188617,1.60030000,5.81782477,2.65735775,2.29528177
396.50499988,1.45058339,1.40302220,1.58930000,5.97381559,2.69537426,2.31361439
396.60500002,1.44807151,1.39696159,1.58630000,5.93653700,2.67938030,2.30495862
396.70499992,1.44981506,1.40209575,1.55420000,5.78325825,2.64022237,2.28993606
396.80499983,1.44873488,1.39506792,1.54930000,5.74710977,2.62317503,2.27464403
396.90499997,1.45204929,1.38373887,1.53330000,5.77709606,2.61946652,2.24892444
397.00499988,1.45110692,1.37686117,1.52330000,5.76344316,2.60895723,2.21556780
397.10500002,1.45120083,1.36849211,1.51730000,5.91998620,2.64528793,2.17408840
397.20599985,1.44805750,1.36417769,1.50130000,6.07842298,2.68713925,2.12578982
397.30599999,1.44899501,1.35803774,1.49530000,6.08892648,2.68373245,2.13201217
397.40599990,1.44443541,1.35139940,1.48930000,6.05432450,2.66851057,2.16459501
397.50599980,1.44435291,1.34590296,1.48530000,5.68574639,2.55772967,2.12447736
397.60599995,1.43600507,1.33438263,1.48630000,5.65854942,2.54082387,2.13469488
397.70599985,1.43912685,1.32700479,1.48030000,5.70617188,2.54616051,2.12367106
397.80599999,1.44010273,1.32343009,1.47830000,5.64613245,2.52515286,2.13457707
397.90599990,1.44803915,1.31816354,1.45930000,5.73860209,2.54403867,2.11053625
398.00599980,1.44900637,1.31497321,1.45530000,6.04734473,2.62878417,2.10510799
398.10599995,1.42936919,1.31672954,1.44930000,6.10426336,2.65241359,2.10381850
398.20599985,1.42496635,1.31246553,1.44330000,6.37108710,2.72564288,2.09763154
398.30599999,1.42761679,1.31427583,1.43530000,6.38935615,2.73191565,2.08741067
398.40599990,1.42301460,1.31142131,1.43230000,6.49580597,2.76079028,2.07477581
398.50699997,1.40963678,1.31118881,1.42030000,6.57685602,2.78753717,2.04159694
398.60699987,1.39787697,1.30984963,1.41230000,6.62007508,2.80190624,2.03218205
398.70700002,1.38921957,1.30626353,1.40730000,6.55757251,2.78293579,2.01824597
398.80699992,1.38645367,1.30406681,1.40220000,6.28164224,2.70269211,2.00898661
398.90699983,1.38337929,1.30176131,1.39930000,6.62330570,2.79888314,1.97669843
399.00699997,1.38025502,1.30237380,1.39630000,6.86618627,2.86978272,1.95902463
399.10699987,1.37320029,1.30033804,1.39130000,6.99082106,2.90537255,1.94584260
399.20700002,1.36542677,1.29855003,1.39220000,6.84749938,2.86485649,1.92420464
399.30699992,1.36496800,1.29492720,1.38830000,6.69731010,2.81845352,1.90777176
399.40699983,1.34904056,1.28832635,1.38730000,6.55378179,2.77539528,1.91721642
399.50699997,1.34100844,1.28475093,1.38820000,6.62866708,2.79551054,1.91210239
399.60699987,1.33994535,1.28892985,1.37520000,6.71815133,2.82556013,1.91796085
399.70700002,1.34274273,1.28944011,1.36030000,6.56690131,2.78205685,1.91509229
399.80799985,1.34248942,1.28705299,1.35830000,6.39479642,2.73056928,1.89502416
399.90799999,1.33050774,1.37388040,1.36730000,6.11862947,2.74191518,1.91631856
400.00799990,1.32932646,1.27218421,1.37130000,6.11675520,2.64002099,1.92210277
400.10799980,1.32834184,1.27177242,1.37130000,6.10829053,2.63747205,1.93782877
400.20799994,1.31820710,1.36781260,1.36530000,5.88311902,2.67207315,1.92955105
400.30799985,1.31428634,1.27496864,1.36130000,5.73665046,2.53850125,1.95886078
400.40799999,1.30630233,1.37356755,1.34440000,5.64128157,2.61213305,1.93754400
400.50799990,1.30223397,1.27459779,1.32720000,5.54484187,2.48677147,1.90251855
400.60799980,1.29547341,1.27654987,1.32430000,5.70441419,2.53624723,1.94817198
400.70799994,1.27748913,1.37535570,1.33230000,5.60112787,2.61068106,1.95920735
400.80799985,1.27631508,1.27983452,1.33130000,5.68442243,2.53929376,1.93065453
400.90799999,1.26942059,1.39289762,1.31840000,5.76455082,2.67722054,1.89447477
401.00799990,1.26129178,1.29806254,1.31720000,5.83825723,2.60576695,1.88826093
401.10899997,1.24024991,1.39355982,1.31840000,5.67403634,2.66035594,1.87496306
401.20899987,1.22423105,1.39489073,1.32040000,5.46314537,2.60600910,1.88843608
401.30900002,1.21582956,1.39715257,1.32240000,5.66698075,2.66891005,1.88505662
401.40899992,1.20326690,1.40292553,1.31840000,5.54162838,2.64245738,1.90283004
401.50899982,1.19268054,1.40864594,1.31540000,5.45313720,2.62591926,1.90609050
401.60899997,1.18543926,1.41031556,1.31640000,5.43466351,2.62437963,1.94708341
401.70899987,1.18039126,1.41527062,1.31240000,5.41516403,2.62520569,1.94740153
401.80900002,1.17562084,1.41551235,1.31440000,5.49788762,2.65044571,1.95390906
401.90899992,1.16574797,1.42214683,1.30640000,5.58097053,2.68363900,1.96497751
402.00899982,1.15926753,1.42822155,1.30240000,5.50048613,2.66856973,1.92947836
402.10899997,1.15070429,1.43162919,1.29340000,5.61042940,2.70583637,1.91202680
402.20899987,1.14503388,1.42973471,1.28740000,5.75453016,2.74673365,1.90812684
402.30900002,1.14196389,1.43007162,1.28740000,5.69929614,2.73216654,1.92709744
402.40999985,1.11425876,1.42673744,1.29040000,5.39314977,2.64927773,1.93233006
402.50999999,1.11069468,1.42637684,1.29040000,5.32721471,2.63109685,1.94888928
402.60999990,1.10965920,1.42504799,1.27740000,5.54092900,2.69112507,1.92681933
402.70999980,1.10177197,1.42336013,1.27440000,5.65513734,2.72432167,1.91169544
402.80999994,1.09782674,1.42253632,1.27440000,5.33694855,2.63371398,1.91373239
402.90999985,1.06165815,1.42310603,1.29640000,5.50819446,2.69354498,1.94735189
403.00999999,1.06143353,1.41985374,1.28640000,5.39017404,2.65663674,1.94819218
403.10999990,1.06871749,1.41624258,1.26430000,5.33318568,2.63466206,1.94487035
403.20999980,1.06469714,1.41408724,1.25640000,5.44432234,2.66540872,1.93565570
403.30999994,1.05742657,1.41268282,1.25840000,5.70857739,2.74158306,1.96952230
403.40999985,1.06046331,1.40750738,1.25130000,5.89702819,2.78938306,1.95287098
403.50999999,1.05773641,1.40597170,1.24240000,5.92311528,2.79607995,1.94961913
403.60999990,1.05305009,1.40308874,1.24040000,5.86733380,2.77859837,1.94041189
403.71099997,1.04745757,1.40081009,1.23830000,5.88163773,2.78200442,1.94766678
403.81099987,1.04612944,1.39799704,1.23940000,5.87718879,2.77829971,1.93974487
403.91100001,1.04479315,1.39463533,1.22840000,5.63149139,2.70512054,1.90298868
404.01099992,1.04675021,1.39128208,1.22130000,5.61168290,2.69554856,1.90446758
404.11099982,1.04371251,1.39059997,1.20740000,5.54640722,2.67708418,1.89012367
404.21099997,1.03084386,1.38799027,1.21430000,5.44658331,2.64963011,1.89944206
404.31099987,1.02464451,1.38644081,1.21430000,5.46947880,2.65639346,1.89891535
404.41100001,1.01477605,1.38466511,1.20740000,5.71044056,2.72628354,1.89910851
404.51099992,1.01100067,1.38623012,1.19730000,5.44679268,2.65359926,1.88670678
404.61099982,1.00436569,1.38445049,1.19440000,5.23999712,2.59463090,1.85687759
404.71099997,0.99963289,1.38192262,1.19030000,5.32627685,2.61810661,1.82332070
404.81099987,0.99082700,1.37676852,1.18940000,5.28434767,2.60348871,1.81623104
404.91100001,0.98479220,1.37134145,1.19130000,5.24698868,2.58911187,1.82847421
405.01199985,0.98336200,1.37016866,1.19340000,5.21675011,2.57970812,1.82286985
405.11199999,0.98564615,1.37274138,1.18630000,5.54732914,2.67607938,1.82146138
405.21199989,0.98200495,1.37608270,1.18240000,5.65687387,2.71175953,1.82552111
405.31199980,0.97847643,1.37539927,1.17730000,5.74072455,2.73604159,1.83777325
405.41199994,0.97861326,1.37801876,1.17540000,5.82361890,2.76230609,1.83501416
405.51199985,0.97805514,1.37758086,1.17330000,5.56582007,2.68837084,1.84450781
405.61199999,0.97730355,1.37677241,1.17430000,5.55437183,2.68450621,1.83628957
405.71199989,0.97627444,1.38203179,1.16940000,5.76571105,2.75044225,1.83949099
405.81199980,0.97465893,1.38187926,1.16930000,5.83905665,2.77170718,1.82307787
405.91199994,0.97494437,1.38398143,1.17330000,5.66251981,2.72328870,1.83025069
406.01199985,0.97512020,1.38351037,1.17340000,5.97234259,2.81128820,1.83639376
406.11199999,0.97531095,1.37582740,1.17230000,5.88410094,2.77833883,1.84009494
406.21199989,0.96748345,1.37202109,1.17430000,5.54017148,2.67850338,1.81730035
406.31299996,0.96738185,1.36927403,1.17630000,5.41652321,2.64045727,1.79154737
406.41299987,0.95817049,1.36912902,1.16640000,5.23265569,2.59041051,1.77612719
406.51300001,0.95164546,1.36991696,1.15830000,5.47008538,2.66089979,1.76593800
406.61299992,0.94890976,1.36755317,1.15830000,5.46206187,2.65702520,1.77722950
406.71299982,0.95044860,1.36158114,1.15830000,5.55947943,2.67844709,1.79219630
406.81299996,0.95237558,1.35754565,1.15830000,5.79613395,2.74147662,1.74994818
406.91299987,0.95814159,1.35757174,1.15740000,6.06817043,2.81757998,1.77327897
407.01300001,0.96064640,1.35392063,1.15730000,6.13173835,2.83137547,1.81983786
407.11299992,0.96237311,1.34811856,1.15630000,6.20120768,2.84492843,1.80010185
407.21299982,0.96988592,1.34030983,1.16030000,6.20395704,2.83575872,1.82567138
407.31299996,0.97598898,1.33436981,1.16630000,6.12738316,2.80619672,1.81591449
407.41299987,0.97946863,1.32938378,1.16520000,6.23820594,2.83188016,1.82274457
407.51300001,0.98327735,1.32454378,1.17720000,6.18488351,2.81071697,1.81232446
407.61399984,0.98927451,1.31865173,1.17730000,6.10947793,2.78156699,1.81089698
407.71399999,0.99614334,1.31474264,1.17430000,6.39496484,2.85726307,1.83909704
407.81399989,1.00023962,1.31041121,1.17430000,6.42761352,2.86108947,1.82952178
407.91400003,0.99730208,1.31424991,1.17630000,6.45727486,2.87424214,1.84227114
408.01399994,0.99802934,1.31104236,1.17520000,6.64279462,2.92383244,1.83428594
408.11399984,1.00505839,1.30637754,1.17230000,6.85215985,2.97697796,1.83474568
408.21399999,1.00275801,1.30070463,1.17630000,6.50838083,2.87373972,1.84484554
408.31399989,1.00733591,1.29547721,1.17720000,6.28916976,2.80457259,1.83871157
408.41400003,0.99947985,1.29501999,1.18230000,6.31704137,2.81432328,1.84183791
408.51399994,1.00899868,1.29127262,1.17930000,3.22857077,2.82056497,1.83915029
408.61399984,1.01298985,1.28705055,1.17730000,3.26144843,2.82794909,1.83641810
408.71399999,1.01834252,1.28499949,1.17630000,3.18121554,2.79151097,1.84610138
408.81399989,1.01855752,1.28473048,1.17530000,3.19382881,2.79622341,1.82896487
408.91499996,1.01804712,1.28217593,1.17520000,3.19665032,2.79500757,1.85465127
409.01499987,1.02208059,1.27749004,1.17730000,3.13275283,2.76302799,1.84948369
409.11500001,1.02964718,1.27301136,1.17620000,3.11387092,2.74792269,1.84038078
409.21499991,1.03225454,1.26641285,1.17830000,3.27557559,2.80524720,1.82789546
409.31499982,1.02521345,1.26921277,1.17930000,3.37116143,2.84928115,1.83098153
409.41499996,1.02459500,1.26265997,1.17230000,3.35591706,2.83685186,1.88408316
409.51499987,1.02400468,1.25989111,1.16630000,3.41152377,2.85666217,1.87090124
409.61500001,1.02251218,1.25772200,1.16320000,3.33887072,2.82590177,1.87597497
409.71499991,1.02564182,1.26003677,1.16230000,3.26968806,2.79916249,1.86324840
409.81499982,1.01671665,1.25882577,1.16420000,3.40523707,2.85599915,1.85980613
409.91499996,1.00627722,1.26187890,1.17330000,3.29778348,2.82007338,1.88647574
410.01499987,1.00329551,1.26283810,1.18020000,3.11891240,2.75036275,1.85858104
410.11500001,0.99895320,1.26320451,1.18720000,3.05252675,2.72580103,1.87967208
410.21599984,0.99390782,1.26629627,1.18930000,2.98407954,2.70341884,1.89056142
410.31599998,0.99346561,1.26647041,1.18620000,3.01319036,2.71546696,1.86982868
410.41599989,0.98246432,1.25316943,1.18920000,3.16580679,2.76790524,1.86360923
410.51600003,0.98094381,1.24729252,1.19130000,3.01784918,2.70319200,1.85758901
410.61599994,0.97819602,1.24837988,1.19120000,2.98117035,2.69064636,1.88021968
410.71599984,0.98199780,1.25006180,1.18320000,3.08839475,2.73388201,1.87428856
410.81599998,0.98192374,1.24811552,1.18630000,3.01232234,2.70140067,1.84474500
410.91599989,0.98584220,1.24646212,1.17820000,2.81051567,2.61708985,1.83164632
411.01600003,0.98633524,1.24450269,1.18020000,2.79085972,2.60703485,1.83630585
411.11599994,0.97923142,1.24971251,1.17520000,2.72940929,2.59040898,1.83318936
411.21599984,0.98122790,1.24985649,1.17030000,2.59236906,2.53468999,1.83170476
411.31599998,0.97900180,1.24990976,1.17120000,2.50478352,2.50044706,1.84101804
411.41599989,0.97292738,1.24472346,1.15920000,2.58906178,2.53156318,1.86229703
411.51699996,0.96307582,1.24279691,1.16320000,2.57235067,2.52688056,1.86405634
411.61699986,0.95817903,1.24554739,1.16320000,2.58104576,2.53509206,1.85461200
411.71700001,0.96166578,1.24453831,1.16420000,2.61343473,2.54569548,1.85875547
411.81699991,0.96284850,1.24235196,1.16520000,2.62572322,2.54797126,1.84893045
411.91699982,0.96546830,1.23292054,1.16420000,2.43655135,2.46148069,1.88049576
412.01699996,0.96493934,1.23222631,1.16820000,2.41097400,2.45072238,1.88341338
412.11699986,0.97545708,1.23059552,1.16020000,2.59230189,2.51772067,1.89265577
412.21700001,0.97929136,1.22819916,1.16520000,2.47510217,2.46669457,1.89635316
412.31699991,0.98694794,1.22210082,1.17210000,2.45012259,2.44748349,1.89358403
412.41699982,0.99001063,1.22114829,1.19120000,2.53041045,2.47755893,1.89072322
412.51699996,0.99414329,1.21983104,1.19920000,2.45018478,2.44234770,1.86009083
412.61699986,1.00085459,1.21566763,1.21520000,2.41751887,2.42236310,1.87978055
412.71700001,0.95983310,1.21185078,1.16920000,2.49682900,2.46689378,1.86777757
412.81799984,0.95025983,1.20678344,1.16020000,2.42835305,2.43816017,1.85216809
412.91799998,0.92181993,1.29690570,1.13230000,2.55326317,2.58989629,1.86496536
413.01799989,0.92135024,1.18908671,1.13120000,2.58618978,2.49549545,1.83480214
413.11800003,0.98501219,1.29598499,1.16830000,2.61176674,2.58709173,1.86458690
413.21799994,1.00706851,1.29432805,1.18830000,2.56014309,2.55583123,1.85989963
413.31799984,1.02535231,1.18403849,1.19510000,2.44733915,2.39287249,1.86820075
413.41799998,1.04147160,1.29082113,1.21130000,2.66604494,2.58105149,1.86632827
413.51799989,1.05267625,1.18158494,1.21320000,2.63913923,2.45650311,1.87601196
413.61800003,1.05465979,1.28797627,1.21630000,2.63789912,2.56159921,1.87484617
413.71799994,1.05961271,1.28621309,1.21430000,2.71476908,2.58873127,1.85337374
413.81799984,1.06507612,1.17374590,1.21610000,2.78172302,2.50097010,1.85226065
413.91799998,1.06764012,1.27524893,1.21930000,2.96327774,2.67438904,1.87028525
414.01799989,1.07400881,1.16467494,1.21820000,2.96078389,2.56025422,1.89256540
414.11899996,1.07465867,1.27457054,1.21830000,2.94508950,2.66358292,1.88213772
414.21899986,1.07665441,1.27631733,1.21130000,2.94969130,2.66637679,1.89537424
414.31900001,1.07412262,1.27349753,1.20630000,2.98230523,2.67767804,1.89387512
414.41899991,1.07274331,1.27335252,1.20440000,3.01276196,2.69032430,1.88030486
414.51899981,1.07883005,1.27025203,1.20230000,2.92028568,2.64762260,1.88136806
414.61899996,1.08092009,1.26856667,1.20330000,2.98201260,2.66989848,1.86687462
414.71899986,1.07854668,1.26639451,1.20430000,3.00363389,2.67736706,1.87724279
414.81900001,1.07979932,1.26580728,1.20330000,2.99489734,2.67276631,1.86758987
414.91899991,1.08263987,1.26490936,1.20030000,2.92045506,2.64081725,1.85722595
415.01899981,1.08128680,1.26137577,1.20230000,5.88029802,2.63252183,1.86882014
415.11899996,1.08222817,1.26182657,1.20230000,5.80583487,2.61142848,1.85957116
415.21899986,1.09087013,1.26783262,1.19830000,5.87477935,2.63466382,1.83930306
415.31900001,1.09386777,1.26734770,1.19840000,5.74175633,2.59531587,1.82934822
415.41999984,1.09197668,1.26397423,1.19730000,5.58919039,2.54889243,1.82191913
415.51999998,1.08811352,1.25901330,1.20330000,5.55435735,2.53508297,1.82494255
415.61999989,1.08185881,1.25490788,1.20330000,5.60668430,2.54771517,1.84998004
415.72000003,1.08210952,1.25197107,1.20630000,5.51662587,2.51897575,1.86011893
415.81999993,1.08106753,1.25015435,1.20730000,5.33365909,2.46518051,1.83939422
415.91999984,1.08443809,1.26274010,1.20420000,5.33317869,2.47666599,1.84620478
416.01999998,1.08460492,1.26387650,1.20430000,5.31104712,2.47143141,1.82370409
416.11999989,1.08418983,1.26258985,1.21130000,5.52743863,2.53208951,1.85980321
416.22000003,1.08049012,1.25856662,1.21620000,5.64755534,2.56344240,1.85049856
416.31999993,1.07775530,1.25588406,1.21830000,5.69092075,2.57393133,1.81951228
416.41999984,1.07356847,1.26192120,1.21930000,5.83806828,2.62320685,1.81894962
416.51999998,1.07165203,1.26201544,1.22230000,5.63339394,2.56537027,1.84530405
416.61999989,1.07124791,1.26085743,1.22230000,5.91476704,2.64472004,1.84709873
416.72099996,1.06965124,1.26270168,1.22230000,5.74828026,2.59945282,1.85764667
416.82099986,1.06771977,1.26327214,1.22330000,5.63248424,2.56749056,1.85594982
416.92100000,1.03808924,1.25555397,1.20720000,5.68602183,2.58353471,1.85756671
417.02099991,1.02467450,1.24238685,1.18620000,5.35301779,2.47905636,1.85983914
417.12099981,1.03123728,1.25208917,1.19230000,5.35329565,2.48696299,1.84493898
417.22099996,1.03047357,1.25496275,1.19620000,5.24759533,2.45985468,1.83103527
417.32099986,1.02611015,1.25173785,1.20230000,5.35149103,2.48756096,1.85327986
417.42100000,1.01876525,1.25713908,1.20820000,5.54547055,2.55048345,1.86142660
417.52099991,1.01238015,1.25965730,1.21420000,5.75846705,2.61568212,1.88112776
417.62099981,1.01192849,1.25705647,1.20730000,5.73641523,2.60690983,1.86601601
417.72099996,1.00470118,1.25352328,1.20920000,5.90101176,2.65246916,1.88147780
417.82099986,1.00052661,1.25132472,1.20920000,5.72243067,2.60044016,1.88108799
417.92100000,0.99096675,1.24252297,1.21030000,5.82569250,2.62387318,1.88359748
418.02199984,0.98646808,1.24022920,1.20820000,5.88605879,2.64011225,1.87469593
418.12199998,0.98676376,1.24400682,1.20730000,6.02135837,2.68246242,1.85133345
418.22199988,0.97983858,1.24568676,1.20720000,6.10283055,2.70939875,1.86610033
418.32200003,0.97985330,1.24803586,1.20620000,6.05255882,2.69738030,1.86518071
418.42199993,1.00621443,1.26535196,1.19330000,5.97940194,2.68626267,1.85814990
418.52199984,1.01170716,1.26971557,1.19230000,5.99038793,2.69219579,1.88582484
418.62199998,1.01327673,1.26829427,1.19330000,6.05153898,2.70779777,1.92055009
418.72199988,1.00200769,1.25816047,1.18920000,6.13918082,2.72592422,1.91482425
418.82200003,0.99894406,1.26456771,1.18320000,5.85314749,2.65148298,1.89269741
418.92199993,0.99694096,1.27288202,1.17630000,5.68845579,2.61331483,1.88886790
419.02199984,0.98840116,1.26832471,1.18120000,5.77327943,2.63543279,1.88781083
419.12199998,0.98051689,1.26056247,1.19020000,5.60133437,2.58079604,1.92467046
419.22199988,0.97773570,1.26101192,1.19220000,5.78911319,2.63569121,1.90487196
419.32299995,0.97330534,1.26020154,1.19130000,5.72420991,2.61760285,1.91572469
419.42299986,0.97335968,1.26673400,1.18520000,5.67451957,2.60992254,1.95091273
419.52300000,0.96999437,1.26424158,1.18320000,5.61362530,2.59099327,1.95926495
419.62299991,0.96919459,1.26710648,1.18320000,5.45908080,2.54993111,1.95785607
419.72299981,0.97307719,1.26866238,1.18320000,5.40211344,2.53410131,1.94201343
419.82299995,0.96976499,1.26785608,1.18220000,5.28877483,2.50185889,1.93363590
419.92299986,0.97164791,1.27383945,1.17820000,5.19931873,2.48174540,1.92616570
420.02300000,0.96797202,1.27342917,1.17730000,5.25607296,2.49860087,1.91607263
420.12299991,0.96603133,1.27097289,1.19030000,5.20392637,2.48180004,1.90295538
420.22299981,0.96594055,1.26650720,1.18920000,5.28993980,2.50193556,1.90858325
420.32299995,0.96227956,1.26398262,1.18730000,5.28994890,2.50045957,1.93182109
420.42299986,0.96322133,1.27016961,1.19220000,5.22695980,2.48838060,1.90353083
420.52300000,0.96037702,1.27419813,1.19920000,5.47230961,2.56332172,1.87825436
420.62399983,0.96196393,1.27983463,1.20120000,5.46870370,2.56747457,1.86910779
420.72399998,0.96355716,1.27607179,1.19130000,5.86972073,2.67783281,1.85344246
420.82399988,0.96146824,1.27353645,1.18630000,6.04714895,2.72658808,1.85042812
420.92400002,0.96037715,1.26783074,1.19220000,5.78576766,2.64651374,1.84948592
421.02399993,0.96458589,1.26937439,1.19130000,6.03051342,2.71678226,1.83788417
421.12399983,0.96822546,1.27113475,1.18220000,6.07244529,2.72948327,1.83181600
421.22399998,0.97056792,1.26794815,1.17830000,6.15050637,2.74793056,1.82505935
421.32399988,0.97066248,1.26394065,1.17530000,6.27492214,2.77944341,1.80734915
421.42400002,0.96517983,1.25598733,1.16630000,6.57400084,2.85850761,1.81239071
421.52399993,0.95819923,1.24964908,1.16130000,6.37047907,2.79601475,1.81999915
421.62399983,0.95600828,1.24163071,1.15730000,6.37757046,2.79064847,1.83145578
421.72399998,0.95711210,1.23696530,1.15220000,6.33972352,2.77485428,1.82681684
421.82399988,0.95798994,1.22855499,1.15920000,6.47332750,2.80436573,1.83338959
421.92499995,0.95953202,1.21753048,1.15820000,6.44205426,2.78396541,1.82987883
422.02499986,0.96242136,1.20946833,1.14920000,6.42459580,2.77008959,1.84648438
422.12500000,0.97549838,1.20724303,1.15420000,6.37813461,2.75085338,1.87027999
422.22499990,0.98174161,1.20193372,1.16120000,6.18317579,2.68805777,1.85851669
422.32499981,0.98852247,1.19452532,1.16530000,6.12079395,2.66088860,1.85676337
422.42499995,0.99518111,1.18662032,1.17520000,6.19992131,2.67368895,1.84052469
422.52499986,1.00452567,1.17774587,1.17020000,6.08221857,2.62851527,1.82416555
422.62500000,1.02306142,1.16821081,1.17420000,6.19949570,2.64719203,1.81284843
422.72499990,1.03735100,1.15281382,1.17530000,6.11241524,2.60283217,1.80764018
422.82499981,1.06288810,1.13250150,1.18120000,5.91347942,2.51838474,1.82359302
422.92499995,1.07916626,1.11437400,1.17820000,5.86266394,2.48108762,1.79835028
423.02499986,1.09983108,1.08924783,1.18120000,5.72546643,2.41085793,1.82977713
423.12500000,1.11268273,1.07140724,1.18120000,5.61520995,2.35784359,1.80966262
423.22599983,1.12596616,1.04731562,1.18320000,5.57731470,2.31912949,1.82706092
423.32599998,1.13485536,1.03458597,1.19120000,5.58125440,2.30498570,1.84667373
423.42599988,1.13362274,1.01727967,1.16620000,5.47457567,2.25755194,1.80113961
423.52600002,1.13552847,0.99810756,1.14520000,5.59438284,2.27206595,1.79212176
423.62599993,1.15710255,0.98595382,1.16020000,5.43629842,2.20858121,1.81536933
423.72599983,1.18088338,0.98299984,1.16320000,5.62337583,2.25228340,1.80627379
423.82599998,1.19373707,0.96767886,1.16130000,5.54879692,2.21198167,1.77159134
423.92599988,1.14776207,0.94783139,1.05920000,5.54390229,2.20387145,1.71655551
424.02600002,1.16424857,0.92954511,1.05630000,5.38669678,2.13595889,1.72866322
424.12599993,1.17285614,0.90207611,1.04320000,5.42146707,2.11596494,1.71101643
424.22599983,1.19961415,0.88081597,1.05620000,5.46030252,2.09815550,1.72560776
424.32599998,1.22140855,0.85397406,1.05730000,5.55293477,2.09155298,1.72557460
424.42599988,1.29185906,0.81770284,1.14230000,5.81496583,2.11001906,1.79358321
424.52699995,1.30572249,0.78113217,1.12520000,5.95433103,2.10930604,1.76463957
424.62699986,1.33565821,0.74201021,1.13220000,5.90760027,2.04827937,1.74824487
424.72700000,1.36175977,0.70091879,1.13120000,5.92874368,2.00577133,1.72912590
424.82699990,1.38870158,0.65602560,1.12420000,6.09219855,1.99988187,1.72514762
424.92699981,1.41403217,0.60880528,1.11920000,6.30854610,2.00723784,1.71786607
425.02699995,1.43766826,0.55482709,1.11530000,6.37167838,1.96454427,1.69567708
425.12699986,1.44802970,0.49948216,1.11330000,6.46506776,1.93292161,1.70420390
425.22700000,1.46578183,0.44094433,1.11020000,6.39712260,1.84989884,1.70652148
425.32699990,1.48715767,0.38044807,1.11320000,6.38978356,1.78119833,1.66196359
425.42699981,1.50567356,0.32327382,1.11530000,6.48570504,1.74613996,1.66729174
425.52699995,1.52924564,0.26149296,1.10320000,6.58438223,1.70581770,1.66354791
425.62699986,1.54044392,0.19426141,1.10430000,6.73766661,1.67918218,1.66165467
425.72700000,1.54028339,0.13069756,1.12320000,6.94135735,1.67386155,1.66393607
425.82799983,1.55057583,0.06225021,1.12230000,7.08815221,1.64441489,1.64994042
425.92799997,1.56008854,0.01632500,1.11930000,6.96666075,1.56105991,1.64700844
426.02799988,1.57405553,0.07791148,1.11030000,7.02319107,1.63480735,1.65751361
426.12800002,1.56556576,0.12052016,1.11220000,6.74741107,1.60104739,1.65078557
426.22799993,1.55655926,0.18189208,1.11820000,6.68106239,1.64603583,1.66496494
426.32799983,1.55958090,0.27615586,1.12020000,6.50513580,1.68917155,1.66476468
426.42799997,1.53151000,0.30418266,1.12730000,6.57142377,1.74415802,1.65746230
426.52799988,1.52513974,0.39869821,1.12430000,6.50038952,1.82019815,1.68568328
426.62800002,1.50052416,0.43453671,1.12330000,6.42618221,1.84186758,1.71098326
426.72799993,1.48327016,0.49489517,1.12830000,6.32117468,1.87715360,1.70426819
426.82799983,1.47745347,0.58911858,1.12730000,6.45415926,2.01103452,1.73501786
426.92799997,1.45161889,0.61707964,1.11830000,6.20282963,1.97456843,1.76744521
427.02799988,1.44298217,0.70094811,1.11220000,6.21969033,2.06572187,1.74289165
427.12899995,1.42580557,0.71672808,1.11030000,6.23966558,2.09211665,1.73786831
427.22899985,1.41403400,0.75416521,1.10830000,6.30806559,2.15245995,1.74695541
427.32900000,1.39864866,0.79268226,1.10430000,6.38598505,2.21763552,1.75230556
427.42899990,1.37501743,0.81645156,1.10130000,6.20347342,2.19601042,1.76203882
427.52899981,1.34463346,0.82855080,1.12020000,5.97092464,2.15034828,1.76321434
427.62899995,1.33429763,0.84655937,1.12430000,6.10914332,2.21080099,1.78468482
427.72899985,1.33679852,0.87811409,1.11530000,6.02159843,2.21662835,1.79307085
427.82900000,1.32267057,0.87684436,1.10330000,5.95684113,2.20089309,1.78301721
427.92899990,1.32389376,0.90043030,1.10130000,5.78502245,2.17503850,1.76802215
428.02899981,1.29895042,0.91155079,1.10730000,5.65292610,2.15554384,1.76864936
428.12899995,1.30861983,0.94308133,1.10330000,5.68311306,2.19293654,1.79338049
428.22899985,1.28976054,0.94051251,1.10330000,5.55936995,2.16040092,1.77005641
428.32999992,1.29065487,0.96533791,1.10240000,5.52403024,2.17487373,1.75043473
428.42999983,1.27751063,0.96013655,1.09630000,5.48773073,2.16305658,1.77380516
428.52999997,1.26799868,0.97034439,1.08630000,5.58281613,2.20314938,1.77293923
428.62999988,1.28391423,1.10524572,1.08530000,5.48940688,2.30681505,1.78529751
