time_s,LoPE,LaPE,VPE,LoPL_adjusted,LaPL_adjusted,VPL_adjusted
0.00000000,0.90315829,0.04190599,0.48230000,2.74250119,0.26679696,1.45995725
0.09999990,0.94821279,0.03121086,0.43520000,2.86948319,0.26016768,1.37676605
0.20000005,0.95646184,0.02932345,0.41710000,2.91174804,0.24906722,1.33423141
0.30099988,0.96260498,0.02825328,0.39620000,2.99188745,0.24842330,1.28786282
0.40100002,0.95457927,0.01187776,0.39520000,3.02736785,0.23190079,1.28059803
0.50099993,0.95238253,0.00954389,0.37820000,3.06245889,0.23225032,1.27002099
0.60099983,0.95237432,0.00729472,0.36410000,3.02457253,0.23671635,1.24840785
0.70099998,0.96125845,0.00501662,0.34410000,2.83430579,0.23197504,1.21405562
0.80099988,0.97985780,0.00421291,0.34210000,2.93677279,0.23067640,1.18323155
0.90100002,0.83867846,0.04110153,0.37250000,2.80694503,0.27611536,1.25120281
1.00099993,0.71182777,0.05786359,0.37680000,2.85022086,0.29498347,1.26996267
1.10099983,0.56073818,0.04176051,0.29930000,2.70827963,0.28003229,1.12665134
1.20099998,0.51413605,0.04266539,0.22450000,2.64796444,0.28497802,1.06144981
1.30099988,0.12817808,0.02430452,0.04930000,2.15945240,0.25144733,0.84283166
1.40100002,0.09978141,0.03835728,0.07020000,2.01106450,0.27435414,0.85065631
1.50199986,0.12678179,0.03648598,0.08630000,1.92920377,0.27612982,0.86098242
1.60200000,0.14208473,0.03702578,0.07540000,1.93553177,0.27037031,0.85088907
1.70199990,0.14133431,0.03179641,0.08130000,1.88793046,0.26967730,0.84978106
1.80200005,0.11848563,0.02577219,0.07430000,1.83447153,0.25429173,0.80923469
1.90199995,0.10500964,0.03079049,0.05820000,1.55747426,0.27378289,0.77138498
2.00199986,0.11754662,0.03584524,0.07030000,1.59063473,0.26841059,0.77915625
2.10200000,0.13666100,0.03101969,0.07640000,1.67382683,0.26243651,0.76235331
2.20199990,0.13663016,0.02642878,0.07930000,1.66904380,0.24371373,0.75012409
2.30200005,0.08527896,0.01552384,0.04420000,1.60412693,0.23012944,0.70596390
2.40199995,0.11119038,0.01737668,0.07630000,1.73091661,0.23103420,0.75873715
2.50199986,0.09408802,0.01425920,0.06530000,1.92321136,0.23155730,0.75972731
2.60200000,0.10958313,0.02003839,0.07130000,2.04529590,0.23723131,0.77223854
2.70299983,0.09512650,0.01998270,0.06330000,2.04916760,0.23348098,0.78866830
2.80299997,0.08569302,0.01239383,0.05620000,1.92444257,0.21912780,0.78246427
2.90299988,0.08579558,0.01109315,0.06020000,2.01092693,0.21148014,0.77761189
3.00300002,0.09005395,0.01027839,0.06930000,2.07676060,0.21572398,0.77541233
3.10299993,0.08653606,0.01554830,0.05530000,1.90931056,0.21634356,0.76613478
3.20299983,0.09487620,0.01543589,0.06720000,1.88723994,0.21242251,0.77352872
3.30299997,0.09159443,0.01243019,0.05530000,1.80254886,0.21074245,0.78707098
3.40299988,0.09790286,0.01145728,0.07130000,1.85975501,0.21507159,0.81463445
3.50300002,0.09153403,0.01551775,0.07020000,1.90691836,0.22126332,0.86082450
3.60299993,0.09956786,0.01913744,0.06220000,1.85007226,0.22234977,0.80848317
3.70299983,0.10535859,0.01956084,0.07030000,1.73037408,0.21940765,0.83221406
3.80299997,0.11046447,0.02118681,0.07530000,1.53138198,0.22751123,0.80606381
3.90400004,0.11938605,0.02081106,0.08330000,1.52527354,0.23131073,0.84971846
4.00399995,0.11736251,0.02391258,0.06730000,1.56880484,0.25109770,0.81839748
4.10399985,0.12060720,0.02154420,0.06330000,1.53417402,0.24562703,0.77883130
4.20400000,0.13202919,0.02119749,0.08240000,1.57566499,0.24218972,0.84597848
4.30399990,0.13313235,0.01544758,0.08440000,1.78432327,0.21964850,0.84647591
4.40400004,0.12317478,0.01170742,0.07630000,1.88813558,0.22071108,0.83319813
4.50399995,0.09548680,0.01984239,0.05720000,2.02522354,0.23804130,0.78896651
4.60399985,0.08868368,0.02149242,0.04730000,2.11488042,0.24114445,0.77634822
4.70400000,0.09143367,0.02192381,0.05220000,2.11937889,0.24628383,0.77821664
4.80399990,0.08943268,0.02024960,0.05820000,2.28397711,0.24989994,0.84061884
4.90400004,0.07425783,0.01545624,0.06220000,2.13911207,0.23984741,0.86443481
5.00399995,0.07989681,0.01539673,0.06520000,2.25070195,0.24033022,0.86863351
5.10500002,0.08089732,0.01213356,0.05820000,2.17534708,0.23355758,0.86110693
5.20499992,0.08084260,0.01157947,0.06330000,2.13051358,0.23113513,0.87098136
5.30499983,0.08479194,0.01195435,0.05620000,2.10456251,0.22803027,0.86379530
5.40499997,0.06580690,0.00559834,0.03210000,2.29710567,0.21998180,0.82243224
5.50499988,0.06133475,0.00377077,0.03220000,2.27811017,0.22091161,0.78460399
5.60500002,0.05225791,0.00394979,0.02510000,2.43960153,0.22264580,0.78077695
5.70499992,0.05102520,0.00289293,0.02810000,2.65586559,0.22570779,0.78147923
5.80499983,0.04167031,0.00614776,0.03210000,2.75913289,0.22803626,0.74882900
5.90499997,0.04530512,0.00125161,0.03020000,2.69284450,0.22917677,0.75501457
6.00499988,0.04420037,0.00339512,0.02510000,2.78121530,0.23839382,0.76485817
6.10500002,0.04638060,0.00548539,0.02710000,2.79038060,0.23560670,0.76431201
6.20499992,0.04716570,0.00615524,0.01710000,2.73906337,0.23539549,0.75598705
6.30499983,0.04536597,0.00318414,0.00810000,2.54376262,0.23330668,0.75933539
6.40599990,0.03987935,0.00413368,0.00620000,2.45201398,0.22837817,0.73910484
6.50600004,0.03623486,0.00480467,0.01410000,2.40866507,0.23176730,0.73586577
6.60599995,0.03203970,0.00438609,0.01610000,2.16820679,0.23106563,0.69469923
6.70599985,0.02532609,0.00590246,0.02410000,2.00065876,0.22944145,0.73846728
6.80599999,0.03531869,0.00528776,0.00310000,1.81623584,0.22249845,0.70517253
6.90599990,0.04298351,0.00478208,0.00110000,1.76423847,0.21330506,0.73072199
7.00600004,0.03609544,0.00745448,0.00110000,1.72341522,0.20568354,0.72790148
7.10599995,0.03543651,0.00280427,0.00310000,1.79354607,0.20195174,0.72015104
7.20599985,0.03493419,0.00310681,0.00510000,1.61314963,0.20200589,0.73951086
7.30599999,0.04803482,0.00071828,0.00310000,1.56676828,0.20262100,0.74627694
7.40599990,0.04928964,0.00223190,0.00520000,1.64998307,0.20635840,0.74212672
7.50600004,0.04778895,0.00579192,0.00610000,1.75401864,0.21054918,0.76831717
7.60699987,0.05569676,0.00849006,0.02310000,1.77864750,0.22112022,0.76734388
7.70700002,0.05687061,0.01075609,0.02610000,1.68101308,0.21461281,0.80358016
7.80699992,0.05736851,0.01158250,0.02510000,1.57997225,0.21470517,0.81773905
7.90699983,0.05853587,0.01409083,0.03020000,1.66551168,0.22182054,0.83899092
8.00699997,0.05273774,0.00500112,0.01620000,1.54704957,0.20253109,0.81079465
8.10699987,0.05572641,0.00494244,0.01510000,1.49321066,0.19884609,0.80096691
8.20700002,0.05418642,0.00254601,0.02010000,1.54814622,0.19675265,0.78338139
8.30699992,0.07389637,0.00829558,0.01920000,1.62963813,0.20093374,0.79616363
8.40699983,0.07542084,0.00891388,0.02230000,1.55517315,0.19970218,0.81950150
8.50699997,0.06323906,0.00646775,0.01620000,1.56823908,0.19547798,0.78976129
8.60699987,0.06129569,0.00149937,0.02220000,1.57687137,0.19393296,0.79894601
8.70700002,0.06034907,0.00194685,0.02710000,1.47008453,0.19573005,0.79592695
8.80799985,0.07034892,0.00044710,0.03120000,1.66670908,0.18538021,0.86639532
8.90799999,0.07165918,0.00524613,0.02920000,1.89744478,0.19060287,0.89132051
9.00799990,0.07061297,0.00940467,0.04430000,1.96943944,0.19781121,0.88566867
9.10800004,0.05850674,0.01490272,0.04520000,1.92547801,0.19730279,0.88938249
9.20799994,0.05836642,0.01602377,0.04810000,2.00186907,0.19785754,0.91789774
9.30799985,0.06188598,0.01442377,0.05020000,2.16666985,0.18997032,0.92694713
9.40799999,0.06600870,0.01448107,0.03820000,2.10718679,0.18924533,0.90468519
9.50799990,0.06684241,0.01633745,0.04320000,2.24841772,0.19495467,0.89073933
9.60800004,0.05625908,0.01589863,0.04020000,2.17748935,0.18598076,0.88943736
9.70799994,0.05310572,0.01873987,0.04420000,2.01420569,0.18563284,0.91299616
9.80799985,0.05932971,0.01886889,0.04720000,1.98650447,0.19096965,0.91471659
9.90799999,0.07260749,0.02517642,0.04320000,2.07504187,0.21559205,0.90678275
10.00899982,0.07491420,0.02921424,0.04730000,2.08771624,0.22988426,0.91109933
10.10899997,0.07551369,0.02663274,0.05010000,2.20245001,0.23247817,0.91186956
10.20899987,0.07344887,0.02790759,0.05620000,2.35267062,0.23123531,0.96469924
10.30900002,0.05253870,0.02276588,0.04410000,2.16393432,0.22809535,0.95954000
10.40899992,0.05073433,0.03651887,0.03720000,2.01169501,0.24688109,0.93523315
10.50899982,0.04640791,0.03443190,0.03520000,1.82729695,0.23869268,0.97701514
10.60899997,0.05162145,0.01847907,0.03510000,1.74049722,0.20918137,0.94191581
10.70899987,0.05246165,0.02918519,0.03420000,1.85346834,0.23491017,0.94387338
10.80900002,0.04802319,0.02646476,0.01810000,1.52963728,0.23435728,0.85846892
10.90899992,0.04157725,0.02498264,0.01020000,1.54205109,0.23083926,0.84641671
11.00899982,0.04362978,0.02383217,0.01720000,0.82834411,0.23666224,0.82196618
11.10899997,0.04491371,0.02555169,0.01100000,0.82899164,0.23835493,0.84520624
11.21000004,0.05435111,0.02157145,0.00810000,0.78819758,0.22237768,0.83831292
11.30999994,0.04658167,0.02173932,0.00010000,0.78104115,0.21605650,0.83554397
11.40999985,0.04333790,0.02261497,0.00810000,0.77782801,0.22112224,0.84657335
11.50999999,0.03969788,0.02684954,0.01010000,0.74227595,0.24784771,0.80339956
11.60999990,0.03357647,0.02765919,0.00800000,0.73876608,0.25292676,0.80502762
11.71000004,0.03427922,0.03247068,0.00910000,0.75520396,0.24687074,0.82341505
11.80999994,0.03708006,0.03022051,0.01100000,0.74812307,0.24066656,0.85287702
11.90999985,0.03553387,0.02763320,0.00710000,0.72545491,0.24977942,0.83640576
12.00999999,0.03743413,0.02699567,0.00910000,0.73373606,0.25779218,0.81904175
12.10999990,0.03600671,0.02120181,0.00700000,0.74585633,0.22669025,0.81731899
12.21000004,0.03577372,0.02007439,0.00910000,0.72507402,0.23398212,0.80722419
12.30999994,0.03653154,0.02002115,0.02100000,0.76002845,0.24001006,0.85706595
12.41100001,0.03563881,0.01980215,0.02210000,0.74488334,0.24372512,0.85931633
12.51099992,0.03774671,0.02275843,0.02010000,0.73617574,0.24897916,0.84643137
12.61099982,0.04354337,0.02695208,0.00910000,0.72767108,0.26847035,0.82931987
12.71099997,0.04433965,0.02631112,0.01010000,0.73387546,0.26722261,0.83438994
12.81099987,0.04000985,0.02359517,0.00100000,0.76328625,0.27354678,0.81402588
12.91100001,0.04123690,0.01923585,0.00210000,0.73097456,0.25317988,0.79937815
13.01099992,0.03327208,0.01627909,0.00690000,0.72853511,0.24625600,0.80140035
13.11099982,0.03582748,0.01640858,0.01090000,0.71608593,0.23524527,0.80756808
13.21099997,0.03752787,0.01619224,0.00790000,0.72286138,0.23826415,0.80105646
13.31099987,0.04108194,0.01761602,0.00390000,0.69885982,0.23270389,0.77839505
13.41100001,0.04337129,0.01811494,0.00110000,0.69701356,0.23052593,0.78102734
13.51099992,0.03595606,0.01600163,0.00390000,0.70478292,0.22350508,0.78755355
13.61199999,0.03927094,0.01630471,0.00310000,0.70567668,0.22394691,0.75510152
13.71199989,0.03826419,0.01854244,0.00810000,0.69526704,0.22213236,0.78543708
13.81200004,0.04602591,0.02330742,0.01310000,0.73374139,0.23438973,0.84206349
13.91199994,0.04400737,0.01795638,0.00910000,0.73551805,0.22128987,0.80119607
14.01199985,0.03695483,0.01398787,0.00010000,0.66613056,0.22301046,0.78110024
14.11199999,0.03453193,0.01367136,0.00010000,0.68708476,0.22425326,0.78489512
14.21199989,0.03417007,0.01758937,0.00290000,0.68007144,0.22668049,0.79502428
14.31200004,0.03749534,0.01714961,0.00390000,0.71324538,0.23322743,0.81929942
14.41199994,0.03319879,0.01871043,0.00910000,0.73089572,0.24884997,0.83453333
14.51199985,0.03131887,0.02036782,0.01100000,0.71154008,0.25076477,0.83199564
14.61199999,0.03371472,0.01660052,0.01510000,0.74164434,0.22181905,0.89644977
14.71199989,0.03803997,0.01175629,0.01710000,0.73789820,0.21664832,0.88398650
14.81200004,0.03876495,0.00704828,0.00910000,0.73886449,0.22016407,0.82006352
14.91299987,0.04162731,0.00831669,0.00510000,0.80525209,0.22743336,0.79503125
15.01300001,0.04471126,0.01162940,0.01110000,0.78297320,0.22633520,0.78624336
15.11299992,0.04294841,0.00705934,0.01110000,0.77540533,0.22010739,0.80595461
15.21299982,0.04324343,0.00145127,0.01720000,0.80043926,0.21542209,0.84350476
15.31299996,0.04217195,0.00353644,0.00810000,0.81647537,0.21317470,0.79994382
15.41299987,0.04378139,0.00064000,0.00710000,0.79164051,0.21152275,0.78246713
15.51300001,0.04400539,0.00023559,0.00710000,0.79323102,0.21078423,0.79364212
15.61299992,0.04400443,0.00050002,0.01510000,0.79686315,0.20514928,0.86090632
15.71299982,0.03664357,0.00555415,0.01810000,0.79351949,0.20389349,0.85831126
15.81299996,0.03633344,0.00957086,0.01510000,0.78906359,0.21113518,0.86057006
15.91299987,0.03010076,0.01292068,0.00310000,0.73609999,0.20707795,0.81517904
16.01300001,0.03010422,0.01267067,0.00910000,0.73457739,0.20290114,0.83521816
16.11399984,0.02549840,0.01252523,0.00190000,0.71687944,0.20743890,0.82399070
16.21399999,0.02342669,0.01071634,0.00300000,0.70395181,0.21292904,0.82203636
16.31399989,0.02126370,0.01002323,0.00990000,0.72670489,0.20861874,0.83401924
16.41400003,0.02216940,0.01143231,0.00590000,0.74343627,0.21372826,0.82232720
16.51399994,0.01975737,0.01261056,0.00200000,0.72894589,0.21425624,0.82185653
16.61399984,0.02540740,0.00152449,0.00510000,0.72587420,0.20676920,0.81915945
16.71399999,0.02525578,0.00080361,0.00910000,0.74009335,0.20488922,0.80658121
16.81399989,0.01988913,0.00131251,0.00800000,0.72910253,0.20623429,0.81905967
16.91400003,0.01815692,0.00147184,0.00610000,0.74009885,0.20689740,0.82440574
17.01399994,0.01648433,0.00375058,0.00800000,0.75778384,0.21128391,0.80768998
17.11399984,0.01860288,0.00987384,0.02010000,0.74640713,0.21547474,0.86322921
17.21399999,0.02232662,0.01234674,0.02410000,0.72464500,0.21191818,0.87527857
17.31499982,0.02122720,0.01337483,0.02910000,0.72305438,0.21492325,0.85230028
17.41499996,0.02303802,0.01348109,0.03100000,0.71250278,0.20146048,0.83686563
17.51499987,0.02169230,0.02085507,0.02410000,0.70311382,0.21530507,0.82496112
17.61500001,0.01824437,0.02199552,0.01710000,0.70074681,0.20919844,0.81399535
17.71499991,0.01806885,0.02237535,0.01710000,0.70672733,0.21635129,0.81297947
17.81499982,0.01499292,0.02039883,0.01000000,0.70085668,0.22136740,0.76680571
17.91499996,0.01151162,0.01736153,0.00400000,0.68798064,0.20985965,0.77366676
18.01499987,0.01798460,0.02052326,0.01510000,0.68834068,0.20686325,0.81954234
18.11500001,0.02013280,0.02059613,0.01310000,0.72030729,0.21535027,0.83602176
18.21499991,0.01226054,0.02284380,0.00710000,0.70241739,0.21838521,0.76205114
18.31499982,0.00821389,0.02632075,0.00200000,0.68926541,0.22131551,0.78244502
18.41499996,0.01435832,0.02225778,0.00410000,0.66770586,0.21707699,0.77036373
18.51600003,0.01400491,0.02179249,0.00300000,0.68148035,0.21597925,0.76980079
18.61599994,0.02114411,0.01872155,0.00610000,0.72512093,0.20670919,0.77492029
18.71599984,0.02370037,0.01910661,0.00710000,0.72859204,0.20977872,0.75799915
18.81599998,0.02113975,0.01647303,0.00290000,0.74121505,0.19273848,0.73583884
18.91599989,0.01419991,0.00991225,0.00400000,0.68979259,0.18864515,0.73145186
19.01600003,0.01444397,0.01058592,0.00210000,0.69059029,0.18507365,0.72123594
19.11599994,0.01381329,0.01469670,0.00310000,0.69251861,0.19808133,0.69508397
19.21599984,0.01554159,0.01547737,0.00200000,0.72379080,0.20126204,0.72759325
19.31599998,0.01994988,0.01099555,0.00100000,0.78220993,0.19120372,0.73697597
19.41599989,0.01414672,0.01269332,0.00190000,0.68890861,0.19576475,0.71317292
19.51600003,0.01646313,0.01265090,0.00110000,0.74025656,0.19501620,0.69824735
19.61599994,0.02258052,0.01245070,0.00710000,0.76864606,0.19978351,0.69645761
19.71700001,0.01640184,0.01691980,0.00510000,0.75865098,0.20564663,0.70896363
19.81699991,0.00583496,0.02697690,0.00290000,0.69971075,0.23310843,0.70274569
19.91699982,0.00430090,0.02650099,0.00690000,0.71437610,0.23688312,0.71455552
20.01699996,0.00661805,0.02358244,0.00290000,0.72656754,0.21450084,0.71199692
20.11699986,0.00557397,0.02375565,0.00290000,0.72576651,0.20308755,0.70557309
20.21700001,0.00413928,0.02484102,0.00490000,0.75979769,0.20324930,0.69408713
20.31699991,0.01139872,0.02016108,0.00190000,0.77815904,0.20022696,0.69061632
20.41699982,0.01696420,0.01899226,0.00510000,0.84533779,0.19698403,0.68809333
20.51699996,0.01715561,0.01958686,0.00610000,0.83823328,0.20296643,0.69584919
20.61699986,0.01938840,0.01877604,0.00810000,0.81827905,0.20799785,0.70560901
20.71700001,0.01915884,0.02583309,0.00810000,0.83068468,0.23382546,0.71714355
20.81699991,0.00363923,0.02296010,0.01390000,0.77373612,0.22041167,0.76478029
20.91799998,0.00069879,0.01621979,0.02100000,0.75955068,0.21447929,0.78847277
21.01799989,0.00055743,0.01506318,0.01800000,0.74778699,0.22008216,0.78934540
21.11800003,0.00563091,0.01267647,0.01300000,0.76439672,0.22245422,0.73371170
21.21799994,0.00325358,0.01164192,0.01090000,0.77794348,0.21441068,0.73333332
21.31799984,0.00034731,0.01713620,0.01300000,0.76421946,0.21971630,0.73823000
21.41799998,0.00264832,0.02030853,0.00400000,0.76295645,0.22285205,0.71388643
21.51799989,0.00503256,0.02004304,0.00290000,0.76605727,0.22432633,0.72414212
21.61800003,0.00233122,0.01657545,0.00500000,0.76605308,0.21828156,0.72021546
21.71799994,0.00055084,0.01309300,0.01100000,0.77213565,0.22240197,0.69850691
21.81799984,0.00519343,0.01467475,0.00300000,0.78892783,0.22325683,0.68861146
21.91799998,0.00130108,0.01556750,0.00400000,0.75815968,0.22888209,0.69527200
22.01799989,0.00458300,0.02505347,0.00700000,0.74474683,0.25282783,0.71144227
22.11800003,0.01023524,0.03088689,0.00600000,0.72489028,0.26273951,0.72833255
22.21899986,0.01349233,0.03120892,0.00500000,0.73867996,0.26465150,0.75792147
22.31900001,0.01727102,0.02849231,0.00910000,0.75771068,0.25851209,0.72640192
22.41899991,0.02206214,0.03572551,0.00700000,0.80171383,0.26573573,0.71790275
22.51899981,0.00899575,0.04207964,0.00600000,0.74563770,0.27880456,0.73229350
22.61899996,0.00364233,0.02244958,0.00300000,0.73058815,0.26211712,0.72533151
22.71899986,0.00897829,0.04168321,0.00100000,0.71497995,0.27862428,0.69825786
22.81900001,0.00967237,0.02227409,0.00200000,0.72105065,0.25233972,0.69574362
22.91899991,0.00045216,0.03712675,0.01310000,0.68419224,0.26832777,0.73423013
23.01899981,0.01812176,0.03535819,0.01110000,0.69931122,0.26804616,0.70764677
23.11899996,0.00553050,0.02200781,0.00100000,0.66719172,0.26441804,0.67613129
23.21899986,0.00322690,0.04316986,0.00110000,0.65931484,0.28447497,0.68510936
23.31900001,0.00190134,0.01435496,0.00800000,0.67197969,0.24584074,0.71362781
23.41999984,0.01417976,0.01488067,0.03000000,0.68560173,0.24536516,0.73651993
23.51999998,0.02373549,0.01321653,0.03800000,0.70211894,0.24633437,0.77955497
23.61999989,0.03501362,0.01677636,0.04910000,0.70821234,0.24608965,0.76836769
23.72000003,0.03487969,0.01356676,0.05110000,0.74024419,0.24518378,0.76814241
23.81999993,0.05136325,0.01656702,0.05510000,0.72668242,0.23898543,0.76951159
23.91999984,0.04581191,0.01271687,0.05010000,0.69778105,0.23112213,0.76864792
24.01999998,0.04051914,0.00809995,0.05210000,0.69997878,0.21849106,0.78322780
24.11999989,0.03207045,0.00042011,0.05210000,0.72212342,0.21375396,0.74276296
24.22000003,0.03437386,0.00373197,0.05520000,0.73975950,0.21881286,0.75737857
24.31999993,0.04923627,0.00778394,0.06920000,0.74247726,0.22383062,0.75192246
24.41999984,0.03046210,0.01352444,0.04210000,0.71899408,0.22644198,0.73020500
24.51999998,0.02716681,0.01027544,0.04310000,0.67481284,0.22650598,0.72310342
24.62099981,0.03091127,0.00882401,0.04210000,0.76307895,0.22197238,0.73300161
24.72099996,0.03363763,0.01053137,0.05120000,0.74299872,0.21676053,0.74625600
24.82099986,0.03868282,0.00515164,0.02310000,0.76125981,0.21733798,0.74679833
24.92100000,0.02843594,0.00642554,0.00910000,0.69769029,0.22275534,0.72365378
25.02099991,0.02803376,0.00500083,0.00510000,0.70083946,0.22167027,0.70950806
25.12099981,0.03376967,0.00261904,0.00800000,0.70615685,0.20649807,0.69938696
25.22099996,0.03130941,0.00147344,0.00810000,0.72718788,0.21140516,0.69272282
25.32099986,0.01745574,0.00327829,0.00800000,0.69943399,0.21167754,0.67084368
25.42100000,0.01634948,0.00483163,0.00700000,0.67829423,0.21109714,0.66843482
25.52099991,0.02081757,0.00367817,0.01000000,0.67475870,0.22733790,0.66902336
25.62099981,0.01512226,0.00082908,0.02200000,0.70146417,0.21641080,0.68677616
25.72099996,0.01637013,0.00016999,0.02410000,0.70451397,0.21717506,0.70345376
25.82200003,0.02449209,0.00722134,0.03110000,0.71395855,0.21410554,0.78490283
25.92199993,0.02358971,0.00933946,0.02910000,0.70136538,0.21594411,0.77043898
26.02199984,0.02405973,0.01019948,0.03110000,0.72567725,0.22081104,0.71392863
26.12199998,0.02478103,0.01284332,0.02300000,0.72283825,0.22379312,0.67336935
26.22199988,0.02746042,0.01493268,0.02300000,0.75887954,0.23089580,0.66995875
26.32200003,0.01805508,0.00481810,0.01600000,0.72387874,0.22373365,0.69612973
26.42199993,0.01953160,0.00718865,0.01410000,0.69007769,0.22243325,0.69372775
26.52199984,0.02487307,0.01330528,0.01310000,0.68221349,0.22703052,0.70677446
26.62199998,0.03253266,0.01652744,0.00910000,0.71193534,0.23969604,0.67397810
26.72199988,0.03645224,0.01843677,0.00710000,0.70885303,0.25077130,0.70239278
26.82200003,0.03562390,0.01729560,0.00610000,0.70446894,0.25646307,0.68729778
26.92199993,0.03540929,0.01538416,0.00410000,0.69834856,0.26229451,0.68091305
27.02300000,0.03731827,0.01473523,0.00090000,0.71907150,0.26547815,0.70459037
27.12299991,0.04256611,0.01665822,0.00590000,0.70645170,0.27303674,0.69404352
27.22299981,0.04871418,0.01855341,0.00290000,0.70773523,0.26891491,0.71341710
27.32299995,0.04672555,0.02084065,0.00310000,0.66246254,0.26523776,0.69527815
27.42299986,0.04053183,0.02000926,0.00610000,0.66874464,0.26839318,0.70923432
27.52300000,0.04274298,0.02260283,0.00610000,0.68511399,0.26400388,0.70892615
27.62299991,0.04380388,0.02646546,0.00900000,0.69205381,0.26460682,0.70908165
27.72299981,0.04720919,0.03044639,0.01000000,0.66984128,0.27284824,0.70503786
27.82299995,0.05551286,0.03788315,0.01310000,0.68829610,0.28510575,0.70902922
27.92299986,0.06282527,0.02963588,0.01210000,0.66533219,0.26775214,0.68813057
28.02300000,0.05912248,0.02449352,0.00910000,0.67271177,0.26635897,0.67456663
28.12299991,0.05594625,0.02398056,0.01020000,0.67243331,0.25696671,0.67584734
28.22399998,0.05692523,0.01838798,0.01910000,0.68675244,0.24430427,0.69732609
28.32399988,0.05541673,0.01174034,0.02010000,0.68162087,0.23385146,0.65843464
28.42400002,0.05974041,0.01352973,0.01520000,0.68250255,0.22575954,0.64908979
28.52399993,0.07342695,0.01923755,0.02020000,0.73556299,0.23152975,0.66758156
28.62399983,0.08172777,0.01763696,0.02320000,0.74046524,0.22016991,0.67896254
28.72399998,0.08081747,0.01837597,0.02720000,0.72816469,0.22267646,0.66349279
28.82399988,0.06485613,0.00623957,0.01820000,0.66441342,0.20600293,0.61666834
28.92400002,0.07081790,0.00630277,0.01620000,0.66525135,0.21102218,0.61492372
29.02399993,0.07526901,0.00457665,0.01020000,0.66581733,0.20983267,0.62532941
29.12399983,0.07578918,0.00094312,0.00520000,0.63476290,0.20287285,0.65968367
29.22399998,0.08094827,0.00289611,0.00570000,0.70172989,0.19889386,0.66260481
29.32399988,0.07244295,0.00103403,0.00480000,0.62460429,0.18686400,0.65413497
29.42400002,0.09409382,0.00303378,0.00530000,0.71085965,0.19258173,0.66120558
29.52499986,0.09367481,0.00181109,0.02530000,0.72049252,0.20348327,0.74894713
29.62500000,0.09691495,0.00284662,0.02220000,0.74571277,0.20524478,0.73680536
29.72499990,0.08732973,0.00156486,0.01520000,0.69068524,0.20202815,0.71711812
29.82500005,0.10017455,0.00520665,0.01830000,0.76206870,0.20412918,0.71079937
29.92499995,0.08473028,0.01735278,0.02020000,0.67553766,0.21186631,0.72527111
30.02499986,0.07954200,0.02669325,0.02120000,0.68426572,0.22432117,0.71192716
30.12500000,0.07591015,0.03212755,0.01820000,0.67120863,0.23267552,0.68969897
30.22499990,0.07652229,0.03451245,0.01920000,0.69850989,0.23731613,0.68605188
30.32500005,0.07882812,0.02637000,0.02510000,0.70661590,0.23777809,0.68787727
30.42499995,0.07746183,0.02893502,0.02420000,0.71435738,0.23832192,0.71253991
30.52499986,0.07014689,0.03285595,0.02210000,0.69814313,0.23887210,0.71673817
30.62500000,0.06791506,0.03291268,0.02810000,0.70301480,0.23974987,0.74956999
30.72599983,0.06676850,0.03570669,0.02910000,0.66654883,0.24273166,0.75448655
30.82599998,0.06396082,0.02472052,0.02620000,0.66830811,0.22665610,0.76516818
30.92599988,0.06870381,0.02661948,0.02320000,0.66526258,0.22450145,0.78607761
31.02600002,0.08116892,0.01985162,0.03320000,0.70140074,0.22473812,0.84899698
31.12599993,0.08728870,0.02111217,0.03820000,0.68465065,0.21531822,0.85579710
31.22599983,0.08695619,0.02221307,0.03930000,0.66682874,0.21889782,0.85206267
31.32599998,0.06744025,0.02224349,0.03510000,0.66401316,0.21682616,0.84071507
31.42599988,0.07415953,0.01106774,0.04020000,0.64141674,0.19583898,0.86622352
31.52600002,0.08416382,0.00567205,0.04220000,0.66951268,0.19216097,0.87593891
31.62599993,0.09042003,0.00921023,0.04130000,0.64985157,0.19345271,0.86899776
31.72599983,0.08456378,0.01340808,0.03920000,0.66444718,0.18988207,0.89785374
31.82599998,0.10387762,0.01920001,0.03530000,0.67414158,0.19410175,0.88748444
31.92700005,0.09731361,0.02060851,0.02330000,0.67167187,0.21678527,0.81418530
32.02699995,0.10439435,0.00780195,0.02730000,0.70370704,0.19852692,0.81766634
32.12699986,0.09771836,0.00090689,0.03030000,0.70432298,0.19387575,0.79702171
32.22700000,0.09658365,0.00168791,0.03320000,0.72123515,0.18748861,0.79869074
32.32699990,0.10433975,0.00628220,0.03430000,0.71421824,0.19956363,0.78207977
32.42700005,0.10634552,0.01105669,0.04830000,0.70505540,0.20214809,0.83543332
32.52699995,0.09940432,0.01931400,0.07030000,0.70050276,0.20884495,0.83583847
32.62699986,0.11882792,0.01300943,0.07530000,0.73253768,0.19304764,0.80147769
32.72700000,0.11468704,0.00929204,0.06730000,0.71506570,0.19200016,0.78068844
32.82699990,0.12821529,0.00533762,0.06730000,0.72060512,0.18797744,0.80500714
32.92700005,0.11503317,0.01977725,0.06030000,0.70194386,0.20521949,0.79464623
33.02699995,0.14996628,0.00736305,0.03440000,0.74038199,0.18967905,0.71673753
33.12800002,0.17825871,0.01285310,0.01860000,0.77902013,0.20224444,0.71775445
33.22799993,0.18076849,0.01310733,0.01860000,0.79245077,0.19458827,0.70850489
33.32799983,0.19653544,0.01196629,0.02260000,0.80251392,0.18120876,0.69751886
33.42799997,0.21368519,0.00530826,0.01960000,0.80258394,0.16932646,0.70743854
33.52799988,0.22333592,0.00121503,0.01870000,0.82438134,0.16845224,0.69384780
33.62800002,0.22255568,0.01025716,0.02760000,0.83052346,0.16702694,0.67076988
33.72799993,0.23228117,0.01403057,0.02370000,0.86619965,0.17975505,0.65452870
33.82799983,0.24075957,0.00376290,0.02570000,0.89991625,0.17229488,0.67257189
33.92799997,0.24464178,0.00512340,0.02470000,0.89816869,0.17321538,0.67310777
34.02799988,0.25790167,0.00877145,0.02380000,0.95055285,0.18208398,0.65547340
34.12800002,0.26326659,0.00903234,0.02480000,0.96884669,0.18248189,0.63459662
34.22799993,0.26078013,0.02800670,0.01380000,0.93565488,0.20133838,0.60130754
34.32900000,0.26102965,0.04870903,0.01470000,0.96974766,0.23512974,0.60302617
34.42899990,0.26503215,0.01320936,0.02480000,0.93072364,0.19488156,0.60745338
34.52900004,0.27951240,0.06115863,0.02880000,1.03615875,0.24422041,0.59045452
34.62899995,0.28501987,0.05454982,0.03080000,1.04922890,0.24070027,0.57813577
34.72899985,0.29282934,0.01714727,0.03290000,1.06279999,0.19452460,0.61288373
34.82900000,0.29452136,0.05572186,0.02980000,1.05357112,0.24715578,0.61153927
34.92899990,0.29428712,0.01821700,0.02490000,1.05546217,0.19738916,0.63939181
35.02900004,0.29543956,0.05327352,0.02380000,1.04449600,0.23301971,0.65144950
35.12899995,0.29133390,0.05283645,0.03070000,1.01086690,0.22619318,0.65012422
35.22899985,0.29560781,0.01856207,0.03290000,1.03955919,0.18059192,0.66405399
35.32900000,0.27954796,0.05164108,0.02970000,1.03938428,0.22841531,0.66877544
35.42899990,0.28364827,0.02298578,0.03290000,1.05187532,0.19304395,0.64881627
35.52900004,0.29758096,0.04438210,0.02980000,1.08974616,0.22630504,0.68485304
35.62999988,0.28982177,0.04464963,0.03480000,1.10496387,0.22385988,0.70476197
35.73000002,0.29314730,0.04297334,0.03580000,1.10874516,0.22183131,0.71348916
35.82999992,0.29341935,0.04062678,0.05580000,1.10599547,0.21964770,0.73374180
35.92999983,0.29400283,0.03523312,0.05280000,1.12315224,0.20879166,0.72363334
36.02999997,0.29402316,0.04252504,0.04880000,1.10712279,0.22412933,0.72390553
36.12999988,0.31089221,0.04145027,0.04690000,1.11586210,0.23497087,0.71026982
36.23000002,0.32570580,0.04500746,0.05380000,1.13396047,0.24589142,0.70002365
36.32999992,0.30004618,0.03838113,0.05880000,1.10969055,0.23469315,0.71863728
36.42999983,0.25937399,0.04025857,0.03370000,1.06707935,0.25238670,0.69566561
36.52999997,0.27816579,0.04573885,0.03570000,1.10163133,0.26187520,0.70241318
36.62999988,0.28418567,0.04915235,0.04670000,1.13166734,0.26118499,0.71230738
36.73000002,0.28307518,0.04936811,0.04770000,1.13058058,0.26590725,0.72270881
36.83099985,0.26459286,0.03704308,0.07070000,1.10848290,0.24075626,0.77490289
36.93099999,0.26908655,0.05020586,0.07370000,1.11250867,0.26887608,0.74327897
37.03099990,0.29015739,0.05602519,0.08270000,1.14224388,0.28025699,0.75456223
37.13100004,0.29156124,0.05027299,0.09480000,1.16788757,0.27736009,0.75059584
37.23099995,0.30127224,0.04225494,0.09780000,1.16850674,0.26563204,0.74210678
37.33099985,0.29710281,0.03911736,0.10380000,1.14247495,0.25435562,0.76346693
37.43099999,0.28519896,0.05089247,0.09880000,1.10779561,0.27851954,0.79419195
37.53099990,0.29823905,0.05236151,0.08680000,1.15688180,0.28223753,0.75801557
37.63100004,0.30644944,0.05312243,0.08580000,1.14740839,0.28168688,0.77422189
37.73099995,0.31159421,0.05353444,0.09180000,1.13695124,0.28397202,0.79587491
37.83099985,0.32628238,0.04391925,0.09690000,1.20658806,0.27402306,0.78851021
37.93099999,0.32334878,0.04350822,0.10280000,1.20917553,0.26877492,0.79086046
38.03099990,0.31317699,0.03840281,0.10490000,1.20008653,0.26586015,0.77345517
38.13199997,0.31341431,0.03740304,0.10680000,1.18107031,0.27105849,0.75537563
38.23199987,0.32062911,0.03784371,0.10890000,1.21776327,0.27577679,0.75523845
38.33200002,0.32872011,0.03309998,0.10690000,1.19541938,0.26773221,0.73368340
38.43199992,0.33638954,0.03220446,0.09690000,1.18826851,0.26821360,0.72788331
38.53199983,0.31553133,0.02307363,0.06290000,1.13606476,0.25108502,0.64916076
38.63199997,0.27059075,0.01806785,0.04170000,1.05668349,0.24814892,0.63130156
38.73199987,0.25851067,0.01997829,0.04270000,1.01173287,0.25260634,0.60583512
38.83200002,0.22838193,0.01421356,0.02260000,0.96117427,0.25135276,0.59226837
38.93199992,0.21941186,0.01463035,0.02460000,0.97234255,0.24620385,0.60323464
39.03199983,0.22971919,0.01312337,0.02960000,0.97198275,0.23694629,0.61235014
39.13199997,0.22636498,0.01215830,0.02860000,0.98555582,0.23621348,0.62089720
39.23300004,0.22019868,0.01240332,0.02460000,0.98762427,0.22876333,0.63564349
39.33299994,0.21679406,0.01954159,0.03160000,0.94758309,0.22887331,0.65871056
39.43299985,0.22643167,0.02845800,0.04360000,0.95233224,0.23037718,0.69662448
39.53299999,0.22986404,0.02393017,0.03960000,0.97344498,0.22707697,0.66837499
39.63299990,0.21920756,0.01351977,0.03760000,0.97140627,0.20875445,0.63834727
39.73300004,0.21953847,0.01393523,0.03950000,0.93995925,0.21423210,0.66233795
39.83299994,0.17244263,0.01780865,0.04440000,0.87551331,0.22630835,0.68376894
39.93299985,0.16024903,0.01966592,0.04140000,0.87489131,0.22472819,0.69010592
40.03299999,0.16632634,0.01266325,0.03740000,0.88802564,0.21619769,0.71710400
40.13299990,0.16896654,0.01939993,0.04150000,0.86794535,0.22099900,0.70222363
40.23300004,0.17616732,0.01778889,0.04650000,0.86819474,0.21175544,0.70782405
40.33299994,0.18054225,0.01804065,0.03850000,0.87328234,0.21116332,0.72478732
40.43299985,0.19222902,0.00984701,0.04350000,0.87596749,0.20069761,0.72767943
40.53399992,0.17567502,0.01597307,0.04850000,0.88868652,0.20990838,0.72485035
40.63399982,0.16899320,0.01345951,0.05540000,0.88552634,0.20267637,0.79407821
40.73399997,0.16737639,0.01544007,0.05740000,0.88603291,0.21020252,0.76625561
40.83399987,0.15691345,0.00775292,0.03940000,0.87605997,0.20849768,0.73042233
40.93400002,0.15342129,0.00009181,0.03140000,0.84787161,0.19770150,0.69545028
41.03399992,0.15877585,0.00880225,0.04140000,0.84047932,0.21287312,0.72849790
41.13399982,0.15836937,0.00945692,0.03440000,0.81270391,0.21297875,0.72670909
41.23399997,0.15603032,0.01042254,0.03740000,0.81160326,0.20902560,0.74457674
41.33399987,0.15589066,0.00932314,0.03940000,0.77860238,0.20701646,0.78789530
41.43400002,0.12967935,0.02126230,0.05030000,0.76037948,0.23028702,0.82148987
41.53399992,0.12660414,0.01623550,0.05030000,0.79014158,0.20871074,0.80595992
41.63399982,0.12115042,0.01701400,0.05530000,0.82815056,0.20979054,0.86046887
41.73499990,0.11625300,0.01972131,0.05630000,0.79979611,0.22839605,0.83713264
41.83500004,0.12986597,0.01202870,0.03240000,0.83722384,0.20620171,0.81462085
41.93499994,0.13225384,0.01031362,0.01830000,0.86162029,0.20813338,0.72417127
42.03499985,0.11733992,0.01833668,0.02530000,0.81319654,0.22775253,0.73631328
42.13499999,0.10909561,0.01914989,0.02530000,0.81444786,0.22987301,0.72837432
42.23499990,0.10369652,0.02360365,0.03530000,0.82323115,0.23164382,0.75766317
42.33500004,0.09849005,0.02632794,0.02830000,0.82374463,0.22966885,0.71750800
42.43499994,0.09034547,0.02776249,0.02220000,0.85302616,0.22521143,0.70244060
42.53499985,0.08370632,0.03061278,0.01910000,0.84074444,0.22584607,0.65926904
42.63499999,0.08005066,0.03414194,0.01610000,0.83153019,0.23158043,0.71027260
42.73499990,0.07485498,0.03747174,0.01510000,0.85016127,0.24397304,0.70762317
42.83500004,0.07436074,0.01753853,0.01220000,0.85241081,0.21248843,0.64691695
42.93599987,0.07764303,0.01953354,0.00820000,0.86719554,0.22320519,0.63144509
43.03600001,0.08389552,0.02346660,0.00420000,0.85385252,0.22463115,0.63201480
43.13599992,0.06514815,0.00606371,0.00280000,0.81860932,0.19594555,0.62577101
43.23599982,0.04944713,0.00381336,0.00420000,0.82764225,0.18983243,0.64199455
43.33599997,0.06908791,0.00327280,0.00410000,0.83269863,0.19322483,0.65168012
43.43599987,0.06573905,0.00261857,0.00210000,0.80909164,0.20052073,0.64776960
43.53600001,0.06424073,0.00024319,0.00410000,0.83231699,0.19553604,0.67199532
43.63599992,0.05697933,0.00265623,0.00290000,0.80631308,0.19204438,0.68271229
43.73599982,0.05397913,0.00309567,0.00280000,0.77110992,0.19657560,0.68511653
43.83599997,0.03625588,0.01002952,0.00780000,0.74571220,0.20168388,0.75198126
43.93599987,0.02796676,0.01536589,0.00390000,0.73925477,0.20485426,0.72542163
44.03600001,0.01971070,0.01501128,0.00290000,0.76732248,0.21024438,0.73093198
44.13699985,0.01184295,0.01610480,0.00400000,0.75427867,0.20649998,0.71033563
44.23699999,0.00698577,0.01550642,0.00290000,0.77188378,0.20655309,0.70003863
44.33699989,0.00442243,0.01722127,0.00110000,0.75551555,0.21391690,0.68888107
44.43700004,0.00348129,0.01358752,0.00110000,0.77201215,0.20925904,0.72251961
44.53699994,0.00515977,0.00680858,0.00510000,0.77105309,0.19696906,0.70300892
44.63699985,0.00547790,0.00618730,0.00700000,0.77494127,0.19766797,0.70168552
44.73699999,0.00083546,0.00515286,0.00800000,0.74181156,0.19563386,0.66288783
44.83699989,0.00906229,0.01805422,0.00100000,0.76138071,0.20426584,0.64573097
44.93700004,0.00014671,0.01807038,0.00190000,0.71610761,0.20592757,0.64358570
45.03699994,0.00234395,0.02100371,0.00690000,0.70697643,0.20380511,0.66961230
45.13699985,0.00558807,0.02144909,0.01390000,0.72808564,0.20949260,0.71896785
45.23699999,0.00199824,0.02162838,0.01490000,0.71547848,0.21117000,0.72904738
45.33799982,0.00189417,0.02158384,0.00100000,0.70719835,0.21145738,0.68467576
45.43799996,0.00768274,0.01952064,0.00290000,0.71524702,0.21270745,0.67549877
45.53799987,0.00916937,0.02424258,0.00800000,0.71166499,0.22476890,0.68588426
45.63800001,0.01132392,0.02593470,0.00110000,0.70994534,0.22880163,0.68736376
45.73799992,0.00763874,0.02673013,0.00010000,0.68603298,0.23106001,0.67634132
45.83799982,0.03705632,0.02952777,0.01410000,0.70708861,0.22694519,0.75855604
45.93799996,0.03670906,0.03409142,0.01410000,0.72028506,0.23307857,0.80056873
46.03799987,0.02836765,0.02909513,0.00110000,0.72908763,0.22621746,0.74177806
46.13800001,0.02512244,0.02946053,0.00390000,0.72871367,0.23671731,0.74623131
46.23799992,0.02015265,0.02577131,0.01090000,0.69787853,0.22338371,0.75348612
46.33799982,0.01100864,0.03633882,0.01190000,0.66505511,0.22735394,0.76500265
46.43799996,0.00830631,0.03392308,0.01400000,0.67198371,0.22143759,0.80364225
46.53799987,0.00703007,0.03380929,0.01890000,0.65575033,0.21516413,0.81754396
46.63899994,0.00545081,0.06447859,0.02910000,0.64860754,0.26227107,0.81890052
46.73899984,0.00437114,0.03440150,0.02700000,0.64154131,0.22748533,0.79521615
46.83899999,0.01531773,0.05758443,0.02410000,0.66664564,0.26015298,0.81995616
46.93899989,0.02203604,0.04309678,0.01490000,0.72214110,0.25064768,0.72351630
47.03900003,0.01632264,0.05098099,0.01610000,0.67877124,0.25177927,0.76119828
47.13899994,0.01151121,0.04573568,0.01010000,0.65838080,0.24307684,0.72939416
47.23899984,0.01416178,0.05673530,0.01800000,0.68924146,0.25486902,0.75022286
47.33899999,0.01003169,0.05071149,0.01210000,0.68343284,0.25294476,0.68336821
47.43899989,0.01362560,0.04673032,0.00900000,0.70652902,0.24661472,0.66658360
47.53900003,0.00655109,0.04942685,0.00610000,0.68148155,0.25460168,0.61408071
47.63899994,0.00037381,0.04736201,0.00610000,0.67490760,0.25191134,0.62911825
47.73899984,0.00899259,0.05600262,0.00290000,0.64610094,0.25456323,0.61160859
47.83999991,0.01929166,0.04837594,0.00300000,0.66622232,0.24707961,0.62891969
47.93999982,0.01563705,0.04724302,0.00400000,0.65305388,0.24598974,0.66273109
48.03999996,0.00332027,0.04703643,0.00210000,0.64384109,0.24724366,0.65599436
48.13999987,0.00961793,0.04655744,0.00200000,0.64194151,0.24977918,0.66293312
48.24000001,0.01490028,0.04502790,0.00910000,0.64420263,0.24747640,0.63596414
48.33999991,0.01587438,0.04496759,0.01900000,0.62264496,0.25823533,0.66705812
48.43999982,0.02401164,0.04048075,0.02210000,0.62605296,0.25129957,0.66785941
48.53999996,0.02973054,0.03873326,0.02300000,0.68553633,0.23682875,0.66191636
48.63999987,0.02740005,0.04051478,0.01800000,0.62423527,0.24810872,0.60257242
48.74000001,0.02830596,0.03879991,0.02000000,0.63707644,0.23384675,0.67963256
48.83999991,0.01238070,0.04114813,0.02210000,0.62326910,0.24935097,0.68630309
48.93999982,0.01076705,0.03804432,0.02710000,0.62530972,0.23424727,0.70666981
49.03999996,0.01968368,0.03698990,0.03000000,0.62113426,0.23696011,0.73122861
49.14100003,0.02581335,0.03514030,0.03500000,0.57693169,0.23491823,0.71050465
49.24099994,0.02873180,0.03124874,0.03300000,0.56562106,0.22603206,0.70984011
49.34099984,0.03717003,0.03033824,0.03290000,0.60433709,0.23463348,0.69293860
49.44099998,0.03737670,0.02944134,0.02290000,0.61011776,0.24605490,0.65740509
49.54099989,0.03667864,0.02788777,0.02500000,0.63411006,0.24974979,0.67963604
49.64100003,0.03818839,0.02541843,0.02190000,0.66759050,0.25337537,0.64805985
49.74099994,0.04133149,0.02389890,0.01990000,0.67340497,0.25038036,0.63141057
49.84099984,0.03404993,0.02251960,0.01300000,0.66855046,0.24644736,0.58082770
49.94099998,0.03695380,0.01965596,0.01390000,0.67108171,0.24530475,0.57036365
50.04099989,0.04190040,0.02136672,0.01690000,0.67237242,0.24192143,0.57502512
50.14100003,0.03941986,0.01724311,0.01390000,0.68467251,0.24635698,0.60079035
50.24099994,0.04199735,0.01542215,0.00890000,0.68346324,0.24398751,0.57897414
50.34200001,0.03596162,0.01649521,0.00690000,0.65361689,0.24179257,0.61955502
50.44199991,0.03959991,0.01722025,0.00890000,0.64718484,0.24255852,0.65070012
50.54199982,0.03850876,0.02108970,0.00900000,0.63632142,0.24589653,0.68017142
50.64199996,0.04331109,0.02363978,0.00590000,0.65935322,0.24281028,0.70770977
50.74199986,0.04110508,0.02152748,0.00800000,0.68267356,0.24154648,0.70528564
50.84200001,0.02718965,0.01808239,0.01200000,0.62979337,0.24963348,0.76953147
50.94199991,0.02067961,0.01680606,0.01500000,0.61733212,0.25023001,0.80047550
51.04199982,0.02803871,0.01073875,0.02490000,0.62994849,0.24457330,0.86216089
51.14199996,0.02697793,0.00906704,0.02300000,0.65937167,0.24254140,0.87308145
51.24199986,0.03417404,0.00722394,0.02790000,0.66085881,0.23920362,0.88923270
51.34200001,0.02659232,0.01823893,0.02590000,0.64752256,0.25307786,0.90080204
51.44199991,0.03464409,0.01946169,0.02600000,0.68919693,0.24740188,0.92271576
51.54299998,0.03312805,0.01971553,0.02590000,0.70248860,0.24771860,0.92359780
51.64299989,0.03454318,0.02243544,0.01990000,0.68777149,0.25202104,0.87652860
51.74300003,0.02864901,0.02650989,0.01500000,0.72354250,0.26220754,0.85648496
51.84299994,0.03325926,0.02797716,0.01590000,0.74921349,0.26734410,0.81532393
51.94299984,0.02891731,0.02620819,0.02000000,0.75420716,0.26318598,0.84856496
52.04299998,0.02439744,0.01899223,0.02000000,0.76837248,0.24550972,0.82931090
52.14299989,0.02013919,0.01602820,0.02190000,0.78613141,0.23783643,0.79726954
52.24300003,0.02820383,0.01512363,0.01490000,0.78764781,0.23751950,0.78233735
52.34299994,0.02591249,0.01831291,0.00590000,0.80170156,0.22410557,0.74743897
52.44299984,0.02445897,0.02391147,0.00390000,0.80375247,0.24385904,0.75117652
52.54299998,0.02058476,0.02676113,0.00600000,0.80582442,0.23684189,0.75892792
52.64299989,0.02296055,0.02524625,0.01290000,0.79715544,0.23558973,0.74762951
52.74300003,0.02506140,0.01913573,0.01400000,0.78866169,0.22510520,0.77234358
52.84399986,0.02907076,0.01607671,0.02100000,0.79727117,0.20675727,0.84480544
52.94400001,0.02812618,0.01662883,0.01890000,0.78391951,0.21048233,0.84186894
53.04399991,0.02269848,0.00740466,0.01490000,0.79158936,0.20302924,0.78375138
53.14399981,0.02122068,0.00549390,0.01300000,0.79151349,0.20139230,0.79172846
53.24399996,0.02088580,0.00593913,0.01190000,0.76510531,0.19841619,0.79799082
53.34399986,0.02402514,0.00538819,0.00990000,0.78673338,0.20503500,0.79206324
53.44400001,0.02565336,0.00978291,0.01600000,0.78663297,0.21142077,0.79212787
53.54399991,0.02610027,0.00862414,0.01390000,0.78910186,0.21008234,0.76035979
53.64399981,0.02975713,0.01497208,0.02400000,0.77411482,0.21249042,0.80452021
53.74399996,0.03115035,0.01685069,0.02590000,0.75490400,0.22327392,0.78784842
53.84399986,0.04192295,0.02278083,0.02190000,0.74121848,0.22904828,0.79783869
53.94400001,0.04469959,0.02191977,0.01900000,0.73977426,0.22376579,0.76132066
54.04499984,0.05056565,0.01562097,0.01290000,0.73737709,0.20467614,0.70098269
54.14499998,0.04796656,0.01465670,0.01480000,0.75250643,0.20867937,0.68866994
54.24499989,0.04000014,0.01268380,0.01390000,0.73819110,0.19935499,0.68422621
54.34500003,0.03646250,0.00954860,0.00090000,0.74950052,0.20174414,0.67451691
54.44499993,0.04512620,0.01032987,0.00090000,0.77372289,0.20264970,0.67509161
54.54499984,0.05393968,0.01137679,0.01480000,0.77743855,0.20449841,0.67899578
54.64499998,0.05216933,0.00748404,0.01190000,0.77713147,0.20132678,0.66176480
54.74499989,0.05411610,0.00786754,0.01290000,0.79404484,0.19827970,0.66774287
54.84500003,0.06253468,0.01320052,0.00090000,0.80734968,0.20513989,0.68769685
54.94499993,0.06531596,0.01585702,0.00580000,0.78362976,0.21793899,0.70018274
55.04499984,0.06031368,0.01325517,0.00880000,0.73917979,0.19967602,0.71231687
55.14499998,0.05685062,0.00669974,0.00490000,0.73342714,0.19363822,0.70835991
55.24499989,0.05887719,0.00677474,0.00280000,0.72209759,0.18730862,0.73173126
55.34599996,0.05370921,0.00744855,0.00220000,0.75840475,0.18756657,0.72320862
55.44599986,0.06773210,0.00989153,0.00680000,0.75862134,0.20571752,0.75592776
55.54600000,0.07711911,0.01018294,0.01780000,0.81140360,0.21160178,0.80673733
55.64599991,0.06241167,0.01302014,0.01280000,0.73000733,0.21524762,0.80278261
55.74599981,0.06515641,0.01446520,0.01280000,0.73287202,0.22935782,0.80208054
55.84599996,0.04323952,0.00972181,0.01890000,0.71673564,0.21753697,0.79955711
55.94599986,0.04768571,0.01120328,0.02280000,0.71543985,0.21986062,0.84180098
56.04600000,0.05452843,0.01737500,0.01680000,0.72642944,0.23462132,0.78826118
56.14599991,0.06093757,0.01904265,0.01980000,0.72794289,0.23239871,0.82581337
56.24599981,0.06471910,0.01276082,0.01680000,0.72865587,0.22399694,0.78944154
56.34599996,0.06354992,0.00508504,0.00380000,0.72274835,0.21643017,0.74394179
56.44599986,0.06161754,0.00085332,0.00380000,0.70284650,0.20955247,0.73966599
56.54699993,0.06472780,0.00738185,0.00690000,0.73985877,0.21474512,0.75235126
56.64699984,0.07780987,0.00494719,0.01480000,0.75268308,0.21138147,0.77104355
56.74699998,0.08022185,0.00580563,0.02280000,0.78047196,0.21595124,0.83039009
56.84699988,0.07401235,0.00703009,0.03280000,0.78211931,0.22381136,0.84524943
56.94700003,0.07457139,0.00661497,0.03890000,0.79734292,0.21972503,0.81633930
57.04699993,0.07412672,0.00399987,0.03380000,0.80157394,0.21751814,0.81549632
57.14699984,0.06792259,0.00440013,0.02780000,0.78407429,0.21687171,0.80541944
57.24699998,0.07315461,0.00436491,0.02180000,0.76096940,0.21430897,0.78870030
57.34699988,0.08379175,0.01122507,0.00780000,0.74789495,0.22680827,0.71908627
57.44700003,0.08555490,0.01700117,0.00480000,0.76350134,0.22831497,0.69812759
57.54699993,0.09001549,0.01497534,0.00620000,0.74673175,0.21377983,0.68086424
57.64699984,0.09279567,0.00042888,0.00730000,0.74543596,0.20335338,0.68404299
57.74699998,0.09199312,0.01427813,0.00030000,0.72882747,0.21838120,0.68293032
57.84799981,0.09191951,0.00941990,0.00470000,0.72279763,0.21654974,0.68548283
57.94799995,0.09450402,0.01372734,0.00270000,0.74406522,0.22536961,0.66226638
58.04799986,0.08990950,0.01570737,0.01270000,0.74743909,0.23138365,0.65177060
58.14800000,0.09266327,0.02094083,0.01470000,0.74870704,0.23642996,0.64892567
58.24799991,0.08890301,0.01504342,0.03270000,0.74740049,0.23836706,0.70394073
58.34799981,0.08856761,0.01265026,0.04380000,0.77664091,0.24121304,0.71859143
58.44799995,0.09092816,0.01590344,0.04070000,0.78490484,0.24734031,0.71089258
58.54799986,0.08513047,0.00969554,0.04070000,0.79019215,0.23477633,0.69086850
58.64800000,0.08481533,0.00340003,0.03180000,0.83665164,0.22454032,0.64885059
58.74799991,0.08496031,0.00269922,0.03080000,0.84698978,0.22359421,0.66034479
58.84799981,0.09301442,0.00773618,0.02770000,0.83740378,0.22355304,0.67885934
58.94799995,0.09574108,0.01350018,0.03170000,0.81912243,0.22525097,0.69427368
59.04900002,0.09116444,0.09590858,0.02390000,0.80401520,0.33574309,0.62678389
59.14899993,0.07785474,0.00246776,0.01270000,0.79837227,0.21459158,0.61343511
59.24899983,0.07859118,0.00350385,0.00970000,0.79231771,0.21327569,0.64196830
59.34899998,0.08863536,0.08616927,0.00990000,0.79101099,0.30187519,0.64955562
59.44899988,0.10798820,0.00026342,0.02260000,0.85690478,0.19737204,0.65986702
59.54900002,0.11181102,0.10558687,0.04690000,0.88774495,0.33310407,0.72436462
59.64899993,0.09919342,0.01728193,0.04480000,0.82828077,0.20972962,0.71821925
59.74899983,0.09333902,0.01614397,0.04580000,0.83878048,0.20874064,0.73542980
59.84899998,0.08065925,0.08623674,0.01890000,0.81709256,0.29604788,0.64921935
59.94899988,0.07653122,0.00988039,0.01380000,0.80827061,0.19836203,0.64872735
60.04900002,0.08841682,0.07609623,0.02680000,0.79785476,0.27356997,0.69120236
60.14899993,0.07819165,0.02223680,0.02370000,0.78335103,0.20780035,0.66569077
60.25000000,0.07851784,0.07023759,0.02790000,0.80087689,0.27258341,0.68464473
60.34999990,0.09129439,0.08095421,0.04090000,0.84285062,0.28485319,0.74065329
60.45000005,0.09461148,0.07720587,0.03790000,0.84817478,0.28021089,0.76261736
60.54999995,0.09930600,0.06370274,0.01180000,0.83305612,0.26821110,0.70741678
60.64999986,0.11701359,0.05802645,0.01630000,0.87269419,0.26220242,0.71415719
60.75000000,0.09407204,0.05035972,0.00280000,0.87172003,0.25640500,0.71810077
60.84999990,0.07235415,0.05616055,0.01790000,0.83865949,0.26479096,0.74354799
60.95000005,0.07431607,0.05931856,0.00390000,0.81623239,0.26065558,0.73767149
61.04999995,0.07770388,0.06332572,0.01810000,0.81050761,0.26196952,0.75603296
61.14999986,0.08228155,0.05748492,0.02710000,0.82514621,0.25828410,0.78298795
61.25000000,0.09757991,0.05227439,0.02120000,0.83668679,0.25297555,0.78630212
61.34999990,0.07652376,0.05475760,0.01310000,0.79784713,0.24527459,0.77617530
61.45000005,0.07956580,0.04656375,0.02910000,0.76736166,0.24291157,0.79230905
61.55099988,0.07548125,0.04700841,0.02910000,0.74609179,0.24654809,0.79544669
61.65100002,0.07922825,0.04431009,0.03420000,0.74440044,0.24099733,0.81755951
61.75099993,0.09693131,0.04442038,0.04420000,0.72003756,0.23509630,0.83925495
61.85099983,0.10735162,0.04617531,0.04630000,0.75580617,0.23706324,0.81904707
61.95099998,0.11655138,0.03831118,0.05020000,0.78262914,0.22982230,0.82945589
62.05099988,0.10271992,0.03489668,0.05220000,0.78981573,0.22043801,0.81400198
62.15100002,0.08729940,0.03734681,0.04120000,0.80357534,0.22145623,0.80737487
62.25099993,0.09449644,0.03344058,0.02620000,0.81028444,0.22509845,0.78211720
62.35099983,0.11435815,0.03035231,0.02130000,0.83108575,0.22262501,0.76313073
62.45099998,0.11835397,0.03616928,0.02830000,0.84651238,0.23026452,0.75104186
62.55099988,0.12240511,0.04528431,0.03930000,0.86213296,0.25502659,0.76246776
62.65100002,0.12456426,0.03254789,0.04240000,0.85850821,0.23686978,0.76667790
62.75199986,0.13077565,0.03979723,0.03430000,0.86136712,0.24478565,0.76056595
62.85200000,0.14212518,0.04376394,0.04040000,0.91868023,0.25772079,0.76852654
62.95199990,0.14694036,0.04517954,0.02240000,0.91384384,0.25890256,0.75161020
63.05200005,0.15274988,0.03563670,0.03240000,0.92631038,0.24653820,0.77004180
63.15199995,0.14643780,0.04559364,0.03140000,0.94190392,0.27249228,0.77323474
63.25199986,0.14276736,0.04573272,0.05030000,0.94531983,0.27914928,0.80495864
63.35200000,0.14719544,0.04433806,0.05430000,0.94904977,0.27490821,0.77334719
63.45199990,0.12205651,0.02620342,0.06630000,0.86913850,0.24524054,0.78603438
63.55200005,0.13110354,0.01830603,0.06830000,0.90025988,0.23395079,0.78001766
63.65199995,0.12870305,0.02348330,0.06440000,0.89735941,0.23608304,0.75111919
63.75199986,0.13253118,0.02229025,0.07030000,0.89183247,0.24777290,0.76115749
63.85200000,0.11980834,0.02621092,0.07630000,0.85674122,0.24206861,0.76573379
63.95199990,0.12273216,0.02680347,0.08730000,0.87260639,0.24029866,0.76849778
64.05299997,0.13181035,0.02436823,0.10140000,0.88941804,0.24384630,0.79990719
64.15299988,0.11954744,0.01459967,0.10630000,0.87185300,0.23272980,0.79256322
64.25300002,0.12196281,0.01296280,0.11530000,0.84412264,0.22061057,0.80227787
64.35299993,0.12473330,0.01428617,0.10730000,0.83996859,0.22544661,0.79908395
64.45299983,0.12763950,0.01246629,0.11330000,0.85252842,0.23143575,0.82387741
64.55299997,0.13902184,0.01000087,0.11530000,0.91696715,0.22524299,0.79794012
64.65299988,0.14495228,0.00772892,0.12940000,0.93806541,0.21422758,0.81698833
64.75300002,0.14914745,0.00725598,0.13940000,0.94014939,0.20964791,0.81667942
64.85299993,0.12666740,0.00128476,0.14040000,0.88868731,0.20877495,0.81917036
64.95299983,0.10919204,0.00074734,0.13730000,0.86377826,0.21147018,0.82250830
65.05299997,0.11073613,0.00009529,0.14430000,0.86071159,0.21407513,0.80650890
65.15299988,0.10673606,0.00215239,0.15430000,0.83905847,0.21900419,0.81288901
65.25399995,0.11630011,0.00919812,0.16930000,0.83522244,0.22098963,0.82160047
65.35399985,0.11519547,0.00279334,0.15740000,0.83933164,0.20929882,0.82161961
65.45400000,0.12236615,0.00980027,0.15130000,0.88314157,0.21062109,0.81974864
65.55399990,0.11142760,0.00424386,0.14240000,0.86686416,0.20804149,0.82368439
65.65400004,0.10950527,0.01806004,0.15430000,0.85110953,0.22088430,0.84645202
65.75399995,0.11917982,0.00258288,0.13440000,0.84798203,0.20521417,0.82263423
65.85399985,0.11308500,0.01063542,0.10930000,0.83875931,0.21206637,0.78033807
65.95400000,0.10817933,0.01210505,0.08730000,0.82103731,0.21674693,0.70311352
66.05399990,0.11856979,0.01159542,0.11140000,0.90517835,0.21704123,0.78454331
66.15400004,0.11416115,0.01238557,0.09630000,0.90813787,0.20908924,0.71112363
66.25399995,0.10397710,0.01118490,0.08830000,0.85057389,0.20090686,0.71923164
66.35399985,0.10205305,0.01284349,0.09230000,0.87549285,0.19556908,0.72686216
66.45400000,0.09733739,0.01959803,0.12040000,0.86867685,0.22014413,0.82761007
66.55499983,0.09895830,0.01069324,0.11030000,0.85445458,0.19570615,0.83067612
66.65499997,0.10667913,0.00895617,0.13440000,0.89258445,0.20220631,0.83538416
66.75499988,0.09387428,0.01765277,0.12130000,0.83396746,0.20708570,0.85481957
66.85500002,0.08898572,0.00071528,0.09020000,0.81255325,0.18289651,0.78870632
66.95499992,0.09579424,0.01139622,0.08020000,0.86734053,0.19330449,0.78105063
67.05499983,0.08966758,0.01968288,0.07330000,0.80537169,0.19205223,0.77011552
67.15499997,0.07880008,0.02939537,0.05620000,0.81933974,0.20896520,0.75852723
67.25499988,0.07967507,0.04333455,0.05320000,0.81299775,0.22406659,0.79186738
67.35500002,0.07357382,0.03890274,0.06020000,0.80131402,0.22227292,0.79836086
67.45499992,0.05774690,0.01975513,0.07820000,0.79545602,0.19361430,0.80687259
67.55499983,0.04628008,0.01315426,0.09710000,0.79740925,0.18664059,0.84633109
67.65499997,0.05212785,0.02128068,0.08720000,0.80369336,0.18986173,0.83823025
67.75600004,0.05961779,0.02937173,0.06910000,0.79235103,0.21061889,0.81705261
67.85599995,0.06377110,0.03865626,0.05210000,0.80373703,0.21859779,0.79614938
67.95599985,0.05707808,0.02668506,0.06410000,0.79113243,0.20973999,0.80285528
68.05599999,0.05449255,0.03285761,0.04210000,0.78082810,0.21636736,0.78235073
68.15599990,0.04860930,0.03822586,0.03110000,0.73852384,0.22433107,0.77891582
68.25600004,0.03873072,0.02991757,0.03000000,0.73598211,0.22515470,0.78362504
68.35599995,0.03006083,0.01761806,0.01810000,0.72561923,0.20642793,0.74251072
68.45599985,0.02614643,0.00599368,0.02000000,0.70726980,0.19906440,0.73067202
68.55599999,0.01909168,0.01684303,0.04000000,0.65754861,0.20836492,0.73378459
68.65599990,0.02129257,0.00908330,0.04500000,0.66901200,0.20128495,0.73203817
68.75600004,0.01713294,0.00908198,0.04310000,0.67771712,0.20103040,0.71574123
68.85599995,0.03085459,0.01390412,0.03710000,0.70541014,0.20216582,0.71606191
68.95700002,0.01923376,0.00895224,0.01910000,0.66864011,0.20689994,0.71411804
69.05699992,0.01251455,0.02032993,0.01510000,0.69531400,0.21814814,0.72270649
69.15699983,0.01732629,0.01290154,0.00090000,0.67029938,0.20724147,0.69657653
69.25699997,0.00809562,0.01031121,0.02000000,0.67499317,0.20699425,0.71026418
69.35699987,0.00870592,0.01241680,0.02110000,0.66388552,0.21580713,0.67172683
69.45700002,0.00116926,0.01175257,0.02100000,0.61531187,0.22303250,0.67873348
69.55699992,0.00430101,0.01924374,0.02200000,0.62793270,0.22076524,0.63997817
69.65699983,0.01272422,0.02552458,0.00210000,0.64926960,0.23078690,0.62895687
69.75699997,0.04120598,0.03814744,0.01080000,0.67155055,0.25535713,0.61578857
69.85699987,0.05369837,0.04050352,0.01580000,0.70222141,0.26393088,0.59844247
69.95700002,0.05732505,0.03555964,0.03870000,0.72987686,0.26192575,0.64606557
70.05699992,0.05563999,0.03891171,0.04880000,0.73529360,0.26785499,0.65653128
70.15699983,0.06228535,0.03862363,0.04880000,0.73668023,0.27709925,0.66625345
70.25799990,0.05954270,0.04075545,0.03980000,0.73038088,0.28038286,0.66700294
70.35800004,0.04948276,0.04077004,0.03680000,0.75742889,0.28615459,0.65702758
70.45799994,0.04421582,0.03726072,0.03980000,0.77050294,0.29115422,0.65503597
70.55799985,0.05871264,0.03038497,0.04080000,0.80816820,0.28572075,0.64333487
70.65799999,0.07940431,0.02440994,0.04670000,0.85531248,0.26820457,0.67961695
70.75799990,0.08071405,0.02777933,0.05270000,0.85462215,0.27787715,0.67285533
70.85800004,0.07953286,0.03171945,0.05870000,0.85276078,0.29587744,0.67082274
70.95799994,0.07461599,0.03450367,0.05970000,0.82073706,0.29577911,0.66396945
71.05799985,0.08605811,0.01839812,0.04470000,0.85555776,0.26297023,0.64313450
71.15799999,0.09478112,0.01177026,0.04070000,0.86102631,0.26784536,0.64882245
71.25799990,0.08913168,0.00933616,0.04870000,0.88690950,0.25590718,0.65983431
71.35800004,0.09729896,0.01316330,0.04560000,0.89727152,0.25512724,0.64045094
71.45899987,0.09805887,0.01066668,0.04770000,0.89073371,0.25269817,0.66111003
71.55900002,0.07059311,0.02858082,0.07780000,0.91456338,0.27965852,0.75176157
71.65899992,0.07739768,0.00306747,0.07270000,0.95295632,0.24895506,0.70366225
71.75899982,0.07498468,0.00556755,0.08380000,0.94457971,0.24629366,0.77871738
71.85899997,0.07329557,0.05436432,0.08490000,0.94468012,0.29980401,0.78349251
71.95899987,0.06685084,0.00858984,0.09980000,0.86956057,0.24702872,0.81011890
72.05900002,0.05273754,0.04140304,0.10680000,0.86151227,0.28419630,0.78061413
72.15899992,0.05249276,0.00033163,0.11180000,0.82840421,0.23434146,0.78439361
72.25899982,0.05161478,0.01084089,0.09290000,0.84042435,0.24686741,0.76942625
72.35899997,0.04915673,0.04944609,0.09290000,0.80448041,0.29337739,0.75139414
72.45899987,0.05891319,0.00234440,0.07690000,0.80473568,0.23339723,0.70420637
72.55900002,0.07037567,0.05400477,0.07790000,0.87416343,0.28622844,0.69381219
72.65899992,0.08458039,0.00536347,0.07670000,0.86523886,0.22848638,0.71321607
72.75999999,0.08530501,0.04070167,0.08380000,0.87546999,0.27115125,0.72020654
72.85999990,0.08213779,0.03870895,0.09280000,0.86295536,0.27174414,0.81754689
72.96000004,0.08114142,0.03893225,0.09880000,0.86330726,0.27056226,0.87066207
73.05999994,0.08231628,0.03930230,0.10380000,0.85688070,0.27306163,0.84640004
73.15999985,0.07751044,0.03202407,0.09980000,0.84900477,0.26128920,0.83508570
73.25999999,0.07553616,0.03251813,0.10080000,0.87870796,0.26223280,0.84189278
73.35999990,0.07255072,0.02524268,0.09880000,0.83262223,0.25616962,0.85789791
73.46000004,0.07212182,0.02326377,0.08880000,0.82566858,0.24020299,0.85240008
73.55999994,0.07068153,0.02808435,0.08680000,0.81028576,0.23511896,0.85695583
73.65999985,0.07537395,0.02621390,0.08980000,0.78101710,0.23901745,0.89278114
73.75999999,0.07191655,0.02536987,0.09280000,0.79299553,0.23312659,0.87653980
73.85999990,0.07135627,0.01296084,0.09880000,0.79789327,0.20662791,0.87149989
73.96099997,0.07060952,0.00261249,0.10170000,0.80218860,0.19573438,0.88545192
74.06099987,0.05057068,0.01045449,0.10290000,0.80609367,0.20810555,0.88634033
74.16100001,0.04613095,0.00134003,0.09880000,0.76414074,0.20658054,0.88674774
74.26099992,0.04612221,0.00119647,0.09980000,0.76717204,0.18390212,0.89746903
74.36099982,0.03496429,0.01155113,0.10890000,0.72389460,0.19170604,0.88560695
74.46099997,0.01759914,0.00465512,0.10690000,0.72692738,0.18301963,0.89050621
74.56099987,0.02191078,0.01024976,0.08990000,0.74470728,0.18756103,0.88778296
74.66100001,0.02681592,0.01710282,0.08900000,0.70212016,0.19836689,0.89916147
74.76099992,0.01958103,0.01559209,0.08900000,0.67142799,0.19685254,0.92174310
74.86099982,0.02592675,0.01443239,0.07590000,0.68775224,0.20045504,0.83791490
74.96099997,0.02400964,0.01114438,0.06290000,0.68734531,0.19723699,0.81567848
75.06099987,0.01867607,0.00045202,0.05190000,0.69292829,0.18705564,0.82269104
75.16100001,0.02822894,0.01232586,0.03590000,0.72933871,0.19445555,0.83363929
75.26199985,0.02328648,0.01681368,0.04790000,0.73201055,0.19418771,0.86934744
75.36199999,0.00325736,0.00051921,0.04600000,0.71536230,0.17452119,0.87450556
75.46199989,0.00413610,0.00508160,0.02900000,0.73605128,0.18371469,0.90269888
75.56200004,0.01684786,0.01042687,0.03910000,0.77848692,0.19555266,0.92723186
75.66199994,0.01844844,0.01750871,0.03610000,0.78273445,0.20924134,0.93058323
75.76199985,0.05826888,0.01701816,0.06720000,0.82772722,0.21169006,1.02517119
75.86199999,0.06092598,0.01748786,0.04720000,0.83080942,0.21265892,0.95713588
75.96199989,0.08960451,0.01531018,0.02930000,0.92175247,0.20431368,0.93320905
76.06200004,0.09344026,0.01396702,0.01930000,0.90768911,0.20479335,0.90182945
76.16199994,0.09038946,0.01472940,0.03330000,0.89895269,0.20266908,0.92904021
76.26199985,0.10192272,0.00756569,0.03030000,0.91378147,0.20870494,0.90704954
76.36199999,0.10145246,0.01187171,0.03620000,0.92217748,0.20957788,0.90782506
76.46299982,0.09975319,0.00107316,0.03230000,0.90838773,0.20498616,0.88758197
76.56299996,0.09102937,0.00338579,0.04630000,0.89363277,0.22327306,0.91316072
76.66299987,0.09542995,0.00625650,0.03130000,0.91522376,0.22785598,0.89887602
76.76300001,0.09120257,0.00230040,0.02530000,0.92018396,0.21959647,0.86552026
76.86299992,0.09509191,0.00041074,0.02630000,0.90300737,0.21604201,0.89427847
76.96299982,0.11183710,0.00543986,0.03730000,0.88672361,0.22202165,0.86797624
77.06299996,0.10649621,0.01132150,0.03330000,0.88198728,0.23363417,0.85252389
77.16299987,0.09004459,0.01776661,0.03720000,0.87652465,0.23526405,0.87584455
77.26300001,0.07952035,0.01620226,0.03430000,0.85088923,0.23276571,0.88119696
77.36299992,0.09376039,0.01197493,0.02930000,0.84823223,0.24232587,0.86469486
77.46299982,0.08586187,0.01116149,0.02230000,0.85713900,0.24595696,0.88888884
77.56299996,0.08461496,0.00768428,0.03730000,0.84422268,0.24045847,0.93953827
77.66400003,0.06436711,0.00294705,0.04320000,0.81486666,0.23317655,0.98770597
77.76399994,0.06563844,0.01126256,0.03520000,0.82224981,0.24434122,0.92054651
77.86399984,0.08799829,0.02250670,0.01530000,0.84103188,0.26728962,0.86912566
77.96399999,0.09669212,0.02126672,0.00730000,0.85068735,0.25793961,0.86035656
78.06399989,0.09188231,0.01754685,0.00230000,0.84223721,0.26209045,0.85893595
78.16400003,0.09029943,0.01852062,0.00370000,0.82958627,0.26646102,0.83729770
78.26399994,0.10135053,0.02420806,0.00030000,0.82254135,0.28446621,0.82327702
78.36399984,0.08326585,0.02169902,0.01420000,0.80478538,0.27082303,0.80056907
78.46399999,0.05642960,0.01938427,0.01120000,0.74162133,0.26660438,0.76418069
78.56399989,0.04582270,0.01842308,0.03210000,0.74019991,0.26519457,0.76364533
78.66400003,0.02791896,0.01856425,0.00790000,0.70520008,0.26008033,0.73317149
78.76399994,0.00970850,0.01223254,0.00410000,0.69966024,0.25078562,0.72641359
78.86399984,0.00626334,0.01766750,0.01300000,0.70454925,0.24964920,0.71800301
78.96499991,0.00169934,0.00575606,0.01100000,0.69640422,0.24055407,0.70709320
79.06499982,0.04156816,0.00301466,0.01910000,0.72678430,0.24268069,0.72054832
79.16499996,0.04160493,0.01483104,0.00120000,0.73998988,0.25102571,0.70591806
79.26499987,0.02197957,0.03457786,0.00490000,0.72612710,0.28644988,0.68524655
79.36500001,0.02220837,0.03413163,0.00880000,0.68558567,0.27420098,0.71694145
79.46499991,0.02962578,0.02355787,0.03590000,0.66711671,0.26150961,0.75068271
79.56499982,0.04217246,0.02515400,0.04690000,0.69790243,0.25191182,0.79926644
79.66499996,0.04160482,0.03373438,0.05680000,0.67570477,0.25878809,0.80944724
79.76499987,0.04134457,0.04786466,0.03980000,0.68112011,0.28234321,0.73764975
79.86500001,0.04635487,0.05123120,0.06580000,0.67103090,0.27856257,0.81447906
79.96499991,0.04592029,0.04988524,0.06670000,0.68402245,0.26663757,0.77451437
80.06499982,0.03403762,0.03753146,0.00890000,0.70233674,0.25349756,0.71425997
80.16599989,0.03422358,0.03783711,0.01180000,0.70486974,0.25027612,0.72937934
80.26600003,0.00815158,0.03674985,0.03490000,0.66559125,0.25131284,0.75594392
80.36599994,0.01277226,0.03629779,0.04890000,0.67312288,0.24588907,0.79330149
80.46599984,0.01488256,0.02974625,0.05590000,0.69737327,0.23731589,0.80617515
80.56599998,0.00107546,0.03259300,0.05990000,0.69545938,0.24461481,0.78979249
80.66599989,0.01229036,0.03415021,0.06690000,0.70498701,0.24500226,0.76932464
80.76600003,0.05434919,0.03691633,0.06080000,0.73965207,0.24987790,0.77851172
80.86599994,0.06470078,0.02920392,0.05180000,0.74898503,0.22447911,0.78754926
80.96599984,0.06817594,0.02132162,0.04370000,0.80147135,0.21556068,0.74038332
81.06599998,0.06142868,0.01649993,0.03980000,0.73556272,0.20585749,0.73056833
81.16599989,0.06731791,0.00829933,0.04780000,0.75795364,0.19809606,0.73783693
81.26600003,0.07249500,0.00444130,0.03680000,0.77070907,0.19402858,0.72316783
81.36699986,0.07333082,0.00300190,0.02380000,0.75811319,0.19475163,0.72613495
81.46700001,0.07297707,0.00119883,0.02280000,0.77183877,0.19412214,0.72232935
81.56699991,0.05421233,0.01765541,0.02980000,0.70328011,0.20934523,0.78599175
81.66699982,0.05602866,0.02398061,0.04180000,0.70701145,0.21581220,0.79514307
81.76699996,0.05232936,0.02264813,0.04580000,0.68313452,0.21218403,0.80211285
81.86699986,0.05547104,0.01234720,0.06680000,0.69319336,0.20120255,0.86649338
81.96700001,0.05351078,0.01156792,0.07280000,0.69208658,0.20938602,0.87204489
82.06699991,0.06639473,0.01120132,0.06580000,0.66748748,0.20386850,0.88130267
82.16699982,0.07426183,0.01163572,0.06180000,0.71101936,0.20390730,0.88696059
82.26699996,0.07427052,0.01074149,0.06280000,0.67596902,0.20069844,0.86905783
82.36699986,0.06257223,0.00041929,0.02880000,0.62882382,0.18778170,0.82651555
82.46700001,0.04942973,0.00812908,0.04490000,0.64856883,0.19561987,0.82567582
82.56799984,0.06701340,0.01196764,0.06380000,0.68714821,0.20782147,0.85641511
82.66799998,0.07162645,0.01129699,0.06580000,0.72493044,0.20785570,0.88032561
82.76799989,0.06641841,0.01795479,0.05280000,0.69409447,0.20544413,0.79683376
82.86800003,0.07563988,0.02627371,0.05280000,0.74042269,0.20720542,0.81343124
82.96799994,0.07163470,0.02422230,0.05380000,0.74683679,0.21633613,0.79463630
83.06799984,0.07739177,0.02548575,0.06380000,0.73716410,0.22822852,0.87169285
83.16799998,0.07795576,0.03184258,0.05780000,0.71353545,0.23473981,0.85718524
83.26799989,0.07578495,0.03893187,0.05380000,0.72000048,0.25314026,0.77958165
83.36800003,0.07736088,0.04243565,0.05170000,0.72581913,0.25772349,0.74723334
83.46799994,0.08169821,0.04252261,0.05960000,0.74866914,0.25836752,0.82224290
83.56799984,0.07885651,0.04499945,0.05260000,0.72693126,0.26526914,0.81253965
83.66799998,0.07968970,0.04666296,0.05160000,0.72269294,0.26476876,0.81568574
83.76799989,0.08386232,0.04992306,0.05760000,0.73464609,0.27076333,0.81489120
83.86899996,0.08477605,0.05252610,0.06060000,0.73714914,0.27919934,0.81336439
83.96899986,0.08578543,0.05450377,0.06260000,0.74026910,0.28506764,0.80168075
84.06900001,0.08421576,0.05032967,0.05360000,0.73568735,0.28741829,0.80649762
84.16899991,0.08228575,0.05102661,0.06360000,0.72469452,0.29092469,0.80951363
84.26899981,0.08188433,0.04632673,0.05860000,0.74184221,0.27223319,0.77799906
84.36899996,0.08230793,0.04879001,0.05460000,0.72785844,0.26803966,0.77369700
84.46899986,0.08227105,0.04798463,0.05460000,0.72836887,0.26549589,0.77527675
84.56900001,0.08248555,0.04888183,0.05260000,0.71399563,0.26676521,0.77704189
84.66899991,0.08540756,0.04734499,0.06460000,0.70039340,0.27244938,0.76469844
84.76899981,0.08357974,0.04674577,0.05760000,0.70413425,0.27037109,0.75291737
84.86899996,0.07910564,0.04692577,0.05470000,0.72011258,0.27941012,0.74276520
84.96899986,0.07889966,0.04052831,0.06570000,0.70232135,0.27381954,0.76350729
85.06999993,0.07396965,0.04159833,0.05470000,0.69188751,0.26483540,0.74763516
85.16999984,0.06361048,0.03988731,0.03770000,0.70007682,0.26752937,0.68314053
85.26999998,0.00055654,0.02038848,0.00810000,0.60419178,0.22919532,0.64099816
85.36999989,0.00241270,0.02269601,0.01110000,0.62141884,0.23404755,0.65138881
85.47000003,0.00478090,0.02249407,0.01010000,0.60619113,0.23021678,0.63382276
85.56999993,0.00168656,0.02171924,0.00810000,0.59688832,0.23278301,0.63028543
85.66999984,0.00098684,0.02263970,0.01310000,0.57919691,0.23063923,0.65251341
85.76999998,0.00187432,0.02252236,0.01010000,0.56735344,0.23117426,0.64654745
85.86999989,0.00233023,0.02341239,0.01010000,0.56065677,0.23208377,0.65928772
85.97000003,0.00249628,0.02220335,0.00210000,0.53772059,0.23218984,0.64834020
86.06999993,0.00378581,0.02143053,0.00710000,0.53995978,0.22055354,0.65306437
86.16999984,0.00281539,0.02282638,0.01110000,0.55044469,0.22538810,0.64047486
86.27099991,0.00238338,0.02439589,0.01510000,0.57632793,0.23237644,0.65442285
86.37099981,0.00353610,0.02335607,0.01210000,0.57890265,0.22816470,0.68584189
86.47099996,0.00562205,0.02633235,0.01010000,0.59613441,0.22690469,0.69907003
86.57099986,0.00533351,0.02883962,0.01410000,0.58494586,0.23208816,0.66214159
86.67100000,0.00202953,0.02480183,0.00910000,0.60856100,0.22438356,0.62070915
86.77099991,0.00252886,0.02095077,0.01210000,0.63083091,0.21868015,0.61128721
86.87099981,0.00201222,0.01840655,0.01410000,0.61863898,0.21453813,0.62958940
86.97099996,0.00477787,0.01766414,0.01100000,0.62866149,0.21205123,0.61255438
87.07099986,0.00068350,0.01976114,0.00910000,0.62688934,0.21311586,0.61313648
87.17100000,0.00017782,0.02294141,0.00410000,0.61134827,0.21427913,0.61845105
87.27099991,0.00080123,0.02344287,0.00410000,0.64248620,0.20931864,0.61483681
87.37099981,0.00577244,0.02273079,0.00710000,0.66359506,0.21546842,0.64337893
87.47199988,0.00532525,0.02272645,0.00710000,0.69909795,0.21275156,0.63681168
87.57200003,0.00152194,0.02291318,0.00410000,0.71471915,0.21449945,0.65700319
87.67199993,0.00210590,0.02265050,0.00310000,0.72955630,0.21490903,0.65129587
87.77199984,0.00136132,0.02563975,0.00310000,0.73787369,0.21509620,0.65745007
87.87199998,0.00013003,0.02723533,0.00210000,0.70587661,0.20943440,0.65610284
87.97199988,0.00471702,0.02522300,0.00610000,0.71760824,0.20186714,0.65606840
88.07200003,0.00273289,0.02354275,0.00610000,0.72036570,0.20105182,0.65727596
88.17199993,0.00220103,0.02403987,0.00310000,0.73573614,0.21204498,0.66803747
88.27199984,0.00234434,0.02037116,0.00810000,0.74548563,0.20107340,0.71132427
88.37199998,0.00194056,0.02024090,0.01010000,0.74255065,0.20726342,0.71435871
88.47199988,0.00208600,0.02140230,0.01010000,0.75256720,0.21001745,0.69803116
88.57200003,0.00513836,0.02253547,0.00510000,0.76033787,0.21813177,0.63619796
88.67299986,0.00549855,0.02280035,0.00010000,0.77544891,0.22260452,0.63527171
88.77300000,0.00515124,0.01927057,0.00010000,0.76602675,0.21985887,0.63130933
88.87299991,0.00834890,0.01695865,0.00300000,0.80971314,0.22690514,0.62200681
88.97299981,0.00597401,0.01648973,0.00500000,0.76850442,0.23219707,0.62129862
89.07299995,0.00251367,0.01938560,0.00410000,0.80112459,0.22942757,0.60371479
89.17299986,0.00391168,0.02057957,0.00110000,0.82134816,0.23856277,0.62973734
89.27300000,0.01011161,0.01886466,0.00000000,0.88774857,0.23783726,0.64983632
89.37299991,0.01023318,0.01756650,0.00200000,0.88098991,0.23163108,0.65282698
89.47299981,0.00781487,0.01723217,0.00200000,0.87973537,0.23494319,0.64498002
89.57299995,0.00402458,0.01838703,0.00310000,0.83066133,0.23491601,0.64598164
89.67299986,0.00138518,0.02318019,0.00090000,0.86334939,0.23765084,0.67126190
89.77300000,0.00044479,0.02280465,0.00090000,0.86090758,0.23272741,0.70471949
89.87299991,0.00213806,0.02676861,0.00190000,0.86554638,0.24871413,0.71886500
89.97399998,0.00222100,0.02922597,0.00490000,0.87868699,0.26155080,0.75635257
90.07399988,0.00398588,0.02709636,0.00090000,0.88789110,0.24612996,0.70280868
90.17400002,0.00512975,0.02442408,0.00110000,0.89308769,0.24107080,0.71068391
90.27399993,0.00234038,0.02153468,0.00190000,0.89432814,0.22423042,0.68852113
90.37399983,0.00201255,0.02305211,0.00190000,0.87321906,0.22481056,0.69353665
90.47399998,0.00259217,0.02323662,0.00190000,0.86898936,0.23594536,0.69546959
90.57399988,0.00744180,0.02122639,0.00290000,0.83658917,0.22470067,0.72142080
90.67400002,0.01029629,0.02201446,0.00110000,0.87844815,0.22773033,0.71139728
90.77399993,0.00746990,0.01831968,0.00510000,0.81582927,0.22599923,0.74660170
90.87399983,0.01105842,0.01723634,0.00310000,0.87375945,0.22495459,0.69895046
90.97399998,0.01141441,0.01741871,0.00310000,0.89091964,0.23383243,0.69501394
91.07399988,0.01209170,0.01675443,0.00210000,0.88348715,0.23163733,0.71418093
91.17499995,0.01246716,0.01492448,0.00210000,0.89766550,0.22489075,0.70097155
91.27499986,0.01045913,0.01445775,0.00210000,0.88405682,0.21624052,0.68297834
91.37500000,0.01142962,0.01585351,0.00310000,0.88790187,0.23494198,0.68198333
91.47499990,0.01274514,0.01854970,0.00110000,0.88646470,0.23437989,0.65258091
91.57500005,0.01031598,0.02000201,0.00090000,0.86905540,0.23600348,0.67178010
91.67499995,0.00874414,0.02065769,0.00090000,0.80793678,0.22977801,0.70645200
91.77499986,0.00674918,0.01884936,0.00190000,0.81137056,0.21753569,0.71624276
91.87500000,0.00756121,0.01814161,0.00290000,0.83220408,0.21037890,0.72982895
91.97499990,0.00684484,0.01822411,0.00290000,0.85579889,0.20549303,0.75311768
92.07500005,0.00859449,0.01765969,0.00190000,0.85227670,0.19506130,0.75420941
92.17499995,0.00569191,0.01718436,0.00390000,0.83014060,0.19925402,0.76516586
92.27499986,0.00708782,0.01576873,0.00090000,0.81973254,0.18992362,0.73059447
92.37599993,0.00752276,0.01250832,0.00090000,0.79969541,0.18634531,0.71853962
92.47599983,0.00905795,0.01104778,0.00090000,0.77680790,0.17680607,0.72497607
92.57599998,0.01223302,0.00660705,0.00200000,0.83474688,0.17328427,0.74774679
92.67599988,0.01474167,0.00171265,0.00600000,0.79998290,0.16897397,0.74333147
92.77600002,0.01159384,0.00551931,0.01100000,0.75544780,0.17230897,0.79962975
92.87599993,0.01347643,0.01489248,0.00900000,0.73881383,0.18398142,0.77503977
92.97599983,0.00964216,0.02056596,0.00700000,0.67642590,0.19007359,0.73278903
93.07599998,0.00351593,0.02067192,0.00600000,0.64516988,0.18100330,0.74105804
93.17599988,0.00193071,0.01867518,0.00500000,0.61765967,0.19519781,0.73151328
93.27600002,0.00420785,0.01829464,0.00610000,0.61650527,0.19645209,0.73305703
93.37599993,0.00609088,0.01429550,0.00400000,0.63254673,0.19789127,0.75741676
93.47599983,0.00886092,0.01399943,0.00400000,0.63846958,0.20154892,0.77725326
93.57699990,0.00944038,0.01381482,0.01300000,0.63882808,0.20624444,0.84486948
93.67700005,0.01133141,0.01509301,0.01500000,0.71202322,0.21053045,0.84149931
93.77699995,0.00920468,0.01708197,0.02200000,0.65409199,0.20840013,0.83682499
93.87699986,0.01829878,0.01860120,0.01190000,0.70560162,0.21200512,0.86027652
93.97700000,0.01487694,0.01630971,0.00700000,0.71534912,0.21440962,0.81032719
94.07699990,0.02053796,0.01441951,0.01000000,0.71064227,0.20790345,0.87613066
94.17700005,0.00118837,0.01152683,0.01700000,0.63250113,0.21138001,0.85165541
94.27699995,0.00659148,0.00708889,0.01100000,0.60962911,0.21369559,0.86829994
94.37699986,0.00123888,0.01007547,0.01200000,0.59540952,0.22374625,0.88789858
94.47700000,0.01016596,0.01479132,0.01600000,0.58582424,0.21743010,0.88170356
94.57699990,0.00413633,0.01538248,0.01100000,0.59554745,0.21625550,0.89700742
94.67700005,0.01317360,0.01945524,0.02100000,0.65407461,0.23240474,0.89847719
94.77799988,0.00850095,0.02199963,0.02110000,0.62569897,0.23601958,0.91091971
94.87800002,0.00075461,0.02241429,0.01410000,0.59774514,0.23961115,0.90751974
94.97799993,0.00747536,0.02617440,0.01110000,0.60344763,0.25147995,0.90393096
95.07799983,0.01211355,0.02559222,0.00700000,0.57310563,0.24821420,0.84082929
95.17799997,0.01978441,0.02345628,0.00200000,0.62529243,0.25187469,0.83988446
95.27799988,0.02098925,0.02317545,0.00590000,0.63429744,0.24772909,0.82772653
95.37800002,0.02062874,0.02291080,0.00600000,0.62159669,0.24979393,0.84445558
95.47799993,0.01521486,0.02703605,0.00900000,0.57795815,0.25387327,0.84566919
95.57799983,0.00354687,0.02751345,0.01110000,0.59656682,0.26065277,0.81338962
95.67799997,0.00986394,0.02359985,0.00200000,0.57227502,0.25749670,0.78456739
95.77799988,0.01309734,0.02486281,0.00000000,0.60183551,0.25579609,0.80429220
95.87800002,0.01316367,0.02325549,0.00100000,0.60730639,0.25017227,0.80254330
95.97899985,0.00284080,0.02753507,0.00810000,0.60679093,0.25298553,0.84544849
96.07900000,0.00133003,0.01595246,0.00400000,0.60443985,0.22753787,0.84105832
96.17899990,0.00581484,0.02994875,0.01400000,0.63892598,0.25471455,0.83274571
96.27900004,0.00099796,0.01535103,0.01500000,0.64672498,0.22243581,0.85642619
96.37899995,0.00161111,0.01240582,0.01400000,0.66546414,0.21161757,0.85262763
96.47899985,0.00593781,0.01639733,0.00400000,0.66504630,0.20743821,0.81269321
96.57900000,0.00244690,0.00301541,0.00300000,0.67337586,0.18828908,0.78465930
96.67899990,0.00224195,0.01183147,0.00290000,0.66567869,0.19737590,0.76823634
96.77900004,0.01153669,0.00824104,0.01000000,0.64223357,0.18928250,0.76089561
96.87899995,0.01632984,0.01319949,0.01300000,0.65066096,0.19924433,0.77010621
96.97899985,0.02765166,0.00306520,0.01410000,0.71441662,0.18055175,0.75848756
97.07900000,0.03044141,0.02496038,0.00610000,0.69889786,0.20635049,0.75047092
97.17999983,0.00996107,0.02253657,0.00600000,0.63563359,0.19583617,0.73829438
97.27999997,0.01671566,0.01585076,0.00910000,0.67375931,0.18337372,0.76868917
97.37999988,0.00505758,0.00988286,0.01400000,0.64297189,0.16057166,0.73937656
97.48000002,0.00458993,0.00200562,0.00700000,0.65731599,0.15412496,0.71597246
97.57999992,0.00758488,0.00342923,0.00100000,0.66768493,0.15895823,0.71756250
97.67999983,0.01169942,0.00236928,0.01100000,0.65894826,0.16153782,0.71292510
97.77999997,0.02255737,0.00374367,0.00700000,0.72682045,0.16281820,0.71320896
97.87999988,0.03108950,0.00527380,0.00190000,0.73012770,0.17160236,0.69235133
97.98000002,0.03193712,0.00559197,0.00210000,0.73360027,0.17644649,0.66730209
98.07999992,0.03197680,0.00639409,0.02500000,0.72709291,0.17257185,0.72352587
98.17999983,0.03389530,0.00575490,0.02110000,0.78150811,0.17594703,0.70695164
98.27999997,0.04084621,0.00815579,0.02610000,0.77671773,0.17575232,0.71711672
98.38100004,0.04036155,0.00301754,0.02410000,0.78686659,0.17208907,0.72695071
98.48099995,0.02009781,0.00862079,0.03700000,0.72645216,0.17681169,0.72724441
98.58099985,0.00642551,0.01041887,0.03100000,0.71344597,0.18021170,0.72125055
98.68099999,0.02433370,0.01229150,0.03400000,0.72483242,0.20249497,0.75110685
98.78099990,0.01531747,0.00823864,0.03300000,0.69403139,0.18446916,0.76684698
98.88100004,0.02276343,0.00498660,0.03310000,0.74735472,0.18538128,0.76083153
98.98099995,0.01930624,0.00786570,0.02610000,0.71236044,0.18953429,0.74075083
99.08099985,0.02045729,0.01075172,0.01910000,0.70726203,0.20144616,0.69668103
99.18099999,0.01234812,0.00849553,0.02400000,0.69673458,0.18921225,0.70235942
99.28099990,0.02848649,0.00355665,0.03010000,0.76974231,0.18464809,0.79828102
99.38100004,0.03029698,0.00932166,0.01510000,0.77024517,0.19322242,0.73824316
99.48099995,0.03871225,0.00850245,0.01410000,0.77356207,0.19608297,0.72525871
99.58200002,0.02202539,0.00508452,0.01810000,0.70410154,0.19607638,0.73139604
99.68199992,0.00225674,0.00173122,0.01500000,0.69639489,0.19579415,0.72831334
99.78199983,0.00069695,0.00126264,0.01400000,0.69521352,0.19482205,0.72549387
99.88199997,0.01701996,0.01018828,0.03710000,0.73148649,0.21923705,0.80952096
99.98199987,0.02425831,0.00471428,0.03700000,0.75390151,0.20001906,0.77454698
100.08200002,0.02365597,0.00588006,0.03600000,0.74988766,0.21203492,0.77974002
100.18199992,0.01025705,0.00736769,0.03310000,0.73789786,0.21702260,0.75841422
100.28199983,0.00868758,0.01297944,0.01410000,0.71928513,0.24253468,0.70533313
100.38199997,0.02168021,0.00340710,0.01600000,0.71532120,0.22383884,0.70329360
100.48199987,0.02029556,0.00325425,0.01500000,0.73819380,0.22981794,0.71932254
100.58200002,0.01815532,0.01319524,0.01190000,0.73396141,0.25480336,0.70265704
100.68199992,0.01275164,0.01274346,0.00110000,0.73989901,0.25249082,0.68622478
100.78199983,0.00986496,0.00398781,0.02300000,0.75675114,0.23486550,0.73056386
100.88299990,0.00988384,0.00251191,0.02100000,0.73629026,0.23731888,0.72613995
100.98300004,0.01272490,0.00384928,0.02490000,0.74005007,0.23154307,0.72111387
101.08299994,0.02495971,0.00524812,0.02400000,0.77780426,0.22793268,0.73940661
101.18299985,0.02891822,0.00137722,0.02290000,0.77133415,0.22191853,0.73710170
101.28299999,0.02778132,0.00230827,0.02500000,0.72902392,0.22482876,0.75128126
101.38299990,0.03298082,0.00164477,0.01890000,0.75218874,0.22292162,0.74647040
101.48300004,0.03034915,0.00646755,0.03190000,0.74488799,0.22002656,0.75859395
101.58299994,0.04057160,0.00503240,0.02590000,0.80359377,0.22258368,0.75601825
101.68299985,0.03824279,0.00258044,0.02690000,0.80134958,0.21837303,0.76080694
101.78299999,0.03142124,0.03036570,0.03310000,0.79052052,0.24721576,0.76964227
101.88299990,0.02970765,0.01007451,0.04090000,0.76628487,0.21598272,0.80085513
101.98300004,0.03704054,0.01288132,0.04790000,0.74665214,0.22293729,0.81471240
102.08399987,0.04806650,0.01682444,0.05880000,0.80443518,0.24233842,0.83574245
102.18400002,0.05778845,0.01091718,0.04890000,0.80322830,0.22694787,0.79545523
102.28399992,0.03611377,0.00115566,0.02890000,0.75499688,0.22113122,0.72452507
102.38399982,0.03879637,0.00112323,0.02990000,0.72650828,0.21708062,0.68639011
102.48399997,0.04956663,0.01046655,0.05390000,0.77272050,0.22211606,0.79003364
102.58399987,0.04581109,0.01052780,0.06880000,0.72245927,0.22657485,0.81994379
102.68400002,0.03485981,0.00449487,0.06990000,0.70206493,0.21881471,0.83008799
102.78399992,0.00548290,0.01011078,0.06000000,0.65388565,0.23105102,0.84687487
102.88399982,0.01050105,0.01470299,0.04800000,0.66238648,0.23309610,0.83943637
102.98399997,0.02453373,0.01546177,0.03610000,0.69756656,0.23361399,0.77285692
103.08399987,0.01849013,0.01603263,0.04210000,0.69361594,0.23441799,0.84637592
103.18400002,0.00086792,0.00462025,0.05300000,0.67674087,0.22069156,0.85510294
103.28499985,0.01119777,0.00984784,0.05900000,0.66040037,0.22383426,0.85396300
103.38499999,0.02263094,0.00582757,0.05000000,0.69388953,0.22447750,0.83297079
103.48499990,0.01314193,0.00534507,0.05800000,0.66404260,0.22179650,0.83346939
103.58500004,0.02233212,0.00494940,0.07600000,0.68154397,0.21277585,0.86652762
103.68499994,0.02697584,0.00555013,0.07510000,0.66820922,0.20814305,0.89119199
103.78499985,0.05461846,0.02674740,0.06620000,0.70549120,0.24187005,0.88470941
103.88499999,0.05108358,0.03595328,0.05220000,0.67847271,0.25112376,0.88940272
103.98499990,0.05924304,0.03173187,0.01020000,0.69489717,0.24060355,0.81641374
104.08500004,0.05651157,0.03548157,0.01420000,0.70381628,0.25278134,0.82561891
104.18499994,0.06903699,0.04217670,0.02430000,0.69859216,0.26382059,0.84166055
104.28499985,0.07740185,0.03885516,0.02430000,0.77707575,0.26062832,0.84286632
104.38499999,0.08264843,0.03524610,0.01930000,0.80320072,0.25628152,0.81860877
104.48599982,0.06742239,0.02072055,0.01820000,0.73587858,0.23446338,0.77671438
104.58599997,0.08234771,0.02799741,0.02630000,0.80906933,0.26419989,0.78505226
104.68599987,0.08070366,0.02442312,0.01930000,0.81004275,0.26054439,0.78353093
104.78600001,0.10474644,0.02909354,0.01130000,0.84356369,0.26414685,0.77484815
104.88599992,0.07939386,0.02912362,0.00270000,0.79688205,0.26485917,0.75246454
104.98599982,0.05485646,0.02170873,0.00920000,0.78396459,0.24666265,0.75110535
105.08599997,0.06294497,0.01215691,0.02020000,0.80808790,0.23210767,0.74838345
105.18599987,0.05821117,0.01826798,0.02820000,0.80130951,0.23290522,0.75133840
105.28600001,0.06260786,0.01411049,0.02020000,0.80509088,0.23123307,0.75260866
105.38599992,0.08366795,0.03151626,0.02920000,0.79562678,0.25784751,0.75199427
105.48599982,0.08599296,0.03223803,0.03130000,0.87423978,0.26856020,0.78179031
105.58599997,0.09054508,0.01906276,0.01630000,0.89846738,0.24476038,0.71282824
105.68700004,0.10141735,0.01871417,0.02430000,0.89923019,0.24187945,0.69793753
105.78699994,0.11536497,0.02307150,0.02940000,0.94111132,0.25059186,0.75135806
105.88699985,0.11222076,0.02806263,0.02930000,0.92638765,0.26436626,0.74384870
105.98699999,0.11634695,0.02768189,0.03140000,0.93377544,0.26206553,0.73939432
106.08699989,0.10709297,0.03036966,0.01840000,0.91582732,0.26800741,0.67139579
106.18700004,0.10417697,0.02402248,0.00930000,0.89412458,0.24843908,0.65289485
106.28699994,0.10169746,0.01877864,0.00740000,0.90627581,0.23819295,0.64314038
106.38699985,0.10444212,0.01738518,0.00630000,0.92011219,0.23823773,0.63982147
106.48699999,0.10757444,0.01720433,0.01630000,0.94879180,0.24348943,0.66921930
106.58699989,0.10516693,0.01684030,0.01740000,0.96840140,0.24853771,0.66980566
106.68700004,0.11827745,0.02041310,0.01640000,0.97811321,0.25783392,0.63909914
106.78699994,0.11307416,0.02920759,0.01440000,0.98580641,0.27777764,0.63683482
106.88800001,0.11570810,0.02955480,0.01440000,0.97038706,0.27028613,0.63729561
106.98799992,0.10175971,0.02954743,0.01030000,0.97037185,0.26863005,0.61546143
107.08799982,0.08769873,0.02300591,0.00270000,0.92754271,0.24537754,0.58564906
107.18799996,0.08483571,0.02531525,0.00670000,0.89355507,0.25780553,0.59038587
107.28799987,0.09106566,0.01326822,0.00330000,0.89137921,0.22492539,0.59061602
107.38800001,0.09250486,0.01225766,0.00330000,0.90867509,0.22086535,0.60386193
107.48799992,0.09084090,0.01572199,0.01030000,0.83868467,0.22396443,0.62273127
107.58799982,0.07659132,0.02325124,0.00620000,0.81754349,0.24661621,0.63554731
107.68799996,0.07511656,0.02284364,0.00630000,0.80771006,0.24256980,0.63162541
107.78799987,0.06415032,0.02271247,0.01020000,0.77339466,0.24677631,0.66384521
107.88800001,0.05509314,0.03017526,0.00120000,0.75038969,0.25205190,0.64534878
107.98799992,0.07292508,0.03641253,0.00880000,0.75860662,0.25437967,0.65501419
108.08899999,0.07674723,0.00605578,0.01370000,0.79046753,0.21177451,0.69881664
108.18899989,0.07033140,0.02773759,0.00070000,0.79672943,0.25122613,0.70183755
108.28900003,0.05945719,0.00101123,0.02110000,0.78353527,0.21885678,0.72449638
108.38899994,0.05505367,0.00032139,0.03510000,0.80355693,0.21475653,0.78230513
108.48899984,0.04795624,0.02243766,0.02720000,0.80310874,0.24150274,0.79006087
108.58899999,0.05317284,0.00046801,0.02020000,0.76783908,0.20074919,0.71529616
108.68899989,0.06322148,0.02689580,0.01920000,0.75490859,0.24195328,0.72714775
108.78900003,0.06980729,0.01205995,0.01420000,0.76343290,0.21778659,0.74502159
108.88899994,0.05102944,0.00308653,0.00220000,0.73420061,0.20967138,0.72540830
108.98899984,0.03908936,0.00849895,0.01590000,0.73390314,0.21379914,0.74571134
109.08899999,0.03940219,0.01118558,0.01590000,0.73811296,0.21441742,0.77830022
109.18899989,0.03309079,0.01461163,0.01380000,0.74068693,0.21712834,0.78891094
109.28999996,0.03044513,0.00366384,0.01290000,0.75474297,0.20691837,0.81658440
109.38999987,0.04862846,0.01919461,0.02720000,0.75692826,0.23756347,0.87892870
109.49000001,0.04860378,0.01794108,0.02620000,0.75858630,0.23873826,0.87986364
109.58999991,0.04899917,0.02368546,0.02810000,0.74955395,0.23639850,0.87205777
109.68999982,0.06156917,0.02357408,0.03820000,0.74326129,0.23683045,0.85954248
109.78999996,0.05856399,0.02415013,0.03420000,0.73320844,0.23501877,0.86369071
109.88999987,0.07305355,0.00088857,0.02230000,0.75950173,0.19292507,0.79568007
109.99000001,0.07977842,0.00091838,0.03520000,0.79508982,0.19840097,0.84709017
110.08999991,0.07828816,0.00098194,0.02620000,0.78074287,0.19264221,0.85532775
110.18999982,0.07610760,0.01230910,0.05420000,0.79123324,0.20684100,0.88107176
110.28999996,0.06763482,0.00500605,0.02220000,0.78205579,0.20086318,0.78864691
110.38999987,0.05952161,0.00329051,0.02220000,0.76415242,0.20382365,0.76983668
110.49000001,0.06340254,0.00386366,0.03220000,0.77225135,0.21445200,0.82722249
110.59099984,0.04949872,0.00608415,0.02410000,0.77291776,0.21757535,0.78914104
110.69099998,0.04849604,0.00323639,0.01620000,0.80000203,0.20767803,0.77705004
110.79099989,0.05839147,0.00121904,0.00080000,0.78488173,0.20228065,0.79215569
110.89100003,0.05288251,0.00177194,0.01490000,0.80756131,0.20126082,0.77548908
110.99099994,0.05447505,0.00281411,0.01480000,0.79729284,0.20817564,0.77513247
111.09099984,0.04042829,0.00033625,0.00080000,0.76803689,0.20024889,0.75430815
111.19099998,0.03860953,0.01744576,0.00310000,0.74116517,0.23012418,0.74255012
111.29099989,0.05455335,0.01909612,0.03120000,0.72705635,0.22022545,0.81175805
111.39100003,0.05586325,0.02090998,0.03420000,0.73741236,0.21827214,0.81410099
111.49099994,0.06360083,0.01041224,0.02620000,0.73174353,0.18902720,0.76054661
111.59099984,0.07077665,0.00095724,0.02220000,0.78519059,0.18377450,0.76749897
111.69099998,0.07781118,0.00170590,0.02320000,0.79081590,0.19048311,0.77521671
111.79199982,0.06797192,0.01111479,0.02820000,0.81878009,0.19820131,0.84918468
111.89199996,0.06997247,0.01182004,0.03020000,0.81034404,0.20367539,0.84630593
111.99199986,0.06618631,0.01604811,0.04230000,0.81711327,0.20921591,0.85187507
112.09200001,0.05010505,0.01227941,0.03510000,0.75499453,0.20617047,0.85043559
112.19199991,0.05165836,0.01297742,0.03620000,0.76365667,0.20492074,0.85384782
112.29199982,0.05196614,0.01584551,0.02420000,0.73896719,0.20522253,0.79242778
112.39199996,0.05522632,0.02126931,0.02520000,0.72483721,0.21164415,0.77775828
112.49199986,0.06315540,0.02055834,0.02720000,0.72203586,0.21265892,0.81338476
112.59200001,0.06190009,0.01302302,0.02820000,0.75239069,0.20313863,0.81933572
112.69199991,0.05657255,0.01328898,0.02520000,0.73431147,0.20616141,0.77455238
112.79199982,0.05435245,0.01235562,0.02020000,0.72982715,0.20195562,0.78690713
112.89199996,0.05028907,0.01452101,0.01520000,0.71951965,0.19621391,0.79357801
112.99300003,0.04035272,0.00978508,0.00520000,0.68374793,0.20068340,0.77038423
113.09299994,0.03718424,0.00937187,0.00820000,0.68691497,0.19008617,0.78170926
113.19299984,0.04704427,0.01079659,0.01320000,0.72306859,0.20686994,0.75897837
113.29299998,0.04881845,0.00653369,0.01420000,0.69686000,0.18820261,0.74410142
113.39299989,0.05132341,0.00908225,0.01610000,0.68042919,0.18643453,0.73094485
113.49300003,0.05283103,0.00727474,0.02110000,0.70259151,0.19248539,0.75845467
113.59299994,0.05376769,0.00742530,0.02210000,0.69857458,0.19135968,0.76337794
113.69299984,0.05909168,0.00478993,0.02510000,0.69733587,0.18081715,0.79116367
113.79299998,0.05137482,0.00358158,0.02810000,0.65978528,0.18832905,0.80912787
113.89299989,0.05051057,0.00696582,0.02410000,0.67832796,0.19709092,0.75341617
113.99300003,0.04079267,0.00764581,0.01710000,0.65644187,0.19399170,0.69911456
114.09299994,0.04118572,0.00818942,0.01710000,0.65338136,0.18667863,0.70987132
114.19400001,0.03418913,0.00927488,0.01110000,0.65324737,0.20298459,0.72818373
114.29399991,0.03879553,0.00931058,0.02010000,0.67038183,0.20118753,0.71457806
114.39399981,0.04883078,0.00326875,0.02210000,0.70452003,0.19621607,0.68325129
114.49399996,0.04918537,0.00345386,0.02310000,0.68757010,0.19819100,0.74143399
114.59399986,0.04482149,0.00489835,0.02210000,0.68313284,0.21152762,0.69387899
114.69400001,0.04903152,0.00201998,0.02610000,0.70984313,0.20694195,0.74100397
114.79399991,0.04018776,0.00642758,0.01610000,0.69383717,0.20588833,0.68251874
114.89399981,0.03390038,0.00788318,0.01010000,0.68582116,0.19520453,0.65168377
114.99399996,0.03371527,0.00823777,0.01110000,0.68085155,0.20568813,0.65177483
115.09399986,0.03604745,0.00787598,0.01110000,0.67801664,0.19849452,0.67217752
115.19400001,0.03947857,0.00605745,0.01410000,0.68872823,0.19582094,0.65675815
115.29399991,0.04847167,0.00590144,0.01910000,0.68239129,0.20041710,0.62943483
115.39499998,0.04792416,0.00651806,0.01910000,0.69313467,0.20611627,0.65903771
115.49499989,0.04979418,0.00444852,0.02610000,0.70497283,0.20868518,0.70284978
115.59500003,0.05106980,0.00567847,0.02610000,0.70862403,0.20280668,0.69106896
115.69499993,0.04424272,0.00730356,0.01910000,0.70363552,0.21508030,0.64042149
115.79499984,0.04265940,0.00320562,0.01310000,0.70095286,0.19455402,0.61070022
115.89499998,0.04194240,0.00328254,0.01310000,0.69776069,0.19598984,0.62458067
115.99499989,0.03897734,0.00658534,0.00610000,0.71875546,0.20440367,0.58829812
116.09500003,0.04133175,0.01007056,0.00810000,0.74577077,0.21929623,0.61013426
116.19499993,0.04261971,0.00803557,0.01310000,0.75763308,0.22451891,0.61525404
116.29499984,0.04319066,0.00607760,0.01310000,0.73012158,0.21182720,0.62181241
116.39499998,0.05126664,0.00465317,0.01710000,0.73817404,0.21674590,0.65241650
116.49499989,0.05786954,0.00561840,0.01710000,0.74246232,0.22317502,0.65825749
116.59599996,0.06089321,0.00103798,0.01910000,0.79643633,0.21126375,0.64559932
116.69599986,0.05958242,0.00025578,0.01910000,0.77694619,0.21445498,0.63287848
116.79600000,0.05216154,0.00207457,0.01310000,0.76804494,0.21908601,0.64398510
116.89599991,0.04980591,0.00377780,0.00910000,0.76178478,0.21610165,0.61684145
116.99599981,0.04476288,0.00825194,0.00610000,0.75323005,0.22998156,0.64796636
117.09599996,0.04532541,0.00933525,0.00910000,0.76162359,0.22725996,0.65159775
117.19599986,0.04697187,0.00726180,0.01110000,0.76438722,0.23084481,0.68612863
117.29600000,0.05053401,0.00562438,0.01410000,0.75978929,0.21493151,0.65560586
117.39599991,0.05561879,0.00387939,0.02110000,0.76057091,0.21180997,0.68658427
117.49599981,0.05866859,0.00084645,0.02310000,0.74432921,0.21512684,0.75232470
117.59599996,0.05925396,0.00318255,0.02310000,0.75789381,0.22234777,0.74856797
117.69599986,0.05879900,0.00362188,0.02210000,0.74859043,0.22208353,0.68687688
117.79699993,0.06329719,0.00472924,0.02410000,0.75042622,0.23079156,0.72408805
117.89699984,0.06828221,0.00101447,0.02520000,0.81540076,0.22398757,0.70491329
117.99699998,0.06150141,0.00255090,0.02210000,0.76574136,0.23233676,0.66632176
118.09699988,0.06086915,0.00289768,0.02110000,0.76364994,0.22778884,0.67499705
118.19700003,0.05372923,0.00706680,0.01710000,0.76645772,0.24827453,0.66827786
118.29699993,0.05560255,0.00736791,0.02010000,0.77031752,0.24935536,0.64430907
118.39699984,0.05303177,0.00602586,0.01710000,0.78879413,0.25083124,0.62356834
118.49699998,0.05488617,0.00485061,0.02010000,0.78810822,0.23378111,0.60435965
118.59699988,0.05903038,0.00317864,0.02010000,0.80007594,0.22513470,0.60812669
118.69700003,0.05798224,0.00172902,0.02210000,0.78186197,0.22513734,0.64625576
118.79699993,0.05304740,0.00513157,0.01810000,0.75611456,0.23391934,0.66374461
118.89699984,0.04412672,0.00882229,0.01210000,0.71870043,0.25134631,0.68458123
118.99799991,0.04340191,0.00934636,0.01110000,0.74245155,0.25160612,0.68610278
119.09799981,0.04826641,0.00996811,0.01510000,0.75349886,0.25392088,0.69065477
119.19799995,0.05360932,0.00880910,0.02010000,0.74978025,0.25472671,0.69195526
119.29799986,0.05641549,0.00431074,0.01910000,0.73865997,0.22871036,0.66721219
119.39800000,0.05915029,0.00143634,0.01910000,0.75708564,0.22525619,0.66721077
119.49799991,0.05879537,0.00126670,0.01910000,0.77886451,0.22461535,0.65824056
119.59799981,0.06034321,0.00478297,0.02310000,0.76547565,0.22303537,0.66465664
119.69799995,0.06410953,0.00426832,0.02510000,0.76361619,0.23105704,0.71974032
119.79799986,0.06751466,0.00142138,0.03020000,0.76824728,0.22382199,0.70570648
119.89800000,0.06716012,0.00123618,0.02910000,0.79030949,0.22639517,0.68562580
119.99799991,0.06948844,0.00109857,0.03220000,0.85993825,0.22714230,0.71243460
120.09799981,0.06704639,0.00512553,0.02620000,0.82045973,0.22966234,0.70499452
120.19899988,0.06448261,0.00592989,0.02510000,0.81640183,0.23775859,0.72960449
120.29900002,0.05872794,0.00506742,0.02010000,0.82773391,0.23677141,0.65310224
120.39899993,0.06151134,0.00449060,0.02210000,0.83140555,0.23782003,0.68818102
120.49899983,0.06097556,0.00443636,0.02210000,0.81869008,0.24295410,0.67633322
120.59899998,0.06676195,0.00351026,0.02420000,0.82879848,0.24315223,0.70794103
120.69899988,0.06780307,0.00281308,0.02120000,0.81508462,0.23760270,0.65522712
120.79900002,0.05680711,0.00744867,0.01810000,0.80166885,0.24680750,0.65707650
120.89899993,0.05626339,0.00784158,0.01710000,0.77379364,0.24790705,0.64415838
120.99899983,0.05091354,0.00685211,0.01410000,0.78500731,0.25305195,0.62999885
121.09899998,0.05324583,0.00649093,0.01310000,0.76663772,0.25515688,0.64591026
121.19899988,0.05664173,0.00668536,0.01610000,0.78904078,0.25742761,0.61933394
121.29900002,0.05833503,0.00452370,0.01810000,0.77167869,0.24076144,0.61068723
121.39999986,0.05793022,0.00465071,0.01710000,0.74811693,0.23963511,0.63799366
121.50000000,0.06022811,0.00370745,0.02010000,0.73572887,0.23982751,0.67531105
121.59999990,0.06265299,0.00316900,0.02210000,0.75218054,0.23811798,0.67066122
121.70000005,0.06206695,0.00342697,0.02110000,0.73955678,0.24115795,0.64215133
121.79999995,0.06195055,0.00494567,0.02210000,0.76314219,0.24580910,0.60716996
121.89999986,0.06265299,0.00316900,0.02210000,0.76677820,0.24024629,0.59221643
122.00000000,0.05933253,0.00628581,0.02010000,0.78877692,0.24261591,0.57661928
122.09999990,0.05870018,0.00663242,0.02010000,0.79553247,0.24139497,0.55569533
122.20000005,0.06133674,0.00676865,0.02010000,0.75946783,0.25451227,0.57783049
122.29999995,0.05730055,0.00736797,0.01610000,0.73714331,0.25682723,0.57897756
122.39999986,0.05380411,0.00779795,0.01310000,0.74590533,0.25521813,0.58088700
122.50000000,0.05816440,0.00657818,0.01810000,0.73972435,0.24021434,0.55676449
122.60099983,0.05928623,0.00637444,0.02010000,0.73281031,0.23915581,0.57619860
122.70099998,0.06026121,0.00688375,0.02110000,0.75188885,0.23740140,0.59856144
122.80099988,0.05518390,0.00818026,0.01610000,0.72830553,0.24837964,0.56922440
122.90100002,0.04684959,0.00901643,0.01410000,0.69917156,0.25126632,0.58448224
123.00099993,0.05178800,0.00798583,0.01710000,0.66409925,0.25067001,0.61014811
123.10099983,0.04772930,0.00733236,0.01610000,0.67356255,0.23494688,0.61579260
123.20099998,0.05397502,0.00574088,0.01910000,0.67484655,0.22781205,0.61745956
123.30099988,0.05099855,0.00711953,0.01910000,0.68050152,0.22827297,0.60566282
123.40100002,0.05124586,0.00578205,0.02310000,0.67819511,0.22899000,0.60402730
123.50099993,0.05448428,0.00476587,0.02210000,0.70516510,0.22520322,0.57605749
123.60099983,0.05339807,0.00295740,0.02310000,0.68662646,0.21890986,0.59042708
123.70099998,0.05692496,0.00333301,0.02410000,0.71798809,0.21645274,0.57176093
123.80200005,0.06130893,0.00077160,0.02810000,0.74162463,0.21367825,0.60111993
123.90199995,0.06202594,0.00069483,0.02810000,0.77572663,0.21781774,0.60340040
124.00199986,0.06174816,0.00122666,0.03010000,0.79441539,0.21476051,0.61818596
124.10200000,0.05795697,0.00567715,0.02710000,0.80123051,0.22115258,0.63720035
124.20199990,0.05484163,0.00732158,0.02210000,0.77703478,0.21148587,0.57948918
124.30200005,0.05436400,0.00650815,0.02210000,0.77969846,0.20484874,0.58956606
124.40199995,0.05473437,0.00579905,0.02410000,0.77372228,0.20118863,0.58887658
124.50199986,0.05422511,0.00677406,0.02310000,0.78468266,0.20880997,0.59658112
124.60200000,0.05779156,0.00491384,0.02610000,0.80062015,0.20834606,0.62322984
124.70199990,0.06112140,0.00631460,0.02810000,0.77961998,0.20401116,0.60358595
124.80200005,0.05301348,0.00952578,0.02310000,0.80866207,0.22157397,0.59897055
124.90199995,0.05294348,0.01095573,0.02210000,0.81342241,0.22359132,0.61915831
125.00300002,0.04835965,0.01217187,0.01910000,0.81155843,0.22602869,0.61446070
125.10299993,0.05033062,0.00947831,0.01710000,0.82763217,0.22850632,0.63078389
125.20299983,0.05666337,0.01053009,0.02410000,0.82876425,0.23186453,0.71031888
125.30299997,0.05426106,0.01232143,0.02610000,0.83800056,0.23686075,0.68263827
125.40299988,0.05770454,0.00983242,0.02710000,0.86619097,0.23107330,0.67297760
125.50300002,0.06163741,0.00748667,0.02810000,0.86263950,0.21310796,0.68500685
125.60299993,0.05542369,0.00728728,0.02410000,0.87416804,0.20857740,0.70911822
125.70299983,0.05850740,0.00743129,0.02210000,0.87170661,0.21112254,0.63306156
125.80299997,0.05063603,0.00738188,0.01210000,0.85054974,0.21243974,0.62950296
125.90299988,0.05026567,0.00809086,0.01210000,0.85520511,0.22766928,0.63297426
126.00300002,0.04937819,0.01022174,0.01410000,0.83657631,0.22557306,0.62493109
126.10399985,0.05347366,0.00626875,0.01810000,0.86946046,0.21203686,0.59855757
126.20400000,0.05301465,0.00693156,0.01710000,0.86072034,0.21831913,0.60043846
126.30399990,0.05659297,0.00440062,0.01910000,0.86212121,0.21877415,0.60927191
126.40400004,0.05417599,0.00449246,0.01910000,0.85930585,0.22107063,0.61217229
126.50399995,0.05525547,0.00415362,0.02210000,0.87540699,0.21740478,0.58309194
126.60399985,0.05658622,0.00225385,0.02310000,0.87944599,0.20998607,0.60294445
126.70400000,0.05976252,0.00222074,0.02410000,0.92463407,0.20578195,0.58594932
126.80399990,0.05755212,0.00580462,0.01910000,0.88909350,0.20634202,0.60839667
126.90400004,0.05162292,0.00722043,0.01610000,0.87582372,0.21151195,0.63032019
127.00399995,0.04764098,0.00728403,0.01210000,0.84648989,0.20635625,0.64860740
127.10399985,0.04696235,0.00771930,0.01110000,0.85222966,0.22201584,0.63765765
127.20400000,0.05302767,0.00366691,0.01310000,0.84971449,0.19914975,0.66328809
127.30499983,0.05039388,0.00590144,0.01210000,0.84929824,0.20813016,0.65533287
127.40499997,0.05304626,0.00514339,0.01810000,0.85540160,0.22045249,0.68289941
127.50499988,0.05561001,0.00433893,0.01910000,0.86881597,0.22688614,0.69941248
127.60500002,0.05181603,0.00641862,0.01410000,0.85549398,0.21805611,0.70093853
127.70499992,0.05412060,0.00762235,0.01410000,0.85263885,0.21712165,0.73037267
127.80499983,0.04876557,0.00945089,0.01010000,0.86114594,0.23453569,0.73966752
127.90499997,0.04664104,0.01071042,0.00910000,0.84736644,0.22788292,0.74240985
128.00499988,0.04932111,0.00838736,0.01210000,0.86413972,0.22936930,0.76092901
128.10500002,0.04854989,0.00899990,0.01110000,0.85428703,0.23004860,0.77939260
128.20499992,0.05468686,0.00848221,0.01710000,0.85107780,0.22841809,0.78382617
128.30499983,0.05425548,0.00758042,0.02010000,0.83973979,0.22736243,0.77209934
128.40499997,0.05502953,0.00933811,0.02010000,0.88297242,0.22595676,0.78359951
128.50600004,0.05636699,0.00958555,0.01910000,0.87812405,0.22599234,0.79834353
128.60599995,0.05452539,0.00749545,0.01910000,0.88834954,0.23131140,0.81383530
128.70599985,0.05804162,0.00594734,0.01910000,0.88401647,0.22508268,0.80444096
128.80599999,0.06108414,0.00336268,0.02410000,0.86869656,0.21697774,0.86406494
128.90599990,0.06145732,0.00502376,0.02710000,0.87151137,0.21611722,0.85521670
129.00600004,0.06351576,0.00497074,0.02310000,0.87518677,0.21248117,0.83304900
129.10599995,0.06343226,0.00210664,0.02410000,0.88313739,0.21450619,0.84726113
129.20599985,0.06550930,0.00353013,0.02510000,0.84702686,0.20974115,0.84894690
129.30599999,0.06035924,0.00388612,0.02210000,0.86253833,0.20847199,0.79594393
129.40599990,0.05907079,0.00592128,0.01910000,0.83704052,0.21069457,0.80877392
129.50600004,0.05729805,0.00499532,0.01910000,0.84529210,0.20900243,0.79994299
129.60599995,0.05904432,0.00489160,0.02110000,0.84371493,0.20875445,0.84536012
129.70700002,0.05964619,0.00373931,0.01910000,0.81896465,0.21442958,0.81960353
129.80699992,0.06082730,0.00019809,0.02310000,0.79457844,0.20794055,0.88333790
129.90699983,0.06368473,0.00204814,0.02710000,0.82081119,0.21423892,0.89890116
130.00699997,0.06424305,0.00074162,0.02510000,0.84816750,0.21805622,0.89725969
130.10699987,0.05769616,0.00272078,0.02110000,0.86624135,0.23071524,0.85562683
130.20700002,0.06109999,0.00246792,0.02210000,0.84784894,0.22973425,0.91577728
130.30699992,0.05622337,0.00749548,0.01910000,0.85644379,0.24833947,0.87631850
130.40699983,0.05575214,0.00882887,0.01910000,0.85241432,0.25193088,0.89470638
130.50699997,0.05781863,0.00832924,0.02210000,0.86476558,0.24928545,0.90482418
130.60699987,0.06123830,0.00221812,0.02710000,0.88801401,0.22956111,0.95092649
130.70700002,0.06193526,0.00325940,0.02510000,0.91527587,0.23434460,0.93996461
130.80699992,0.05923635,0.00410549,0.02210000,0.88718035,0.23722212,0.86707896
130.90799999,0.05872681,0.00508050,0.02210000,0.87301252,0.23865587,0.87018198
131.00799990,0.05485784,0.00881293,0.01710000,0.83237483,0.26327111,0.83049981
131.10800004,0.05562121,0.00864760,0.01910000,0.82461934,0.25585862,0.81530722
131.20799994,0.05870488,0.00879245,0.02010000,0.83046916,0.25899665,0.80985535
131.30799985,0.05684963,0.00500193,0.02010000,0.83153038,0.24047904,0.78677603
131.40799999,0.05651736,0.00606944,0.01910000,0.83301361,0.23702943,0.78828053
131.50799990,0.05857179,0.00624066,0.02110000,0.82294141,0.23521205,0.82517004
131.60800004,0.05421925,0.00701232,0.01910000,0.82605536,0.24369478,0.81592459
131.70799994,0.05361710,0.00816432,0.01910000,0.81585935,0.24889620,0.78751851
131.80799985,0.04884367,0.00995719,0.01510000,0.84349973,0.25016424,0.80495320
131.90799999,0.05041455,0.00716750,0.01210000,0.84803118,0.25115631,0.79846064
132.00799990,0.05060786,0.00636586,0.01110000,0.85777751,0.23051099,0.80077336
132.10899997,0.05019096,0.00716360,0.01010000,0.83636619,0.24045901,0.84222333
132.20899987,0.05650128,0.00696385,0.01510000,0.87894910,0.23545532,0.83275964
132.30900002,0.05890622,0.00754366,0.01610000,0.89238269,0.23917449,0.84732798
132.40899992,0.05686971,0.00388407,0.01710000,0.87932241,0.22148065,0.83753391
132.50899982,0.05993918,0.00232897,0.01810000,0.90804329,0.22284329,0.81914860
132.60899997,0.06258187,0.00461301,0.01910000,0.90195115,0.22853462,0.82417700
132.70899987,0.06357898,0.00637519,0.01910000,0.88348095,0.22782291,0.82001910
132.80900002,0.05567556,0.00811184,0.01510000,0.87272456,0.23550084,0.84003011
132.90899992,0.05256565,0.00693777,0.01210000,0.88310010,0.24621027,0.80416735
133.00899982,0.05430173,0.00491143,0.01210000,0.87408367,0.22523998,0.81619281
133.10899997,0.05393117,0.00562044,0.01210000,0.81874739,0.22344665,0.80898704
133.20899987,0.05758674,0.00380749,0.01510000,0.79600481,0.21653876,0.79033329
133.30999994,0.05596926,0.00172093,0.01810000,0.78546936,0.21107063,0.75608963
133.40999985,0.05622711,0.00230703,0.01710000,0.75868457,0.21372963,0.74223291
133.50999999,0.05797552,0.00457486,0.02010000,0.81103156,0.21512769,0.70590104
133.60999990,0.05442684,0.00791007,0.01610000,0.80251400,0.22623920,0.65273407
133.71000004,0.05638461,0.00848209,0.01510000,0.78313787,0.23278052,0.65278365
133.80999994,0.05194346,0.00920746,0.01010000,0.76653583,0.23301113,0.66464238
133.90999985,0.05138539,0.00790071,0.01010000,0.77372267,0.23266151,0.67811170
134.00999999,0.05184460,0.00723792,0.01110000,0.76833840,0.23481571,0.65795293
134.10999990,0.05133106,0.00843636,0.01010000,0.77239556,0.23757790,0.67005236
134.21000004,0.05674499,0.00584945,0.01610000,0.77694130,0.22044771,0.66181000
134.30999994,0.05604803,0.00480818,0.01810000,0.78066136,0.21656704,0.66266139
134.40999985,0.05587879,0.00426852,0.01910000,0.77609055,0.21686546,0.66562384
134.51099992,0.05948213,0.00536244,0.02010000,0.79464477,0.22480012,0.72106566
134.61099982,0.05940743,0.00205105,0.02010000,0.77758942,0.21886043,0.70893838
134.71099997,0.06190715,0.00482439,0.02110000,0.77245460,0.22923644,0.72070657
134.81099987,0.05940159,0.00486839,0.02010000,0.77724830,0.21941047,0.73267560
134.91100001,0.05626356,0.00525946,0.01710000,0.75340577,0.21556140,0.67578279
135.01099992,0.05830596,0.00610125,0.01810000,0.74550202,0.22203408,0.68526739
135.11099982,0.05773989,0.00524169,0.01710000,0.74994704,0.21485827,0.66598424
135.21099997,0.06074699,0.00466937,0.01910000,0.78338320,0.21698141,0.64953026
135.31099987,0.06132911,0.00463462,0.02010000,0.76283754,0.21433859,0.69154552
135.41100001,0.06307537,0.00453179,0.02110000,0.79465429,0.21410717,0.69042873
135.51099992,0.06230769,0.00004417,0.02210000,0.78705360,0.21148255,0.70170634
135.61099982,0.06042062,0.00291876,0.01910000,0.77093523,0.21720427,0.69555847
135.71199989,0.06022326,0.00394444,0.01910000,0.74857726,0.21693700,0.69585140
135.81200004,0.05806199,0.00225053,0.01610000,0.75967866,0.22491371,0.65017220
135.91199994,0.05927066,0.00468712,0.01710000,0.78675132,0.24155609,0.65079359
136.01199985,0.05583650,0.00413345,0.01610000,0.79331983,0.24169225,0.69250725
136.11199999,0.05514571,0.00523939,0.01810000,0.78385624,0.25901208,0.67519216
136.21199989,0.05854559,0.00521098,0.01910000,0.80876348,0.26174256,0.73277929
136.31200004,0.06019118,0.00573254,0.02110000,0.83098502,0.26490384,0.74654523
136.41199994,0.05899858,0.00240154,0.01910000,0.86794719,0.25086052,0.76974563
136.51199985,0.06021897,0.00079747,0.01810000,0.85739147,0.25090679,0.71313611
136.61199999,0.06085139,0.00114394,0.02010000,0.83739748,0.25352360,0.77633752
136.71199989,0.06251520,0.00085413,0.01910000,0.83231353,0.25073425,0.80163131
136.81299996,0.06043884,0.00439513,0.01710000,0.84700596,0.25708262,0.74411296
136.91299987,0.05381447,0.00713881,0.01110000,0.81823311,0.26595481,0.71327328
137.01300001,0.05509538,0.00555146,0.01310000,0.84499071,0.25649343,0.72659999
137.11299992,0.05502899,0.00675794,0.01210000,0.86255699,0.26496436,0.73611042
137.21299982,0.05571575,0.00587582,0.01210000,0.89091414,0.26035792,0.74952147
137.31299996,0.05386450,0.00186174,0.01210000,0.88023598,0.25106598,0.76167084
137.41299987,0.05509908,0.00036314,0.01410000,0.86511178,0.24785109,0.76269369
137.51300001,0.05694199,0.00014051,0.01510000,0.87432565,0.24750307,0.76100589
137.61299992,0.05701857,0.00057639,0.01510000,0.86046223,0.24571906,0.74225112
137.71299982,0.05718194,0.00393397,0.01510000,0.88183859,0.26393468,0.70675993
137.81299996,0.05130672,0.00481251,0.00810000,0.87508856,0.25644695,0.69004426
137.91299987,0.05203177,0.00428890,0.00810000,0.86644082,0.26523017,0.70564130
138.01399994,0.05641051,0.00454688,0.01310000,0.85154235,0.26659738,0.71905712
138.11399984,0.05350414,0.00449414,0.01010000,0.87008165,0.26965760,0.71649215
138.21399999,0.05620304,0.00364802,0.01310000,0.86346657,0.27095642,0.71080172
138.31399989,0.05535693,0.00094912,0.01310000,0.88293527,0.25368112,0.70767854
138.41400003,0.05511513,0.00053115,0.01310000,0.87729538,0.25485873,0.69240305
138.51399994,0.05751203,0.00049592,0.01410000,0.89362815,0.24952047,0.70654012
138.61399984,0.05578986,0.00074267,0.01310000,0.87347111,0.24388102,0.72000086
138.71399999,0.05862588,0.00073943,0.01610000,0.87796662,0.24053286,0.74895447
138.81399989,0.05551009,0.00238318,0.01110000,0.89378260,0.23999011,0.74166184
138.91400003,0.05388674,0.00311442,0.00710000,0.90435684,0.22643289,0.71468315
139.01399994,0.05387469,0.00378525,0.00710000,0.86972019,0.22942438,0.71376822
139.11399984,0.05604369,0.00006700,0.01310000,0.85511255,0.21353986,0.68525068
139.21499991,0.05621292,0.00060678,0.01210000,0.85316082,0.21325875,0.68552492
139.31499982,0.05644236,0.00220669,0.01410000,0.85422528,0.20818634,0.68355513
139.41499996,0.05661558,0.00189092,0.01310000,0.83703848,0.20531879,0.68899293
139.51499987,0.05731255,0.00084965,0.01410000,0.80000227,0.20213242,0.70175578
139.61500001,0.05715753,0.00031064,0.01310000,0.80028603,0.20089446,0.69906926
139.71499991,0.05928454,0.00142232,0.01410000,0.78721520,0.19830032,0.70194327
139.81499982,0.05317773,0.00274398,0.00810000,0.81518257,0.19880472,0.70689443
139.91499996,0.05366314,0.00311082,0.00810000,0.79556433,0.20890963,0.70351723
140.01499987,0.05453706,0.00072014,0.01110000,0.83874092,0.18764702,0.71935762
140.11500001,0.05505862,0.00236615,0.01210000,0.80111564,0.19643352,0.69810705
140.21499991,0.05893992,0.00180433,0.01510000,0.79542898,0.18394721,0.75452582
140.31499982,0.05850884,0.00270664,0.01710000,0.77328394,0.19510222,0.74009223
140.41599989,0.05963873,0.00335728,0.01710000,0.78111865,0.19424298,0.73551832
140.51600003,0.06070226,0.00280111,0.01710000,0.80164778,0.19615082,0.72792631
140.61599994,0.06237191,0.00362144,0.01910000,0.79337758,0.19522792,0.72945552
140.71599984,0.06311520,0.00266866,0.02010000,0.78825256,0.19070442,0.72606653
140.81599998,0.06078284,0.00230798,0.01810000,0.76676136,0.17413827,0.75056022
140.91599989,0.05534673,0.00097427,0.01210000,0.78801859,0.17433674,0.70904213
141.01600003,0.05647879,0.00074605,0.01410000,0.79008302,0.16442585,0.72051447
141.11599994,0.05757441,0.00048712,0.01510000,0.79965510,0.16987448,0.73505464
141.21599984,0.05959859,0.00112170,0.01610000,0.78943304,0.17866181,0.74874715
141.31599998,0.05894578,0.00462225,0.01710000,0.77451793,0.19017373,0.77341310
141.41599989,0.05802526,0.00566741,0.01610000,0.74079137,0.19242304,0.77985443
141.51600003,0.05884111,0.00377416,0.01510000,0.73679464,0.18993782,0.80123918
141.61699986,0.05764883,0.00214074,0.01210000,0.70697942,0.17884598,0.72760367
141.71700001,0.05782609,0.00204765,0.01310000,0.71781440,0.18417619,0.72007599
141.81699991,0.05186841,0.00093161,0.00610000,0.74046400,0.17968638,0.70168283
141.91699982,0.05191474,0.00084259,0.00710000,0.74136837,0.18023587,0.71425853
142.01699996,0.05207778,0.00076460,0.00710000,0.71029636,0.18599859,0.71447471
142.11699986,0.05247860,0.00066794,0.00710000,0.74713871,0.18464941,0.69097747
142.21700001,0.05600540,0.00029121,0.01110000,0.74865749,0.18776545,0.71345488
142.31699991,0.05548570,0.00123984,0.00910000,0.76025251,0.19603784,0.69758506
142.41699982,0.05598718,0.00176801,0.01010000,0.76424989,0.19371917,0.70910797
142.51699996,0.05831602,0.00188978,0.01210000,0.77456966,0.19858386,0.69344439
142.61699986,0.05778842,0.00239128,0.01110000,0.78435012,0.20441448,0.68913384
142.71700001,0.05887940,0.00341564,0.01210000,0.79358527,0.20451290,0.69811550
142.81799984,0.05685711,0.00537484,0.00910000,0.79777574,0.21829604,0.71729592
142.91799998,0.05560645,0.00298209,0.00610000,0.76336780,0.20710614,0.69633718
143.01799989,0.05815916,0.00310032,0.01010000,0.75982794,0.21297691,0.70040186
143.11800003,0.05605015,0.00273874,0.00710000,0.74587009,0.22062891,0.69659982
143.21799994,0.05767944,0.00131977,0.00910000,0.77266150,0.21857107,0.74666375
143.31799984,0.05579408,0.00095424,0.01010000,0.76545312,0.22353062,0.76540742
143.41799998,0.05616480,0.00166273,0.01110000,0.78548642,0.22440560,0.76756207
143.51799989,0.05786067,0.00145357,0.01210000,0.77942336,0.22187144,0.78774635
143.61800003,0.05631204,0.00237357,0.01310000,0.75331184,0.22695053,0.83874802
143.71799994,0.05658184,0.00246083,0.01310000,0.74167151,0.22521291,0.85787283
143.81799984,0.05849799,0.00698822,0.01510000,0.75366285,0.24179144,0.88935070
143.91899991,0.05901584,0.00841013,0.01510000,0.74503057,0.25082861,0.88408168
144.01899981,0.05929395,0.00894137,0.01510000,0.73546887,0.25935688,0.86819797
144.11899996,0.05462658,0.00562737,0.00910000,0.74049539,0.26113481,0.80254557
144.21899986,0.05614929,0.00573389,0.01310000,0.75441311,0.25198624,0.85584881
144.31900001,0.05243888,0.00338583,0.01110000,0.76669838,0.22333301,0.80250513
144.41899991,0.05246732,0.00495082,0.01210000,0.78720885,0.23884732,0.83339123
144.51899981,0.05413146,0.00791741,0.01210000,0.77815648,0.24013347,0.80602510
144.61899996,0.05554357,0.00932319,0.01310000,0.78370507,0.24537960,0.79205580
144.71899986,0.05662900,0.00751376,0.01410000,0.79281499,0.25031561,0.81889330
144.81900001,0.05216896,0.00330140,0.00910000,0.79667644,0.23662644,0.76550972
144.91899991,0.05220718,0.00294287,0.00910000,0.79447170,0.24134162,0.74570139
145.01899981,0.05117795,0.00291673,0.00510000,0.78637677,0.23602621,0.73624535
145.11999989,0.05101535,0.00627406,0.00410000,0.81407369,0.24969670,0.75863296
145.22000003,0.05411688,0.00465218,0.01010000,0.79166007,0.23341461,0.77161909
145.31999993,0.05307137,0.00373229,0.01110000,0.80581300,0.22297496,0.81506312
145.41999984,0.05420141,0.00438257,0.01210000,0.84017303,0.21684267,0.81981223
145.51999998,0.05709639,0.00862392,0.01310000,0.85224771,0.23678637,0.80414399
145.61999989,0.05591761,0.00529069,0.00910000,0.83405936,0.21500838,0.76232540
145.72000003,0.05613308,0.00483918,0.01010000,0.83342778,0.21726534,0.75569494
145.81999993,0.05040809,0.00006638,0.00410000,0.83866824,0.21175739,0.73178997
145.91999984,0.05196736,0.00205266,0.00610000,0.83936033,0.21587285,0.74125680
146.01999998,0.05313562,0.00234441,0.00610000,0.81994454,0.21587491,0.77600630
146.11999989,0.05348195,0.00171192,0.00610000,0.82389417,0.21434364,0.79250662
146.22000003,0.05440061,0.00303709,0.00710000,0.80907911,0.20588690,0.80691769
146.32099986,0.05301693,0.00319612,0.00710000,0.80451558,0.19929780,0.76833633
146.42100000,0.05486402,0.00392294,0.00710000,0.81759961,0.19984773,0.75638915
146.52099991,0.05498104,0.00544201,0.00810000,0.83317519,0.20028041,0.74753375
146.62099981,0.05576069,0.00650122,0.00710000,0.84259955,0.22402009,0.75881558
146.72099996,0.05619970,0.00604595,0.00610000,0.86410747,0.21475648,0.77692080
146.82099986,0.05570627,0.00596503,0.00710000,0.87422463,0.21582135,0.77614208
146.92100000,0.05055766,0.00324083,0.00310000,0.86202829,0.21399370,0.76161582
147.02099991,0.04855772,0.00394811,0.00410000,0.86856222,0.21613871,0.77558654
147.12099981,0.04863412,0.00323143,0.00410000,0.87093657,0.21191232,0.78814797
147.22099996,0.04689597,0.00357601,0.00310000,0.88603326,0.20451070,0.79221674
147.32099986,0.04903328,0.00550524,0.00510000,0.87722523,0.21765353,0.80139823
147.42100000,0.04986337,0.00687636,0.00510000,0.86793423,0.22987281,0.78038278
147.52199984,0.05082023,0.00784311,0.00610000,0.85961568,0.23413382,0.79296475
147.62199998,0.05168601,0.00626227,0.00710000,0.88137076,0.22304020,0.81161722
147.72199988,0.05175838,0.00532165,0.00710000,0.90158278,0.20573156,0.82638954
147.82200003,0.05267537,0.00901748,0.01110000,0.91486226,0.21841276,0.86150129
147.92199993,0.05270383,0.01058235,0.01110000,0.90516837,0.21325949,0.88324306
148.02199984,0.05143079,0.00944214,0.00710000,0.90783699,0.21092120,0.86629544
148.12199998,0.05078366,0.00583098,0.00610000,0.90766604,0.21090981,0.81712603
148.22199988,0.05103731,0.00502126,0.00610000,0.91040265,0.20142005,0.82299105
148.32200003,0.05018121,0.00467937,0.00510000,0.90584504,0.19467044,0.84711855
148.42199993,0.05112184,0.00475163,0.00710000,0.90791809,0.19915628,0.89140495
148.52199984,0.05278360,0.00512358,0.00610000,0.88049570,0.20229594,0.86450316
148.62199998,0.05448760,0.00536110,0.00910000,0.87875751,0.21355159,0.90414087
148.72299981,0.05474125,0.00455137,0.00810000,0.89813844,0.20214177,0.90810656
148.82299995,0.05574447,0.00560663,0.00810000,0.90318053,0.21410185,0.90191644
148.92299986,0.05314780,0.00301524,0.00610000,0.87969673,0.19323812,0.86254562
149.02300000,0.04907314,0.00277606,0.00210000,0.89493995,0.19017550,0.83981009
149.12299991,0.04639843,0.00327195,0.00090000,0.91960578,0.19320714,0.81613138
149.22299981,0.05010075,0.00517247,0.00210000,0.92854851,0.19594613,0.81267403
149.32299995,0.04937558,0.00464890,0.00210000,0.93073378,0.19715722,0.80585112
149.42299986,0.04967148,0.00370460,0.00210000,0.92990761,0.19265305,0.80771163
149.52300000,0.04923654,0.00438333,0.00410000,0.92523974,0.19069533,0.82010551
149.62299991,0.04916011,0.00510038,0.00510000,0.90004947,0.19140891,0.85269839
149.72299981,0.05178038,0.00406845,0.00710000,0.88777679,0.18466167,0.86475983
149.82299995,0.04716754,0.00128965,0.00210000,0.89169478,0.17044849,0.79438255
149.92400002,0.04533428,0.00113711,0.00090000,0.87096697,0.17287855,0.77887748
150.02399993,0.04459121,0.00018395,0.00010000,0.89033659,0.17701365,0.79177362
150.12399983,0.04356198,0.00021008,0.00010000,0.88596051,0.17963147,0.76930944
150.22399998,0.04695780,0.00040597,0.00210000,0.85753888,0.17695445,0.76911056
150.32399988,0.04801547,0.00118504,0.00310000,0.84167102,0.18732640,0.76021294
150.42400002,0.04602773,0.00256277,0.00210000,0.83144963,0.18675541,0.76824748
150.52399993,0.04786912,0.00543667,0.00510000,0.83831946,0.18745341,0.78129920
150.62399983,0.04880398,0.00765649,0.00610000,0.85044882,0.20535336,0.82741863
150.72399998,0.05081206,0.00739625,0.00710000,0.85600496,0.21147397,0.84824007
150.82399988,0.04992997,0.00808321,0.00810000,0.82634746,0.21071171,0.82990285
150.92400002,0.04742769,0.00329761,0.00510000,0.80729495,0.19654513,0.77184627
151.02499986,0.04899025,0.00067505,0.00510000,0.78843089,0.19362585,0.74262374
151.12500000,0.04964877,0.00000785,0.00510000,0.78648726,0.19374517,0.77785089
151.22499990,0.04983081,0.00508830,0.00610000,0.80099071,0.20716642,0.80130871
151.32500005,0.04887230,0.00649220,0.00610000,0.77235976,0.20049698,0.78654910
151.42499995,0.05006251,0.00553127,0.00710000,0.79339400,0.20919333,0.76573175
151.52499986,0.04939997,0.00599021,0.00610000,0.76610486,0.20543721,0.75046066
151.62500000,0.05004058,0.00678379,0.00710000,0.74934806,0.20600870,0.75449546
151.72499990,0.05088852,0.00667892,0.00710000,0.73660090,0.20403540,0.73551379
151.82500005,0.05262098,0.00848131,0.00910000,0.72388930,0.20834157,0.72868848
151.92499995,0.05373312,0.01060808,0.01010000,0.73049817,0.20736664,0.74061260
152.02499986,0.05112024,0.00712189,0.00910000,0.74917255,0.20790102,0.75509258
152.12500000,0.05017962,0.00704953,0.00710000,0.73835244,0.21215689,0.74735171
152.22599983,0.04805448,0.00579113,0.00410000,0.70773663,0.20389500,0.69223808
152.32599998,0.04861789,0.00233678,0.00310000,0.72779187,0.19088326,0.68293277
152.42599988,0.05021133,0.00387332,0.00510000,0.74574570,0.19550790,0.68468142
152.52600002,0.04922676,0.00630684,0.00510000,0.73064547,0.22183157,0.67101899
152.62599993,0.04949429,0.00379679,0.00610000,0.70861912,0.21028931,0.70109899
152.72599983,0.04997963,0.00343025,0.00410000,0.71988625,0.20856356,0.63261482
152.82599998,0.04510907,0.00123761,0.00410000,0.70201110,0.20488021,0.64423533
152.92599988,0.04197908,0.00129482,0.00010000,0.69018330,0.20783151,0.65551325
153.02600002,0.04560091,0.00368875,0.00110000,0.70110881,0.20335254,0.65830245
153.12599993,0.04404327,0.00080030,0.00010000,0.70849067,0.19615142,0.63598466
153.22599983,0.04378314,0.00280827,0.00090000,0.71253789,0.19882842,0.64675043
153.32599998,0.04374490,0.00245018,0.00210000,0.70982879,0.19922453,0.63653791
153.42700005,0.04501803,0.00131027,0.00210000,0.72718810,0.18981582,0.63617366
153.52699995,0.04671467,0.00344522,0.00410000,0.72521011,0.19736776,0.63972567
153.62699986,0.04743414,0.00611577,0.00510000,0.73603729,0.21197678,0.64736440
153.72700000,0.04781463,0.00490118,0.00610000,0.73364914,0.20972152,0.70304734
153.82699990,0.04879592,0.00720887,0.00810000,0.73898954,0.21275735,0.67612040
153.92700005,0.04986496,0.00450621,0.01010000,0.75777675,0.21554780,0.70170603
154.02699995,0.04752199,0.00110466,0.00710000,0.75888334,0.19441037,0.70688824
154.12699986,0.04572125,0.00046645,0.00510000,0.78738475,0.19876923,0.71312107
154.22700000,0.04564647,0.00118716,0.00510000,0.76408171,0.19834809,0.70288552
154.32699990,0.04273029,0.00078906,0.00410000,0.72071528,0.19381395,0.69009369
154.42700005,0.04366278,0.00041395,0.00510000,0.74465764,0.19654041,0.74236765
154.52699995,0.04465380,0.00079860,0.00510000,0.72840715,0.19341047,0.73164456
154.62800002,0.04499607,0.00005712,0.00710000,0.73297569,0.19823869,0.73465592
154.72799993,0.04506438,0.00122131,0.00710000,0.74646675,0.19457700,0.72864495
154.82799983,0.04374492,0.00244984,0.00610000,0.76827525,0.19725436,0.74392835
154.92799997,0.04156422,0.00425505,0.00210000,0.79201177,0.21259301,0.69187039
155.02799988,0.04361809,0.00204498,0.00210000,0.76915188,0.19998511,0.67929549
155.12800002,0.04115477,0.00222377,0.00010000,0.75771458,0.20631391,0.66024963
155.22799993,0.04473189,0.00228876,0.00410000,0.73389979,0.20620355,0.71013455
155.32799983,0.04707485,0.00111278,0.00610000,0.74847871,0.20456394,0.70606837
155.42799997,0.04370513,0.00026784,0.00410000,0.71719393,0.19848391,0.69297289
155.52799988,0.04557301,0.00211202,0.00410000,0.71862301,0.19816631,0.68758386
155.62800002,0.04255946,0.00364719,0.00210000,0.71334666,0.20497360,0.61696474
155.72899985,0.04304572,0.00638486,0.00310000,0.74385850,0.20469921,0.62548431
155.82900000,0.03564223,0.00521930,0.00290000,0.72745066,0.20653123,0.62989872
155.92899990,0.03894837,0.00299906,0.00290000,0.77025819,0.18639360,0.62329274
156.02900004,0.04177852,0.00233566,0.00010000,0.77519028,0.18087475,0.58968100
156.12899995,0.03925229,0.00349677,0.00090000,0.77328517,0.20808759,0.58045246
156.22899985,0.04304679,0.00095091,0.00090000,0.76052285,0.19383135,0.56623357
156.32900000,0.04354028,0.00103137,0.00010000,0.74012012,0.18950619,0.59480390
156.42899990,0.04485494,0.00440619,0.00010000,0.76380168,0.20530215,0.62198551
156.52900004,0.04468183,0.00472273,0.00310000,0.74976107,0.21046226,0.63694628
156.62899995,0.04576567,0.00528423,0.00410000,0.77255035,0.21773551,0.67913746
156.72899985,0.04586664,0.00590857,0.00410000,0.75730773,0.21268571,0.70487323
156.82900000,0.04360314,0.00201391,0.00210000,0.77896037,0.19813454,0.65351778
156.92999983,0.04176101,0.00085918,0.00010000,0.79375708,0.20090950,0.67260207
157.02999997,0.03934915,0.00309591,0.00190000,0.76258077,0.21540287,0.67868169
157.12999988,0.04147047,0.00206160,0.00310000,0.76275913,0.19975955,0.69430665
157.23000002,0.04163119,0.00304860,0.00310000,0.74561718,0.19888468,0.67970713
157.32999992,0.04237298,0.00163118,0.00110000,0.75353565,0.19794140,0.67831688
157.42999983,0.04365052,0.00026781,0.00210000,0.76372461,0.19900186,0.65848605
157.52999997,0.04399566,0.00147026,0.00310000,0.76913647,0.19985230,0.67051093
157.62999988,0.04097182,0.00000512,0.00010000,0.78388166,0.20090978,0.69698984
157.73000002,0.04165592,0.00170719,0.00110000,0.79018230,0.19444910,0.68521995
157.82999992,0.03678480,0.00389849,0.00490000,0.80302970,0.21580331,0.73244154
157.92999983,0.03880102,0.00371231,0.00490000,0.80436726,0.21402350,0.74096931
158.02999997,0.04002397,0.00288470,0.00290000,0.80624596,0.19788456,0.68779225
158.13100004,0.03998585,0.00252617,0.00190000,0.82740295,0.18873555,0.68127441
158.23099995,0.04045462,0.00378731,0.00190000,0.83748674,0.19791803,0.71044868
158.33099985,0.04025578,0.00244177,0.00010000,0.86000540,0.18946644,0.71936414
158.43099999,0.04244510,0.00257159,0.00110000,0.86705411,0.19710401,0.73150611
158.53099990,0.04211130,0.00126820,0.00210000,0.85213048,0.19812312,0.75261792
158.63100004,0.04260480,0.00118784,0.00310000,0.84393128,0.19746386,0.80446064
158.73099995,0.04294685,0.00204399,0.00310000,0.86274410,0.20390267,0.84873595
158.83099985,0.03807470,0.00186482,0.00290000,0.83847581,0.20342634,0.80584913
158.93099999,0.03443475,0.00278176,0.00590000,0.83606360,0.19951317,0.85722343
159.03099990,0.03642214,0.00416026,0.00490000,0.81762015,0.22129262,0.86226119
159.13100004,0.03758223,0.00431575,0.00490000,0.82003372,0.22531379,0.89924101
159.23099995,0.03778108,0.00566128,0.00490000,0.83626332,0.22396931,0.91380478
159.33200002,0.03900297,0.00246341,0.00190000,0.83249750,0.20981058,0.88920510
159.43199992,0.04207318,0.00090976,0.00090000,0.86047144,0.20620105,0.87783167
159.53199983,0.04307563,0.00251589,0.00190000,0.86084191,0.20873744,0.86568711
159.63199997,0.04167551,0.00178108,0.00490000,0.84929967,0.20579413,0.92028213
159.73199987,0.04343108,0.00004012,0.00290000,0.83932067,0.19596906,0.93746773
159.83200002,0.03762448,0.00445071,0.00590000,0.84697425,0.21626254,0.93091545
159.93199992,0.03724946,0.00538311,0.00590000,0.82006257,0.21380300,0.92101444
160.03199983,0.03820657,0.00441680,0.00290000,0.80302996,0.21707591,0.87528584
160.13199997,0.03850123,0.00299091,0.00290000,0.82015460,0.19890748,0.87582264
160.23199987,0.04073692,0.00303203,0.00010000,0.81099279,0.21536921,0.87472918
160.33200002,0.03903181,0.00089864,0.00090000,0.82980407,0.19479909,0.90241249
160.43299985,0.04098830,0.00089949,0.00090000,0.83716276,0.19180307,0.89600202
160.53299999,0.04178470,0.00285288,0.00110000,0.84444588,0.20021668,0.91984970
160.63299990,0.04432844,0.00253752,0.00310000,0.84707983,0.20810779,0.94425267
160.73300004,0.04215663,0.00119096,0.00010000,0.83054389,0.20294452,0.88893047
160.83299994,0.04136847,0.00031520,0.00010000,0.82708166,0.20641916,0.90484673
160.93299985,0.03867844,0.00308354,0.00190000,0.81060537,0.20672090,0.91854331
161.03299999,0.03915958,0.00367389,0.00010000,0.79192072,0.21965724,0.89888961
161.13299990,0.03953563,0.00511215,0.00010000,0.76992451,0.21964903,0.89723103
161.23300004,0.03967058,0.00506999,0.00310000,0.77880065,0.22191051,0.96806182
161.33299994,0.04239874,0.00266019,0.00410000,0.78022519,0.20928268,0.94751558
161.43299985,0.04303030,0.00005640,0.00410000,0.80510812,0.19371494,0.90719252
161.53299999,0.04297468,0.00189131,0.00410000,0.80395749,0.19198796,0.91500522
161.63399982,0.04479206,0.00342366,0.00410000,0.84033679,0.20875628,0.91205774
161.73399997,0.04531132,0.00247468,0.00210000,0.84060111,0.19493601,0.85188693
161.83399987,0.04620868,0.00505252,0.00310000,0.82620015,0.20322509,0.89843750
161.93400002,0.04593464,0.00474436,0.00410000,0.86928692,0.20387420,0.88491624
162.03399992,0.04403276,0.00348228,0.00110000,0.85257435,0.20144384,0.83399077
162.13399982,0.04424398,0.00280721,0.00110000,0.84271896,0.18503559,0.80566492
162.23399997,0.04272225,0.00033078,0.00110000,0.84620742,0.18397394,0.76669415
162.33399987,0.04235135,0.00037805,0.00010000,0.83747446,0.17500031,0.76251170
162.43400002,0.04393282,0.00048729,0.00090000,0.86000083,0.17829103,0.75147807
162.53399992,0.04470862,0.00132249,0.00090000,0.85906916,0.18168814,0.72993081
162.63399982,0.04520111,0.00377360,0.00010000,0.84952096,0.19585287,0.72137991
162.73399997,0.04518047,0.00265611,0.00090000,0.85604122,0.18847726,0.70928070
162.83500004,0.04327859,0.00139402,0.00090000,0.84067654,0.18657492,0.68091350
162.93499994,0.04096358,0.00044193,0.00490000,0.85140719,0.18370489,0.71764391
163.03499985,0.04012493,0.00226044,0.00490000,0.84409020,0.18401952,0.71826811
163.13499999,0.04045462,0.00378731,0.00390000,0.83601014,0.19852601,0.69992673
163.23499990,0.04220503,0.00346197,0.00190000,0.85419531,0.19655752,0.63606736
163.33500004,0.04099859,0.00339500,0.00190000,0.85815873,0.19430848,0.65551239
163.43499994,0.04232663,0.00171946,0.00090000,0.83707464,0.17442958,0.63767637
163.53499985,0.04316939,0.00032244,0.00010000,0.81775940,0.17394213,0.66057248
163.63499999,0.04443868,0.00123835,0.00110000,0.84290270,0.16698417,0.64290778
163.73499990,0.04476837,0.00028841,0.00110000,0.83458141,0.15696192,0.67719740
163.83500004,0.04736056,0.00444945,0.00310000,0.87074118,0.18372705,0.71277616
163.93499994,0.04761298,0.00601030,0.00210000,0.88609916,0.18395913,0.66017262
164.03600001,0.04532368,0.00314549,0.00110000,0.88639999,0.18652146,0.62538947
164.13599992,0.04306842,0.00030190,0.00190000,0.90487746,0.17021228,0.62689504
164.23599982,0.04428311,0.00007827,0.00090000,0.91705127,0.17736012,0.63887731
164.33599997,0.04314054,0.00124254,0.00090000,0.90511966,0.18464486,0.64059705
164.43599987,0.04355780,0.00044535,0.00010000,0.87918889,0.18402842,0.63787284
164.53600001,0.04449844,0.00037289,0.00010000,0.85064789,0.19113776,0.67782591
164.63599992,0.04473025,0.00007013,0.00110000,0.83082911,0.19240701,0.68230425
164.73599982,0.04467567,0.00046357,0.00110000,0.83046590,0.18349327,0.67193030
164.83599997,0.04336417,0.00124458,0.00110000,0.81756834,0.18303233,0.68098777
164.93599987,0.04073293,0.00325404,0.00290000,0.80753471,0.19956481,0.66602509
165.03600001,0.04176217,0.00322815,0.00290000,0.76087985,0.19994707,0.65858419
165.13699985,0.04181792,0.00506274,0.00190000,0.78222604,0.21180676,0.64063828
165.23699999,0.03938743,0.00345255,0.00390000,0.80562616,0.21428488,0.72709888
165.33699989,0.03959752,0.00175680,0.00190000,0.78508147,0.20882801,0.68061445
165.43700004,0.03917094,0.00063073,0.00090000,0.79071258,0.21267440,0.69399876
165.53699994,0.03922666,0.00246556,0.00010000,0.77091147,0.20897071,0.69675691
165.63699985,0.03745567,0.00390934,0.00290000,0.74225127,0.22169592,0.71113009
165.73699999,0.03627502,0.00487167,0.00490000,0.75060169,0.22302668,0.77024296
165.83699989,0.03615653,0.00401936,0.00590000,0.77743755,0.21452284,0.73925731
165.93700004,0.03621932,0.00303656,0.00590000,0.80284866,0.21421323,0.73179633
166.03699994,0.03880943,0.00326309,0.00390000,0.77269265,0.22602685,0.67599430
166.13699985,0.03985923,0.00211935,0.00290000,0.78318311,0.22232006,0.69186534
166.23699999,0.03988502,0.00314890,0.00290000,0.78340658,0.22660084,0.70301485
166.33799982,0.03995902,0.00087565,0.00190000,0.75408268,0.21933595,0.71584400
166.43799996,0.04037213,0.00144953,0.00090000,0.76373019,0.21626498,0.67845789
166.53799987,0.04262015,0.00207904,0.00110000,0.76403183,0.21773696,0.68142183
166.63800001,0.04340824,0.00358534,0.00010000,0.78850318,0.23667046,0.63937274
166.73799992,0.04348451,0.00286837,0.00010000,0.78150614,0.24199306,0.64380865
166.83799982,0.04257268,0.00436086,0.00490000,0.79392129,0.24734879,0.68921737
166.93799996,0.03962515,0.00217893,0.00890000,0.76435379,0.22806447,0.68479672
167.03799987,0.03821272,0.00077348,0.00490000,0.73466509,0.22794602,0.70272241
167.13800001,0.03831365,0.00139783,0.00390000,0.73581449,0.22542043,0.67015027
167.23799992,0.03856714,0.00058813,0.00390000,0.72886733,0.23652006,0.67030242
167.33799982,0.03833535,0.00014481,0.00390000,0.72944917,0.23292638,0.66189905
167.43799996,0.03778727,0.00047102,0.00590000,0.72806491,0.23044302,0.69490744
167.53900003,0.03805195,0.00176047,0.00490000,0.75445725,0.23080016,0.67757348
167.63899994,0.03809008,0.00140194,0.00590000,0.75587464,0.23602611,0.66226626
167.73899984,0.03838993,0.00068076,0.00690000,0.77339615,0.22861998,0.62929213
167.83899999,0.03435450,0.00228653,0.00890000,0.74372452,0.24083019,0.61628550
167.93899989,0.03534559,0.00190246,0.00990000,0.75550190,0.24881512,0.61219619
168.03900003,0.03624695,0.00089916,0.00990000,0.75658485,0.24934200,0.58244432
168.13899994,0.03730908,0.00271344,0.00890000,0.77579502,0.24699559,0.61191322
168.23899984,0.03760892,0.00199226,0.00990000,0.77036757,0.24036714,0.65313168
168.33899999,0.03604804,0.00224469,0.00390000,0.75249132,0.23751217,0.59850526
168.43899989,0.03681261,0.00003855,0.00390000,0.77322204,0.22257678,0.63137719
168.53900003,0.03820335,0.00269708,0.00390000,0.73697756,0.22793096,0.64030104
168.63899994,0.04083867,0.00492981,0.00390000,0.72920073,0.24091640,0.63797486
168.73899984,0.04009695,0.00351212,0.00190000,0.76276296,0.24414548,0.64288629
168.83999991,0.03918693,0.00262389,0.00190000,0.74947664,0.22678037,0.63938699
168.93999982,0.03897170,0.00307519,0.00290000,0.71348209,0.22409007,0.66932054
169.03999996,0.03914890,0.00298222,0.00490000,0.69827139,0.22963373,0.73677563
169.13999987,0.03780382,0.00041331,0.00790000,0.72952160,0.21607908,0.73211053
169.24000001,0.03791796,0.00066232,0.00490000,0.71499570,0.20235452,0.72558761
169.33999991,0.03789659,0.00059041,0.00390000,0.70185871,0.20704625,0.67706189
169.43999982,0.03973516,0.00323987,0.00190000,0.72542222,0.20143084,0.68433678
169.53999996,0.03977690,0.00547524,0.00090000,0.71544081,0.22269150,0.67741396
169.63999987,0.03883257,0.00280920,0.00390000,0.70088123,0.22182697,0.70059895
169.74099994,0.03549311,0.00356923,0.00790000,0.68973758,0.21933915,0.75121181
169.84099984,0.03443468,0.00515974,0.00990000,0.67708529,0.23332317,0.74593546
169.94099998,0.03540867,0.00329936,0.00790000,0.66451837,0.21676451,0.72677387
170.04099989,0.03571615,0.00120282,0.00490000,0.66499149,0.20583486,0.68794224
170.14100003,0.03580839,0.00134510,0.00390000,0.71219868,0.20393611,0.64844373
170.24099994,0.03801853,0.00233266,0.00490000,0.70975692,0.19761449,0.65695685
170.34099984,0.03954963,0.00288559,0.00190000,0.72012659,0.18617631,0.66203351
170.44099998,0.03967627,0.00248066,0.00290000,0.70245961,0.18632399,0.68693316
170.54099989,0.04033395,0.00416802,0.00090000,0.69328349,0.18956756,0.69746384
170.64100003,0.04061224,0.00469958,0.00010000,0.68196753,0.20050336,0.73241322
170.74099994,0.04043921,0.00501600,0.00110000,0.67676816,0.19081592,0.75080203
170.84099984,0.03973518,0.00323965,0.00090000,0.67221864,0.18486012,0.77538764
170.94099998,0.03825877,0.00322276,0.00390000,0.70911363,0.19055285,0.82059646
171.04199982,0.03911083,0.00334106,0.00290000,0.69041135,0.18292055,0.82528715
171.14199996,0.03955798,0.00333263,0.00090000,0.68824795,0.18301491,0.84788056
171.24199986,0.03964240,0.00306268,0.00090000,0.69435068,0.19484540,0.82057823
171.34200001,0.03946521,0.00315545,0.00090000,0.67911885,0.19189854,0.79052594
171.44199991,0.03930473,0.00414227,0.00010000,0.67285153,0.20030614,0.78012204
171.54199982,0.04013122,0.00529012,0.00110000,0.64746898,0.21754052,0.76881199
171.64199996,0.04169984,0.00785516,0.00210000,0.69081926,0.21995402,0.75901818
171.74199986,0.04196979,0.00793958,0.00210000,0.69699571,0.22145807,0.76058648
171.84200001,0.04469483,0.00775448,0.00210000,0.70244901,0.21844792,0.75093285
171.94199991,0.04409143,0.00897308,0.00210000,0.70298001,0.22217382,0.75276378
172.04199982,0.04186874,0.00731493,0.00090000,0.69138555,0.21993483,0.76112616
172.14299989,0.03993736,0.00448861,0.00290000,0.70227539,0.20585122,0.77295088
172.24300003,0.04142208,0.00495294,0.00090000,0.67118222,0.21071612,0.79613451
172.34299994,0.04046892,0.00421032,0.00390000,0.67192158,0.21003763,0.79221463
172.44299984,0.04161595,0.00575436,0.00490000,0.70724806,0.22107326,0.83536572
172.54299998,0.04260245,0.00828562,0.00490000,0.70464358,0.22069874,0.83426190
172.64299989,0.04083527,0.00706615,0.00390000,0.70608356,0.21734910,0.80841479
172.74300003,0.04105050,0.00661485,0.00390000,0.70798793,0.21119015,0.78324670
172.84299994,0.04007650,0.00475439,0.00490000,0.70606495,0.19829484,0.80891161
172.94299984,0.03743226,0.00207513,0.00890000,0.71200906,0.19427885,0.85636206
173.04299998,0.03838125,0.00259418,0.00690000,0.69636480,0.19945297,0.85802470
173.14299989,0.03775744,0.00032472,0.00890000,0.68136205,0.20294404,0.90589323
173.24300003,0.03922549,0.00010522,0.00590000,0.65973940,0.20500029,0.92758255
173.34399986,0.03921663,0.00181830,0.00390000,0.64964219,0.21063718,0.86105627
173.44400001,0.03909363,0.00481744,0.00490000,0.62534279,0.20923120,0.87658628
173.54399991,0.03988213,0.00632344,0.00190000,0.63335838,0.22163318,0.86262442
173.64399981,0.03714511,0.00346709,0.00690000,0.65628436,0.19990457,0.88554524
173.74399996,0.03717900,0.00288478,0.00690000,0.65371364,0.19834984,0.87788238
173.84399986,0.03556764,0.00282538,0.00990000,0.65853622,0.20628866,0.87195891
173.94400001,0.03823741,0.00447558,0.00590000,0.66637660,0.20176337,0.86504039
174.04399991,0.03664272,0.00531044,0.00900000,0.66028203,0.19256286,0.84808090
174.14399981,0.03708570,0.00507845,0.00790000,0.65851712,0.19597297,0.83505351
174.24399996,0.03751147,0.00632292,0.00590000,0.68414300,0.21355523,0.80180923
174.34399986,0.03871377,0.00603191,0.00490000,0.67266092,0.19351630,0.83067831
174.44400001,0.03882372,0.00473272,0.00490000,0.67380298,0.19826238,0.84913490
174.54499984,0.03873926,0.00500297,0.00290000,0.67108575,0.18899593,0.85203531
174.64499998,0.03974298,0.00605766,0.00190000,0.68487586,0.19059708,0.82863774
174.74499989,0.04054760,0.01082876,0.00010000,0.66533904,0.20496041,0.80959757
174.84500003,0.03890291,0.00898072,0.00290000,0.66361611,0.21274853,0.81474101
174.94499993,0.03672302,0.00481663,0.00490000,0.64759363,0.19439998,0.83553773
175.04499984,0.03639831,0.00419676,0.00290000,0.67403900,0.19480657,0.83185724
175.14499998,0.03507410,0.00274540,0.00700000,0.71971505,0.19987836,0.83809230
175.24499989,0.03680741,0.00454697,0.00590000,0.70488189,0.20005958,0.80685514
175.34500003,0.03874709,0.00782067,0.00390000,0.72505600,0.21426375,0.77731969
175.44499993,0.03918587,0.00736528,0.00490000,0.75048303,0.21758933,0.76582924
175.54499984,0.04071703,0.00791790,0.00390000,0.72942571,0.21752742,0.78247755
175.64499998,0.03813631,0.00385125,0.00690000,0.72063699,0.20778387,0.77918548
175.74599981,0.03587614,0.00018088,0.00890000,0.73499382,0.20734120,0.81058776
175.84599996,0.03534458,0.00045917,0.00690000,0.75167382,0.21028979,0.77298363
175.94599986,0.03410010,0.00088486,0.00890000,0.76109186,0.20773447,0.80664352
176.04600000,0.03532322,0.00171171,0.00990000,0.76446642,0.21162000,0.81834823
176.14599991,0.03659687,0.00285119,0.00990000,0.76349488,0.20753133,0.81445585
176.24599981,0.03822907,0.00402844,0.00690000,0.79053697,0.20902033,0.74501961
176.34599996,0.03960383,0.00579197,0.00590000,0.79343817,0.21036231,0.76301468
176.44599986,0.04019846,0.00649646,0.00490000,0.78798553,0.21778469,0.78666066
176.54600000,0.04073419,0.00644174,0.00490000,0.78472034,0.22395729,0.75894975
176.64599991,0.04206261,0.00811644,0.00390000,0.80729479,0.24176586,0.74590257
176.74599981,0.04237888,0.00828978,0.00390000,0.78170079,0.24577600,0.75870633
176.84699988,0.04163678,0.00687229,0.00490000,0.79940574,0.23339866,0.75713709
176.94700003,0.04016040,0.00685509,0.00790000,0.78807445,0.22981673,0.75701104
177.04699993,0.04120634,0.00777481,0.00590000,0.78039883,0.24771531,0.76728315
177.14699984,0.04087279,0.00907826,0.00590000,0.76979127,0.25013189,0.76227182
177.24699998,0.04105839,0.00943232,0.00690000,0.77077313,0.24594618,0.77770504
177.34699988,0.04265717,0.00882135,0.00690000,0.77018899,0.24445439,0.75610883
177.44700003,0.04443685,0.01071151,0.00290000,0.78233557,0.24955409,0.73854138
177.54699993,0.04594241,0.01229369,0.00390000,0.75891255,0.24629959,0.72673044
177.64699984,0.04701807,0.01240771,0.00390000,0.76547054,0.24576584,0.72204789
177.74699998,0.04525503,0.01141192,0.00290000,0.76979545,0.24727957,0.74742658
177.84699988,0.03914005,0.00490573,0.00990000,0.76672207,0.22766863,0.78185996
177.94700003,0.03609449,0.00469445,0.01400000,0.76165219,0.22211534,0.77385045
178.04799986,0.04056949,0.00720530,0.01190000,0.75759155,0.22723675,0.75226371
178.14800000,0.04021514,0.00739073,0.01490000,0.74231175,0.23557457,0.75884688
178.24799991,0.04039231,0.00729806,0.01590000,0.69876450,0.22261833,0.72912598
178.34799981,0.04051425,0.00904022,0.01190000,0.69250963,0.22590331,0.75052550
178.44799995,0.04117251,0.00835669,0.00990000,0.68689327,0.22872637,0.76392801
178.54799986,0.04241692,0.00793124,0.00790000,0.68706104,0.22847197,0.72479315
178.64800000,0.04364785,0.01157608,0.00990000,0.68476785,0.23319592,0.75598958
178.74799991,0.04285884,0.01244064,0.00590000,0.68396546,0.22912151,0.70439835
178.84799981,0.04165347,0.00776647,0.00990000,0.67539106,0.22672484,0.78232992
178.94799995,0.03891699,0.00253925,0.00990000,0.67426477,0.20735676,0.79694585
179.04799986,0.03700648,0.00083074,0.01390000,0.66361994,0.20611716,0.80713424
179.14800000,0.03633995,0.00106681,0.01390000,0.65499915,0.20245091,0.80797255
179.24899983,0.03940268,0.00019798,0.00790000,0.67994009,0.19742328,0.75639837
179.34899998,0.03938913,0.00387253,0.00890000,0.67298257,0.20116097,0.74494478
179.44899988,0.04001345,0.00377143,0.00790000,0.67826131,0.20173692,0.70241050
179.54900002,0.04097131,0.00236674,0.00590000,0.68569779,0.19280101,0.67162434
179.64899993,0.04095779,0.00643734,0.00490000,0.69114300,0.19913247,0.68394636
179.74899983,0.04150598,0.00705365,0.00390000,0.68616135,0.19973204,0.67566322
179.84899998,0.04136685,0.00678777,0.00590000,0.69275974,0.20632566,0.69585953
179.94899988,0.04060806,0.00447610,0.00890000,0.66901895,0.20689195,0.69649521
180.04900002,0.04031729,0.00327352,0.01190000,0.69419924,0.20779024,0.72437059
180.14899993,0.04183121,0.00530282,0.01090000,0.71702806,0.21086684,0.69349163
180.24899983,0.04302045,0.00671197,0.00690000,0.70192694,0.21367220,0.65652194
180.34999990,0.04280517,0.00716361,0.00790000,0.72949088,0.22088466,0.65972584
180.45000005,0.04358584,0.00585191,0.00590000,0.74517437,0.22272697,0.69377772
180.54999995,0.04454369,0.00444744,0.00390000,0.70915741,0.22162611,0.69454891
180.64999986,0.04674035,0.00950524,0.00290000,0.75072187,0.24700753,0.69142164
180.75000000,0.04842720,0.01121858,0.00490000,0.77710271,0.25327991,0.69119964
180.84999990,0.04584236,0.00692806,0.00790000,0.73394057,0.23303990,0.67764244
180.95000005,0.04038502,0.00210961,0.01190000,0.76459631,0.23249247,0.73460470
181.04999995,0.03991234,0.00314720,0.01190000,0.74837368,0.22628293,0.74926343
181.14999986,0.03709876,0.00337821,0.00890000,0.72628631,0.22970091,0.68747667
181.25000000,0.03284679,0.00323397,0.01300000,0.69832452,0.22636812,0.75286730
181.34999990,0.03489643,0.00520854,0.00900000,0.72543385,0.22856429,0.72440484
181.45000005,0.03560045,0.00698485,0.00700000,0.73663849,0.23941739,0.70888089
181.55099988,0.03613201,0.00670656,0.00600000,0.72345607,0.23389661,0.70964020
181.65100002,0.03458007,0.00503572,0.00900000,0.67162922,0.23461682,0.71286682
181.75099993,0.03497252,0.00449146,0.00700000,0.67391875,0.24012738,0.70689835
181.85099983,0.03300262,0.00439402,0.01300000,0.69901614,0.24168516,0.74592640
181.95099998,0.03412045,0.00437316,0.01100000,0.71079612,0.23975492,0.73691449
182.05099988,0.03625083,0.00348385,0.00890000,0.70046592,0.23419811,0.69150838
182.15100002,0.03673549,0.00548762,0.00500000,0.70487251,0.23549203,0.67245773
182.25099993,0.03686629,0.00530627,0.00490000,0.70377296,0.23032945,0.68009082
182.35099983,0.03708472,0.00981955,0.00600000,0.69151650,0.24192194,0.67712870
182.45099998,0.03803788,0.01056217,0.00300000,0.70260898,0.25738840,0.68124996
182.55099988,0.03961537,0.01120368,0.00200000,0.68845303,0.25614992,0.72019960
182.65100002,0.04103642,0.01305611,0.00300000,0.70385068,0.25364279,0.75789498
182.75199986,0.04139914,0.01331772,0.00300000,0.67921010,0.24734182,0.78445682
182.85200000,0.04079671,0.00979535,0.00590000,0.67450879,0.23411445,0.80167389
182.95199990,0.03869191,0.00965538,0.00900000,0.67220734,0.22730839,0.80898825
183.05200005,0.04039969,0.01248619,0.00800000,0.69241018,0.23854767,0.80994264
183.15199995,0.04076240,0.01274780,0.00800000,0.66469434,0.23553063,0.83454654
183.25199986,0.03942618,0.00825508,0.00390000,0.62434139,0.21406876,0.86503796
183.35200000,0.03738430,0.00909858,0.00700000,0.62291779,0.21702468,0.86760775
183.45199990,0.03922287,0.01174805,0.00700000,0.60650713,0.23172648,0.84603793
183.55200005,0.04142894,0.01251172,0.00600000,0.58689002,0.22987351,0.81078308
183.65199995,0.03930321,0.01125423,0.00900000,0.62084211,0.22163114,0.86920743
183.75199986,0.03867055,0.01090820,0.00700000,0.61279685,0.22129303,0.81413140
183.85299993,0.03350814,0.00751563,0.01500000,0.65242607,0.20387964,0.88132872
183.95299983,0.03559159,0.00890837,0.01500000,0.66316275,0.20475181,0.92337609
184.05299997,0.03701689,0.01098406,0.01200000,0.63726846,0.22169667,0.92555527
184.15299988,0.04064411,0.01359986,0.00690000,0.66843497,0.23248455,0.85914145
184.25300002,0.04134800,0.01277038,0.00600000,0.71182098,0.22000440,0.87674884
184.35299993,0.04370616,0.01209882,0.00490000,0.78478702,0.22673166,0.84749100
184.45299983,0.04474906,0.01302965,0.00790000,0.77500926,0.22461970,0.83593348
184.55299997,0.04472747,0.01641779,0.00590000,0.80932025,0.22397293,0.84014750
184.65299988,0.04538566,0.01810503,0.00690000,0.79980580,0.22681866,0.84473895
184.75300002,0.04841376,0.01765808,0.00490000,0.82766030,0.22417506,0.83550186
184.85299993,0.04742722,0.01726121,0.00790000,0.83511814,0.22117416,0.84072369
184.95299983,0.04406907,0.01235989,0.01290000,0.81927669,0.21166683,0.93506494
185.05399990,0.04342763,0.00919626,0.01380000,0.82089152,0.19346875,0.90419880
185.15400004,0.04373356,0.00656323,0.00990000,0.84182673,0.19844497,0.87185043
185.25399995,0.04406861,0.00761892,0.01390000,0.82268835,0.20420558,0.87618355
185.35399985,0.04828222,0.00812325,0.00890000,0.81832572,0.21564083,0.82785423
185.45400000,0.04731204,0.00885724,0.00890000,0.80525276,0.22323749,0.82244874
185.55399990,0.04221816,0.00666088,0.00290000,0.74280489,0.21645398,0.80395201
185.65400004,0.04432896,0.00463066,0.00120000,0.74308394,0.21131196,0.79292438
185.75399995,0.04108122,0.00315485,0.00220000,0.72056806,0.21569286,0.76817436
185.85399985,0.04016228,0.00463051,0.00110000,0.74229487,0.22132430,0.74146883
185.95400000,0.03829776,0.01012184,0.00410000,0.73453534,0.21791536,0.73599375
186.05399990,0.03422992,0.01591266,0.00520000,0.72772059,0.23689950,0.73444660
186.15499997,0.03501936,0.01227942,0.00210000,0.70268551,0.21989702,0.73518251
186.25499988,0.03252048,0.01166483,0.00210000,0.68441646,0.21868462,0.72501995
186.35500002,0.01885106,0.00075998,0.00290000,0.69788054,0.21000871,0.72362388
186.45499992,0.00757536,0.00061964,0.00200000,0.69414622,0.21687943,0.74613623
186.55499983,0.00489300,0.00293915,0.00700000,0.70030335,0.21403082,0.77254349
186.65499997,0.01011579,0.00696210,0.00210000,0.71010478,0.21851735,0.81175711
186.75499988,0.00567424,0.00551389,0.00110000,0.69123772,0.21589489,0.80983800
186.85500002,0.02459706,0.01363946,0.00400000,0.69874541,0.22937509,0.82510723
186.95499992,0.02332932,0.00955578,0.00200000,0.67931092,0.21235950,0.82671747
187.05499983,0.02154861,0.01151986,0.01400000,0.66180632,0.20789222,0.84094407
187.15499997,0.01042960,0.01404541,0.00900000,0.66516628,0.21846498,0.80654549
187.25499988,0.00481792,0.01692092,0.01100000,0.66055265,0.22004607,0.82796823
187.35599995,0.00576859,0.01768314,0.01510000,0.63253214,0.22290747,0.89442906
187.45599985,0.01176197,0.01984304,0.01210000,0.63965077,0.22180990,0.84247162
187.55599999,0.00484465,0.02114543,0.00800000,0.63215935,0.22728808,0.86302892
187.65599990,0.02413613,0.01190367,0.00510000,0.60657883,0.22329894,0.86710887
187.75600004,0.04048196,0.00932796,0.00510000,0.64682962,0.20908437,0.87744123
187.85599995,0.04437608,0.00773847,0.01010000,0.65854582,0.20594521,0.89550214
187.95599985,0.06022677,0.00264307,0.02520000,0.66445424,0.19769349,0.93365995
188.05599999,0.08426333,0.01134422,0.02320000,0.71513936,0.21664866,0.87867345
188.15599990,0.08817442,0.01044234,0.03820000,0.69136347,0.21135421,0.88881051
188.25600004,0.07235185,0.01518747,0.02320000,0.66818327,0.22901310,0.88970673
188.35599995,0.07361253,0.01615289,0.02020000,0.70435481,0.22718169,0.87499781
188.45599985,0.07410568,0.00573742,0.01920000,0.71840019,0.20544904,0.86030995
188.55699992,0.06137519,0.01069514,0.01320000,0.65290212,0.20372556,0.80144881
188.65699983,0.06173112,0.01322532,0.00320000,0.64406865,0.20060982,0.78769346
188.75699997,0.05036120,0.00947362,0.01090000,0.63741858,0.20501404,0.79141264
188.85699987,0.08147524,0.00361039,0.01520000,0.70136406,0.19829689,0.78118689
188.95700002,0.08947543,0.00341870,0.01930000,0.69400248,0.20435936,0.79697244
189.05699992,0.10178863,0.00819056,0.03130000,0.70528487,0.21025219,0.86179604
189.15699983,0.10783862,0.00261367,0.01730000,0.70963426,0.20392581,0.79722705
189.25699997,0.11241862,0.00105091,0.00330000,0.75023953,0.20573610,0.76910272
189.35699987,0.11043232,0.00812608,0.00830000,0.79011942,0.21524010,0.79032417
189.45700002,0.10819032,0.00307501,0.00170000,0.78993816,0.21184825,0.74613119
189.55699992,0.11577656,0.01254304,0.00570000,0.79986426,0.21076928,0.72416415
189.65699983,0.10723301,0.01773163,0.01970000,0.76884429,0.21229037,0.71971863
189.75799990,0.10362092,0.01908392,0.02170000,0.78174987,0.20647014,0.70912628
189.85800004,0.10178578,0.01634793,0.02760000,0.77650348,0.20698877,0.74027953
189.95799994,0.11363977,0.01354112,0.01270000,0.79291587,0.20097512,0.67038493
190.05799985,0.11973555,0.01746536,0.00070000,0.80405103,0.20795744,0.65688637
190.15799999,0.11978824,0.01455843,0.00160000,0.80053615,0.21888967,0.65890066
190.25799990,0.09402856,0.00048980,0.00830000,0.76134954,0.20858739,0.67548642
190.35800004,0.09429108,0.00770994,0.01530000,0.73663708,0.21291255,0.68412805
190.45799994,0.09511568,0.00393800,0.02230000,0.75741934,0.21553851,0.67153273
190.55799985,0.09253254,0.00055668,0.01730000,0.72752783,0.21926264,0.69183480
190.65799999,0.09438262,0.00041321,0.01730000,0.73690776,0.21912232,0.66717701
190.75799990,0.09032456,0.00392484,0.01020000,0.74038012,0.22156338,0.64245447
190.85899997,0.04849995,0.05322175,0.02330000,0.63135061,0.27337722,0.65533951
190.95899987,0.02651694,0.02361889,0.04610000,0.60958096,0.23075107,0.74501872
191.05900002,0.01866110,0.03297519,0.04810000,0.58209190,0.25593494,0.78832328
191.15899992,0.00253124,0.03426139,0.05100000,0.56076627,0.25304312,0.80401377
191.25899982,0.01556762,0.03283686,0.04690000,0.56748624,0.25224730,0.81006841
191.35899997,0.01289887,0.03263923,0.04600000,0.55532351,0.24926816,0.81562685
191.45899987,0.01044912,0.02703453,0.04700000,0.53382769,0.22893843,0.83222987
191.55900002,0.01489322,0.04153423,0.04500000,0.54762866,0.24645676,0.83590553
191.65899992,0.02290599,0.02478398,0.04190000,0.56765471,0.20901436,0.84026767
191.75899982,0.01642093,0.02873331,0.04490000,0.54875477,0.22313232,0.84399824
191.85899997,0.01875760,0.03374793,0.03800000,0.54653342,0.24059097,0.83878381
191.95899987,0.02760412,0.03000438,0.03990000,0.59204746,0.23019120,0.86817765
192.05999994,0.03351939,0.03490359,0.05000000,0.60956526,0.24408212,0.87619359
192.15999985,0.03659179,0.03146969,0.04190000,0.62259858,0.23840727,0.86786109
192.25999999,0.04177342,0.02478108,0.02400000,0.61553142,0.21750737,0.79741780
192.35999990,0.05183815,0.02693876,0.02190000,0.61322142,0.22136662,0.80468984
192.46000004,0.05937138,0.03276842,0.02290000,0.62065528,0.23337664,0.78069076
192.55999994,0.05893216,0.03730068,0.01890000,0.61834771,0.24201078,0.79658805
192.65999985,0.06176642,0.04409716,0.01490000,0.62231166,0.25188909,0.79128424
192.75999999,0.07960494,0.04409392,0.00680000,0.66674815,0.25376714,0.80614338
192.85999990,0.08475241,0.04103071,0.00220000,0.67814636,0.25523453,0.78408233
192.96000004,0.06637553,0.03758376,0.00180000,0.62733559,0.24868977,0.78649152
193.05999994,0.06407674,0.03462963,0.00510000,0.62175569,0.25858044,0.81852327
193.15999985,0.06643039,0.02762723,0.00910000,0.60767587,0.23654302,0.81246158
193.26099992,0.07317090,0.03467245,0.01620000,0.63423998,0.24831561,0.84372319
193.36099982,0.08971404,0.02378047,0.01620000,0.72207565,0.22371959,0.80481130
193.46099997,0.09380825,0.02061581,0.02030000,0.74503689,0.22674037,0.82167412
193.56099987,0.10226402,0.03356947,0.01530000,0.72569232,0.24783645,0.81980342
193.66100001,0.08598771,0.04476029,0.01820000,0.70865545,0.25720795,0.81809200
193.76099992,0.07252016,0.03681516,0.02820000,0.65774634,0.25468128,0.84839621
193.86099982,0.07663354,0.02679179,0.02620000,0.71924955,0.22743013,0.85363522
193.96099997,0.07716866,0.02964672,0.02210000,0.72873666,0.23461449,0.82331552
194.06099987,0.07937084,0.03523591,0.01720000,0.72514131,0.25542221,0.78640467
194.16100001,0.08042852,0.03398107,0.01120000,0.74140288,0.25412311,0.78744334
194.26099992,0.07888707,0.03478692,0.01020000,0.74888991,0.25344031,0.78853180
194.36099982,0.07903640,0.03068187,0.01220000,0.76217666,0.25220092,0.81336745
194.46199989,0.08154124,0.02554517,0.01420000,0.75715384,0.23546062,0.80471824
194.56200004,0.09224947,0.02837807,0.02620000,0.77095955,0.23840681,0.86951749
194.66199994,0.09332867,0.03499384,0.03120000,0.75742475,0.25308209,0.87972037
194.76199985,0.09231168,0.03248930,0.04020000,0.75081924,0.26015861,0.90920610
194.86199999,0.09759696,0.03237026,0.04320000,0.77142000,0.26225060,0.91389561
194.96199989,0.09418345,0.02654745,0.03720000,0.79256730,0.23851448,0.90553401
195.06200004,0.08629463,0.02676279,0.02320000,0.76885302,0.24860354,0.91286213
195.16199994,0.06594394,0.02743386,0.02420000,0.71797020,0.24555606,0.91401048
195.26199985,0.04684485,0.02687174,0.03010000,0.69648748,0.25438929,0.91628148
195.36199999,0.05347497,0.02384382,0.02910000,0.73125304,0.24055778,0.90386651
195.46199989,0.05821760,0.02307123,0.02220000,0.74136013,0.23613181,0.89234346
195.56200004,0.07953849,0.02714754,0.02420000,0.77469471,0.25639990,0.89865194
195.66299987,0.07085277,0.01955466,0.01320000,0.74502478,0.23606960,0.85559398
195.76300001,0.06464207,0.01076533,0.01020000,0.69830231,0.21911971,0.85338895
195.86299992,0.07196296,0.00757778,0.01420000,0.75340607,0.22042538,0.84454813
195.96299982,0.07225849,0.00867641,0.00920000,0.76734841,0.21922499,0.83285916
196.06299996,0.07841426,0.01276336,0.00720000,0.78270532,0.22973949,0.82944726
196.16299987,0.06905318,0.01340104,0.00720000,0.79099806,0.22114964,0.81721344
196.26300001,0.06393794,0.00832584,0.00420000,0.82002573,0.21045798,0.84356544
196.36299992,0.06250946,0.00309317,0.02010000,0.80824696,0.19859992,0.83786827
196.46299982,0.05917931,0.00453314,0.01120000,0.79823342,0.20134905,0.85608883
196.56299996,0.04181576,0.00386038,0.00710000,0.74656653,0.19546289,0.82773621
196.66299987,0.03962924,0.00792045,0.00610000,0.76914598,0.20561843,0.81589244
196.76300001,0.06883711,0.02478512,0.02610000,0.86404437,0.23721237,0.87929963
196.86399984,0.06615491,0.02108716,0.02420000,0.85470921,0.22605661,0.85103129
196.96399999,0.06187999,0.00933363,0.01820000,0.82527905,0.20037975,0.82492722
197.06399989,0.05463049,0.00551724,0.01120000,0.84145033,0.19633589,0.84269065
197.16400003,0.01724408,0.00850187,0.00810000,0.78590265,0.20085579,0.84214079
197.26399994,0.00092900,0.00559884,0.01000000,0.78181892,0.19335897,0.82997725
197.36399984,0.00123686,0.00384190,0.01400000,0.77584806,0.18934574,0.83046553
197.46399999,0.00163760,0.00309972,0.01400000,0.74854595,0.19017345,0.85311767
197.56399989,0.00096418,0.00418573,0.00100000,0.75198419,0.18673489,0.82514628
197.66400003,0.00779741,0.00170307,0.00400000,0.75882236,0.18394478,0.84230454
197.76399994,0.01690030,0.00543230,0.00010000,0.77343912,0.19761965,0.84339893
197.86399984,0.02307348,0.00658365,0.00290000,0.78308702,0.20083128,0.83356525
197.96399999,0.02806326,0.00859205,0.00600000,0.79202152,0.19256498,0.81360497
198.06499982,0.02772845,0.00799706,0.00490000,0.77417259,0.19267664,0.80484939
198.16499996,0.00996812,0.00681811,0.00700000,0.75120375,0.19440230,0.78600342
198.26499987,0.00988094,0.00373858,0.01800000,0.74688325,0.19341554,0.78002785
198.36500001,0.00712772,0.00233572,0.02000000,0.71356991,0.18223392,0.78601997
198.46499991,0.00746559,0.00284869,0.02190000,0.69796068,0.18417497,0.79539188
198.56499982,0.00920939,0.00704891,0.02000000,0.68023511,0.19508997,0.78357918
198.66499996,0.01119397,0.00621490,0.01900000,0.68454243,0.18976753,0.78087986
198.76499987,0.01871360,0.00412812,0.01290000,0.71285114,0.18592951,0.77891040
198.86500001,0.01962531,0.00615526,0.01890000,0.70898696,0.19107239,0.77015885
198.96499991,0.01289864,0.00823864,0.02100000,0.71533115,0.19524601,0.77251942
199.06499982,0.00650563,0.00837417,0.02800000,0.72519121,0.19450135,0.77328568
199.16499996,0.00029988,0.00531508,0.03100000,0.71179780,0.19220356,0.83839597
199.26600003,0.00559616,0.00361842,0.03000000,0.70671741,0.19222763,0.76771944
199.36599994,0.01429663,0.00674806,0.02800000,0.70487039,0.20078478,0.74257576
199.46599984,0.01399531,0.00739603,0.03000000,0.73508321,0.20692660,0.74984243
199.56599998,0.01420969,0.00351209,0.02310000,0.71089289,0.19570675,0.76592504
199.66599989,0.01834502,0.00145271,0.01600000,0.70006595,0.19197181,0.75135128
199.76600003,0.02126865,0.00470578,0.02110000,0.72054801,0.19236282,0.78873043
199.86599994,0.02141518,0.00590508,0.02500000,0.74326940,0.19147232,0.78879723
199.96599984,0.01939109,0.00644868,0.03110000,0.75712706,0.19509952,0.80548429
200.06599998,0.01483832,0.00899912,0.02900000,0.77578091,0.20530109,0.79475691
200.16599989,0.01591465,0.01081545,0.03200000,0.77671290,0.20920613,0.77427132
200.26600003,0.01855456,0.01157534,0.03310000,0.76588635,0.20744727,0.80360809
200.36599994,0.01809675,0.00487419,0.03300000,0.78283261,0.20388131,0.79942156
200.46700001,0.01424719,0.00394303,0.03700000,0.77603038,0.21530892,0.78612701
200.56699991,0.00665114,0.00628111,0.03200000,0.79807883,0.22048763,0.75021614
200.66699982,0.00347381,0.00724035,0.02600000,0.80050243,0.22028805,0.78652752
200.76699996,0.00370411,0.00826315,0.02590000,0.79904335,0.22021983,0.78017745
200.86699986,0.03442102,0.01958886,0.04110000,0.82444163,0.23130724,0.81454744
200.96700001,0.04433215,0.02241764,0.04510000,0.88223713,0.23848173,0.80982061
201.06699991,0.05296116,0.02843951,0.04510000,0.88959382,0.25742960,0.81583258
201.16699982,0.04488063,0.02738939,0.04300000,0.86705568,0.26253972,0.82559647
201.26699996,0.04430892,0.02972170,0.04410000,0.87874700,0.25816218,0.81653585
201.36699986,0.04195233,0.02696112,0.04110000,0.87191977,0.25398740,0.78937704
201.46700001,0.03654101,0.02573353,0.04100000,0.84813172,0.24457521,0.78231171
201.56699991,0.03700607,0.02366265,0.03610000,0.85159024,0.24306677,0.78756878
201.66799998,0.03910705,0.01940202,0.04010000,0.91926059,0.24262444,0.79659087
201.76799989,0.04820180,0.02200470,0.04710000,0.92551446,0.25159117,0.85176551
201.86800003,0.05426460,0.03231645,0.05110000,0.93503917,0.26861027,0.86636844
201.96799994,0.04421653,0.03367950,0.05600000,0.91780520,0.27465522,0.87358272
202.06799984,0.05108634,0.03518232,0.05810000,0.90402281,0.28063780,0.86872005
202.16799998,0.04813034,0.03300789,0.06100000,0.89940589,0.28428938,0.88426014
202.26799989,0.04747552,0.03482349,0.06200000,0.90579356,0.28743812,0.87123222
202.36800003,0.05033423,0.03516753,0.06410000,0.89460582,0.29075176,0.90062212
202.46799994,0.04711308,0.03462337,0.06310000,0.88436729,0.29192164,0.89297760
202.56799984,0.04683112,0.03509440,0.05710000,0.85069860,0.29259865,0.91724123
202.66799998,0.05012293,0.03887045,0.05410000,0.85799125,0.30053414,0.90287930
202.76799989,0.04396200,0.04302317,0.04600000,0.85667982,0.30035932,0.90019858
202.86899996,0.04676299,0.03310156,0.04720000,0.81425005,0.29114896,0.89183706
202.96899986,0.05640359,0.04810234,0.04910000,0.80148666,0.29983336,0.88411361
203.06900001,0.04896855,0.03347075,0.03820000,0.74812045,0.28882094,0.83080150
203.16899991,0.04776800,0.05054531,0.03700000,0.73567726,0.30150082,0.81332369
203.26899981,0.04518801,0.04806978,0.03410000,0.72974725,0.29707180,0.80501931
203.36899996,0.05098936,0.03438451,0.03520000,0.74950545,0.29047677,0.78305850
203.46899986,0.05021806,0.04615026,0.03800000,0.71156451,0.30517957,0.77353114
203.56900001,0.04160801,0.03858593,0.03620000,0.69243428,0.28846229,0.80526895
203.66899991,0.04660801,0.04669168,0.02300000,0.66906577,0.29066451,0.78698936
203.76899981,0.05203802,0.05176693,0.02310000,0.71934577,0.30046457,0.76018050
203.86899996,0.05409497,0.03080299,0.02120000,0.71591137,0.28687128,0.75493325
203.96899986,0.06074698,0.06181427,0.02910000,0.72790741,0.30777946,0.78326030
204.06999993,0.05203032,0.02062973,0.02820000,0.69226443,0.24531048,0.80196698
204.16999984,0.04417667,0.01621578,0.01910000,0.63536367,0.24802315,0.81524273
204.26999998,0.01240691,0.00998341,0.00710000,0.63136973,0.23474533,0.82038257
204.36999989,0.00537344,0.00431927,0.00100000,0.62310858,0.23512269,0.84368034
204.47000003,0.00292600,0.00152922,0.00400000,0.62668004,0.23670776,0.83260233
204.56999993,0.01710171,0.00218667,0.01310000,0.64016812,0.23764191,0.84588447
204.66999984,0.01449611,0.00039095,0.01600000,0.63951942,0.23750262,0.83545190
204.76999998,0.01119041,0.00579092,0.01190000,0.60543353,0.23754641,0.85039281
204.86999989,0.00483264,0.00610701,0.01000000,0.62261633,0.23726581,0.83543008
204.97000003,0.00573230,0.00893704,0.00800000,0.61091263,0.24581956,0.82337838
205.06999993,0.00540100,0.00718674,0.01090000,0.60767639,0.24850007,0.81949031
205.16999984,0.00395308,0.00890748,0.01500000,0.59760652,0.24768233,0.82899753
205.27099991,0.03182892,0.00237692,0.00200000,0.59798096,0.24120946,0.83756051
205.37099981,0.03515945,0.00427937,0.00390000,0.59324698,0.23649060,0.83982198
205.47099996,0.03833856,0.00479631,0.00810000,0.61390142,0.23380108,0.83088507
205.57099986,0.03111455,0.00116826,0.01810000,0.59118493,0.22838484,0.81636067
205.67100000,0.04947074,0.02450503,0.03420000,0.65629010,0.26779813,0.84769759
205.77099991,0.05138586,0.01774185,0.05610000,0.66801261,0.25554095,0.87687063
205.87099981,0.05397913,0.02122154,0.05820000,0.66163865,0.28763718,0.88688395
205.97099996,0.04627854,0.01477554,0.04320000,0.66503124,0.26499586,0.85386057
206.07099986,0.05399370,0.01682886,0.04620000,0.68683636,0.27516002,0.86256746
206.17100000,0.06054889,0.01481054,0.05020000,0.70259721,0.27127306,0.87625412
206.27099991,0.05054794,0.00628533,0.02520000,0.69046292,0.26945000,0.79876153
206.37099981,0.04820522,0.00735234,0.02420000,0.67912660,0.27276422,0.79748335
206.47199988,0.05151760,0.00704958,0.02810000,0.66442108,0.27313396,0.85250884
206.57200003,0.07027822,0.02129253,0.04020000,0.70191058,0.29837237,0.85480729
206.67199993,0.06744444,0.02417452,0.04020000,0.65770104,0.30197416,0.83326228
206.77199984,0.06065585,0.01968574,0.03720000,0.67496627,0.29438986,0.83300097
206.87199998,0.07067049,0.01367231,0.04320000,0.69623574,0.28802951,0.81843467
206.97199988,0.05489207,0.01519738,0.04120000,0.67352668,0.28318406,0.82286217
207.07200003,0.04391307,0.02111616,0.02710000,0.64777690,0.28576167,0.79439360
207.17199993,0.03607932,0.01905157,0.02710000,0.64913217,0.28337535,0.72543319
207.27199984,0.02789777,0.01982459,0.03310000,0.58309485,0.28428020,0.78444584
207.37199998,0.01120881,0.00402027,0.00400000,0.56463181,0.25757245,0.70711116
207.47199988,0.00220933,0.00122019,0.01000000,0.54877983,0.24866240,0.67776863
207.57200003,0.01279831,0.00969863,0.00300000,0.54762722,0.25426490,0.68188150
207.67299986,0.01548856,0.00683407,0.00510000,0.55426697,0.25177446,0.68050492
207.77300000,0.00367471,0.00643013,0.00000000,0.53251408,0.25060637,0.70324944
207.87299991,0.00334507,0.00658031,0.00800000,0.53701983,0.24875581,0.72172674
207.97299981,0.00670083,0.00054673,0.02000000,0.53681967,0.24920025,0.75705548
208.07299995,0.00294294,0.00062379,0.01900000,0.55653713,0.24552541,0.72533870
208.17299986,0.00198704,0.00181705,0.01800000,0.57065668,0.23310747,0.74237164
208.27300000,0.00935588,0.00585470,0.02300000,0.57552773,0.23082251,0.74463796
208.37299991,0.01012394,0.01154798,0.02610000,0.59348447,0.23089999,0.73510012
208.47299981,0.00616826,0.00961523,0.01900000,0.58694445,0.23317190,0.73748718
208.57299995,0.00509756,0.01210722,0.02300000,0.60995763,0.23189150,0.73389908
208.67299986,0.00108785,0.00687143,0.01900000,0.64308471,0.22944806,0.74868857
208.77300000,0.00356520,0.00490911,0.01200000,0.66171923,0.23166431,0.73843741
208.87399983,0.00078893,0.00736733,0.01600000,0.62521070,0.23101765,0.73051017
208.97399998,0.00270864,0.00152095,0.01500000,0.61577985,0.21282145,0.74970626
209.07399988,0.00076321,0.00016588,0.01600000,0.61907510,0.21554941,0.74546088
209.17400002,0.00691612,0.00598225,0.02200000,0.59562355,0.21250893,0.76309307
209.27399993,0.01755087,0.01132329,0.03190000,0.61425669,0.22010889,0.81138175
209.37399983,0.02495616,0.01442463,0.03490000,0.63301196,0.21863952,0.81817484
209.47399998,0.02184716,0.01540135,0.02590000,0.62355540,0.22536286,0.83652428
209.57399988,0.01220453,0.01634165,0.01590000,0.62178563,0.22704467,0.77167942
209.67400002,0.00942936,0.01387578,0.02800000,0.62035006,0.22197989,0.84737957
209.77399993,0.01838118,0.01124021,0.03090000,0.66380669,0.21722087,0.88402506
209.87399983,0.03358130,0.00724889,0.02090000,0.74622987,0.21942253,0.83228665
209.97399998,0.03511896,0.00195421,0.02690000,0.73321157,0.21945854,0.89285747
210.07399988,0.03496290,0.00762204,0.04190000,0.74132993,0.23190597,0.91699603
210.17499995,0.02439078,0.01097906,0.04190000,0.70700894,0.24211483,0.92316795
210.27499986,0.01596960,0.01908460,0.02390000,0.71924279,0.25904147,0.90956189
210.37500000,0.01698370,0.02061247,0.02290000,0.71319001,0.26333748,0.87761088
210.47499990,0.02561629,0.01618936,0.02490000,0.74473973,0.25890663,0.91015155
210.57500005,0.02742469,0.01055539,0.01290000,0.73343670,0.24032969,0.87469143
210.67499995,0.02757965,0.01306992,0.00210000,0.75291114,0.24052981,0.83834180
210.77499986,0.03077823,0.01863520,0.00220000,0.76257206,0.25340560,0.86414898
210.87500000,0.02911649,0.02055067,0.00010000,0.78845453,0.25749181,0.82443977
210.97499990,0.01775914,0.02208332,0.00600000,0.75670137,0.25631254,0.79596784
211.07500005,0.01900586,0.02449484,0.00490000,0.76774876,0.25578673,0.77988973
211.17499995,0.01853599,0.02500534,0.00890000,0.73177778,0.25797673,0.78710557
211.27499986,0.01538081,0.03010367,0.00090000,0.71150540,0.26565741,0.77687779
211.37599993,0.01534827,0.03174477,0.00590000,0.73445334,0.26135270,0.78050541
211.47599983,0.03041377,0.03524731,0.01190000,0.77950009,0.27037928,0.79425060
211.57599998,0.03510093,0.02539005,0.03180000,0.79571015,0.26366858,0.86735937
211.67599988,0.02356936,0.01828483,0.02790000,0.72536048,0.24684591,0.83177265
211.77600002,0.01950751,0.01083453,0.02690000,0.71483129,0.24171150,0.84541809
211.87599993,0.01851264,0.01718668,0.02390000,0.69500058,0.24129638,0.84610868
211.97599983,0.01726848,0.02116127,0.01590000,0.71822227,0.24451090,0.82502972
212.07599998,0.01150271,0.02541038,0.00800000,0.75697698,0.25462714,0.80348840
212.17599988,0.01852191,0.01912953,0.01690000,0.77953838,0.24899118,0.84069723
212.27600002,0.02705863,0.00484980,0.02290000,0.85880655,0.23561076,0.81683825
212.37599993,0.02732042,0.01005258,0.02090000,0.86074742,0.23442445,0.79718619
212.47599983,0.03977215,0.01250544,0.01390000,0.88728641,0.24082527,0.79896384
212.57699990,0.04369310,0.01362948,0.02380000,0.89216812,0.23450206,0.79703233
212.67700005,0.05162091,0.00802504,0.03290000,0.91387870,0.22066020,0.85551858
212.77699995,0.05184255,0.00365379,0.02680000,0.90590325,0.21843828,0.79882957
212.87699986,0.05370155,0.01449356,0.01580000,0.90214459,0.22506053,0.77022369
212.97700000,0.06025093,0.01684533,0.02080000,0.92478331,0.22858589,0.75365231
213.07699990,0.04402801,0.02043022,0.02690000,0.91780325,0.22795246,0.74951967
213.17700005,0.02774433,0.01207900,0.03590000,0.88966262,0.21929601,0.77112159
213.27699995,0.01963078,0.00531814,0.04000000,0.83317970,0.21074439,0.76751078
213.37699986,0.02195512,0.01549105,0.04490000,0.81393478,0.22596976,0.77664788
213.47700000,0.03555782,0.02974510,0.03690000,0.88200444,0.22784440,0.74073791
213.57699990,0.02904790,0.03675907,0.03790000,0.89397375,0.24066405,0.74107453
213.67700005,0.03168282,0.03709675,0.04080000,0.89284831,0.24787145,0.72959563
213.77799988,0.02021734,0.04281027,0.03580000,0.83347057,0.25434106,0.75222756
213.87800002,0.00196450,0.04505631,0.04790000,0.78951039,0.25994789,0.72739008
213.97799993,0.00171207,0.04555490,0.04800000,0.78525121,0.25732392,0.74823236
214.07799983,0.00585610,0.04533725,0.04190000,0.79818835,0.25732142,0.75220697
214.17799997,0.00432504,0.05002893,0.04700000,0.79680419,0.25675575,0.78105200
214.27799988,0.00281398,0.05573672,0.04380000,0.80899995,0.25824242,0.80194578
214.37800002,0.00281092,0.05776243,0.04280000,0.79738572,0.26000176,0.78541591
214.47799993,0.00721438,0.05162512,0.04090000,0.80785354,0.25968668,0.77463867
214.57799983,0.00621768,0.04738344,0.02990000,0.81529671,0.25442901,0.69808448
214.67799997,0.00281128,0.04332697,0.02290000,0.83201977,0.24396655,0.67546350
214.77799988,0.01022167,0.04920902,0.02000000,0.83191599,0.24741756,0.69699716
214.87800002,0.00970217,0.04814351,0.02400000,0.82594012,0.24041817,0.70756395
214.97799993,0.01381954,0.03992093,0.02100000,0.83132243,0.23202576,0.71740630
215.07900000,0.00130405,0.03809592,0.03310000,0.82410949,0.22196785,0.77803804
215.17899990,0.00957206,0.04587979,0.02190000,0.80390329,0.22651305,0.70940011
215.27900004,0.01699353,0.03953783,0.00810000,0.82492901,0.21576335,0.67558604
215.37899995,0.01676638,0.03384241,0.00610000,0.83246488,0.19563157,0.69844631
215.47899985,0.01475242,0.05039817,0.00490000,0.83468674,0.22579031,0.71026051
215.57900000,0.00299913,0.02886911,0.00410000,0.80634587,0.18429920,0.70881897
215.67899990,0.00337548,0.04856342,0.00510000,0.79627999,0.21567808,0.70190695
215.77900004,0.00815059,0.02508262,0.00800000,0.79223687,0.18090385,0.70364347
215.87899995,0.00103389,0.02940512,0.01910000,0.79965536,0.18788488,0.71651539
215.97899985,0.00228178,0.05022821,0.02290000,0.78319257,0.22782098,0.71429465
216.07900000,0.00942633,0.02329344,0.02610000,0.76933537,0.19299123,0.73331328
216.17899990,0.01474488,0.04810570,0.01990000,0.75617970,0.22396571,0.73923364
216.27999997,0.00060016,0.02509362,0.01300000,0.73516722,0.18658124,0.76574276
216.37999988,0.02459229,0.02158123,0.01900000,0.76844278,0.18436738,0.77517865
216.48000002,0.03285733,0.02566741,0.01590000,0.79233328,0.18642934,0.77320852
216.57999992,0.01196424,0.03302585,0.01500000,0.76980783,0.20185437,0.77879016
216.67999983,0.02111258,0.03392800,0.01700000,0.75584526,0.21187419,0.77401110
216.77999997,0.02431356,0.03217438,0.02300000,0.78712471,0.19703404,0.78969536
216.87999988,0.02007794,0.03220087,0.03010000,0.80105331,0.19260965,0.83076499
216.98000002,0.01724879,0.03123602,0.03510000,0.81523657,0.19664536,0.85286892
217.07999992,0.04270658,0.02414970,0.03600000,0.83960241,0.19004574,0.84971181
217.17999983,0.03774933,0.02036388,0.03290000,0.80040439,0.19331577,0.82995290
217.27999997,0.04571225,0.02217093,0.02700000,0.78957008,0.18649230,0.79327344
217.37999988,0.07473952,0.02268512,0.02890000,0.88392964,0.18901787,0.77504665
217.48099995,0.07947814,0.02367542,0.02090000,0.93032422,0.19426494,0.72913316
217.58099985,0.08375813,0.03315881,0.00780000,0.92812477,0.20255100,0.73655811
217.68099999,0.08140455,0.02983620,0.00610000,0.90979566,0.19894659,0.73702571
217.78099990,0.08797810,0.02462264,0.01120000,0.89797145,0.19512190,0.72941812
217.88100004,0.09151068,0.02551658,0.01220000,0.91042735,0.20103972,0.69565710
217.98099995,0.10038227,0.02997416,0.02320000,0.89774344,0.19629869,0.72587604
218.08099985,0.10526637,0.03575990,0.02320000,0.88813092,0.22275763,0.71926866
218.18099999,0.08417112,0.03766194,0.00220000,0.87614826,0.22564975,0.67458690
218.28099990,0.08341270,0.03343803,0.01310000,0.87850245,0.22645227,0.67920755
218.38100004,0.07614210,0.02916985,0.02110000,0.84586285,0.23207075,0.71048733
218.48099995,0.07980939,0.03259005,0.02420000,0.84731107,0.23481804,0.74846538
218.58099985,0.07714636,0.03445517,0.02020000,0.84722720,0.23305167,0.69424763
218.68199992,0.06145139,0.03705437,0.01710000,0.78297351,0.23298568,0.71848461
218.78199983,0.07148663,0.02939781,0.02310000,0.85626742,0.22527659,0.78410728
218.88199997,0.08007563,0.02400819,0.02720000,0.83968295,0.21701894,0.79481072
218.98199987,0.07168620,0.02352549,0.02820000,0.81983345,0.21145084,0.81618635
219.08200002,0.06384868,0.02210216,0.02310000,0.81955582,0.20893600,0.81342344
219.18199992,0.06295955,0.02080348,0.02010000,0.80292304,0.20656520,0.75171361
219.28199983,0.06098807,0.02122957,0.01010000,0.78057337,0.20980482,0.74022988
219.38199997,0.05713078,0.01801565,0.00610000,0.78106898,0.21036023,0.70826708
219.48199987,0.06949929,0.01758120,0.00320000,0.83207281,0.20969471,0.69286026
219.58200002,0.08435045,0.02224525,0.00080000,0.86053640,0.22837975,0.69278076
219.68199992,0.08297861,0.02534245,0.01080000,0.84505381,0.23169009,0.69938984
219.78199983,0.06976995,0.02065826,0.01090000,0.84540790,0.21293573,0.72458744
219.88299990,0.05992352,0.01467590,0.01190000,0.77767351,0.21740194,0.70423988
219.98300004,0.05398613,0.01045314,0.01390000,0.75165054,0.22118684,0.68162616
220.08299994,0.05711149,0.01139856,0.01580000,0.76428113,0.21877573,0.66448737
220.18299985,0.06542005,0.01423331,0.02480000,0.80250949,0.22219830,0.69708691
220.28299999,0.05669951,0.01227745,0.02290000,0.77354574,0.21453506,0.70580997
220.38299990,0.04717860,0.01426989,0.01590000,0.77417908,0.22071064,0.66929572
220.48300004,0.04836796,0.01449968,0.00290000,0.77470337,0.21846885,0.67135461
220.58299994,0.06347714,0.01785758,0.00520000,0.78758654,0.21978322,0.69396852
220.68299985,0.06522083,0.01891092,0.00010000,0.77077846,0.22606552,0.68992046
220.78299999,0.05700951,0.01000629,0.02220000,0.72532099,0.21005818,0.78099437
220.88299990,0.05315316,0.00162223,0.04220000,0.71187833,0.20994394,0.81992639
220.98300004,0.04648676,0.00215191,0.04920000,0.69121270,0.20414856,0.82765594
221.08299994,0.04004182,0.00244590,0.04110000,0.70563962,0.21115729,0.80647503
221.18400002,0.02609202,0.00201411,0.02600000,0.71856007,0.20536978,0.77430527
221.28399992,0.02327642,0.00180788,0.03310000,0.70489142,0.21403096,0.77524452
221.38399982,0.02068502,0.00159687,0.02010000,0.72164098,0.20825506,0.74533542
221.48399997,0.02500770,0.00261056,0.02300000,0.72849442,0.20135003,0.72370618
221.58399987,0.03393570,0.00222228,0.02110000,0.70862450,0.21004215,0.71166659
221.68400002,0.02858521,0.00623105,0.01210000,0.69048497,0.21267250,0.67307557
221.78399992,0.02166405,0.00395966,0.00010000,0.67113237,0.21661250,0.65121371
221.88399982,0.01283626,0.00001903,0.00700000,0.67852257,0.21671864,0.64569243
221.98399997,0.01825225,0.00564405,0.00190000,0.71307848,0.21729512,0.61966957
222.08399987,0.01912632,0.00471422,0.00990000,0.70066164,0.21629329,0.61313273
222.18400002,0.00438810,0.01800291,0.02200000,0.66521316,0.23963616,0.66863713
222.28399992,0.00670120,0.01421070,0.02700000,0.63722773,0.22827248,0.67413146
222.38499999,0.00023678,0.00675011,0.01500000,0.61952530,0.21280971,0.65763071
222.48499990,0.02572046,0.00276190,0.00390000,0.66664471,0.20932705,0.65306365
222.58500004,0.04665943,0.00958634,0.00490000,0.71084004,0.22821311,0.67463793
222.68499994,0.04906838,0.00619628,0.01680000,0.70759613,0.21403164,0.73696937
222.78499985,0.05329053,0.00738505,0.02290000,0.73478749,0.20895157,0.75164521
222.88499999,0.05684965,0.01207218,0.00690000,0.73148970,0.23114313,0.65416601
222.98499990,0.04362865,0.00135671,0.01110000,0.73089032,0.21028363,0.67791068
223.08500004,0.03272362,0.00487493,0.00310000,0.66339453,0.21380822,0.68274639
223.18499994,0.02855953,0.00163507,0.00610000,0.63628153,0.20860687,0.71289836
223.28499985,0.04037031,0.00485883,0.00810000,0.68020071,0.21645243,0.74317142
223.38499999,0.04138621,0.00399391,0.00910000,0.67642970,0.21536431,0.76156683
223.48499990,0.03006597,0.00671100,0.00700000,0.61497199,0.23203251,0.73937960
223.58599997,0.02270101,0.00771454,0.00910000,0.60028216,0.22519762,0.74463354
223.68599987,0.01607210,0.00405557,0.00910000,0.62601144,0.21058765,0.73833447
223.78600001,0.03488903,0.00288018,0.00410000,0.67564261,0.21832232,0.72757630
223.88599992,0.04946112,0.00040959,0.01710000,0.70347974,0.20899176,0.76582395
223.98599982,0.06236566,0.00731880,0.02120000,0.74765446,0.22113841,0.78220262
224.08599997,0.05299516,0.00575525,0.02020000,0.73434193,0.22885475,0.77683025
224.18599987,0.04189831,0.00542506,0.02210000,0.71894825,0.21701341,0.82095843
224.28600001,0.01185972,0.00049695,0.01210000,0.61601543,0.20989971,0.77519144
224.38599992,0.00960091,0.00103567,0.01800000,0.63132142,0.20784558,0.80995695
224.48599982,0.00941019,0.00183803,0.02000000,0.61751182,0.20870411,0.84277574
224.58599997,0.01617357,0.00186433,0.01810000,0.59511029,0.21309046,0.83809146
224.68599987,0.00546133,0.00032224,0.01800000,0.58364799,0.20402897,0.85916691
224.78699994,0.00265332,0.00707247,0.01800000,0.58301114,0.22691081,0.84011262
224.88699985,0.00088776,0.00046031,0.01500000,0.59830078,0.21260032,0.81319661
224.98699999,0.00739136,0.00382724,0.00600000,0.57147839,0.21048930,0.77447513
225.08699989,0.01712702,0.00587581,0.00000000,0.56911478,0.20955230,0.78351672
225.18700004,0.01842906,0.00621449,0.00200000,0.57042526,0.20813843,0.78166864
225.28699994,0.01699879,0.00628023,0.00300000,0.61212499,0.21062445,0.77954892
225.38699985,0.01633138,0.00347219,0.00000000,0.62864929,0.21070257,0.78800916
225.48699999,0.01495369,0.00407397,0.00000000,0.63518393,0.20978654,0.76748072
225.58699989,0.01216546,0.00608290,0.00300000,0.61453652,0.20862573,0.77515511
225.68700004,0.01465447,0.00501762,0.00300000,0.58580860,0.20171221,0.77417319
225.78699994,0.01657140,0.00458681,0.00200000,0.59573072,0.19626797,0.75680991
225.88699985,0.01527263,0.00751311,0.00600000,0.61350234,0.21206440,0.74856509
225.98799992,0.01928064,0.00633615,0.00900000,0.63977190,0.20021959,0.77272729
226.08799982,0.02414686,0.00572793,0.00300000,0.63138983,0.20210760,0.75945963
226.18799996,0.01722894,0.00672411,0.00300000,0.64310262,0.21008657,0.77533792
226.28799987,0.01950757,0.00351495,0.00300000,0.66343602,0.19964437,0.77024744
226.38800001,0.01881709,0.00218334,0.00200000,0.67960290,0.18825239,0.76341421
226.48799992,0.02013883,0.00386360,0.00100000,0.66724342,0.19030561,0.74770675
226.58799982,0.01035380,0.00454410,0.01100000,0.65057191,0.19276070,0.76628436
226.68799996,0.01685416,0.00252535,0.00500000,0.64314254,0.19999526,0.76423986
226.78799987,0.01314203,0.00253518,0.01100000,0.65339933,0.19392565,0.78080222
226.88800001,0.00788128,0.00064453,0.01600000,0.66530834,0.19157170,0.83811662
226.98799992,0.01100811,0.00341635,0.01300000,0.65581215,0.20073638,0.83516228
227.08799982,0.01324065,0.00315992,0.00600000,0.64350776,0.20141014,0.74366160
227.18899989,0.01597300,0.00039148,0.00900000,0.64840779,0.19383186,0.75399909
227.28900003,0.01934673,0.00439818,0.01300000,0.65834858,0.19815929,0.79202420
227.38899994,0.02001398,0.00463254,0.00900000,0.67702454,0.19466154,0.75423767
227.48899984,0.02309811,0.00476732,0.00400000,0.68739916,0.19001127,0.75239781
227.58899999,0.02446594,0.00603970,0.00300000,0.68838816,0.18567714,0.73558056
227.68899989,0.02210848,0.00819665,0.00300000,0.70175243,0.19859104,0.76530608
227.78900003,0.02227677,0.01199981,0.00410000,0.71256702,0.21190509,0.74412438
227.88899994,0.02066239,0.01228925,0.00400000,0.66640945,0.21451280,0.75822382
227.98899984,0.01751913,0.01313774,0.00400000,0.67013754,0.20668175,0.77047464
228.08899999,0.01685821,0.01245716,0.00500000,0.69744488,0.20903531,0.76615150
228.18899989,0.01693353,0.00731476,0.00500000,0.68384945,0.20891054,0.74907444
228.28900003,0.01948466,0.00717412,0.00800000,0.70475155,0.20946359,0.76142016
228.38999987,0.02113230,0.00768934,0.01000000,0.66795127,0.20680170,0.77423163
228.49000001,0.01951137,0.00842594,0.01100000,0.67583170,0.20700950,0.77177022
228.58999991,0.01705196,0.00838992,0.00800000,0.66332445,0.19452894,0.75989771
228.68999982,0.01987644,0.01098077,0.00800000,0.66469178,0.19809071,0.73989995
228.78999996,0.01856786,0.01176667,0.01400000,0.70581744,0.20429471,0.76093920
228.88999987,0.02001402,0.01375677,0.01400000,0.68971537,0.21175626,0.76838089
228.99000001,0.01782441,0.00451003,0.00900000,0.69469451,0.20249417,0.76798011
229.08999991,0.01844240,0.00201441,0.01400000,0.68985482,0.19976166,0.76444481
229.18999982,0.01826433,0.00192720,0.01400000,0.68856706,0.19503659,0.77577030
229.28999996,0.01902052,0.00220680,0.01400000,0.69094724,0.20087135,0.76048550
229.38999987,0.02045016,0.00531423,0.01900000,0.70430831,0.20008167,0.81484160
229.49000001,0.02194114,0.00743279,0.01500000,0.69203639,0.21835678,0.75510320
229.59099984,0.02093511,0.00893875,0.01200000,0.70450712,0.21759238,0.76806954
229.69099998,0.02002113,0.01026714,0.01400000,0.73101356,0.21984753,0.78517751
229.79099989,0.01820767,0.00572806,0.02600000,0.73855189,0.21158252,0.80956588
229.89100003,0.01834977,0.00219683,0.02400000,0.73268542,0.20883876,0.79594422
229.99099994,0.01718309,0.00054890,0.02200000,0.70608408,0.20923811,0.78156461
230.09099984,0.01722581,0.00041408,0.01400000,0.72967635,0.20646561,0.72611605
230.19099998,0.01828767,0.00036209,0.01400000,0.71378804,0.19863113,0.72460557
230.29099989,0.01979336,0.00136852,0.01500000,0.75170835,0.20061765,0.72029023
230.39100003,0.02233424,0.00493982,0.01900000,0.72872630,0.20739423,0.72151308
230.49099994,0.02343881,0.00585082,0.01900000,0.72162128,0.21515346,0.70709797
230.59099984,0.02331734,0.00499916,0.01800000,0.74317150,0.21647099,0.69875108
230.69099998,0.02347487,0.00643276,0.01300000,0.74705083,0.23109185,0.69148881
230.79199982,0.02515476,0.00775486,0.01400000,0.77351062,0.23700405,0.66994364
230.89199996,0.02665712,0.00898487,0.01500000,0.76949689,0.24359928,0.69062016
230.99199986,0.02593822,0.00320451,0.01810000,0.77173315,0.21568724,0.69890134
231.09200001,0.02347216,0.00361496,0.01710000,0.76981889,0.21581653,0.68702216
231.19199991,0.02567525,0.00284284,0.02410000,0.75065114,0.21498608,0.73242219
231.29199982,0.02725303,0.00501323,0.02410000,0.75502042,0.21755123,0.75282013
231.39199996,0.02504817,0.00600244,0.02010000,0.75615175,0.22271052,0.68998107
231.49199986,0.02272803,0.00852390,0.02210000,0.77907703,0.22408134,0.67706216
231.59200001,0.02500656,0.00869206,0.02110000,0.79533413,0.22295252,0.66412578
231.69199991,0.02560523,0.00753806,0.01810000,0.80239011,0.23315848,0.69407824
231.79199982,0.02651773,0.00338524,0.02210000,0.82129318,0.23175490,0.71713264
231.89199996,0.02431104,0.00134663,0.02610000,0.81585021,0.22659859,0.76398621
231.99300003,0.02586611,0.00204061,0.02810000,0.82718115,0.22660687,0.76267043
232.09299994,0.02545166,0.00283955,0.02910000,0.78580915,0.21528985,0.77192588
232.19299984,0.02630932,0.00531224,0.02610000,0.76794474,0.21185558,0.73629725
232.29299998,0.02564524,0.00485508,0.02310000,0.78604776,0.20947731,0.69579392
232.39299989,0.02580943,0.00584151,0.02110000,0.78404407,0.20749247,0.69763438
232.49300003,0.02569399,0.00758411,0.02010000,0.78468092,0.21098307,0.66290451
232.59299994,0.02527287,0.00883017,0.02110000,0.81569583,0.21318742,0.67579187
232.69299984,0.02827422,0.01151383,0.02410000,0.84067231,0.21921444,0.67995902
232.79299998,0.02878046,0.01379474,0.01920000,0.81424447,0.23915339,0.65910700
232.89299989,0.03041400,0.01498962,0.01920000,0.79772353,0.22333861,0.67870655
232.99300003,0.02765685,0.00792647,0.01810000,0.79187416,0.20822905,0.66125658
233.09299994,0.02781503,0.00631856,0.01810000,0.81411696,0.20137671,0.64764503
233.19400001,0.02538561,0.00426974,0.02110000,0.79516650,0.19808376,0.65528126
233.29399991,0.02673301,0.00688449,0.02110000,0.81219932,0.21268236,0.67261863
233.39399981,0.02920890,0.00580431,0.02410000,0.78796732,0.20658171,0.68283037
233.49399996,0.02911325,0.00620635,0.02010000,0.80778104,0.20120866,0.67751862
233.59399986,0.02631788,0.00768566,0.01610000,0.83381107,0.20176096,0.67605802
233.69400001,0.02587306,0.01049688,0.01810000,0.84827050,0.20869657,0.67097550
233.79399991,0.02736071,0.01566306,0.02020000,0.83587473,0.21420762,0.67070386
233.89399981,0.02849652,0.01716387,0.01710000,0.83324518,0.21634962,0.65531370
233.99399996,0.02762906,0.01774613,0.01410000,0.85046028,0.21579726,0.63460475
234.09399986,0.02758960,0.02214756,0.02010000,0.86564339,0.22726434,0.65192973
234.19400001,0.02796793,0.01924304,0.02510000,0.84650081,0.23617225,0.68044554
234.29399991,0.03242018,0.02150864,0.02710000,0.85308292,0.23564529,0.69267652
234.39499998,0.03266050,0.02146956,0.02720000,0.87776662,0.22680944,0.69391306
234.49499989,0.03403004,0.02271754,0.02510000,0.86015342,0.22129019,0.69158170
234.59500003,0.03245900,0.02310201,0.02420000,0.84308320,0.21863628,0.70519413
234.69499993,0.02889371,0.02615805,0.03220000,0.84957982,0.22562930,0.74508945
234.79499984,0.02928098,0.02157925,0.04510000,0.84183885,0.21768996,0.76938678
234.89499998,0.02992515,0.02437591,0.05020000,0.80001419,0.22034541,0.79827785
234.99499989,0.03697579,0.02244707,0.06010000,0.86204483,0.22236477,0.78310940
235.09500003,0.03561876,0.02264319,0.05320000,0.86430081,0.21592142,0.76987418
235.19499993,0.03294507,0.02043532,0.05710000,0.88527248,0.22077177,0.76599790
235.29499984,0.03267910,0.01882462,0.05520000,0.86941302,0.21895821,0.76113508
235.39499998,0.03419164,0.01497939,0.05020000,0.84218101,0.21534314,0.77806875
235.49499989,0.02267989,0.01397972,0.05110000,0.78323065,0.20086917,0.77844876
235.59599996,0.02574677,0.01461587,0.05210000,0.77484661,0.21084200,0.81423566
235.69599986,0.03706240,0.02837038,0.06410000,0.80551478,0.21860493,0.84243766
235.79600000,0.03314053,0.01146104,0.04910000,0.77193675,0.18423883,0.84290146
235.89599991,0.03966840,0.00612440,0.06010000,0.79165078,0.17495704,0.85419072
235.99599981,0.04365958,0.00443858,0.06720000,0.82106701,0.18610765,0.84700322
236.09599996,0.03778401,0.00351970,0.06220000,0.82240868,0.18493193,0.83851038
236.19599986,0.03588382,0.00281447,0.05810000,0.81083441,0.18828474,0.85220006
236.29600000,0.03501108,0.00212234,0.04410000,0.81196544,0.18702999,0.83508612
236.39599991,0.03684213,0.00188351,0.03210000,0.79948336,0.18020027,0.79396209
236.49599981,0.04332157,0.00441494,0.03910000,0.78781121,0.18365173,0.79934721
236.59599996,0.04819829,0.00589020,0.04010000,0.77708642,0.19115192,0.77042787
236.69599986,0.02740567,0.00954199,0.04110000,0.73734164,0.18719581,0.79355951
236.79600000,0.02011222,0.00653824,0.04310000,0.67126799,0.17406717,0.83112219
236.89699984,0.01604405,0.00781015,0.04400000,0.64199117,0.17652031,0.85784079
236.99699998,0.01632883,0.02289169,0.03900000,0.62410429,0.19760937,0.80304558
237.09699988,0.02377715,0.03001378,0.03610000,0.62141780,0.20698501,0.80133464
237.19700003,0.01568876,0.03119091,0.03100000,0.59483411,0.20554324,0.79460396
237.29699993,0.01615409,0.02344238,0.02000000,0.59186983,0.19344522,0.74425224
237.39699984,0.01185034,0.01906015,0.01000000,0.60877954,0.19279190,0.73126115
237.49699998,0.00784760,0.00656545,0.01900000,0.56959498,0.18261185,0.72976160
237.59699988,0.00890544,0.00156946,0.02000000,0.57917937,0.18153637,0.73703741
237.69700003,0.00727681,0.00357044,0.01700000,0.59562360,0.18313666,0.74702055
237.79699993,0.01456226,0.00078776,0.03200000,0.58606287,0.18007110,0.75446564
237.89699984,0.01198571,0.00286755,0.02800000,0.62472169,0.18936285,0.75899090
237.99799991,0.00818166,0.00446211,0.01200000,0.63993486,0.18621053,0.72984515
238.09799981,0.00567349,0.00126946,0.01810000,0.60647104,0.18478024,0.77792866
238.19799995,0.00421841,0.00046374,0.01700000,0.60021291,0.19354481,0.80801417
238.29799986,0.00101906,0.00297011,0.03700000,0.57625085,0.19840617,0.87006296
238.39800000,0.00244654,0.00118929,0.03700000,0.61992912,0.19920707,0.85039414
238.49799991,0.00065977,0.00046336,0.03700000,0.64064806,0.20076581,0.84407151
238.59799981,0.00302121,0.00476679,0.03900000,0.65399903,0.20368319,0.86951150
238.69799995,0.00723192,0.01330486,0.03700000,0.68591760,0.22780858,0.82506306
238.79799986,0.00290624,0.00716685,0.01800000,0.67211640,0.21983577,0.72480524
238.89800000,0.01163839,0.00471570,0.01710000,0.70057303,0.22287257,0.69930438
238.99799991,0.00937011,0.00148359,0.01600000,0.69044558,0.21018049,0.69331360
239.09799981,0.00119217,0.00117845,0.02700000,0.67013954,0.20213920,0.68084968
239.19799995,0.00006847,0.00183448,0.02500000,0.65422074,0.20338661,0.68993573
239.29900002,0.00681169,0.04438751,0.03810000,0.66514279,0.25085803,0.73532599
239.39899993,0.01096302,0.01569784,0.04110000,0.66647133,0.22721196,0.75503812
239.49899983,0.01223151,0.01832130,0.04110000,0.67781849,0.22750395,0.74537652
239.59899998,0.00990301,0.03462861,0.03310000,0.70576008,0.24289469,0.75430417
239.69899988,0.00869804,0.01292533,0.02110000,0.70441775,0.21801151,0.71946222
239.79900002,0.00706863,0.03258595,0.01910000,0.71653632,0.23748205,0.70447697
239.89899993,0.00531659,0.01053489,0.01200000,0.70851047,0.21217342,0.73464174
239.99899983,0.01251194,0.01070801,0.01600000,0.76222860,0.21637422,0.71003788
240.09899998,0.01153594,0.02546394,0.01410000,0.77433940,0.24311193,0.72943260
240.19899988,0.01335351,0.00466518,0.00400000,0.78023512,0.20986001,0.72729208
240.29900002,0.01360988,0.01273660,0.01400000,0.81467422,0.23245791,0.74291107
240.39899993,0.01823800,0.01317062,0.01110000,0.84062708,0.23230215,0.76464880
240.50000000,0.02487490,0.00556948,0.00210000,0.82552822,0.21344453,0.75151731
240.59999990,0.02456071,0.00552915,0.00390000,0.83700557,0.20701237,0.75904193
240.70000005,0.02810302,0.00386654,0.00100000,0.85449800,0.21463910,0.75172962
240.79999995,0.02129461,0.01746310,0.00090000,0.84505496,0.24654585,0.73225946
240.89999986,0.02226797,0.02502833,0.01010000,0.82464524,0.25428005,0.74821396
241.00000000,0.01837213,0.01306311,0.01810000,0.78740882,0.23561287,0.76182084
241.09999990,0.01337845,0.00524091,0.02010000,0.78985600,0.21824785,0.76793559
241.20000005,0.02078310,0.00788877,0.02310000,0.79679237,0.21437090,0.76615883
241.29999995,0.02745932,0.00601960,0.03610000,0.80335653,0.20981478,0.75621800
241.39999986,0.02574168,0.00872846,0.03210000,0.81922917,0.20328313,0.73607413
241.50000000,0.01770397,0.00754316,0.02010000,0.79406588,0.19534302,0.75566624
241.59999990,0.02201354,0.00480977,0.01800000,0.79766792,0.19125575,0.70437699
241.70099998,0.01977567,0.00523575,0.01310000,0.78202600,0.18887290,0.69293495
241.80099988,0.01500409,0.00336561,0.00800000,0.74971165,0.18396279,0.69948903
241.90100002,0.01458271,0.00596024,0.01810000,0.74308502,0.18316545,0.73595355
242.00099993,0.00924594,0.00167411,0.01710000,0.72079885,0.17629840,0.74110352
242.10099983,0.00534214,0.00939955,0.00200000,0.71451844,0.19022767,0.74070490
242.20099998,0.00738573,0.01497935,0.00600000,0.72961532,0.21630588,0.78130233
242.30099988,0.01008908,0.01147565,0.01100000,0.74024324,0.21370052,0.81148591
242.40100002,0.00761531,0.00219251,0.00100000,0.75050083,0.19347000,0.81725280
242.50099993,0.01030507,0.00329478,0.01100000,0.76513912,0.19128035,0.79210907
242.60099983,0.00933440,0.00558112,0.02300000,0.75451526,0.19250193,0.83153447
242.70099998,0.01409874,0.01011857,0.03200000,0.75366934,0.21593918,0.83267085
242.80200005,0.01027851,0.00701157,0.02500000,0.76469504,0.20563647,0.83841336
242.90199995,0.00340548,0.00937298,0.02400000,0.74611138,0.23073131,0.82101058
243.00199986,0.00087404,0.01199025,0.02100000,0.75838552,0.23820441,0.79848865
243.10200000,0.00105758,0.01163321,0.01700000,0.75022464,0.23354314,0.77681299
243.20199990,0.00179041,0.00864028,0.01100000,0.77140051,0.22573807,0.77053512
243.30200005,0.00590187,0.00029643,0.00600000,0.78045125,0.20606561,0.79606691
243.40199995,0.00754208,0.00347807,0.00400000,0.82048564,0.20884086,0.77261855
243.50199986,0.00848571,0.00249855,0.00490000,0.79621393,0.20899010,0.75976758
243.60200000,0.01115237,0.00586726,0.00200000,0.80127324,0.20746099,0.74885731
243.70199990,0.00791539,0.00893961,0.00700000,0.77444313,0.22499200,0.74273106
243.80200005,0.00720868,0.00656924,0.01100000,0.73774630,0.20047516,0.75634231
243.90199995,0.00754260,0.00259408,0.01400000,0.74101029,0.19368590,0.76416469
244.00300002,0.00970981,0.00078720,0.00900000,0.75128410,0.19399505,0.71255616
244.10299993,0.01007250,0.00149824,0.01210000,0.74634231,0.19610596,0.69713062
244.20299983,0.00993714,0.00122609,0.01100000,0.73481384,0.19338852,0.68296344
244.30299997,0.00518821,0.00004999,0.00200000,0.75081613,0.19173811,0.68852423
244.40299988,0.00618220,0.00133805,0.00500000,0.75478001,0.19190602,0.69250530
244.50300002,0.00862768,0.00047230,0.01100000,0.77432333,0.19258552,0.70497714
244.60299993,0.01235543,0.00394885,0.02800000,0.79698623,0.20332358,0.78452465
244.70299983,0.01818529,0.00198878,0.03310000,0.83263873,0.20336042,0.80426201
244.80299997,0.02228903,0.00824616,0.01610000,0.81056774,0.22803584,0.74900039
244.90299988,0.02558361,0.00971179,0.02210000,0.80815413,0.23119728,0.78977534
245.00300002,0.01956051,0.00787377,0.02810000,0.78966722,0.22831381,0.77901908
245.10299993,0.01964545,0.00129466,0.04300000,0.80068062,0.20957270,0.76817113
245.20400000,0.01525439,0.00039204,0.02800000,0.73299684,0.21236097,0.74596792
245.30399990,0.01419363,0.00299682,0.02700000,0.68921066,0.21301281,0.73686057
245.40400004,0.02313750,0.00308158,0.03400000,0.72844331,0.21558816,0.73308182
245.50399995,0.02385054,0.00343970,0.03500000,0.71420621,0.21954534,0.74708613
245.60399985,0.02241148,0.00055288,0.02400000,0.70485621,0.21708726,0.71873538
245.70400000,0.01879959,0.00321021,0.01500000,0.66591418,0.22607235,0.71888190
245.80399990,0.01632699,0.00474968,0.02010000,0.65904448,0.21960657,0.71302598
245.90400004,0.01752595,0.00064105,0.02410000,0.67182884,0.21661947,0.70901341
246.00399995,0.01613436,0.00411492,0.01210000,0.67720194,0.20160712,0.70871806
246.10399985,0.01659875,0.00635070,0.00610000,0.66844477,0.20777032,0.71563264
246.20400000,0.01749319,0.00657178,0.00510000,0.67196789,0.21285829,0.71805868
246.30399990,0.02267613,0.00023053,0.02810000,0.65595702,0.20523242,0.77528004
246.40499997,0.02132488,0.00109057,0.02310000,0.67927853,0.20746164,0.69037278
246.50499988,0.02181458,0.00144710,0.02410000,0.68228365,0.20315205,0.69722868
246.60500002,0.02303839,0.00096566,0.02710000,0.71058796,0.20556327,0.71994900
246.70499992,0.01986769,0.00527019,0.01210000,0.70000526,0.21226865,0.71239793
246.80499983,0.01739120,0.00815759,0.00910000,0.70785254,0.22923403,0.73639946
246.90499997,0.01837957,0.00775639,0.00510000,0.70681058,0.23015241,0.72858289
247.00499988,0.01925411,0.00413877,0.01010000,0.72008041,0.21415738,0.71719853
247.10500002,0.01946792,0.01076151,0.01600000,0.72003553,0.23305409,0.75876484
247.20499992,0.01564142,0.00608572,0.02500000,0.72449720,0.21477663,0.78171781
247.30499983,0.01588448,0.01011352,0.01310000,0.76061048,0.23050085,0.77720596
247.40499997,0.01691922,0.01127077,0.01300000,0.77251851,0.24007146,0.76387984
247.50499988,0.02040594,0.01152595,0.01800000,0.74893928,0.23695973,0.74696431
247.60599995,0.02548825,0.00828003,0.02210000,0.71634628,0.23134340,0.77207254
247.70599985,0.01955983,0.00320983,0.02200000,0.68942838,0.20837935,0.75718553
247.80599999,0.01623526,0.00904081,0.02500000,0.68701380,0.22416719,0.76758921
247.90599990,0.02101428,0.00740068,0.03100000,0.71934100,0.21394989,0.77523603
248.00600004,0.02368320,0.01152892,0.03210000,0.73852737,0.22775966,0.81308949
248.10599995,0.02777526,0.00673685,0.04300000,0.73430586,0.20645317,0.86825568
248.20599985,0.02685987,0.00863465,0.03500000,0.75100918,0.20962675,0.86286523
248.30599999,0.02762651,0.00133268,0.03910000,0.76938614,0.20618339,0.85593786
248.40599990,0.03153139,0.00405230,0.04810000,0.82054477,0.20998718,0.89957654
248.50600004,0.02960557,0.00017420,0.02910000,0.84437265,0.20191757,0.80541764
248.60599995,0.03094082,0.00068243,0.02810000,0.85519156,0.20103687,0.76667133
248.70599985,0.03396508,0.00183664,0.02610000,0.85365270,0.20659500,0.75762997
248.80699992,0.03970517,0.00362204,0.03510000,0.90780980,0.20287553,0.76737358
248.90699983,0.02677385,0.00379618,0.05410000,0.83522216,0.20659819,0.82410244
249.00699997,0.02325095,0.00220073,0.04200000,0.82679653,0.20148387,0.77433398
249.10699987,0.02344753,0.00456764,0.05710000,0.80805466,0.21407279,0.82695458
249.20700002,0.02771489,0.00352346,0.05510000,0.81901941,0.21992024,0.82430782
249.30699992,0.03251286,0.00277196,0.05010000,0.80797047,0.22278440,0.81830379
249.40699983,0.04250273,0.00056392,0.04810000,0.87460296,0.21496290,0.81582048
249.50699997,0.04184972,0.00618474,0.04110000,0.83628541,0.21786762,0.77126122
249.60699987,0.04628442,0.00619374,0.04010000,0.85246833,0.22201238,0.80345264
249.70700002,0.04730526,0.00765130,0.03920000,0.83412407,0.21860944,0.81161988
249.80699992,0.04373816,0.01437300,0.04010000,0.86530280,0.22595792,0.82785344
249.90699983,0.03405797,0.01696187,0.04610000,0.84449354,0.22458822,0.85623234
250.00799990,0.03671188,0.01724407,0.04900000,0.87679085,0.22915233,0.87633899
250.10800004,0.03672607,0.01360315,0.05110000,0.87617427,0.22260187,0.87497387
250.20799994,0.04057890,0.01358687,0.05010000,0.94668313,0.22448061,0.87442439
250.30799985,0.04216360,0.01035378,0.05010000,0.94129183,0.22356906,0.85807746
250.40799999,0.02904885,0.00970642,0.04410000,0.85902807,0.22509304,0.80224459
250.50799990,0.03571597,0.01160085,0.04510000,0.84847557,0.22614471,0.79960936
250.60800004,0.04043860,0.01429263,0.04510000,0.91910802,0.22738132,0.82637506
250.70799994,0.03924574,0.01311571,0.04010000,0.90374527,0.23261677,0.82139617
250.80799985,0.04346310,0.01721652,0.04310000,0.95057596,0.23598944,0.81549460
250.90799999,0.03630024,0.02442565,0.05010000,0.89677983,0.25977415,0.86035297
251.00799990,0.03908864,0.02521365,0.05110000,0.90022023,0.24633072,0.87359595
251.10800004,0.03407452,0.03024941,0.04400000,0.84157912,0.24832177,0.78908236
251.20899987,0.03018047,0.02291963,0.04900000,0.84313617,0.24066704,0.82870217
251.30900002,0.03034795,0.03581511,0.04920000,0.81925398,0.26035938,0.77335431
251.40899992,0.03512015,0.02415586,0.05100000,0.85633705,0.24423351,0.79680506
251.50899982,0.03308917,0.01822517,0.04910000,0.82719643,0.22212111,0.78829679
251.60899997,0.03071789,0.04714171,0.04810000,0.80418555,0.26013957,0.77188520
251.70899987,0.04055927,0.01724602,0.05300000,0.80599307,0.21822429,0.84454643
251.80900002,0.03849352,0.04597596,0.04320000,0.80415448,0.25225744,0.78504396
251.90899992,0.03646050,0.02950410,0.03700000,0.79593275,0.24517391,0.77677858
252.00899982,0.03966621,0.03009670,0.03810000,0.80644891,0.25155490,0.76396315
252.10899997,0.02614463,0.04206850,0.04720000,0.77393359,0.26179890,0.74264677
252.20899987,0.02401713,0.02557299,0.04700000,0.77698920,0.23266031,0.74722717
252.30900002,0.01991248,0.04089075,0.03510000,0.77835070,0.25722053,0.73646068
252.40999985,0.02186191,0.03700807,0.02820000,0.80067099,0.24882891,0.71488871
252.50999999,0.02327814,0.03626083,0.02810000,0.78207971,0.24786869,0.70431122
252.60999990,0.02924892,0.03458252,0.02310000,0.78677625,0.24652637,0.69511994
252.71000004,0.03182300,0.03680131,0.02820000,0.76229107,0.25057552,0.66414259
252.80999994,0.03427632,0.03424520,0.02220000,0.77296342,0.24813986,0.64414738
252.90999985,0.03801176,0.03313180,0.01020000,0.77621197,0.24621989,0.61823218
253.00999999,0.04490624,0.03005194,0.01020000,0.79250545,0.24724382,0.62132908
253.10999990,0.04362622,0.01688234,0.01720000,0.81205608,0.21630364,0.60258499
253.21000004,0.04881068,0.01773860,0.01820000,0.79736740,0.21958439,0.60840874
253.30999994,0.03204855,0.01443989,0.00920000,0.77605959,0.20628053,0.63162929
253.40999985,0.03541564,0.01380479,0.01210000,0.79836524,0.20303781,0.62000458
253.50999999,0.04321098,0.02355124,0.04010000,0.80595846,0.21257824,0.64387062
253.61099982,0.04617092,0.02457694,0.03520000,0.78876892,0.20943489,0.67938708
253.71099997,0.05181430,0.02060796,0.03410000,0.83527680,0.20749074,0.68328723
253.81099987,0.05244601,0.01324938,0.04420000,0.83107589,0.20291246,0.69350953
253.91100001,0.04863173,0.01540437,0.04720000,0.81168051,0.21258656,0.68880450
254.01099992,0.03748139,0.02290143,0.05210000,0.81692860,0.21332191,0.68280666
254.11099982,0.03985370,0.02353642,0.05620000,0.81017077,0.21804988,0.67524774
254.21099997,0.04101692,0.02455896,0.05420000,0.83827460,0.22335733,0.69164053
254.31099987,0.04620511,0.02055792,0.06220000,0.83357866,0.22318611,0.75279211
254.41100001,0.04473610,0.01991610,0.06110000,0.82803352,0.20758547,0.80003651
254.51099992,0.04636466,0.02860364,0.06020000,0.79471775,0.22652022,0.79182812
254.61099982,0.04932443,0.03203999,0.06120000,0.84472570,0.22506076,0.79525809
254.71099997,0.05221041,0.03670862,0.06720000,0.83894022,0.23469237,0.79279209
254.81200004,0.04633882,0.02710487,0.06120000,0.83225639,0.22790236,0.78348865
254.91199994,0.04230113,0.02270296,0.05710000,0.77715173,0.21190987,0.79086959
255.01199985,0.04625878,0.02397030,0.05710000,0.81478841,0.22334417,0.78824431
255.11199999,0.05344162,0.01763642,0.06220000,0.82959782,0.19607492,0.80776482
255.21199989,0.05510539,0.01680257,0.06320000,0.83915377,0.19377515,0.81784694
255.31200004,0.05811668,0.00696786,0.05420000,0.85265720,0.18459575,0.80664755
255.41199994,0.06304249,0.01137076,0.06220000,0.84347555,0.18136998,0.79788897
255.51199985,0.06876170,0.01246909,0.06920000,0.84308890,0.19100247,0.81973202
255.61199999,0.07186434,0.01120791,0.06020000,0.84793795,0.19427678,0.82454838
255.71199989,0.07241400,0.00969083,0.05820000,0.85034993,0.18714329,0.82144322
255.81200004,0.05429733,0.01505092,0.06910000,0.83009530,0.19408606,0.83065206
255.91199994,0.05573056,0.01466576,0.07420000,0.83104321,0.19553983,0.81887189
256.01300001,0.05183013,0.01570628,0.08220000,0.80988730,0.20130368,0.83217541
256.11299992,0.05568277,0.01541262,0.07920000,0.81072215,0.19522097,0.83226394
256.21299982,0.05374340,0.01195731,0.07120000,0.79143824,0.19008914,0.83337238
256.31299996,0.03704968,0.01913770,0.05820000,0.73687958,0.20592457,0.85525392
256.41299987,0.02576842,0.02561950,0.05110000,0.73763203,0.21402941,0.77776859
256.51300001,0.02555513,0.02405547,0.04910000,0.70393474,0.21093385,0.80758276
256.61299992,0.02425393,0.02440342,0.04710000,0.72462738,0.21498427,0.81076324
256.71299982,0.02851157,0.01255150,0.04910000,0.76096386,0.19100383,0.79306585
256.81299996,0.02251940,0.01219002,0.03010000,0.74833882,0.18718495,0.75586435
256.91299987,0.03375399,0.01152251,0.03810000,0.74768548,0.17866349,0.75001404
257.01300001,0.03349064,0.01093924,0.03810000,0.72884269,0.17234767,0.75491061
257.11299992,0.01156805,0.00703066,0.04300000,0.70694541,0.17476361,0.76920431
257.21399999,0.01036664,0.00630498,0.04310000,0.70678965,0.18020861,0.74384473
257.31399989,0.01377827,0.00468286,0.02510000,0.71891986,0.17398768,0.74378320
257.41400003,0.01324795,0.00396254,0.02410000,0.72601487,0.16814441,0.74233395
257.51399994,0.00824657,0.00320065,0.02000000,0.73562414,0.17568286,0.71896770
257.61399984,0.00234144,0.00194876,0.02400000,0.74151365,0.17205272,0.72540483
257.71399999,0.00070302,0.00170463,0.02800000,0.73242624,0.17060222,0.75304034
257.81399989,0.00246112,0.00020709,0.03300000,0.76201085,0.16250232,0.76772868
257.91400003,0.00818666,0.00773166,0.03100000,0.77252742,0.16672709,0.75874009
258.01399994,0.00265514,0.01076291,0.02400000,0.79563373,0.17161795,0.75329360
258.11399984,0.00810216,0.00746425,0.01590000,0.79398499,0.16903266,0.77596855
258.21399999,0.00926374,0.00849430,0.01390000,0.77422422,0.17853092,0.79434338
258.31399989,0.00416844,0.00248879,0.02500000,0.77594125,0.17754642,0.79529420
258.41499996,0.00577692,0.00257629,0.02400000,0.77958240,0.17753758,0.79971573
258.51499987,0.00774516,0.00270415,0.03500000,0.80114988,0.17433801,0.80526277
258.61500001,0.00744803,0.00744425,0.03900000,0.78967529,0.17120873,0.81219018
258.71499991,0.01225704,0.01386596,0.03890000,0.79635971,0.17198551,0.83752624
258.81499982,0.02235131,0.02142776,0.05800000,0.79548230,0.19384814,0.90113583
258.91499996,0.02553849,0.02149152,0.06700000,0.81376728,0.18836252,0.90974004
259.01499987,0.02108868,0.01533354,0.06400000,0.81281573,0.16679507,0.92956801
259.11500001,0.01138433,0.00522273,0.05500000,0.80714516,0.14706263,0.89012444
259.21499991,0.01429126,0.00520865,0.05400000,0.78768293,0.14994099,0.88466436
259.31499982,0.01037612,0.00012689,0.05200000,0.75923951,0.15056993,0.87509881
259.41499996,0.01690110,0.00814389,0.05290000,0.78143541,0.16441538,0.87237444
259.51499987,0.01982795,0.01147790,0.05690000,0.75387115,0.17039221,0.84827024
259.61599994,0.02782596,0.01068296,0.05390000,0.78169791,0.16798615,0.84623451
259.71599984,0.03633056,0.01220615,0.04990000,0.76004081,0.15935812,0.86329169
259.81599998,0.03872744,0.00783806,0.03790000,0.79333385,0.15524299,0.81981842
259.91599989,0.03799406,0.01166926,0.04290000,0.81057488,0.16556660,0.87944473
260.01600003,0.04520527,0.00552119,0.03480000,0.81057843,0.16313288,0.82457184
260.11599994,0.05071047,0.00067676,0.03080000,0.80811685,0.15303706,0.81672967
260.21599984,0.05423296,0.00195872,0.02880000,0.82070156,0.15201573,0.81355254
260.31599998,0.05601605,0.00246823,0.03480000,0.82089888,0.15200271,0.83627097
260.41599989,0.05078394,0.01183688,0.02680000,0.84132372,0.16749680,0.82100756
260.51600003,0.05230516,0.01524827,0.02580000,0.80082090,0.17408647,0.83302674
260.61599994,0.04891874,0.01726027,0.01890000,0.77129848,0.17494753,0.80994186
260.71599984,0.06441108,0.01863498,0.00280000,0.79443183,0.18296089,0.80269016
260.81599998,0.07764709,0.01785662,0.00370000,0.80661831,0.18513710,0.76767146
260.91699982,0.07482524,0.02031044,0.01080000,0.78131981,0.18646861,0.75951945
261.01699996,0.08120524,0.02367275,0.00770000,0.77674605,0.20358241,0.74343697
261.11699986,0.04899336,0.03846623,0.00280000,0.73129492,0.21858131,0.74646373
261.21700001,0.04313016,0.04279485,0.00020000,0.73475042,0.23074327,0.72740140
261.31699991,0.05672330,0.02725577,0.02280000,0.74441536,0.21217201,0.73221510
261.41699982,0.05539994,0.02503791,0.02680000,0.71979808,0.20981397,0.74517611
261.51699996,0.05900210,0.02743633,0.01880000,0.72941594,0.21945709,0.73792853
261.61699986,0.04542360,0.02297817,0.02280000,0.67845422,0.20888926,0.76170457
261.71700001,0.05340042,0.02370074,0.01580000,0.72113252,0.20234316,0.74517091
261.81699991,0.03561329,0.02187289,0.02690000,0.66378571,0.20482552,0.73329097
261.91699982,0.04140533,0.01988213,0.03190000,0.66351384,0.20510417,0.75001018
262.01699996,0.04490454,0.01882346,0.03080000,0.66621922,0.21056817,0.73717818
262.11800003,0.03913686,0.01797404,0.04590000,0.65388068,0.21771793,0.76028993
262.21799994,0.04074173,0.01772460,0.04580000,0.65414984,0.22419893,0.77886352
262.31799984,0.04527818,0.01088375,0.04280000,0.67594015,0.21336158,0.79148093
262.41799998,0.03793492,0.00724649,0.05390000,0.70264083,0.21267927,0.85041112
262.51799989,0.02585484,0.01442384,0.05690000,0.67557222,0.21674165,0.83828280
262.61800003,0.01970722,0.01682484,0.05790000,0.68847581,0.22202585,0.84800297
262.71799994,0.02136703,0.01646997,0.05390000,0.69435931,0.22528099,0.78438983
262.81799984,0.01468254,0.02220975,0.05290000,0.70347210,0.23779737,0.73828177
262.91799998,0.01959515,0.02574180,0.04390000,0.69534138,0.24706243,0.72821843
263.01799989,0.01179399,0.02272359,0.05690000,0.68670792,0.24875427,0.75470150
263.11800003,0.00638871,0.02414693,0.06100000,0.68086538,0.24690422,0.82975233
263.21799994,0.00643593,0.02450263,0.06090000,0.67480440,0.25275144,0.82805005
263.31900001,0.00938334,0.04632810,0.06110000,0.69033125,0.28082768,0.83334666
263.41899991,0.01124165,0.03684054,0.04100000,0.69167547,0.26469063,0.75258274
263.51899981,0.00423098,0.04113817,0.02890000,0.67900244,0.26713640,0.74893156
263.61899996,0.01088567,0.02935476,0.03410000,0.75592536,0.26083008,0.75129991
263.71899986,0.01812397,0.04302803,0.04100000,0.77370906,0.27467267,0.79302767
263.81900001,0.03578218,0.02046376,0.04710000,0.78501227,0.23429741,0.78141137
263.91899991,0.05815590,0.05201087,0.04710000,0.81425528,0.28263497,0.80650143
264.01899981,0.05794340,0.04591233,0.05700000,0.83023609,0.28126532,0.82045062
264.11899996,0.06158497,0.02964695,0.06720000,0.87154782,0.26458924,0.83079684
264.21899986,0.06567790,0.04593107,0.06710000,0.85820954,0.28125666,0.81392181
264.31900001,0.06671779,0.02699233,0.07730000,0.87832329,0.25193111,0.88387937
264.41899991,0.06628879,0.05083912,0.06810000,0.88513357,0.27740926,0.79988405
264.51999998,0.06869378,0.02365618,0.06430000,0.89764011,0.23774212,0.80707893
264.61999989,0.06761336,0.02849094,0.05930000,0.88753003,0.25360988,0.80381991
264.72000003,0.06895662,0.02872690,0.05830000,0.86748940,0.25002268,0.81412797
264.81999993,0.05849555,0.02906219,0.06820000,0.86721745,0.25091615,0.83655892
264.91999984,0.06649872,0.02071062,0.07120000,0.85566618,0.22895453,0.82567706
265.01999998,0.06983626,0.01520218,0.07120000,0.86518132,0.22930424,0.83095083
265.11999989,0.09122848,0.01251458,0.08030000,0.91427894,0.22366380,0.86690353
265.22000003,0.08198823,0.01180256,0.07730000,0.89466718,0.22122557,0.76721692
265.31999993,0.08849913,0.01313444,0.07720000,0.88963612,0.22650604,0.77147676
265.41999984,0.09512478,0.01296634,0.07730000,0.86911311,0.23050156,0.77699933
265.51999998,0.09670490,0.01230171,0.07830000,0.85990773,0.22664813,0.77050160
265.61999989,0.09209993,0.01264172,0.07630000,0.86413809,0.22615910,0.74123688
265.72000003,0.09203562,0.01143739,0.07730000,0.84558254,0.22678865,0.77198473
265.82099986,0.09589436,0.01373468,0.08630000,0.84259791,0.23536478,0.82736548
265.92100000,0.09710392,0.01377819,0.08930000,0.79845754,0.23743136,0.82555663
266.02099991,0.09706125,0.01404150,0.09030000,0.82359075,0.23932788,0.82102015
266.12099981,0.09683940,0.01725779,0.09540000,0.82034419,0.23750210,0.82050137
266.22099996,0.09879265,0.01867920,0.09630000,0.81345397,0.23787805,0.80999631
266.32099986,0.09255251,0.02154071,0.09930000,0.83689362,0.25446624,0.81336516
266.42100000,0.09471657,0.01080705,0.09730000,0.83725113,0.23817516,0.82012425
266.52099991,0.09485048,0.01116716,0.09830000,0.86050960,0.23981645,0.82022069
266.62099981,0.09081146,0.01263678,0.08530000,0.84268315,0.24241552,0.79860801
266.72099996,0.08941877,0.01335867,0.08430000,0.79942207,0.24258507,0.77657443
266.82099986,0.08430403,0.01868370,0.08330000,0.79167724,0.26278539,0.71577190
266.92100000,0.08565416,0.00317577,0.07620000,0.79488088,0.24031048,0.73401846
267.02199984,0.08741578,0.00199039,0.07830000,0.78277496,0.23146567,0.74092982
267.12199998,0.08637875,0.00128126,0.07320000,0.75614422,0.22870152,0.67277556
267.22199988,0.08396538,0.00138049,0.06930000,0.74386242,0.22849997,0.67892173
267.32200003,0.08421083,0.00663525,0.07020000,0.76005086,0.22771383,0.70429140
267.42199993,0.08232357,0.00952418,0.07420000,0.74317119,0.23132594,0.75010524
267.52199984,0.07915574,0.00641313,0.05820000,0.74810802,0.22557998,0.71335234
267.62199998,0.07765657,0.00459967,0.04820000,0.76378126,0.22892917,0.70859632
267.72199988,0.07260572,0.00484347,0.04420000,0.74270496,0.22516663,0.71824475
267.82200003,0.07067925,0.01157512,0.05620000,0.75060268,0.23028143,0.72045128
267.92199993,0.06285113,0.01144968,0.05020000,0.75387831,0.23806273,0.68628652
268.02199984,0.05053382,0.00306482,0.04820000,0.71449610,0.23066792,0.69359222
268.12199998,0.04718643,0.00354551,0.05320000,0.71157760,0.22701726,0.67207711
268.22299981,0.04208760,0.00346901,0.05310000,0.69953716,0.23008527,0.70767132
268.32299995,0.03783510,0.00305865,0.05410000,0.68271747,0.22107267,0.74058345
268.42299986,0.03525029,0.00043254,0.04210000,0.69967999,0.20838853,0.72149669
268.52300000,0.03250254,0.00380854,0.04210000,0.70905578,0.21556114,0.69929712
268.62299991,0.02399523,0.01259559,0.04610000,0.70268583,0.23718373,0.67720329
268.72299981,0.01898413,0.01485439,0.04410000,0.69009938,0.23634813,0.68702103
268.82299995,0.01342950,0.01705575,0.04510000,0.68925108,0.23163073,0.64437139
268.92299986,0.01070362,0.01383952,0.05100000,0.70060373,0.21899862,0.64899176
269.02300000,0.00626789,0.01152447,0.05310000,0.74413723,0.21413859,0.67051780
269.12299991,0.00421164,0.01350045,0.04810000,0.74160012,0.21225707,0.65431076
269.22299981,0.00274949,0.01685349,0.04100000,0.74310494,0.21569241,0.63944302
269.32299995,0.00042605,0.01265024,0.04500000,0.73237802,0.22551704,0.63789105
269.42299986,0.00074679,0.01304654,0.04400000,0.72696487,0.22955098,0.63729243
269.52399993,0.00285060,0.01296009,0.03610000,0.69971722,0.22265284,0.60120569
269.62399983,0.00950736,0.01274167,0.02900000,0.68714601,0.22882731,0.63027465
269.72399998,0.01329407,0.01391430,0.02500000,0.68627322,0.23311867,0.62604298
269.82399988,0.00024194,0.01481052,0.02600000,0.68469762,0.22947331,0.66054917
269.92400002,0.00222328,0.01927867,0.02210000,0.70574145,0.23238781,0.69594681
270.02399993,0.00728625,0.01966826,0.02000000,0.69631545,0.23622630,0.67748874
270.12399983,0.00513484,0.01944334,0.01800000,0.70358167,0.23881159,0.68918213
270.22399998,0.00801123,0.01352591,0.02900000,0.73425210,0.23696668,0.70581589
270.32399988,0.00093778,0.00436470,0.02600000,0.70004246,0.22265705,0.72228837
270.42400002,0.00288529,0.00548772,0.01600000,0.70315038,0.22729122,0.70083980
270.52399993,0.00546440,0.00185482,0.01600000,0.70059142,0.22492696,0.67838262
270.62399983,0.00172157,0.00338913,0.00500000,0.69202385,0.22642581,0.66977931
270.72499990,0.00222025,0.00308553,0.00300000,0.66192154,0.21809852,0.68431997
270.82500005,0.01622297,0.00854313,0.01300000,0.70107660,0.22758519,0.67294907
270.92499995,0.02085427,0.00296640,0.00890000,0.75553119,0.22584664,0.65469916
271.02499986,0.02227877,0.00268262,0.00690000,0.72762820,0.22599473,0.68653056
271.12500000,0.00656731,0.00557140,0.01800000,0.65216352,0.22927767,0.69750226
271.22499990,0.00461773,0.00864446,0.02300000,0.64253194,0.23616902,0.71079088
271.32500005,0.00224784,0.00627034,0.01600000,0.63576800,0.23218062,0.69410567
271.42499995,0.01220131,0.00058985,0.01090000,0.67098574,0.22985306,0.71815449
271.52499986,0.00989041,0.00264949,0.01090000,0.67008045,0.23826511,0.74926430
271.62500000,0.02506411,0.00835525,0.00790000,0.74824661,0.23969559,0.73991784
271.72499990,0.02503895,0.00730827,0.01190000,0.73083620,0.23306620,0.77155963
271.82500005,0.01926931,0.01128820,0.03390000,0.74005877,0.24250825,0.85225903
271.92499995,0.01966580,0.01248624,0.03590000,0.75053142,0.24601688,0.88956866
272.02600002,0.01884375,0.01058834,0.02890000,0.75083290,0.24373417,0.89614006
272.12599993,0.01327709,0.00479154,0.03700000,0.74361182,0.23161318,0.90005130
272.22599983,0.01833626,0.00456415,0.04400000,0.75424145,0.22852875,0.90428051
272.32599998,0.01494596,0.00088788,0.04590000,0.75282389,0.22373822,0.88912533
272.42599988,0.01510072,0.00166383,0.04390000,0.75632487,0.21526076,0.88321157
272.52600002,0.01467587,0.00402973,0.03790000,0.75857359,0.21623093,0.88415729
272.62599993,0.02057945,0.01312502,0.03290000,0.76732128,0.23017606,0.88402127
272.72599983,0.02070330,0.01419941,0.03390000,0.78497009,0.22769913,0.85402143
272.82599998,0.01785117,0.01318733,0.03600000,0.79235530,0.21970670,0.87901645
272.92599988,0.01670373,0.01586333,0.03090000,0.80141424,0.22257027,0.89166763
273.02600002,0.01075657,0.02045474,0.03090000,0.73426256,0.23004604,0.88408545
273.12599993,0.00862216,0.01869193,0.02000000,0.73313712,0.21871308,0.83137836
273.22700000,0.00875610,0.01864888,0.02090000,0.72463739,0.23060827,0.81889006
273.32699990,0.00499859,0.02706463,0.01390000,0.71942821,0.24958777,0.79957104
273.42700005,0.00662712,0.03374568,0.00890000,0.72871559,0.25374547,0.75921231
273.52699995,0.00556753,0.03624007,0.00790000,0.71849359,0.25181763,0.73468972
273.62699986,0.02266118,0.02808257,0.01090000,0.80658964,0.24741898,0.71196435
273.72700000,0.02099121,0.02913862,0.00990000,0.79942098,0.24392112,0.67997008
273.82699990,0.00737233,0.03631940,0.01000000,0.76241174,0.25907331,0.64606896
273.92700005,0.00862715,0.03865840,0.01500000,0.75245399,0.26142793,0.64087659
274.02699995,0.01998252,0.03773790,0.01800000,0.79612829,0.26264362,0.63125653
274.12699986,0.02243431,0.03894498,0.01800000,0.81173222,0.25981855,0.61680432
274.22700000,0.00431902,0.02480133,0.01000000,0.76975467,0.22982886,0.59854820
274.32699990,0.01037671,0.02774246,0.00990000,0.78286248,0.23230974,0.60018527
274.42799997,0.00850954,0.02714015,0.01600000,0.79034990,0.22889630,0.62672058
274.52799988,0.01559845,0.02840666,0.01700000,0.83358804,0.22548997,0.59878787
274.62800002,0.01134186,0.02397107,0.01390000,0.76146302,0.21855068,0.54737747
274.72799993,0.01153744,0.02330531,0.01300000,0.74837736,0.21374974,0.58211679
274.82799983,0.00396932,0.02610545,0.00300000,0.73649002,0.22293319,0.55557729
274.92799997,0.00372767,0.02655945,0.00300000,0.72946122,0.21603515,0.54704482
275.02799988,0.00542807,0.02510908,0.01800000,0.71918315,0.21446532,0.55286711
275.12800002,0.00736590,0.02630026,0.02890000,0.71287242,0.21511107,0.55156668
275.22799993,0.00851540,0.02563568,0.03090000,0.69294112,0.22213648,0.58413808
275.32799983,0.00061587,0.02441272,0.01900000,0.68203653,0.22314570,0.59097899
275.42799997,0.00524044,0.02539976,0.01700000,0.66696654,0.22407184,0.60851365
275.52799988,0.00396324,0.02581807,0.01790000,0.70303862,0.22973937,0.59458757
275.62800002,0.00712473,0.02173127,0.02800000,0.69485302,0.22629889,0.58697564
275.72899985,0.00628057,0.02035963,0.02800000,0.70383781,0.22862316,0.61639140
275.82900000,0.00921728,0.04431074,0.04310000,0.70009463,0.25699598,0.64257110
275.92899990,0.01532019,0.04177250,0.04000000,0.74472403,0.25753547,0.59144485
276.02900004,0.01161517,0.04218801,0.03210000,0.69140089,0.26019846,0.55608451
276.12899995,0.00012704,0.04490027,0.03910000,0.67649993,0.26017354,0.55870209
276.22899985,0.00131719,0.02625043,0.04200000,0.67326144,0.25304834,0.56129699
276.32900000,0.00324986,0.04696476,0.05000000,0.69053040,0.26913212,0.59102102
276.42899990,0.00560751,0.02456860,0.05590000,0.66213934,0.24699782,0.61872515
276.52900004,0.01579183,0.05302978,0.06810000,0.72559458,0.28445677,0.65264143
276.62899995,0.01381655,0.04690579,0.07110000,0.67931835,0.26353005,0.68005097
276.72899985,0.01804715,0.03101129,0.07600000,0.71189087,0.24968638,0.72744878
276.82900000,0.00905416,0.03888216,0.08110000,0.67810792,0.25992329,0.76289452
276.92999983,0.01146034,0.04433758,0.07010000,0.69267532,0.25848458,0.77499500
277.02999997,0.01410854,0.04255290,0.05010000,0.67696645,0.25139642,0.73061316
277.12999988,0.01127268,0.04506725,0.04510000,0.65989103,0.25493724,0.75670167
277.23000002,0.00540249,0.04046805,0.06010000,0.68656894,0.25024283,0.82848638
277.32999992,0.00637123,0.04588123,0.06510000,0.67421442,0.25688734,0.84073749
277.42999983,0.02201221,0.04185430,0.05510000,0.76317577,0.24630867,0.78211591
277.52999997,0.02632671,0.04526626,0.06020000,0.75203597,0.25117419,0.75908205
277.62999988,0.01614408,0.04277065,0.06210000,0.77056894,0.25378974,0.76852155
277.73000002,0.01718605,0.04309721,0.06310000,0.79233908,0.25462579,0.79031619
277.82999992,0.01795306,0.04195304,0.05920000,0.81681951,0.25454112,0.76742856
277.92999983,0.02077920,0.05360751,0.05910000,0.84843708,0.27777197,0.81564036
278.02999997,0.02708127,0.06590429,0.06420000,0.85207818,0.28901307,0.80281637
278.13100004,0.02879508,0.07063005,0.06920000,0.87515667,0.29260537,0.78316897
278.23099995,0.03159120,0.06837906,0.07320000,0.89157284,0.29534581,0.78932763
278.33099985,0.02354511,0.07800338,0.05620000,0.91275026,0.29983969,0.72757640
278.43099999,0.01424709,0.06779809,0.05420000,0.83714537,0.29061965,0.69512110
278.53099990,0.02246184,0.06020802,0.05820000,0.91074930,0.28480456,0.68699370
278.63100004,0.02800999,0.05148369,0.05710000,0.89519990,0.26825450,0.70018566
278.73099995,0.02148320,0.04484152,0.04310000,0.88631489,0.24481112,0.71149053
278.83099985,0.01978087,0.05075083,0.03920000,0.86936418,0.25217930,0.68083574
278.93099999,0.00980259,0.05241669,0.05120000,0.81563786,0.25254888,0.70396026
279.03099990,0.00393206,0.04450549,0.06810000,0.81938496,0.24692188,0.76577354
279.13100004,0.00440612,0.04494604,0.07010000,0.80434391,0.24781178,0.77063336
279.23099995,0.00362660,0.03581966,0.05410000,0.80991868,0.21943817,0.76691642
279.33099985,0.00023362,0.02947618,0.04600000,0.81136236,0.21742415,0.75523999
279.43199992,0.00244799,0.03901458,0.05410000,0.83250657,0.21747813,0.77266729
279.53199983,0.00146003,0.03987579,0.05610000,0.87008513,0.21842040,0.79688155
279.63199997,0.01008439,0.04364717,0.07100000,0.87505251,0.23344395,0.83678473
279.73199987,0.00985713,0.04444915,0.07210000,0.86772080,0.23976163,0.84192534
279.83200002,0.00059311,0.02881281,0.07200000,0.85694782,0.20814386,0.81905037
279.93199992,0.01013322,0.02430983,0.07410000,0.85762299,0.20908390,0.80692534
280.03199983,0.02209964,0.02921825,0.08110000,0.90505712,0.21121502,0.81350313
280.13199997,0.02048894,0.02232808,0.07710000,0.93289340,0.20438644,0.82900083
280.23199987,0.02246946,0.02261511,0.07710000,0.94096896,0.19919375,0.81870527
280.33200002,0.01001866,0.01791386,0.09300000,0.84664827,0.19732158,0.79533517
280.43199992,0.00935968,0.01871460,0.10500000,0.83663355,0.19967405,0.81936699
280.53199983,0.01643297,0.02200540,0.11110000,0.83808694,0.20570650,0.84054266
280.63299990,0.00686239,0.02896252,0.11100000,0.84373701,0.21608546,0.83021828
280.73300004,0.00722537,0.02973708,0.11300000,0.83599757,0.21508583,0.82883116
280.83299994,0.00268078,0.02462262,0.11010000,0.83522937,0.21496304,0.85470193
280.93299985,0.01829928,0.02567462,0.10610000,0.88371795,0.21813636,0.84334287
281.03299999,0.01858151,0.02876852,0.12110000,0.87530615,0.21924768,0.84869293
281.13299990,0.02268496,0.02485905,0.12520000,0.87442689,0.22130728,0.85642751
281.23300004,0.02574006,0.02570699,0.12610000,0.86359391,0.22728276,0.90060545
281.33299994,0.01660992,0.01518915,0.12610000,0.84306605,0.21820960,0.89764401
281.43299985,0.02012061,0.01582565,0.13710000,0.83764886,0.22119192,0.97871119
281.53299999,0.02298735,0.01193658,0.15500000,0.86244346,0.21569757,1.02389168
281.63299990,0.02271100,0.00884649,0.17210000,0.83645991,0.21837844,1.04906428
281.73300004,0.02452125,0.00800739,0.17310000,0.85915365,0.21785004,1.03458904
281.83299994,0.01920513,0.00118873,0.16710000,0.86647979,0.21934616,1.01011273
281.93400002,0.01820586,0.00008137,0.16010000,0.86509573,0.22663228,1.02066811
282.03399992,0.01861914,0.00482365,0.15810000,0.86645802,0.22732708,0.99608673
282.13399982,0.02081861,0.00452500,0.16110000,0.86797271,0.22413105,0.98748439
282.23399997,0.01440659,0.00167040,0.15810000,0.82136655,0.22175569,0.98766692
282.33399987,0.00659366,0.00068096,0.15100000,0.82690377,0.22789608,0.94676315
282.43400002,0.00202433,0.00130465,0.13500000,0.83216702,0.22355782,0.92679305
282.53399992,0.00172098,0.00259581,0.13900000,0.82664821,0.22170173,0.94326686
282.63399982,0.00705237,0.00474490,0.14400000,0.80734853,0.22234647,0.92686765
282.73399997,0.00862159,0.00493135,0.14500000,0.78681979,0.22384910,0.89176970
282.83399987,0.00968901,0.00797892,0.13300000,0.80317239,0.22365242,0.86245059
282.93400002,0.00427524,0.00793551,0.12990000,0.79318436,0.23031884,0.87057323
283.03399992,0.00789468,0.00610689,0.12600000,0.78999151,0.22229026,0.88036775
283.13499999,0.01005596,0.00653971,0.12800000,0.78816790,0.22600649,0.84674245
283.23499990,0.01001037,0.00475000,0.12810000,0.76446953,0.22560328,0.82376414
283.33500004,0.01605372,0.00480917,0.13700000,0.75818587,0.23152469,0.85072548
283.43499994,0.01502542,0.00478818,0.13600000,0.75081897,0.22632232,0.86518587
283.53499985,0.01753374,0.00480185,0.13700000,0.78416751,0.22545875,0.86121279
283.63499999,0.01253138,0.00180406,0.13300000,0.75013093,0.22145514,0.83854999
283.73499990,0.01408765,0.00641780,0.13200000,0.75251342,0.22235471,0.84782550
283.83500004,0.01433721,0.00900525,0.14110000,0.73361922,0.23350443,0.86112294
283.93499994,0.01954631,0.00961883,0.13600000,0.72610182,0.22520127,0.82641331
284.03499985,0.02485564,0.00745971,0.13200000,0.71630257,0.22674387,0.82677733
284.13499999,0.02116840,0.00841125,0.13810000,0.70646805,0.23004524,0.81724827
284.23499990,0.01923438,0.00796799,0.14200000,0.71120719,0.22884571,0.84292440
284.33599997,0.01472619,0.00299825,0.14810000,0.74162279,0.22103055,0.79828796
284.43599987,0.02187506,0.00659484,0.14400000,0.72628513,0.22806499,0.79866682
284.53600001,0.02312497,0.00510252,0.14710000,0.72463578,0.22873231,0.79178171
284.63599992,0.01992407,0.00057571,0.14810000,0.72437650,0.23354842,0.79895578
284.73599982,0.02489970,0.00071051,0.15010000,0.73239757,0.22695157,0.78769615
284.83599997,0.02014113,0.00546488,0.14800000,0.73251434,0.22746627,0.80451236
284.93599987,0.02571801,0.00851081,0.14700000,0.72353912,0.22342471,0.81714579
285.03600001,0.02438914,0.00559821,0.15000000,0.75251525,0.22234807,0.79522139
285.13599992,0.02358629,0.00580836,0.14500000,0.73516836,0.22093086,0.82203998
285.23599982,0.01824433,0.00152134,0.14900000,0.72991699,0.22094422,0.79733036
285.33599997,0.01688264,0.01006263,0.15210000,0.72192056,0.23134976,0.79946686
285.43599987,0.01367110,0.00894433,0.15800000,0.71620494,0.22515482,0.79830410
285.53600001,0.01040389,0.00705543,0.15800000,0.68665313,0.21761839,0.79012197
285.63699985,0.01564380,0.00949323,0.16210000,0.72041846,0.21777455,0.82475448
285.73699999,0.01598569,0.00886272,0.16500000,0.74438011,0.22221513,0.82845401
285.83699989,0.03140997,0.01904925,0.17700000,0.79847461,0.23678479,0.84505760
285.93700004,0.04017518,0.01535594,0.17610000,0.85145704,0.23490526,0.85206364
286.03699994,0.04415660,0.01135760,0.16610000,0.86795141,0.22424416,0.85766670
286.13699985,0.04594081,0.01585851,0.17810000,0.89470565,0.23132391,0.87236857
286.23699999,0.04288038,0.01759441,0.18110000,0.89228431,0.23618425,0.89695586
286.33699989,0.04794443,0.02296370,0.18810000,0.90737345,0.24164088,0.89531833
286.43700004,0.04826140,0.02857232,0.18410000,0.93548532,0.24021628,0.89351559
286.53699994,0.04881483,0.02536479,0.18510000,0.95089899,0.24555439,0.91693182
286.63699985,0.04976178,0.02398449,0.18910000,0.90430894,0.24757152,0.90260239
286.73699999,0.05209802,0.02266995,0.19010000,0.93217634,0.25165111,0.90648739
286.83799982,0.04266332,0.02648473,0.18510000,0.91187589,0.25317486,0.88850022
286.93799996,0.04745327,0.02444969,0.19110000,0.93495753,0.24501693,0.89334347
287.03799987,0.05707406,0.02709837,0.19920000,0.94006103,0.25622118,0.90170523
287.13800001,0.06235856,0.02912354,0.19010000,0.94043007,0.25866661,0.89136327
287.23799992,0.06341407,0.02928371,0.19010000,0.94804023,0.25655955,0.89230844
287.33799982,0.04816755,0.02448157,0.18410000,0.93024028,0.25068125,0.88806018
287.43799996,0.03953306,0.02783590,0.18400000,0.87493102,0.25622277,0.91710248
287.53799987,0.03435705,0.02985169,0.17610000,0.91413420,0.25565257,0.89286317
287.63800001,0.04242320,0.03153985,0.18010000,0.93357327,0.26003403,0.89890580
287.73799992,0.03917597,0.03401652,0.18210000,0.91303075,0.25583489,0.87645855
287.83799982,0.04149979,0.03462380,0.18810000,0.94001507,0.25868264,0.89681023
287.93799996,0.03176964,0.04043551,0.18100000,0.85453354,0.27855954,0.88110636
288.03799987,0.02913595,0.03864746,0.18700000,0.86174095,0.27987543,0.89062497
288.13899994,0.02492565,0.06893774,0.18520000,0.83632852,0.31679413,0.89962381
288.23899984,0.03569310,0.04011935,0.17900000,0.91658533,0.28214661,0.86595033
288.33899999,0.03293960,0.06851389,0.17530000,0.88254009,0.31423684,0.87246700
288.43899989,0.03375753,0.04078332,0.17500000,0.91357557,0.27402551,0.89741218
288.53900003,0.02287622,0.07197137,0.17520000,0.90429923,0.32052036,0.90024096
288.63899994,0.02220999,0.07352344,0.17420000,0.91700487,0.32721708,0.90772022
288.73899984,0.01715908,0.03525402,0.17400000,0.88246691,0.28311481,0.87784393
288.83899999,0.01367460,0.07182134,0.17320000,0.86329078,0.33190032,0.86971177
288.93899989,0.02405439,0.04284631,0.17100000,0.86920653,0.28682524,0.85944920
289.03900003,0.02913872,0.06482704,0.16720000,0.86072318,0.31824061,0.82839360
289.13899994,0.01473241,0.06656918,0.16120000,0.84121876,0.32043486,0.81720089
289.23899984,0.01635781,0.04499636,0.16100000,0.83299163,0.28195915,0.83000998
289.33999991,0.00039921,0.06377218,0.16710000,0.83343832,0.30836651,0.85582199
289.43999982,0.00244398,0.06419585,0.16510000,0.84777833,0.31328295,0.86241425
289.53999996,0.00503329,0.06344695,0.15910000,0.85148991,0.32570501,0.82670577
289.63999987,0.01297820,0.06701087,0.15310000,0.85749040,0.32194622,0.79832856
289.74000001,0.01489668,0.06760576,0.15310000,0.90051471,0.32157492,0.82387555
289.83999991,0.00538085,0.06076666,0.15610000,0.87941344,0.31006982,0.84188601
289.93999982,0.01078731,0.06008356,0.15120000,0.89577571,0.31075095,0.85830173
290.03999996,0.01210213,0.05795782,0.14520000,0.87813341,0.30885664,0.84114270
290.13999987,0.01090961,0.05588650,0.14510000,0.88621468,0.29942261,0.85150267
290.24000001,0.01019262,0.05529666,0.14310000,0.88205876,0.27928742,0.86692483
290.33999991,0.01432708,0.05316893,0.13810000,0.88040752,0.27690881,0.85986849
290.43999982,0.00387803,0.05395425,0.13720000,0.86136492,0.27757412,0.85231655
290.53999996,0.00823323,0.05623045,0.13810000,0.90122323,0.29232551,0.84503630
290.64100003,0.02223972,0.05154992,0.13210000,0.89373598,0.27801555,0.86183852
290.74099994,0.02389655,0.04956324,0.13010000,0.87950497,0.27127870,0.86419601
290.84099984,0.03080358,0.04925078,0.12300000,0.93026826,0.26998746,0.87504774
290.94099998,0.03310358,0.05278800,0.12400000,0.91817308,0.26810100,0.89300876
291.04099989,0.03105982,0.05238490,0.12700000,0.93379411,0.25985309,0.90942224
291.14100003,0.03300351,0.04439751,0.12500000,0.93870923,0.24796995,0.89464709
291.24099994,0.03818723,0.03992613,0.12190000,0.93814970,0.24783015,0.90678859
291.34099984,0.03766674,0.04290474,0.11700000,0.91750274,0.25216369,0.87613700
291.44099998,0.04664665,0.04447595,0.12400000,0.88505489,0.26333731,0.86651957
291.54099989,0.04743197,0.04521137,0.12300000,0.88397383,0.26379012,0.82654540
291.64100003,0.05042486,0.04581467,0.12290000,0.86457618,0.26619635,0.82061627
291.74099994,0.05467564,0.04500205,0.12290000,0.86673768,0.26168528,0.82921098
291.84200001,0.03881824,0.03561453,0.13090000,0.85511915,0.25782520,0.82631258
291.94199991,0.03064874,0.03576723,0.13000000,0.85034400,0.25437772,0.83454348
292.04199982,0.02852271,0.03495018,0.12400000,0.82470610,0.25601113,0.83056318
292.14199996,0.02693148,0.03475882,0.12800000,0.77302024,0.25837496,0.83895770
292.24199986,0.02893507,0.03587508,0.13600000,0.84551611,0.25790637,0.83986572
292.34200001,0.03748357,0.03287737,0.13090000,0.83674000,0.26836551,0.82267834
292.44199991,0.03585507,0.03124202,0.12890000,0.82322876,0.26417890,0.77928557
292.54199982,0.04003343,0.03416612,0.13490000,0.83444496,0.26620653,0.79988007
292.64199996,0.03077256,0.03630068,0.14600000,0.78661468,0.26028998,0.82138209
292.74199986,0.01631250,0.03388661,0.14800000,0.73689533,0.25701441,0.82968193
292.84200001,0.00924878,0.02816381,0.15010000,0.73097821,0.24967369,0.81369045
292.94199991,0.00693661,0.02844334,0.15210000,0.72746675,0.25471971,0.81734488
293.04199982,0.01234936,0.02928606,0.14600000,0.73153558,0.25295058,0.79753367
293.14299989,0.01982050,0.03400702,0.15000000,0.75421626,0.26049283,0.81834645
293.24300003,0.02307916,0.03458442,0.15500000,0.74453607,0.26436797,0.80527780
293.34299994,0.02361607,0.03070653,0.15400000,0.77654289,0.26071384,0.78379600
293.44299984,0.02425826,0.03520720,0.16100000,0.76672411,0.27583189,0.82538602
293.54299998,0.02639422,0.03995179,0.15500000,0.78575408,0.28531780,0.77912127
293.64299989,0.03589078,0.04281812,0.15200000,0.76656583,0.28917784,0.78182964
293.74300003,0.04576755,0.04143744,0.14590000,0.82628932,0.28192817,0.77034773
293.84299994,0.03975300,0.04216858,0.13990000,0.77090293,0.28458774,0.74936970
293.94299984,0.03958016,0.04370836,0.14300000,0.76947201,0.28998623,0.76094556
294.04299998,0.02201044,0.03410147,0.15100000,0.77293311,0.29056091,0.74101668
294.14299989,0.02269683,0.02913389,0.15200000,0.76681958,0.26955488,0.73292276
294.24300003,0.01188504,0.02391225,0.15300000,0.72042972,0.26250269,0.74398460
294.34399986,0.01381442,0.01762957,0.14600000,0.73890745,0.25255503,0.73985246
294.44400001,0.01618448,0.01370521,0.14200000,0.73944550,0.24459701,0.76280490
294.54399991,0.02307532,0.01025961,0.14090000,0.78596087,0.23639143,0.79312196
294.64399981,0.01823353,0.00566200,0.13000000,0.77815300,0.23135376,0.78946141
294.74399996,0.02052472,0.00288890,0.12690000,0.78580704,0.22135749,0.78040027
294.84399986,0.00966328,0.00017624,0.11590000,0.78599276,0.22514051,0.78227885
294.94400001,0.01213655,0.00200852,0.11690000,0.76247236,0.23046786,0.79439742
295.04399991,0.00914181,0.01408820,0.12090000,0.74628430,0.24096805,0.78986300
295.14399981,0.01889846,0.01025954,0.13700000,0.76485611,0.24225987,0.83165148
295.24399996,0.02209940,0.01407538,0.13500000,0.76827981,0.24774558,0.85129160
295.34399986,0.03150293,0.00184804,0.15090000,0.75403561,0.24365098,0.90410463
295.44400001,0.03117570,0.00269915,0.14390000,0.78538281,0.23502421,0.82511927
295.54399991,0.04953935,0.01183102,0.12680000,0.80005964,0.24641537,0.82039456
295.64499998,0.05691707,0.00895360,0.12980000,0.85523691,0.24455656,0.82093558
295.74499989,0.06325900,0.01193940,0.12680000,0.89608110,0.25108305,0.81149408
295.84500003,0.04071418,0.01666151,0.10390000,0.82582258,0.25934904,0.79571095
295.94499993,0.04543826,0.01238443,0.10080000,0.82504238,0.25782913,0.80599706
296.04499984,0.05501461,0.00962457,0.10180000,0.87201575,0.24948363,0.81980446
296.14499998,0.06214908,0.00358775,0.10080000,0.86781527,0.24872503,0.83291800
296.24499989,0.06958135,0.00772823,0.09480000,0.87113308,0.25164425,0.79429106
296.34500003,0.08262766,0.00053887,0.11070000,0.90538649,0.24701312,0.84209766
296.44499993,0.07892408,0.00998244,0.10180000,0.86904399,0.25910739,0.82762452
296.54499984,0.06613778,0.01583805,0.10070000,0.87993235,0.26296318,0.84240929
296.64499998,0.05093919,0.02366957,0.09280000,0.81693822,0.27988791,0.83553931
296.74499989,0.05981591,0.02206484,0.09780000,0.88053462,0.27560628,0.83381157
296.84599996,0.04881422,0.02384433,0.10480000,0.80608496,0.28210413,0.83509662
296.94599986,0.06033745,0.02257967,0.10180000,0.87320295,0.27410867,0.85205037
297.04600000,0.07043840,0.01887013,0.09470000,0.87728389,0.27037610,0.83585623
297.14599991,0.07111260,0.01440166,0.09580000,0.86759701,0.25227202,0.83444453
297.24599981,0.06149744,0.01419526,0.09980000,0.85485588,0.25618885,0.83889073
297.34599996,0.06475551,0.01060068,0.10480000,0.89959869,0.25853498,0.82370124
297.44599986,0.06326957,0.01511296,0.10680000,0.87090476,0.27680574,0.81753717
297.54600000,0.06757995,0.01617192,0.10970000,0.87318925,0.28187526,0.83821422
297.64599991,0.07521003,0.01308324,0.10580000,0.87716486,0.26820925,0.81942792
297.74599981,0.05769209,0.01240416,0.10580000,0.81436602,0.26702912,0.81105915
297.84599996,0.05751983,0.01422001,0.11480000,0.81930867,0.27790647,0.82609598
297.94599986,0.05791667,0.01646571,0.10880000,0.79638733,0.29464968,0.80407110
298.04600000,0.06989229,0.01519596,0.09680000,0.85126060,0.27743079,0.80083562
298.14699984,0.06392495,0.01386943,0.10380000,0.86155923,0.27881571,0.81947509
298.24699998,0.07629617,0.01291453,0.10680000,0.86220551,0.26149722,0.81143041
298.34699988,0.06666206,0.00760132,0.13380000,0.87320422,0.25551644,0.83097834
298.44700003,0.06666655,0.01164348,0.13380000,0.88435198,0.25689154,0.83404183
298.54699993,0.06572674,0.02607384,0.11580000,0.86479546,0.28000388,0.86771226
298.64699984,0.05244514,0.03003461,0.11180000,0.81516042,0.28947402,0.86414983
298.74699998,0.03938359,0.02800541,0.12080000,0.78014429,0.28430099,0.85563446
298.84699988,0.04277796,0.02435665,0.12180000,0.78871170,0.27953615,0.87803760
298.94700003,0.04310770,0.01750931,0.12890000,0.79064734,0.25708983,0.85121973
299.04699993,0.02611195,0.01737372,0.12790000,0.77841823,0.25745369,0.83807737
299.14699984,0.04283751,0.01544824,0.12390000,0.78586752,0.25151437,0.80595139
299.24699998,0.04623370,0.01350723,0.12280000,0.80028172,0.24151022,0.79992941
299.34799981,0.05151342,0.00713213,0.12180000,0.80731106,0.23804457,0.81083601
299.44799995,0.05038157,0.00777803,0.10380000,0.79791710,0.23382796,0.79493429
299.54799986,0.05297106,0.00801166,0.10490000,0.87548862,0.22852594,0.80282014
299.64800000,0.04755146,0.00842311,0.10380000,0.83622961,0.23645571,0.78729081
299.74799991,0.05090044,0.00656999,0.10090000,0.89420194,0.23607503,0.78469132
299.84799981,0.05975523,0.00027000,0.10480000,0.88686339,0.22852692,0.81785071
299.94799995,0.04145132,0.00069149,0.12490000,0.82879894,0.23066871,0.83086066
300.04799986,0.04337057,0.00304685,0.12390000,0.82255473,0.23562378,0.84053717
300.14800000,0.04711995,0.00558569,0.12090000,0.82025491,0.23383173,0.83030349
300.24799991,0.04947159,0.00004612,0.11780000,0.85065797,0.22197295,0.84781244
300.34799981,0.04016130,0.00463900,0.11590000,0.80237232,0.21859984,0.83212906
300.44799995,0.03435346,0.00000092,0.11990000,0.78506293,0.21129534,0.86588294
300.54900002,0.04005743,0.03407348,0.10990000,0.80989662,0.25188934,0.85696021
300.64899993,0.02320645,0.00395484,0.11500000,0.80803299,0.20373969,0.87049126
300.74899983,0.02232501,0.00679073,0.11490000,0.79892854,0.19829932,0.87303761
300.84899998,0.02603486,0.03817180,0.12700000,0.79808190,0.23790217,0.89131829
300.94899988,0.03604815,0.00886177,0.13190000,0.80507218,0.18796739,0.89370127
301.04900002,0.02899989,0.05254233,0.12700000,0.82384061,0.23170156,0.87949458
301.14899993,0.00207270,0.00331721,0.13800000,0.80703716,0.16797384,0.88171074
301.24899983,0.01829404,0.00523242,0.14400000,0.81803948,0.16830337,0.88585633
301.34899998,0.02156166,0.04773672,0.14610000,0.81905628,0.23332605,0.90812377
301.44899988,0.00541318,0.00913332,0.15300000,0.79086030,0.17704717,0.91180887
301.54900002,0.00054147,0.05206791,0.15610000,0.75627205,0.22870724,0.90356910
301.64899993,0.00001203,0.00608275,0.14700000,0.75725388,0.17977616,0.88214815
301.74899983,0.00146438,0.01289712,0.15790000,0.74409035,0.18131021,0.89765230
301.84999990,0.00037794,0.03295751,0.15200000,0.72958640,0.21677636,0.88890240
301.95000005,0.01895375,0.03608179,0.14910000,0.73556886,0.21568016,0.87749569
302.04999995,0.02394427,0.03452074,0.15210000,0.75089641,0.21937742,0.90815127
302.14999986,0.02395954,0.03011545,0.14910000,0.73412491,0.20768380,0.90814599
302.25000000,0.02869035,0.03740687,0.14520000,0.75975785,0.22140581,0.89766321
302.34999990,0.00734012,0.04440014,0.14110000,0.75449629,0.23074759,0.87687239
302.45000005,0.02462452,0.04193010,0.15520000,0.76145907,0.22288475,0.91540284
302.54999995,0.03003223,0.02793538,0.15020000,0.74590678,0.21549697,0.89736720
302.64999986,0.03778106,0.01635731,0.15110000,0.74732976,0.19770357,0.89592424
302.75000000,0.04098801,0.02199258,0.14310000,0.76444083,0.19612760,0.89192920
302.84999990,0.03900286,0.02971561,0.15120000,0.69436500,0.20909149,0.87041594
302.95000005,0.04688592,0.03074346,0.14620000,0.75360847,0.21279388,0.83115825
303.05099988,0.05852994,0.02650748,0.13730000,0.75376066,0.20673737,0.81569116
303.15100002,0.05255971,0.01767276,0.15520000,0.77456846,0.19032241,0.82463103
303.25099993,0.04992253,0.02247491,0.15820000,0.77250716,0.19502443,0.83011745
303.35099983,0.04591470,0.03159383,0.14920000,0.79387800,0.22090584,0.81405690
303.45099998,0.04259040,0.03401335,0.13820000,0.78680409,0.23195249,0.84271441
303.55099988,0.03889497,0.03404102,0.12920000,0.72535047,0.24211734,0.78812949
303.65100002,0.03882224,0.03420122,0.13310000,0.72130175,0.23800923,0.77529780
303.75099993,0.04516601,0.03629534,0.13220000,0.77121678,0.24202652,0.78290005
303.85099983,0.04014652,0.02505648,0.13310000,0.67212996,0.23041535,0.78332265
303.95099998,0.02849856,0.02133265,0.13320000,0.65490743,0.21810894,0.78628478
304.05099988,0.02831413,0.01970178,0.13610000,0.66125776,0.22349961,0.77379652
304.15100002,0.03168382,0.02012624,0.13510000,0.62182719,0.22708735,0.77343936
304.25099993,0.04065821,0.02020692,0.13810000,0.62436681,0.23134749,0.75296757
304.35200000,0.04217891,0.02050950,0.13310000,0.62767574,0.22742996,0.73410710
304.45199990,0.02851666,0.02389896,0.12910000,0.60552898,0.24535670,0.70121695
304.55200005,0.03161449,0.02139659,0.12110000,0.61102902,0.22994898,0.69943667
304.65199995,0.02552708,0.02155037,0.11310000,0.62242260,0.22581688,0.69190012
304.75199986,0.02812405,0.02031373,0.11120000,0.58666834,0.22245049,0.67542415
304.85200000,0.03011569,0.01644765,0.10410000,0.59205076,0.22313348,0.68217440
304.95199990,0.03602837,0.01494814,0.11720000,0.61868002,0.22741820,0.69072792
305.05200005,0.03470435,0.02235415,0.11610000,0.60195165,0.24812564,0.70865032
305.15199995,0.03476226,0.01640231,0.11720000,0.60196579,0.22876221,0.71814152
305.25199986,0.03720925,0.01679499,0.11610000,0.63017106,0.23666169,0.72389589
305.35200000,0.03434291,0.00626136,0.11210000,0.63227786,0.22421423,0.74513323
305.45199990,0.03930049,0.00416313,0.11410000,0.63528795,0.22109069,0.76044246
305.55299997,0.05241812,0.00076843,0.10920000,0.63928433,0.22048494,0.74120824
305.65299988,0.05222702,0.00365216,0.10620000,0.65608798,0.22732319,0.72946658
305.75300002,0.05556879,0.00447549,0.10710000,0.63155815,0.22292946,0.74291427
305.85299993,0.05037782,0.01396156,0.12110000,0.62732827,0.23630534,0.75857121
305.95299983,0.04624660,0.00722647,0.12620000,0.62831827,0.23681150,0.80432554
306.05299997,0.05318988,0.00421501,0.12620000,0.65437897,0.23512225,0.80381562
306.15299988,0.04823986,0.00382696,0.13910000,0.64924809,0.22856258,0.81358543
306.25300002,0.05156483,0.00823944,0.14510000,0.65592531,0.23191258,0.81123986
306.35299993,0.05717898,0.00553306,0.14920000,0.67219525,0.23016945,0.80893979
306.45299983,0.06106659,0.00419071,0.16020000,0.65216651,0.22658837,0.81928059
306.55299997,0.06708549,0.00363695,0.16020000,0.69091302,0.22546180,0.79659041
306.65299988,0.07079657,0.00656473,0.16920000,0.69437823,0.22197635,0.84022176
306.75399995,0.06989618,0.01051301,0.17230000,0.68135076,0.22873917,0.85045482
306.85399985,0.07190661,0.01213997,0.17720000,0.68247418,0.23454672,0.83926285
306.95400000,0.06734345,0.01639756,0.18520000,0.71085438,0.24712996,0.91666256
307.05399990,0.06794333,0.01464662,0.18820000,0.70837771,0.25298326,0.92206545
307.15400004,0.06608123,0.01145125,0.17520000,0.72951900,0.25186911,0.89275393
307.25399995,0.06636061,0.01068315,0.17220000,0.74332724,0.25478560,0.89293380
307.35399985,0.06734068,0.01177001,0.17420000,0.75132712,0.25721058,0.90534609
307.45400000,0.06859890,0.00794486,0.17220000,0.73350176,0.25365965,0.92706703
307.55399990,0.06867603,0.00673071,0.17120000,0.75798453,0.24487448,0.93044115
307.65400004,0.07038724,0.01195348,0.17620000,0.75428588,0.25189618,0.95291495
307.75399995,0.06466911,0.01286530,0.17920000,0.73117325,0.26048496,0.97884110
307.85399985,0.06068510,0.01198202,0.18210000,0.73316370,0.26424110,1.00876795
307.95400000,0.05835258,0.01335763,0.18620000,0.71143243,0.26016629,0.99844866
308.05499983,0.06015158,0.01371994,0.18010000,0.73417541,0.25028276,1.00510247
308.15499997,0.05965219,0.01187715,0.18210000,0.73925056,0.25117568,0.98444148
308.25499988,0.05669653,0.01352713,0.17410000,0.68184058,0.25133809,0.94498677
308.35500002,0.06146475,0.01595571,0.17220000,0.71416640,0.25614647,0.94513667
308.45499992,0.06329614,0.01605766,0.17620000,0.70740620,0.26149924,0.92788460
308.55499983,0.06233332,0.01723273,0.17410000,0.68815565,0.27850371,0.93141049
308.65499997,0.06648889,0.01760646,0.17920000,0.71775287,0.27214385,0.92821006
308.75499988,0.06250295,0.01527749,0.17120000,0.72051568,0.25392951,0.92666101
308.85500002,0.05709482,0.01525094,0.16520000,0.72651394,0.25605013,0.90708149
308.95499992,0.05928896,0.02094347,0.17010000,0.73429754,0.27169516,0.90944291
309.05499983,0.05758835,0.02566441,0.17210000,0.74961558,0.27234001,0.89261322
309.15499997,0.05704782,0.02615561,0.17420000,0.75948525,0.27235927,0.90775988
309.25600004,0.06130868,0.02836840,0.17620000,0.78652531,0.27835466,0.92317257
309.35599995,0.05431475,0.01696373,0.17510000,0.77369883,0.25837702,0.93505383
309.45599985,0.04731513,0.01953891,0.16610000,0.74032747,0.25772206,0.91228734
309.55599999,0.04472510,0.02506043,0.15410000,0.75189776,0.27858965,0.89941469
309.65599990,0.03817218,0.02356469,0.15910000,0.77085758,0.27398807,0.89203164
309.75600004,0.03952430,0.02560527,0.16000000,0.77812997,0.26781693,0.89649847
309.85599995,0.04561241,0.01962621,0.16110000,0.80910242,0.24760174,0.90810173
309.95599985,0.04404287,0.01877220,0.15410000,0.77914842,0.24095653,0.88087939
310.05599999,0.04607443,0.02051261,0.14910000,0.77167341,0.24214025,0.84332378
310.15599990,0.03992745,0.01772933,0.15310000,0.77035069,0.23301861,0.84666933
310.25600004,0.03376916,0.01944591,0.15210000,0.70176335,0.22748550,0.82182386
310.35599995,0.02500765,0.01823479,0.15800000,0.72757933,0.22259213,0.84148596
310.45599985,0.01808077,0.01465216,0.15700000,0.72648796,0.21531726,0.84766739
310.55699992,0.01093639,0.01465044,0.14700000,0.73156993,0.22309311,0.82177431
310.65699983,0.00292136,0.01623932,0.14200000,0.73593585,0.22981398,0.79768862
310.75699997,0.01128707,0.01183267,0.14200000,0.74217851,0.22908550,0.77625583
310.85699987,0.02309641,0.00971834,0.12990000,0.76376644,0.22332283,0.72677781
310.95700002,0.00847720,0.00717893,0.12200000,0.72070826,0.21676710,0.68079649
311.05699992,0.01188213,0.01002571,0.12900000,0.75707409,0.22005471,0.69249290
311.15699983,0.00877659,0.01696530,0.13100000,0.77224653,0.23436886,0.69613204
311.25699997,0.00120105,0.02079080,0.13590000,0.80284089,0.23075125,0.70798975
311.35699987,0.00942663,0.02369723,0.13890000,0.83233703,0.23403312,0.74106332
311.45700002,0.00651270,0.02413369,0.13890000,0.82533735,0.22836317,0.73607012
311.55699992,0.00853737,0.01922741,0.13900000,0.81418229,0.21629586,0.76358617
311.65699983,0.00917720,0.02415262,0.13990000,0.80266026,0.21750403,0.76296301
311.75799990,0.00521548,0.02797943,0.14100000,0.78064084,0.22570038,0.78180593
311.85800004,0.00763415,0.02741094,0.14690000,0.76697935,0.21988249,0.77294257
311.95799994,0.00216379,0.02272989,0.15090000,0.75383565,0.21973780,0.79622571
312.05799985,0.00583792,0.02327163,0.13800000,0.77046559,0.22442867,0.79256914
312.15799999,0.00333478,0.02364168,0.13700000,0.75390599,0.22040382,0.79077652
312.25799990,0.00118306,0.02248934,0.14490000,0.75665658,0.21142095,0.81243972
312.35800004,0.00583364,0.02372043,0.14790000,0.76356496,0.21556676,0.81878971
312.45799994,0.00493286,0.02350206,0.15190000,0.75567702,0.21287763,0.81772928
312.55799985,0.00058912,0.02378956,0.14900000,0.73959599,0.21405855,0.85191966
312.65799999,0.00077973,0.02504081,0.14600000,0.72668986,0.21831913,0.86118771
312.75799990,0.00067100,0.02790322,0.14500000,0.73120513,0.22917832,0.85542907
312.85800004,0.00148033,0.02525982,0.14790000,0.74413203,0.23182218,0.84969947
312.95799994,0.00113467,0.02625895,0.14490000,0.76849805,0.23398257,0.82154524
313.05900002,0.00030620,0.03470657,0.14210000,0.79802394,0.26283255,0.82850175
313.15899992,0.00601700,0.02768385,0.14800000,0.80524101,0.23941682,0.83836378
313.25899982,0.00660652,0.02794645,0.14700000,0.79523946,0.24211710,0.82297314
313.35899997,0.00741226,0.04598987,0.15510000,0.76846603,0.27278354,0.83613765
313.45899987,0.00487981,0.02164919,0.15600000,0.75207780,0.23653392,0.80875414
313.55900002,0.00510729,0.04579537,0.15710000,0.73945813,0.27253936,0.81004319
313.65899992,0.00523110,0.02379760,0.15090000,0.75638620,0.23654474,0.83035021
313.75899982,0.00611798,0.02403103,0.15190000,0.73769465,0.23011788,0.85044076
313.85899997,0.00133634,0.03990719,0.15210000,0.75403876,0.25857534,0.86883034
313.95899987,0.00255874,0.02600198,0.15300000,0.75342794,0.23519525,0.88653876
314.05900002,0.01026769,0.03981701,0.15100000,0.77480612,0.26114913,0.90685547
314.15899992,0.01230788,0.02850625,0.14790000,0.74823484,0.23974023,0.90005998
314.25999999,0.01474928,0.03402512,0.14700000,0.78406082,0.25021983,0.89810264
314.35999990,0.01015799,0.03144416,0.15010000,0.72109802,0.23492952,0.88269816
314.46000004,0.01543913,0.03074334,0.14400000,0.77260514,0.23367669,0.85849503
314.55999994,0.01484398,0.03217726,0.14000000,0.78342444,0.23702532,0.85881873
314.65999985,0.01603638,0.03212311,0.14200000,0.78071985,0.24928807,0.83535457
314.75999999,0.01271643,0.03068782,0.14800000,0.76829257,0.25755113,0.84147280
314.85999990,0.01229799,0.03011527,0.14710000,0.78792285,0.25878338,0.82348669
314.96000004,0.01514672,0.03066883,0.14010000,0.83706505,0.25751803,0.82671841
315.05999994,0.01388618,0.02996888,0.14000000,0.80897818,0.25338880,0.84591526
315.15999985,0.01548423,0.03308245,0.14100000,0.81794813,0.26572363,0.82132285
315.25999999,0.01554630,0.03586185,0.13800000,0.80769655,0.27873704,0.81168177
315.35999990,0.01432461,0.03615157,0.14100000,0.73257571,0.28128478,0.80255204
315.46099997,0.01552862,0.03328231,0.13900000,0.71510355,0.27377010,0.79671228
315.56099987,0.01444524,0.03204036,0.14100000,0.71202569,0.26683029,0.79381278
315.66100001,0.01590619,0.03601074,0.13800000,0.69698233,0.27142026,0.77052744
315.76099992,0.00875978,0.02978517,0.13600000,0.71945824,0.24922854,0.76177691
315.86099982,0.00683407,0.02283387,0.14210000,0.70956695,0.23635949,0.78301577
315.96099997,0.01948370,0.01832035,0.14610000,0.71388924,0.23457245,0.78937907
316.06099987,0.01132182,0.02302752,0.14300000,0.71610485,0.23746076,0.82653829
316.16100001,0.00703559,0.02432736,0.14310000,0.68755052,0.23869565,0.80333496
316.26099992,0.00212670,0.02270258,0.14200000,0.70399562,0.23848124,0.80829232
316.36099982,0.00187890,0.02345570,0.14210000,0.72348751,0.23801137,0.82286485
316.46099997,0.00967443,0.02370539,0.14000000,0.76511813,0.23890024,0.81529580
316.56099987,0.02291711,0.02596779,0.13800000,0.81516781,0.24783034,0.86824034
316.66100001,0.02844807,0.02726330,0.13700000,0.82529458,0.25915017,0.85389853
316.76199985,0.02874713,0.03081643,0.14200000,0.81790535,0.26499916,0.82718307
316.86199999,0.03266810,0.02945158,0.13690000,0.82071627,0.26748685,0.81843892
316.96199989,0.03318185,0.02409864,0.13000000,0.82902315,0.25026491,0.81363093
317.06200004,0.03478443,0.01974571,0.12790000,0.81833633,0.24231385,0.81535489
317.16199994,0.02066880,0.02248246,0.15000000,0.76517558,0.24045769,0.82078257
317.26199985,0.01747920,0.01872986,0.15200000,0.79481205,0.23051972,0.84895124
317.36199999,0.02323427,0.02451650,0.16200000,0.78929615,0.24787671,0.84675340
317.46199989,0.02257470,0.02711813,0.16700000,0.80012156,0.25223629,0.86144142
317.56200004,0.02743161,0.02129382,0.16400000,0.82314497,0.24323496,0.86605279
317.66199994,0.02469257,0.01820980,0.15800000,0.77236783,0.22778504,0.87014515
317.76199985,0.00552351,0.01675294,0.16200000,0.77434142,0.22305400,0.88530230
317.86199999,0.00943164,0.01537804,0.15300000,0.77928832,0.21401574,0.90274008
317.96299982,0.01877881,0.01080770,0.15000000,0.78200877,0.21116416,0.89650466
318.06299996,0.01802986,0.00464908,0.14800000,0.76159578,0.20609981,0.90135080
318.16299987,0.02079493,0.00194445,0.13800000,0.72686597,0.20848190,0.87472374
318.26300001,0.01801815,0.00372509,0.14200000,0.76648835,0.21125021,0.89508967
318.36299992,0.02636862,0.01071568,0.14690000,0.84285215,0.21142891,0.90003413
318.46299982,0.03268626,0.00701560,0.14390000,0.86054032,0.21678155,0.88953743
318.56299996,0.03716693,0.00517484,0.13390000,0.88102514,0.22108700,0.87401445
318.66299987,0.03686655,0.01073999,0.13490000,0.88379207,0.23334231,0.91066439
318.76300001,0.04071121,0.01049558,0.13190000,0.90607119,0.22950028,0.90266262
318.86299992,0.03628075,0.01193430,0.14490000,0.88575232,0.22399781,0.92257208
318.96299982,0.02529749,0.00576168,0.15790000,0.85765083,0.21522775,0.94615552
319.06299996,0.01907099,0.00046612,0.14990000,0.80829786,0.21785322,0.93756524
319.16400003,0.02484960,0.00236162,0.14390000,0.85927480,0.22113855,0.91237688
319.26399994,0.02661297,0.00629364,0.14090000,0.86776561,0.21904203,0.90791746
319.36399984,0.02975654,0.00981827,0.13900000,0.84248143,0.22054985,0.89457571
319.46399999,0.03251844,0.00923530,0.13290000,0.84822687,0.22268829,0.89980114
319.56399989,0.03501999,0.00927041,0.12990000,0.80833279,0.22440097,0.90346412
319.66400003,0.03305005,0.00747626,0.13190000,0.81062645,0.22056318,0.86068161
319.76399994,0.02612616,0.00936717,0.12590000,0.78275224,0.22062246,0.86526585
319.86399984,0.02099228,0.00508862,0.12500000,0.70458849,0.21437281,0.87354002
319.96399999,0.02131240,0.00574732,0.11500000,0.71178356,0.21487288,0.86636516
320.06399989,0.01084508,0.00093503,0.12400000,0.68063589,0.20745397,0.84788792
320.16400003,0.00874225,0.00252846,0.12190000,0.69163990,0.20838963,0.85088419
320.26399994,0.02264157,0.00329837,0.11700000,0.75888429,0.21776543,0.85389748
320.36500001,0.02430359,0.00122294,0.11300000,0.72710702,0.22521260,0.82002733
320.46499991,0.02706485,0.00308285,0.10700000,0.74895687,0.22314868,0.79723756
320.56499982,0.02258580,0.01081489,0.10990000,0.72473378,0.25029053,0.79660471
320.66499996,0.01286141,0.01341619,0.11000000,0.67966000,0.25984296,0.81139948
320.76499987,0.01928056,0.01417427,0.10690000,0.73457763,0.25307123,0.79025004
320.86500001,0.01125857,0.00894285,0.10400000,0.67582379,0.25172044,0.76522366
320.96499991,0.02717555,0.00858251,0.11100000,0.73300559,0.25679152,0.74516143
321.06499982,0.01904623,0.00044866,0.11600000,0.72324885,0.22887466,0.76298726
321.16499996,0.01397754,0.00249767,0.11790000,0.70894566,0.23474082,0.77878438
321.26499987,0.00967657,0.00904235,0.11800000,0.75113967,0.25158545,0.76348750
321.36500001,0.00181254,0.00868589,0.13390000,0.72034568,0.24492227,0.79005904
321.46499991,0.00317648,0.00000029,0.14000000,0.70788631,0.22771312,0.78149571
321.56499982,0.00185164,0.00536110,0.13500000,0.70783185,0.22439489,0.79396134
321.66599989,0.00694867,0.00682759,0.12400000,0.68817861,0.23954254,0.80277882
321.76600003,0.00321073,0.00353571,0.12200000,0.66760969,0.22147276,0.75795985
321.86599994,0.01153098,0.00515814,0.11900000,0.66839002,0.22858386,0.76006629
321.96599984,0.00293007,0.00554118,0.12400000,0.66155600,0.24507796,0.74234230
322.06599998,0.00199266,0.00072754,0.12500000,0.66349663,0.23422950,0.70186168
322.16599989,0.00208713,0.00055125,0.12600000,0.62930478,0.22212542,0.68933517
322.26600003,0.00007889,0.00120573,0.12300000,0.62801564,0.22022421,0.69503919
322.36599994,0.00106744,0.00135668,0.12600000,0.63392787,0.22291443,0.71583906
322.46599984,0.00415576,0.00140344,0.12900000,0.66441347,0.23392663,0.72744337
322.56599998,0.00216894,0.00082200,0.12500000,0.64894546,0.22520677,0.74088668
322.66599989,0.00373064,0.00061016,0.12600000,0.68789385,0.22362063,0.75299134
322.76600003,0.00460572,0.00008571,0.12300000,0.69670079,0.21937895,0.76547327
322.86699986,0.00439486,0.00036765,0.11900000,0.72470606,0.22241716,0.76935138
322.96700001,0.00362302,0.00318963,0.12100000,0.75229386,0.21802966,0.75279026
323.06699991,0.00092133,0.00696069,0.12000000,0.73582992,0.23401907,0.77828639
323.16699982,0.00086683,0.00691004,0.12200000,0.74263825,0.23461266,0.78915789
323.26699996,0.00023034,0.00339366,0.12500000,0.73298540,0.22064992,0.76846007
323.36699986,0.00307908,0.00129972,0.12300000,0.71728218,0.21473286,0.77491645
323.46700001,0.00596923,0.00224685,0.12400000,0.72355565,0.20966724,0.78541831
323.56699991,0.00574859,0.00077698,0.12200000,0.74522160,0.21308621,0.79472647
323.66699982,0.00249029,0.00104807,0.12400000,0.75110430,0.20458325,0.79052926
323.76699996,0.00227673,0.00615439,0.12000000,0.74689929,0.22078954,0.78783794
323.86699986,0.00459108,0.00729671,0.11800000,0.76878448,0.22363660,0.78638899
323.96700001,0.00795995,0.00934876,0.11500000,0.81054293,0.22200588,0.82239833
324.06799984,0.00731131,0.00856182,0.11600000,0.85592244,0.21755577,0.82488326
324.16799998,0.00363712,0.00678685,0.12000000,0.79767150,0.22603026,0.83156990
324.26799989,0.00467555,0.00554971,0.11800000,0.79068430,0.22565205,0.81251671
324.36800003,0.00139197,0.00492670,0.11300000,0.76779455,0.22159494,0.83696846
324.46799994,0.00315486,0.00398207,0.11100000,0.78017669,0.20696647,0.82254119
324.56799984,0.00061367,0.00203062,0.11300000,0.77751845,0.20714164,0.85580826
324.66799998,0.00146416,0.00273244,0.11500000,0.77725496,0.21375847,0.86353225
324.76799989,0.00257543,0.00247733,0.11300000,0.78663341,0.21098912,0.83877563
324.86800003,0.00170632,0.00022020,0.11100000,0.78465474,0.21201584,0.81999818
324.96799994,0.00180411,0.00209647,0.10700000,0.77979358,0.21332813,0.83273771
325.06799984,0.00227309,0.00127792,0.10800000,0.79988100,0.21118847,0.82324370
325.16799998,0.00237719,0.00337772,0.11200000,0.80693769,0.20621956,0.86123738
325.26899981,0.00367770,0.00665166,0.10700000,0.84624642,0.23510357,0.86841387
325.36899996,0.00541864,0.00651293,0.09900000,0.88774329,0.23872615,0.85564453
325.46899986,0.00362718,0.00486350,0.09900000,0.86100286,0.22486036,0.85390331
325.56900001,0.00141629,0.00370865,0.10100000,0.86082923,0.21282294,0.87725925
325.66899991,0.00230468,0.00239551,0.10400000,0.88579811,0.21829865,0.82741708
325.76899981,0.00487681,0.00317281,0.10200000,0.88162533,0.22146155,0.81128897
325.86899996,0.01006528,0.00629207,0.10200000,0.92239781,0.23543221,0.81469117
325.96899986,0.01362292,0.00869690,0.10300000,0.92764168,0.24508252,0.82050676
326.06900001,0.01264670,0.00581645,0.10500000,0.90861613,0.24816096,0.83403783
326.16899991,0.01195386,0.00346484,0.10500000,0.91481521,0.23735788,0.81517593
326.26899981,0.01246074,0.00398746,0.10400000,0.90463323,0.24614332,0.81248610
326.36899996,0.01269692,0.00442811,0.10410000,0.92667161,0.24617032,0.82997878
326.47000003,0.00790527,0.00268454,0.10400000,0.92582973,0.24926208,0.81373690
326.56999993,0.00270749,0.00081823,0.10600000,0.89618597,0.24668627,0.82594640
326.66999984,0.00111160,0.00292136,0.10500000,0.90564098,0.24884656,0.85177123
326.76999998,0.00190523,0.00567275,0.10300000,0.87597335,0.26008934,0.85137053
326.86999989,0.00507537,0.00544891,0.10500000,0.91951993,0.25981785,0.83805856
326.97000003,0.00500918,0.00469021,0.10400000,0.91539631,0.26578018,0.84240528
327.06999993,0.00320314,0.00406939,0.10400000,0.87308738,0.26335715,0.82506327
327.16999984,0.00214818,0.00315996,0.10500000,0.81681890,0.25753090,0.81845221
327.26999998,0.00274474,0.00419361,0.10300000,0.82611336,0.25039117,0.82258960
327.36999989,0.00061314,0.00203078,0.10300000,0.82958276,0.24766534,0.81677104
327.47000003,0.00088775,0.00024879,0.10400000,0.83267209,0.24134024,0.80572422
327.56999993,0.00190438,0.00068069,0.10400000,0.82913792,0.24502193,0.82101263
327.67100000,0.00511418,0.00421725,0.10400000,0.85533326,0.23853367,0.82163151
327.77099991,0.00349678,0.00765980,0.10100000,0.81788352,0.25106720,0.79173009
327.87099981,0.00101377,0.00887425,0.10000000,0.81984228,0.25748125,0.83406770
327.97099996,0.00612650,0.00930999,0.09600000,0.88332697,0.24301879,0.85634386
328.07099986,0.00768732,0.00756539,0.09600000,0.87876577,0.24471242,0.86203707
328.17100000,0.00502054,0.00661243,0.09700000,0.83169154,0.24804659,0.91144165
328.27099991,0.00011134,0.00550614,0.09600000,0.84334949,0.23860710,0.92393979
328.37099981,0.00214557,0.00463644,0.09600000,0.81304540,0.23348596,0.92981155
328.47099996,0.00333214,0.00388675,0.09500000,0.81001360,0.23423814,0.91790053
328.57099986,0.00040385,0.00623032,0.09400000,0.79995688,0.24551197,0.91415220
328.67100000,0.00356695,0.00898036,0.09300000,0.77899083,0.24992879,0.88690295
328.77099991,0.00220411,0.00982455,0.08900000,0.74658249,0.24364003,0.87546559
328.87199998,0.00572674,0.00941087,0.08900000,0.77566642,0.24203481,0.87348700
328.97199988,0.00242387,0.00811818,0.08900000,0.72946502,0.23990397,0.84525790
329.07200003,0.00055660,0.00696349,0.08700000,0.71914409,0.23552902,0.83249773
329.17199993,0.00159304,0.00845649,0.08800000,0.73127433,0.24090616,0.84393166
329.27199984,0.00031191,0.00788306,0.08800000,0.72869916,0.23949469,0.84512815
329.37199998,0.00152868,0.00496721,0.08600000,0.74081491,0.20927375,0.82575814
329.47199988,0.00438887,0.00768621,0.08600000,0.78100457,0.22336210,0.86729471
329.57200003,0.00419986,0.00803873,0.08400000,0.78055051,0.20846267,0.85000152
329.67199993,0.00371571,0.00619060,0.08400000,0.76099611,0.20621438,0.85655969
329.77199984,0.00002955,0.00523537,0.08400000,0.68778889,0.18448693,0.84402972
329.87199998,0.00336145,0.00648079,0.08400000,0.71102530,0.19517453,0.85576094
329.97199988,0.00733107,0.00605437,0.08300000,0.77107713,0.19296525,0.86244540
330.07299995,0.00683041,0.00575548,0.08300000,0.76506279,0.18876034,0.87592102
330.17299986,0.00030757,0.00607580,0.08100000,0.72718224,0.18702929,0.88245729
330.27300000,0.00276888,0.00452916,0.08100000,0.70928131,0.17625665,0.88034835
330.37299991,0.00003072,0.00205890,0.08500000,0.71122520,0.16704254,0.87731338
330.47299981,0.00369512,0.00220819,0.08300000,0.75902804,0.16127300,0.90664492
330.57299995,0.00173073,0.00206266,0.08100000,0.70850654,0.16294936,0.90518682
330.67299986,0.00239229,0.00082883,0.08100000,0.72355906,0.16923523,0.89465361
330.77300000,0.00532728,0.00168230,0.08300000,0.80244014,0.18016386,0.91202857
330.87299991,0.00732994,0.00287785,0.08500000,0.77722128,0.18446368,0.94831441
330.97299981,0.01083082,0.00327008,0.08600000,0.80448178,0.17545694,0.92387175
331.07299995,0.00555977,0.00042298,0.08400000,0.80582013,0.18362502,0.94167771
331.17299986,0.00354175,0.00025686,0.08500000,0.83375134,0.17477558,0.94179204
331.27399993,0.00147010,0.00022091,0.08500000,0.75879628,0.18105318,0.90144902
331.37399983,0.00170377,0.00169622,0.08600000,0.75898789,0.18823510,0.88773784
331.47399998,0.00084160,0.00283932,0.08500000,0.74886140,0.18251398,0.89281929
331.57399988,0.00123643,0.00213804,0.08400000,0.74293023,0.18776825,0.90107719
331.67400002,0.00438219,0.00008029,0.08400000,0.77203105,0.18799221,0.91371071
331.77399993,0.00148546,0.00125036,0.08700000,0.73065739,0.18445620,0.91342498
331.87399983,0.00300372,0.00962277,0.08500000,0.73666229,0.20754327,0.93964463
331.97399998,0.00320809,0.00894585,0.08500000,0.75577230,0.20515490,0.95668606
332.07399988,0.00404214,0.00838517,0.08200000,0.83713109,0.20571604,0.97683842
332.17400002,0.00073981,0.00856637,0.07900000,0.79860707,0.21152592,0.96925374
332.27399993,0.00210588,0.00794829,0.07900000,0.79434032,0.21255450,0.98103781
332.37399983,0.00208298,0.00557774,0.08000000,0.78890746,0.19574449,0.97730813
332.47499990,0.00225312,0.00256971,0.08200000,0.78540145,0.20109542,0.99540264
332.57500005,0.00108192,0.00284947,0.08400000,0.78125967,0.20322822,0.97102148
332.67499995,0.00497359,0.00130515,0.08100000,0.83094197,0.21466476,0.97965585
332.77499986,0.00389689,0.00140863,0.07900000,0.83821891,0.22158167,0.96599589
332.87500000,0.00275119,0.00079433,0.07900000,0.79911691,0.22888550,0.95686226
332.97499990,0.00000117,0.00317648,0.08100000,0.80019439,0.22859377,0.96933689
333.07500005,0.00037309,0.00417143,0.08500000,0.77975459,0.23064038,0.97594023
333.17499995,0.00057747,0.00484835,0.08200000,0.76752085,0.23368343,0.96923485
333.27499986,0.00241376,0.00619466,0.08200000,0.77272134,0.24747030,0.95176705
333.37500000,0.00307789,0.00595202,0.08200000,0.76365523,0.24854224,0.96134820
333.47499990,0.00116337,0.00470920,0.08300000,0.74389298,0.24733144,0.96555175
333.57500005,0.00048934,0.00480110,0.08500000,0.74550392,0.24985434,0.96583059
333.67599988,0.00095552,0.00414331,0.08500000,0.75091604,0.24944065,0.93836982
333.77600002,0.00053750,0.00629294,0.08500000,0.74102138,0.25314843,0.92480872
333.87599993,0.00268565,0.00945290,0.08500000,0.72942944,0.24525059,0.90346389
333.97599983,0.00337271,0.01158079,0.08700000,0.73267035,0.24315208,0.88627617
334.07599998,0.00307528,0.00742850,0.08400000,0.70609791,0.23932387,0.90725011
334.17599988,0.00562850,0.00753458,0.08500000,0.72798111,0.22862209,0.88160242
334.27600002,0.00067926,0.00655733,0.08500000,0.66054173,0.23017345,0.86234560
334.37599993,0.00099725,0.00672722,0.08600000,0.68493199,0.22658992,0.87837356
334.47599983,0.00343941,0.00451004,0.08400000,0.72100877,0.20149095,0.87800437
334.57599998,0.00121616,0.00598506,0.08300000,0.70009118,0.22213354,0.88532176
334.67599988,0.00108074,0.00602594,0.08500000,0.71055310,0.21456359,0.89255220
334.77600002,0.00648342,0.00483790,0.08300000,0.76678861,0.20260832,0.89096625
334.87699986,0.00525597,0.00395283,0.08500000,0.75824774,0.20920240,0.89927505
334.97700000,0.00661358,0.00184406,0.08700000,0.76637182,0.20839462,0.90745426
335.07699990,0.00063374,0.00601318,0.08500000,0.72665825,0.22438020,0.87264995
335.17700005,0.00058211,0.00785755,0.08200000,0.70326960,0.22501756,0.90010895
335.27699995,0.00198383,0.00730441,0.08200000,0.70052562,0.21315672,0.91632214
335.37699986,0.00028959,0.00858173,0.08400000,0.71297393,0.21090065,0.91813364
335.47700000,0.00266713,0.00687651,0.08000000,0.73554999,0.20262244,0.90813944
335.57699990,0.00353945,0.00609609,0.08000000,0.72393813,0.20454334,0.91835377
335.67700005,0.00378847,0.00520841,0.08000000,0.73288231,0.18879147,0.92829015
335.77699995,0.00382935,0.00534379,0.07600000,0.72520119,0.19272187,0.94908973
335.87699986,0.00041745,0.00522262,0.07800000,0.73285257,0.18260379,0.93907811
335.97700000,0.00226851,0.00359915,0.07800000,0.72460936,0.17882521,0.96070852
336.07799983,0.00007392,0.00415867,0.07900000,0.72268365,0.18006298,0.94993817
336.17799997,0.00121094,0.00303210,0.08200000,0.74416011,0.17317857,0.96648524
336.27799988,0.00407576,0.00297962,0.07800000,0.74827047,0.17347431,0.93435111
336.37800002,0.00550238,0.00158866,0.07800000,0.79606474,0.17354508,0.95754271
336.47799993,0.00548063,0.00078276,0.07700000,0.83109477,0.16879874,0.94341140
336.57799983,0.00551628,0.00203485,0.07800000,0.84582150,0.16176915,0.94440085
336.67799997,0.00539627,0.00096452,0.07900000,0.83549289,0.16200715,0.90775161
336.77799988,0.00863536,0.00002205,0.07800000,0.86573187,0.16286810,0.92976975
336.87800002,0.00990746,0.00070159,0.08100000,0.85570846,0.16261036,0.96970796
336.97799993,0.00657530,0.00318519,0.08100000,0.86808293,0.16716445,0.95495277
337.07799983,0.00211019,0.00601058,0.07900000,0.82823914,0.18227646,0.97389890
337.17799997,0.00079286,0.00740415,0.08100000,0.83291561,0.18236620,0.93422853
337.27900004,0.00378845,0.00520842,0.08200000,0.85538937,0.19290828,0.90229247
337.37899995,0.00199511,0.00220443,0.08200000,0.84201746,0.18051790,0.89687828
337.47899985,0.00207426,0.00099872,0.08300000,0.82285847,0.17764191,0.88613669
337.57900000,0.00210876,0.00135762,0.08300000,0.81111473,0.18305554,0.88411613
337.67899990,0.00520348,0.00108802,0.08400000,0.85656729,0.17596553,0.83408852
337.77900004,0.00178321,0.00492749,0.08400000,0.79425405,0.19366254,0.83112957
337.87899995,0.00176231,0.00688435,0.08300000,0.79017801,0.19303968,0.83602039
337.97899985,0.00272276,0.00761752,0.08300000,0.79958719,0.19175205,0.85522204
338.07900000,0.00251086,0.00489444,0.08600000,0.80594100,0.19187528,0.86220378
338.17899990,0.00404008,0.00579722,0.08500000,0.79209637,0.18887227,0.88728110
338.27900004,0.00423551,0.00522116,0.08400000,0.78815392,0.18765967,0.85632453
338.37899995,0.00435552,0.00415084,0.08300000,0.81771180,0.18414858,0.86872592
338.48000002,0.00498258,0.00255810,0.08500000,0.85680369,0.18157308,0.87331086
338.57999992,0.00684984,0.00140344,0.08600000,0.84448499,0.18267262,0.86023098
338.67999983,0.00775666,0.00098193,0.08700000,0.82014771,0.18016300,0.85211997
338.77999997,0.00844374,0.00114596,0.08700000,0.81479135,0.17983455,0.83779199
338.87999988,0.00823298,0.00159937,0.08700000,0.82725908,0.17372498,0.81613881
338.98000002,0.01037101,0.00283586,0.08500000,0.82625883,0.18386543,0.81688290
339.07999992,0.00661358,0.00184406,0.08500000,0.82002548,0.18408500,0.79901973
339.17999983,0.00357510,0.00327851,0.08500000,0.77926003,0.18381732,0.77717686
339.27999997,0.00605667,0.00097815,0.08800000,0.81401431,0.18448807,0.75011897
339.37999988,0.00619843,0.00071375,0.08800000,0.80326164,0.17978070,0.77962942
339.48000002,0.00435668,0.00097436,0.08700000,0.71344344,0.17978492,0.76039753
339.58099985,0.00482545,0.00179304,0.08600000,0.68532991,0.18672375,0.77817746
339.68099999,0.00669272,0.00063835,0.08400000,0.74487927,0.19594576,0.79194138
339.78099990,0.00206412,0.00292223,0.08500000,0.69068052,0.20467279,0.78301297
339.88100004,0.00027568,0.00495823,0.08700000,0.68111155,0.22032385,0.78694949
339.98099995,0.00124250,0.00591491,0.08600000,0.70919472,0.22698261,0.75659155
340.08099985,0.00352495,0.00593925,0.08700000,0.69206524,0.23021163,0.76234279
340.18099999,0.00117906,0.00414968,0.08500000,0.69438077,0.21464453,0.72604310
340.28099990,0.00255841,0.00284685,0.08500000,0.69882036,0.22174237,0.72844073
340.38100004,0.00054037,0.00301297,0.08600000,0.69057985,0.22208997,0.76866675
340.48099995,0.00570394,0.00079063,0.08100000,0.72991764,0.22133599,0.77821301
340.58099985,0.00528002,0.00159417,0.08300000,0.68688149,0.22256815,0.81013658
340.68099999,0.00196960,0.00309849,0.08200000,0.71375675,0.22114900,0.81361468
340.78199983,0.00180585,0.01186334,0.07700000,0.71730662,0.24915524,0.84724445
340.88199997,0.00010381,0.00890613,0.08000000,0.73772723,0.24621763,0.84599272
340.98199987,0.00389459,0.00776158,0.08000000,0.76576610,0.24252613,0.82270735
341.08200002,0.00103410,0.00759083,0.08000000,0.77813454,0.24245139,0.80359664
341.18199992,0.00173840,0.00598982,0.08100000,0.77081065,0.23900495,0.81515829
341.28199983,0.00010956,0.00697625,0.08000000,0.75683340,0.24468936,0.81154738
341.38199997,0.00533659,0.00422502,0.08300000,0.77631493,0.24886728,0.82442181
341.48199987,0.00545691,0.00315470,0.08400000,0.73631778,0.23166733,0.81369682
341.58200002,0.00785319,0.00228416,0.07800000,0.77430517,0.23119876,0.79979911
341.68199992,0.00845491,0.00158570,0.07800000,0.76683093,0.22867523,0.82249134
341.78199983,0.00806582,0.00043882,0.08100000,0.81472615,0.23181888,0.84786704
341.88199997,0.01006457,0.00006614,0.08200000,0.80776022,0.23161686,0.82789134
341.98300004,0.01036111,0.00090965,0.08200000,0.82278415,0.23774645,0.85471022
342.08299994,0.00990764,0.00069899,0.08000000,0.83011374,0.22796795,0.85503967
342.18299985,0.00671631,0.00292254,0.07900000,0.82543825,0.23203812,0.83901573
342.28299999,0.00324553,0.00537276,0.08400000,0.76105805,0.24733741,0.85569810
342.38299990,0.00343462,0.00502030,0.08500000,0.77604295,0.24964698,0.86370455
342.48300004,0.00352917,0.00484406,0.08400000,0.78099221,0.25368510,0.85929902
342.58299994,0.00352697,0.00336756,0.08100000,0.82404964,0.24028692,0.84630791
342.68299985,0.00428563,0.00343415,0.08000000,0.84407408,0.23470261,0.86059938
342.78299999,0.00812819,0.00050249,0.08300000,0.86466619,0.22892736,0.87000519
342.88299990,0.00796062,0.00166090,0.08400000,0.86587193,0.22519379,0.90889483
342.98300004,0.00851285,0.00042593,0.08600000,0.83387499,0.23088725,0.91355018
343.08299994,0.00539453,0.00221339,0.08300000,0.82903662,0.23446152,0.92061195
343.18400002,0.00318535,0.00590792,0.08000000,0.78337674,0.24668711,0.91472073
343.28399992,0.00075247,0.00494306,0.08300000,0.77591346,0.23576804,0.94908181
343.38399982,0.00037202,0.00417152,0.08300000,0.78197184,0.23392965,0.96032206
343.48399997,0.00285640,0.00334828,0.08600000,0.78934884,0.23024236,0.96729087
343.58399987,0.00615962,0.00205647,0.08800000,0.86243574,0.22940897,0.95542222
343.68400002,0.00775641,0.00098395,0.08600000,0.86752720,0.23254643,0.93510770
343.78399992,0.00805295,0.00000821,0.08600000,0.83439044,0.23586117,0.92709401
343.88399982,0.00055268,0.00721904,0.08500000,0.80565438,0.24820042,0.89829834
343.98399997,0.00370049,0.00732027,0.08400000,0.79066577,0.24686402,0.90359639
344.08399987,0.00527379,0.00602222,0.08700000,0.77042395,0.24460984,0.91735326
344.18400002,0.00031363,0.00312276,0.08600000,0.76350847,0.22622304,0.92014197
344.28499985,0.00232126,0.00328812,0.08700000,0.75276184,0.22802448,0.91772414
344.38499999,0.00154285,0.00541384,0.08700000,0.74259536,0.24186239,0.92376502
344.48499990,0.00016956,0.00433489,0.08900000,0.73332996,0.22530987,0.90786832
344.58500004,0.00366835,0.00620268,0.09000000,0.75129847,0.23603598,0.88297578
344.68499994,0.00246109,0.00620025,0.08900000,0.75326471,0.23182014,0.87236078
344.78499985,0.00062148,0.00793686,0.09200000,0.76285627,0.24173819,0.87100123
344.88499999,0.00511241,0.00974029,0.09300000,0.73945688,0.23324884,0.86206698
344.98499990,0.00023239,0.00591236,0.09000000,0.75032225,0.23159086,0.87343353
345.08500004,0.00051605,0.00538365,0.09000000,0.73878456,0.22163063,0.87712012
345.18499994,0.00356360,0.00520296,0.08800000,0.72350149,0.22779318,0.87284381
345.28499985,0.00578141,0.00276139,0.08800000,0.77300953,0.20755304,0.88755611
345.38499999,0.00534303,0.00400151,0.09100000,0.73223461,0.20718387,0.89273292
345.48599982,0.00896432,0.00253989,0.08800000,0.77534453,0.20565265,0.89223023
345.58599997,0.00552571,0.00387254,0.08900000,0.77772260,0.20521955,0.90185938
345.68599987,0.01010963,0.00149846,0.08700000,0.75086089,0.19454761,0.89019170
345.78600001,0.00710542,0.00494702,0.08600000,0.73657151,0.21394475,0.85627015
345.88599992,0.00006702,0.00854725,0.08700000,0.70155613,0.21438323,0.84041616
345.98599982,0.00546806,0.00588390,0.08700000,0.73174073,0.21287134,0.82111382
346.08599997,0.00383659,0.00659777,0.08700000,0.73521638,0.20409663,0.82578079
346.18599987,0.00110492,0.00513217,0.08800000,0.71263852,0.19450651,0.82488884
346.28600001,0.00156505,0.00469794,0.08700000,0.70915024,0.19583723,0.83687496
346.38599992,0.00301977,0.00388986,0.08700000,0.71835273,0.18803523,0.81551427
346.48599982,0.00276830,0.00330098,0.08800000,0.70012432,0.18737364,0.81754593
346.58599997,0.00468314,0.00205869,0.08800000,0.70005251,0.18370197,0.80814474
346.68700004,0.00814520,0.00164490,0.08900000,0.73629035,0.17772281,0.82468399
346.78699994,0.00983464,0.00028274,0.08700000,0.71589592,0.16999032,0.80300726
346.88699985,0.01150250,0.00140445,0.08700000,0.73506410,0.16827763,0.79329668
346.98699999,0.01170445,0.00060489,0.08700000,0.72411635,0.16532730,0.81816828
347.08699989,0.00509815,0.00318886,0.08600000,0.67378731,0.16764839,0.78926294
347.18700004,0.00127269,0.00397370,0.08600000,0.67462014,0.17249358,0.77645148
347.28699994,0.00228426,0.00320034,0.08700000,0.64021262,0.17318039,0.77258361
347.38699985,0.00248850,0.00252337,0.08800000,0.67089648,0.16909855,0.76081927
347.48699999,0.00286713,0.00142463,0.09000000,0.66729266,0.17089148,0.74215322
347.58699989,0.00365380,0.00207358,0.09100000,0.64113529,0.17768191,0.74104743
347.68700004,0.00778216,0.00008953,0.09100000,0.68072460,0.17605294,0.75699557
347.78699994,0.00783128,0.00317507,0.09300000,0.69254279,0.18418216,0.76043611
347.88800001,0.00725299,0.00484707,0.09000000,0.70887343,0.18366381,0.72685617
347.98799992,0.00784183,0.00509859,0.09000000,0.70668298,0.19880938,0.71366908
348.08799982,0.00871248,0.00270235,0.09000000,0.69432880,0.18647590,0.69557514
348.18799996,0.00854910,0.00324391,0.09000000,0.72262773,0.18675012,0.65159382
348.28799987,0.00470665,0.00031210,0.09000000,0.67594792,0.18684056,0.68626715
348.38800001,0.00209975,0.00010511,0.09200000,0.68180409,0.18769743,0.70777364
348.48799992,0.00182254,0.00041032,0.09200000,0.68666004,0.19489882,0.69437686
348.58799982,0.00185880,0.00240725,0.09300000,0.68077516,0.19534339,0.68067570
348.68799996,0.00355008,0.00365608,0.09300000,0.68928598,0.19733459,0.65007905
348.78799987,0.00879418,0.00243155,0.09200000,0.72782686,0.20189837,0.66979413
348.88800001,0.00955283,0.00236505,0.09200000,0.71551677,0.20634966,0.69580789
348.98899984,0.00048788,0.00014825,0.09000000,0.63866492,0.20377395,0.66954805
349.08899999,0.00048788,0.00014825,0.09200000,0.64566047,0.19761800,0.67175865
349.18899989,0.00455796,0.00447716,0.09100000,0.65074228,0.20273051,0.62991076
349.28900003,0.00114833,0.00674398,0.09100000,0.67307423,0.21953962,0.63331044
349.38899994,0.00154673,0.00711390,0.09100000,0.66319382,0.22251060,0.63927590
349.48899984,0.00181245,0.00698677,0.09000000,0.65184708,0.21416820,0.65173436
349.58899999,0.00305025,0.00594861,0.09000000,0.66207678,0.20800316,0.64172678
349.68899989,0.00485122,0.00555299,0.08900000,0.66475716,0.21086712,0.65648348
349.78900003,0.00141267,0.00688581,0.09300000,0.67668597,0.22021749,0.65548824
349.88899994,0.00663795,0.00835450,0.09700000,0.72941733,0.22217023,0.67754222
349.98899984,0.00019004,0.00895343,0.09300000,0.66064091,0.22807801,0.67746732
350.08899999,0.00503440,0.01171131,0.09100000,0.65572862,0.23942170,0.67053866
350.18999982,0.00146636,0.00657418,0.08700000,0.64141472,0.24239612,0.68905240
350.28999996,0.00116624,0.00788542,0.09000000,0.63301758,0.23761171,0.71859453
350.38999987,0.00305254,0.00742509,0.08900000,0.65865794,0.24273090,0.71022083
350.49000001,0.00364138,0.00717359,0.08600000,0.63896150,0.23740661,0.69170974
350.58999991,0.00375753,0.00780326,0.08600000,0.65499344,0.23829507,0.70254229
350.68999982,0.00574755,0.00705518,0.08500000,0.69425235,0.22792125,0.71363529
350.78999996,0.00521839,0.00211858,0.08700000,0.69620973,0.21007436,0.70345792
350.88999987,0.00522895,0.00019507,0.08700000,0.71618871,0.20638765,0.68967429
350.99000001,0.00768119,0.00048927,0.08600000,0.74856426,0.20632570,0.71079283
351.08999991,0.00385804,0.00275055,0.08900000,0.70447785,0.20801581,0.73952980
351.18999982,0.00161234,0.00460981,0.08300000,0.72000172,0.20538485,0.75458104
351.28999996,0.00225169,0.00673572,0.07800000,0.68849249,0.22133356,0.75290893
351.39100003,0.00228516,0.00610558,0.07700000,0.68928122,0.21260346,0.70749963
351.49099994,0.00222827,0.00436518,0.07900000,0.69970078,0.19926620,0.69470796
351.59099984,0.00027537,0.00287127,0.07700000,0.69743696,0.19485043,0.70021419
351.69099998,0.00369465,0.00220898,0.07200000,0.70816707,0.19551219,0.71392969
351.79099989,0.00333710,0.00558603,0.07400000,0.69069616,0.19822696,0.72955291
351.89100003,0.00360792,0.00566771,0.07200000,0.73591816,0.19687708,0.70167865
351.99099994,0.01034139,0.00489241,0.07100000,0.76585631,0.19181803,0.68074350
352.09099984,0.00835900,0.00436545,0.07300000,0.75559740,0.18821077,0.69367285
352.19099998,0.00047076,0.00229530,0.07100000,0.74755709,0.19297465,0.68891705
352.29099989,0.00386634,0.00064916,0.07400000,0.74782448,0.18989450,0.72434179
352.39100003,0.00475396,0.00039983,0.07400000,0.71687903,0.19939357,0.72441622
352.49199986,0.00405555,0.00365137,0.07300000,0.76221623,0.20480151,0.73007933
352.59200001,0.00530211,0.00851925,0.07000000,0.77912865,0.22635641,0.70659400
352.69199991,0.00269727,0.01041272,0.06900000,0.78359420,0.23137241,0.69975304
352.79199982,0.00202450,0.00426397,0.07000000,0.80051787,0.21471544,0.70210329
352.89199996,0.01432423,0.00025759,0.07400000,0.82647412,0.20483793,0.72387058
352.99199986,0.01364001,0.00448555,0.07410000,0.82334810,0.20951924,0.70014528
353.09200001,0.00540308,0.00118607,0.07100000,0.81602461,0.20848433,0.71154638
353.19199991,0.00003666,0.00281756,0.07400000,0.81614710,0.20169895,0.71479149
353.29199982,0.00297538,0.00545409,0.07800000,0.84582423,0.20958168,0.72086673
353.39199996,0.01343534,0.00414990,0.07710000,0.87140981,0.20175552,0.71157853
353.49199986,0.01779176,0.01738601,0.08110000,0.85676333,0.22246203,0.72576334
353.59200001,0.01352710,0.00714965,0.05900000,0.85732623,0.22191690,0.71574153
353.69299984,0.01638298,0.00880670,0.06000000,0.87356883,0.22127663,0.70775823
353.79299998,0.00743711,0.00116163,0.06400000,0.83592476,0.20735463,0.71233957
353.89299989,0.00991567,0.00681319,0.06700000,0.83527675,0.22986150,0.73591001
353.99300003,0.03778663,0.00372303,0.08010000,0.88973782,0.21596116,0.73956170
354.09299994,0.04262949,0.00258199,0.08310000,0.91579434,0.21612293,0.75692471
354.19299984,0.04248778,0.00379451,0.06510000,0.91326232,0.21934028,0.74294725
354.29299998,0.03187135,0.00242010,0.06010000,0.89913228,0.22017992,0.72627859
354.39299989,0.03312380,0.00242155,0.06010000,0.89945916,0.22609848,0.73882687
354.49300003,0.03744158,0.00600151,0.06410000,0.92639055,0.24723410,0.76922940
354.59299994,0.03857164,0.00559897,0.07310000,0.92502975,0.23350413,0.77285663
354.69299984,0.04523251,0.00862786,0.07010000,0.94566544,0.25085628,0.77749774
354.79299998,0.05063045,0.00492521,0.07510000,0.93440396,0.23578955,0.78521454
354.89399981,0.04695578,0.00223720,0.07010000,0.94081203,0.23693878,0.77836264
354.99399996,0.04957881,0.00281817,0.08010000,0.91539300,0.24250534,0.79942264
355.09399986,0.05175661,0.00127026,0.07310000,0.91514334,0.24128970,0.82588979
355.19400001,0.04622770,0.00199987,0.07010000,0.95444519,0.24508602,0.82823659
355.29399991,0.04398881,0.00039349,0.06820000,0.94077833,0.24792967,0.82342143
355.39399981,0.04550004,0.00008135,0.06910000,0.93895127,0.25199298,0.81986362
355.49399996,0.06017059,0.00001508,0.08020000,0.96363477,0.25007298,0.83352249
355.59399986,0.06443390,0.00565704,0.07620000,0.95968027,0.24520199,0.79880889
355.69400001,0.06093355,0.00695650,0.07320000,0.94891990,0.25936746,0.79947072
355.79399991,0.04757034,0.00568444,0.06810000,0.94062032,0.24660556,0.82517913
355.89399981,0.04018828,0.00114551,0.07210000,0.90306662,0.23854810,0.82414584
355.99499989,0.04777062,0.00371718,0.07110000,0.90272327,0.24287338,0.78277326
356.09500003,0.05331199,0.00113632,0.06920000,0.89451691,0.23852127,0.80015279
356.19499993,0.06039034,0.00855028,0.08220000,0.91638866,0.25435027,0.84247747
356.29499984,0.03192251,0.00241933,0.06210000,0.82532195,0.24011715,0.75794266
356.39499998,0.02124148,0.01053468,0.06910000,0.81788762,0.25898538,0.76235362
356.49499989,0.03388865,0.01848457,0.08820000,0.81967276,0.25714296,0.80688756
356.59500003,0.03393616,0.01007111,0.08610000,0.82645616,0.24740851,0.80127503
356.69499993,0.03240386,0.00523928,0.08010000,0.82354133,0.22956927,0.78923675
356.79499984,0.03104949,0.00606872,0.06910000,0.81362698,0.23981439,0.77494991
356.89499998,0.03302493,0.00614605,0.07110000,0.83605669,0.23565153,0.77638821
356.99499989,0.02582695,0.00629036,0.06410000,0.82442006,0.23192786,0.77183168
357.09500003,0.02149470,0.00140635,0.07200000,0.78176271,0.22850985,0.81060107
357.19599986,0.02959622,0.00182040,0.07910000,0.76729360,0.22671879,0.85490460
357.29600000,0.03428047,0.00673641,0.07400000,0.80125532,0.22913958,0.82314115
357.39599991,0.04265180,0.00491772,0.06310000,0.84000962,0.22621511,0.77702728
357.49599981,0.03723644,0.00493331,0.06110000,0.82133617,0.21587446,0.77031921
357.59599996,0.02474071,0.01062766,0.06310000,0.73143928,0.21182239,0.76553309
357.69599986,0.02621260,0.01089401,0.06400000,0.70142383,0.20776075,0.75565324
357.79600000,0.02636273,0.00531476,0.07010000,0.69093235,0.20368344,0.80834267
357.89599991,0.02019249,0.00186636,0.07110000,0.71349297,0.19634055,0.79926110
357.99599981,0.01587301,0.00838020,0.06400000,0.73266443,0.19930595,0.74503600
358.09599996,0.01385523,0.00886355,0.06200000,0.76170884,0.19922353,0.73419430
358.19599986,0.01550300,0.00949510,0.06500000,0.75514649,0.19873351,0.76271581
358.29600000,0.01542603,0.00606609,0.05900000,0.73437006,0.19454928,0.73339025
358.39699984,0.01355769,0.00836894,0.05100000,0.73648156,0.19323157,0.73983112
358.49699998,0.00237901,0.01022890,0.04200000,0.74469338,0.19638761,0.69570698
358.59699988,0.01082118,0.01077924,0.04900000,0.77483533,0.19100946,0.69222676
358.69700003,0.01340666,0.01149746,0.05100000,0.75411942,0.20338595,0.69806571
358.79699993,0.02863659,0.00799660,0.05710000,0.79677437,0.19943282,0.76261788
358.89699984,0.03382385,0.02018979,0.04700000,0.77595622,0.20812831,0.71450066
358.99699998,0.02692340,0.02186733,0.04300000,0.76523673,0.21258348,0.67456757
359.09699988,0.02904977,0.02260887,0.04310000,0.76877406,0.21962917,0.70002941
359.19700003,0.02433490,0.02106330,0.04010000,0.79900133,0.22487606,0.70181365
359.29699993,0.01912478,0.02210029,0.03300000,0.73628711,0.22463681,0.71066261
359.39699984,0.00917179,0.02302104,0.03300000,0.75666111,0.22305742,0.71880272
359.49699998,0.00959630,0.02459453,0.03400000,0.74305952,0.23205089,0.72782215
359.59799981,0.00557047,0.03160079,0.01890000,0.71349335,0.26235855,0.70770932
359.69799995,0.00009037,0.03497302,0.00800000,0.71434069,0.27020034,0.70923150
359.79799986,0.00493566,0.03191190,0.02790000,0.70075434,0.26077174,0.76801849
359.89800000,0.00690818,0.03093812,0.03290000,0.72459728,0.25809782,0.73444156
359.99799991,0.00642761,0.02995039,0.03190000,0.72667889,0.26414854,0.73964541
360.09799981,0.00723459,0.02821189,0.03990000,0.75552915,0.26240799,0.72316559
360.19799995,0.00542477,0.03222766,0.03400000,0.78308225,0.26390123,0.70302520
360.29799986,0.00441688,0.03875076,0.03200000,0.79363939,0.27250326,0.73116477
360.39800000,0.00113620,0.04047912,0.02990000,0.77128076,0.28128309,0.72242563
360.49799991,0.00184742,0.04124302,0.03090000,0.75177732,0.27999926,0.72570998
360.59799981,0.00150358,0.04010785,0.02390000,0.77295083,0.29123363,0.73336306
360.69799995,0.00218803,0.04667743,0.01790000,0.82110419,0.29951058,0.71794962
360.79900002,0.00840853,0.02450871,0.00800000,0.86721021,0.26816194,0.71411909
360.89899993,0.00509105,0.05314933,0.00790000,0.87168949,0.30020400,0.71189619
360.99899983,0.00449444,0.05498773,0.00690000,0.83416294,0.30568373,0.73326051
361.09899998,0.00360604,0.01629222,0.00110000,0.81917067,0.25297539,0.71009984
361.19899988,0.00913605,0.07094274,0.00620000,0.79749796,0.31700215,0.74221713
361.29900002,0.01594248,0.00805091,0.01300000,0.80591834,0.24148469,0.72869621
361.39899993,0.00180203,0.06130883,0.00120000,0.79189887,0.30113284,0.72008682
361.49899983,0.00137529,0.06314490,0.00310000,0.76523901,0.29930454,0.71812341
361.59899998,0.01886607,0.01136976,0.01500000,0.77449610,0.23661501,0.74338845
361.69899988,0.01875598,0.06597169,0.01620000,0.75543752,0.29663284,0.74460375
361.79900002,0.02152195,0.00676282,0.02010000,0.73744301,0.22689323,0.76178826
361.89899993,0.02236154,0.06968853,0.02220000,0.73945836,0.29883741,0.74895499
362.00000000,0.02454735,0.00129911,0.02110000,0.76294471,0.22688693,0.71364109
362.09999990,0.02904748,0.00445688,0.04210000,0.81222055,0.22927323,0.76716810
362.20000005,0.03030127,0.00402035,0.04300000,0.79141047,0.22389134,0.74060197
362.29999995,0.03159203,0.00255028,0.04610000,0.77435329,0.21908401,0.75468270
362.39999986,0.03412880,0.00066689,0.04310000,0.78165470,0.21978957,0.73755293
362.50000000,0.03825687,0.00293463,0.04920000,0.77406942,0.22807523,0.76067867
362.59999990,0.04220890,0.00555958,0.05320000,0.78436571,0.22643282,0.77891969
362.70000005,0.04481658,0.00816545,0.05810000,0.81020378,0.22624438,0.80624106
362.79999995,0.04273493,0.00982935,0.06310000,0.80398298,0.21985593,0.85270747
362.89999986,0.04359631,0.01231753,0.06610000,0.82497300,0.22297485,0.82759804
363.00000000,0.04503062,0.01500478,0.07110000,0.80591420,0.53671851,0.83231580
363.09999990,0.04561266,0.01759361,0.07620000,0.79292253,0.54676805,0.80953139
363.20099998,0.04663735,0.02019153,0.08020000,0.76130109,0.52452821,0.82283709
363.30099988,0.04637001,0.02266765,0.08520000,0.71861758,0.53700978,0.82839931
363.40100002,0.04645412,0.02533051,0.09220000,0.71187920,0.53995928,0.82226859
363.50099993,0.04599648,0.02816388,0.10020000,0.72003726,0.55335779,0.80463007
363.60099983,0.04531595,0.03076986,0.10720000,0.76483387,0.67145486,0.78526345
363.70099998,0.04342706,0.03287233,0.11310000,0.75481781,0.63967137,0.78458444
363.80099988,0.03158720,0.03869300,0.12020000,0.70753120,0.61940417,0.78175567
363.90100002,0.02431713,0.04417111,0.12310000,0.69096633,0.60483947,0.80216567
364.00099993,0.02495636,0.04486457,0.11920000,0.67729977,0.60269800,0.80341625
364.10099983,0.02844254,0.04052545,0.08120000,0.68158164,0.58506705,0.74590316
364.20099998,0.02512487,0.04230828,0.07810000,0.66197476,0.51830663,0.75279293
364.30099988,0.01983926,0.04351705,0.07510000,0.66878992,0.52131932,0.74125129
364.40199995,0.01518288,0.04607798,0.07410000,0.64945763,0.55040027,0.76508679
364.50199986,0.00849511,0.04822368,0.07210000,0.63547297,0.49351557,0.73252448
364.60200000,0.00971879,0.05118276,0.06710000,0.61702747,0.45621071,0.72015272
364.70199990,0.01969239,0.05349972,0.06800000,0.63262738,0.47067741,0.74969620
364.80200005,0.01966501,0.05589890,0.07000000,0.62318689,0.46618467,0.75258722
364.90199995,0.04099024,0.06054692,0.07400000,0.66626687,0.50673880,0.76765711
365.00199986,0.04082924,0.06379995,0.07600000,0.66891706,1.42584996,0.77863632
365.10200000,0.05101259,0.06765830,0.07600000,0.68400045,1.38584375,0.78942415
365.20199990,0.06008648,0.07119744,0.07690000,0.70991321,1.38454607,0.78803864
365.30200005,0.08385653,0.06970146,0.04190000,0.73307479,1.38026470,0.75179520
365.40199995,0.08467099,0.07297502,0.04190000,0.73767450,1.38736480,0.75363741
365.50199986,0.07236513,0.07319575,0.01190000,0.75279475,1.44443852,0.73726102
365.60299993,0.08201909,0.07628440,0.01090000,0.74688632,1.44471905,0.73477974
365.70299983,0.09091599,0.08012542,0.00990000,0.75469338,1.47844878,0.70653008
365.80299997,0.09969629,0.08288938,0.00790000,0.76881020,1.50566227,0.69282165
365.90299988,0.10831495,0.08549527,0.00590000,0.77492376,1.41901687,0.70942380
366.00300002,0.11846204,0.08763261,0.00090000,0.80373350,1.44956821,0.68978659
366.10299993,0.13640295,0.09283537,0.00130000,0.82330360,1.54679161,0.69126576
366.20299983,0.15517051,0.09724713,0.00730000,0.84740095,1.61041932,0.71741987
366.30299997,0.16235681,0.10389165,0.00530000,0.87169096,1.50847394,0.71432326
366.40299988,0.17111194,0.11024897,0.00930000,0.88057331,1.63683933,0.73302026
366.50300002,0.17843234,0.11468496,0.01130000,0.93151140,1.63200303,0.72527413
366.60299993,0.19116695,0.11879919,0.01130000,0.94572067,1.64203495,0.75517269
366.70299983,0.20432656,0.12286438,0.01330000,0.93715967,1.57077405,0.75979975
366.80399990,0.14610884,0.12444946,0.05510000,0.82123415,1.53902405,0.81254607
366.90400004,0.16582243,0.12967271,0.05520000,0.84185887,1.52839395,0.81193232
367.00399995,0.18556752,0.13533512,0.04920000,0.85406660,1.47623653,0.79194799
367.10399985,0.20926696,0.14130053,0.04530000,0.92996695,1.53265695,0.80043102
367.20400000,0.23350100,0.14715628,0.03940000,0.96841620,1.52251616,0.78379316
367.30399990,0.25868791,0.15238099,0.03750000,0.99272586,1.41940085,0.79574339
367.40400004,0.28888630,0.15790512,0.03250000,0.99584139,1.45794313,0.78673985
367.50399995,0.31462678,0.16291129,0.02660000,1.04920243,1.49800980,0.80116081
367.60399985,0.33300612,0.16758525,0.02360000,1.08818079,1.54922906,0.79926178
367.70400000,0.35073047,0.17315180,0.01870000,1.15218440,1.57071293,0.81355201
367.80399990,0.34379894,0.18287925,0.00340000,1.13334623,1.58030940,0.78731227
367.90400004,0.28732684,0.20887937,0.07660000,1.07736276,1.50865901,0.85154916
368.00499988,0.29021953,0.21557633,0.07860000,1.08194832,1.45169089,0.83971108
368.10500002,0.29340958,0.22314619,0.08060000,1.10277273,1.42522387,0.83016553
368.20499992,0.35486990,0.22892619,0.11140000,1.18174694,1.44786408,0.92056729
368.30499983,0.35933572,0.23659386,0.11440000,1.18168696,1.48661718,0.93151762
368.40499997,0.36342281,0.24766603,0.13040000,1.19615279,1.55837317,0.92400695
368.50499988,0.31966385,0.27275367,0.16460000,1.14535119,1.57072344,0.94457218
368.60500002,0.11264504,0.28315666,0.11520000,0.88238363,1.49292696,0.91015514
368.70499992,0.11115758,0.29156707,0.11630000,0.87721017,1.50828558,0.92873656
368.80499983,0.11614822,0.30124185,0.12130000,0.88931580,1.52783107,0.92711604
368.90499997,0.11206244,0.31233511,0.11430000,0.89489396,1.56778459,0.95568222
369.00499988,0.12381153,0.32256143,0.11730000,0.93167394,1.54417388,0.95122855
369.10500002,0.12969395,0.33109323,0.12030000,0.92326682,1.56544891,0.94565696
369.20599985,0.13034092,0.34354507,0.12630000,0.92781554,1.64827476,0.96071064
369.30599999,0.13189276,0.35260845,0.12830000,0.89911341,1.67300564,0.94829885
369.40599990,0.13528781,0.35938545,0.11930000,0.90276279,1.58094210,0.92493258
369.50600004,0.13403376,0.36989092,0.12330000,0.91670624,1.59116830,0.90628475
369.60599995,0.15090742,0.37604282,0.12830000,0.92604910,1.60067276,0.89884873
369.70599985,0.16781719,0.38557998,0.13120000,0.96238068,1.66414027,0.88777058
369.80599999,0.18314767,0.39480019,0.13220000,0.97698346,1.63790838,0.91519292
369.90599990,0.19296816,0.40403705,0.13120000,1.00768311,1.60429057,0.92671917
370.00600004,0.18707111,0.41400615,0.10720000,0.98585370,1.61403171,0.90433550
370.10599995,0.19001149,0.42091916,0.09920000,0.98014590,1.63368932,0.84879486
370.20599985,0.16087968,0.43621974,0.10730000,0.95405531,1.72216960,0.86887264
370.30599999,0.14288248,0.45044681,0.11650000,0.93125381,1.75256501,0.88261542
370.40699983,0.12882825,0.46378980,0.12250000,0.91794847,1.71284449,0.87702687
370.50699997,0.12261699,0.47731454,0.12660000,0.93931499,1.74421103,0.86585448
370.60699987,0.13237770,0.48616046,0.13850000,0.95718552,1.76794305,0.84604766
370.70700002,0.13944719,0.49753550,0.14550000,0.96663864,1.82110825,0.85135275
370.80699992,0.15456508,0.50555527,0.14550000,0.98290357,1.85228624,0.83355014
370.90699983,0.17610828,0.51318664,0.13640000,1.00715654,1.82831308,0.82273818
371.00699997,0.20496058,0.51843817,0.13240000,1.00177791,1.82059754,0.81694849
371.10699987,0.23371806,0.52362486,0.11130000,1.04494803,1.86573289,0.80128412
371.20700002,0.23753591,0.53503897,0.10640000,1.03603057,1.89301972,0.79247420
371.30699992,0.23850982,0.52960525,0.08340000,1.05163813,1.84284058,0.71500714
371.40699983,0.23896844,0.53556763,0.07840000,1.03672546,1.89760200,0.71131795
371.50699997,0.24744190,0.52201007,0.06420000,1.08381410,1.78033068,0.69495981
371.60800004,0.25993607,0.51312685,0.05320000,1.05880682,1.80143626,0.66557100
371.70799994,0.26471413,0.51550639,0.04820000,1.06887005,1.77784501,0.64320796
371.80799985,0.27486430,0.49948185,0.04210000,1.09731642,1.78189957,0.61806216
371.90799999,0.27734128,0.50584371,0.04020000,1.09841274,1.80129851,0.63511500
372.00799990,0.28066565,0.47123821,0.04010000,1.07879124,1.76569615,0.60280145
372.10800004,0.27596763,0.43904956,0.04300000,1.05062639,1.77250008,0.59146433
372.20799994,0.27305910,0.41717380,0.04500000,1.01844900,1.73192402,0.60524184
372.30799985,0.26315284,0.35584809,0.05100000,1.00999458,1.67674287,0.59819411
372.40799999,0.25713739,0.29492042,0.05380000,1.05109157,1.55887916,0.62207344
372.50799990,0.25571247,0.28118608,0.05480000,1.05846457,1.54584069,0.63795532
372.60800004,0.25084824,0.23728812,0.04970000,1.02964872,1.44404512,0.65810230
372.70799994,0.24840319,0.22726451,0.04780000,0.99274706,1.47686650,0.65777861
372.80900002,0.21891002,0.10142786,0.03660000,0.96011368,1.36865123,0.67635975
372.90899992,0.20434515,0.16049445,0.03470000,0.94088594,1.36963133,0.64329361
373.00899982,0.19219949,0.13424338,0.02870000,0.93017007,1.34140170,0.61907680
373.10899997,0.18626631,0.05051495,0.02750000,0.93088895,1.28295015,0.62408609
373.20899987,0.18963113,0.12047728,0.02870000,0.92581619,1.33029843,0.62250908
373.30900002,0.19742942,0.00020780,0.01440000,0.93368446,1.24489966,0.63092187
373.40899992,0.20411113,0.04354372,0.00750000,0.96782791,1.29618295,0.62507019
373.50899982,0.21031439,0.01734518,0.00440000,0.97108125,1.23410841,0.64628760
373.60899997,0.21146056,0.08432888,0.00230000,0.94447436,1.31945612,0.67962432
373.70899987,0.21409124,0.01189075,0.00130000,0.95537882,1.27004699,0.68106846
373.80900002,0.20774876,0.11449913,0.01480000,0.96648669,1.33095351,0.69529920
373.90899992,0.20784128,0.04888358,0.02270000,0.98540851,1.30459807,0.71584370
374.00899982,0.20999518,0.06440904,0.02370000,0.99168330,1.37573389,0.71616679
374.10999990,0.20850765,0.14594499,0.02690000,1.00355007,1.61104083,0.71622707
374.21000004,0.20743009,0.15396304,0.03390000,0.98884733,1.68002791,0.69710078
374.30999994,0.20033134,0.14632742,0.07280000,0.96462103,1.64816331,0.73541497
374.40999985,0.19217412,0.13322052,0.11780000,0.94690425,1.60949488,0.78913351
374.50999999,0.18965936,0.12800713,0.13480000,0.94137446,1.70645440,0.80030650
374.60999990,0.18680022,0.12557116,0.16180000,0.92187261,1.64689777,0.88706392
374.71000004,0.18680677,0.13059051,0.17180000,0.94142324,1.64631849,0.92256735
374.80999994,0.18589428,0.13695837,0.18580000,0.94168321,1.65890523,0.94521302
374.90999985,0.19064968,0.13489708,0.18780000,0.94779735,1.63781301,0.93382039
375.00999999,0.19460014,0.13214199,0.19180000,0.96210827,1.67962866,0.95334269
375.10999990,0.20655528,0.12955276,0.19590000,0.98229152,1.65827263,0.96753082
375.21000004,0.20438325,0.12987369,0.20680000,0.98480873,1.75821572,0.96636677
375.31099987,0.20476005,0.12963503,0.20880000,1.00561268,1.70046689,0.97623485
375.41100001,0.20720295,0.12624257,0.20980000,1.02165158,1.65701575,1.01159790
375.51099992,0.20748783,0.12548565,0.21280000,1.00556850,1.64466453,1.00729273
375.61099982,0.21471930,0.11798573,0.21880000,0.97471799,1.62120643,0.99868458
375.71099997,0.21747935,0.11523672,0.22390000,0.98120268,1.65861960,0.98201129
375.81099987,0.23519997,0.10122665,0.22290000,0.98292603,1.61159382,0.97161719
375.91100001,0.24062667,0.09716428,0.22590000,0.98370919,1.57760456,0.97736051
376.01099992,0.24904521,0.09315644,0.23290000,0.99639727,1.56074573,1.01178324
376.11099982,0.25438158,0.09145323,0.23990000,1.01032531,1.51688329,0.98951924
376.21099997,0.26111519,0.09028753,0.24890000,1.06843858,1.53758630,1.02104175
376.31099987,0.25906976,0.08786887,0.24790000,1.03664395,1.43257228,1.03539676
376.41100001,0.26495294,0.07829969,0.24990000,1.05242499,1.45465431,1.02946102
376.51199985,0.26943569,0.07478841,0.25100000,1.04659962,1.44957589,1.05275383
376.61199999,0.27809433,0.07259388,0.25300000,1.05298080,1.40232461,1.03282945
376.71199989,0.28233393,0.07178574,0.25700000,1.05480477,1.37037539,1.01246094
376.81200004,0.30132393,0.06537346,0.25700000,1.06461781,1.35569788,1.01458825
376.91199994,0.31431590,0.06039209,0.25500000,1.06352072,1.42151914,1.00260065
377.01199985,0.31778406,0.05581925,0.25300000,1.03564926,1.33205080,0.99262581
377.11199999,0.30817682,0.05313661,0.24800000,1.00777187,1.29821374,1.01465030
377.21199989,0.29710676,0.05421210,0.24800000,0.99176087,1.29409643,1.00910131
377.31200004,0.26348758,0.05484027,0.21180000,0.92694996,1.31806626,0.96172780
377.41199994,0.23930652,0.05865143,0.18080000,0.93384314,1.36187187,0.93390694
377.51199985,0.23167803,0.05976941,0.17180000,0.93290970,1.38787963,0.90375936
377.61199999,0.23055653,0.05998912,0.16380000,0.95220710,1.46466652,0.87573552
377.71299982,0.23013001,0.05977581,0.16080000,0.97736316,1.54803846,0.86914622
377.81299996,0.20597148,0.05958726,0.14070000,0.95079751,1.59604031,0.84168060
377.91299987,0.19236405,0.05963048,0.12860000,0.93528253,1.63120945,0.82032995
378.01300001,0.18536410,0.06042526,0.11760000,0.94001496,1.66860488,0.81574834
378.11299992,0.17462279,0.06124486,0.11270000,0.92430621,1.69638881,0.79134424
378.21299982,0.16908793,0.06153707,0.10860000,0.91143396,0.77578694,0.79789430
378.31299996,0.16370780,0.06172688,0.10260000,0.90933429,0.81758248,0.80421029
378.41299987,0.16812659,0.06145705,0.10060000,0.90046162,0.77892362,0.78775600
378.51300001,0.16967144,0.06412590,0.10060000,0.88342800,0.60813364,0.78149162
378.61299992,0.17207121,0.06755850,0.10370000,0.85971169,0.61399976,0.77156641
378.71299982,0.17135042,0.06808291,0.10060000,0.90033543,0.28299802,0.77270474
378.81299996,0.17378896,0.06662251,0.10760000,0.88104485,0.27361222,0.78475463
378.91400003,0.17641625,0.06720326,0.11060000,0.91363525,0.26348686,0.81094913
379.01399994,0.17784213,0.06835955,0.11670000,0.91338343,0.26919300,0.80531096
379.11399984,0.17859208,0.06887176,0.11760000,0.91980230,0.26552087,0.80212371
379.21399999,0.18120194,0.06903410,0.12770000,0.90270865,0.27178356,0.84638636
379.31399989,0.19377576,0.07084267,0.13670000,0.95344194,0.26688204,0.86539285
379.41400003,0.20566673,0.07307207,0.14180000,0.93503865,0.26679488,0.86405406
379.51399994,0.21416175,0.07339335,0.14570000,0.97118303,0.26442670,0.85299270
379.61399984,0.22173712,0.07481056,0.15780000,0.95557098,0.26187148,0.85513153
379.71399999,0.22672221,0.07428431,0.16080000,0.97797754,0.26361751,0.87851447
379.81399989,0.23400870,0.07174699,0.17280000,0.99068329,0.27004127,0.90827404
379.91400003,0.23444201,0.07142936,0.17880000,0.99394927,0.26468435,0.90824300
380.01399994,0.23254254,0.07186076,0.18480000,0.99301709,0.27040618,0.91869568
380.11399984,0.22572222,0.07571830,0.18280000,1.00263410,0.26654479,0.93191618
380.21499991,0.22626813,0.07686210,0.18580000,1.01051192,0.26857296,0.90447117
380.31499982,0.22926841,0.07650311,0.18880000,1.00851295,0.27433281,0.94217412
380.41499996,0.23138728,0.07764441,0.19380000,0.98833032,0.27108953,0.93865695
380.51499987,0.23371011,0.07794071,0.19680000,0.97625299,0.27227284,0.95892964
380.61500001,0.23509918,0.07765066,0.19890000,0.96425083,0.27732896,0.97660015
380.71499991,0.23598233,0.07705414,0.19890000,0.97681568,0.28486134,0.98671513
380.81499982,0.23763591,0.07840813,0.20180000,0.95941720,0.29683854,0.98659562
380.91499996,0.23966350,0.07929684,0.19680000,0.98727623,0.29115576,0.98544657
381.01499987,0.24504750,0.07583542,0.19190000,0.99747704,0.29593491,0.97579493
381.11500001,0.24666727,0.07403128,0.19190000,1.00019816,0.29640048,0.99167479
381.21499991,0.25035491,0.07256218,0.19990000,0.98123456,0.28991765,1.00142218
381.31499982,0.25352915,0.07146033,0.21080000,1.00817500,0.28610668,0.98672567
381.41599989,0.26636902,0.07393776,0.21700000,1.02398878,0.27552427,0.98652219
381.51600003,0.27016646,0.07421814,0.21990000,1.03669348,0.27623016,0.99062583
381.61599994,0.26791824,0.06971649,0.22590000,1.02201462,0.27294937,0.98857689
381.71599984,0.26846266,0.06877659,0.22890000,1.02890976,0.26859041,1.01507178
381.81599998,0.26817078,0.06571937,0.24290000,1.00459949,0.27168308,1.05999219
381.91599989,0.27403798,0.06880926,0.25090000,1.02863633,0.27914384,1.08787875
382.01600003,0.28209726,0.07108372,0.26000000,0.99711223,0.28421742,1.07824828
382.11599994,0.28401380,0.07068311,0.26700000,1.00478932,0.27734327,1.06777203
382.21599984,0.28441401,0.06891320,0.27190000,1.00242517,0.28314769,1.08037234
382.31599998,0.28036273,0.07195269,0.27390000,1.00741250,0.28319538,1.06680556
382.41599989,0.28267013,0.07427413,0.27500000,0.97798939,0.28671985,1.04051359
382.51600003,0.28381519,0.07665265,0.27500000,1.01182743,0.29387539,1.05590525
382.61699986,0.28288446,0.08018268,0.28000000,0.99990276,0.30001593,1.07620219
382.71700001,0.28296403,0.08137817,0.28300000,1.01377633,0.31854990,1.06486763
382.81699991,0.28260763,0.08294099,0.28900000,0.99281842,0.32176806,1.06417672
382.91699982,0.27873959,0.08434601,0.28900000,1.00983204,0.31762092,1.06666963
383.01699996,0.27440233,0.08664064,0.28900000,0.98998828,0.32713763,1.07622874
383.11699986,0.27268874,0.08753068,0.29000000,0.99730135,0.32399361,1.06489943
383.21700001,0.26789781,0.08699318,0.28800000,1.00047771,0.32933145,1.05425131
383.31699991,0.25980608,0.08585924,0.28690000,1.00978148,0.32287106,1.06619840
383.41699982,0.25718956,0.08675557,0.28590000,1.02474877,0.31949016,1.04601052
383.51699996,0.25579407,0.08835521,0.28590000,1.04962252,0.31313712,1.04063879
383.61699986,0.25450677,0.08805331,0.28090000,1.03274761,0.31205349,1.03003385
383.71700001,0.25520708,0.08719120,0.28190000,1.01719453,0.30436790,1.01178186
383.81799984,0.25431314,0.08654337,0.28090000,1.01124549,0.30174309,1.01697521
383.91799998,0.25520241,0.08574252,0.28090000,1.01414494,0.29141399,1.01247569
384.01799989,0.25372983,0.08746229,0.28090000,0.98323951,0.29324066,1.00181225
384.11800003,0.26693254,0.07641824,0.28690000,0.98120308,0.26751905,1.02474502
384.21799994,0.26618572,0.06798576,0.29090000,0.98484906,0.25823935,1.03937078
384.31799984,0.26545983,0.06768501,0.29590000,0.98471807,0.26206404,1.04112631
384.41799998,0.25371586,0.07063989,0.29990000,0.95424679,0.26845915,1.04596999
384.51799989,0.25234096,0.07196034,0.29990000,0.96729464,0.28129299,1.06050114
384.61800003,0.23978270,0.05054085,0.30780000,0.98036317,0.26593848,1.06129799
384.71799994,0.24464740,0.01550448,0.32380000,0.99005341,0.23556194,1.09733932
384.81799984,0.25084600,0.00270039,0.39570000,0.99194358,0.22897173,1.15826205
384.91799998,0.25648457,0.00324724,0.41980000,1.00268023,0.22346513,1.20377480
385.01899981,0.26715753,0.00437100,0.41970000,1.02137455,0.22196703,1.17941448
385.11899996,0.26755444,0.07976355,0.42100000,1.07921151,0.29456332,1.19211121
385.21899986,0.27085524,0.00972043,0.42380000,1.06435875,0.23304027,1.20726369
385.31900001,0.26494378,0.07863480,0.43790000,1.06070851,0.29402066,1.22657781
385.41899991,0.26629626,0.00835164,0.44580000,1.05186983,0.23000087,1.21945437
385.51899981,0.26714479,0.00859027,0.44780000,1.04942736,0.21992859,1.21587280
385.61899996,0.26171320,0.07884118,0.44290000,1.03157143,0.27771739,1.21579778
385.71899986,0.26368001,0.01044532,0.44280000,1.04326826,0.21834740,1.22974421
385.81900001,0.25421913,0.08290719,0.44290000,1.04694529,0.28367848,1.23325327
385.91899991,0.25114581,0.00829706,0.44570000,1.05473423,0.21092568,1.25969468
386.01899981,0.24901857,0.00947474,0.44970000,1.03571813,0.21917732,1.26603093
386.11899996,0.24543450,0.08062075,0.45290000,1.02099708,0.28274184,1.28044942
386.21899986,0.24728885,0.00822656,0.45470000,0.99619156,0.21998067,1.29655517
386.31999993,0.25073130,0.07782868,0.46280000,0.97527545,0.28207128,1.31287439
386.41999984,0.24695206,0.07900588,0.47190000,0.93991038,0.28111842,1.34594091
386.51999998,0.24515926,0.07598853,0.47890000,0.93635377,0.28195527,1.34998308
386.61999989,0.24752044,0.07191719,0.47690000,0.94622729,0.28113124,1.34137376
386.72000003,0.24656948,0.07181490,0.47780000,0.96520097,0.28613964,1.33837451
386.81999993,0.24432986,0.06879753,0.48380000,0.97356503,0.29025346,1.35131343
386.91999984,0.15929719,0.06875786,0.45060000,0.80947837,0.29043913,1.28262045
387.01999998,0.13614830,0.07455180,0.39350000,0.77573071,0.29418053,1.22071297
387.11999989,0.10528504,0.08899584,0.32650000,0.75213102,0.31214577,1.12041227
387.22000003,0.05081073,0.10171784,0.25930000,0.71786866,0.32255447,1.04738618
387.31999993,0.01657487,0.12325098,0.16910000,0.66341866,0.35293980,0.94772486
387.41999984,0.07828518,0.09667849,0.29350000,0.72800047,0.31857872,1.05814429
387.52099991,0.09445251,0.08827017,0.32750000,0.75686847,0.30347228,1.10771415
387.62099981,0.09771584,0.08313034,0.33050000,0.74514896,0.28039226,1.11908429
387.72099996,0.08309354,0.08019422,0.24940000,0.68118375,0.27157515,1.05206874
387.82099986,0.03798776,0.09646062,0.20530000,0.65255102,0.29987687,0.98147719
387.92100000,0.01307927,0.09713178,0.20520000,0.62038084,0.29460173,0.95611296
388.02099991,0.00706139,0.09713628,0.20220000,0.62414467,0.28950601,0.93835075
388.12099981,0.01313791,0.09824910,0.19820000,0.60703335,0.29170443,0.93573622
388.22099996,0.00536162,0.09480033,0.18110000,0.61370485,0.28615901,0.90376304
388.32099986,0.02424307,0.09851357,0.17410000,0.64942301,0.29343516,0.89652143
388.42100000,0.02867392,0.10081501,0.18210000,0.65791756,0.28864249,0.87942796
388.52099991,0.04201120,0.10190014,0.17810000,0.67601880,0.29177408,0.88806524
388.62099981,0.06050960,0.10124346,0.17200000,0.70601458,0.30295917,0.89977728
388.72199988,0.08225016,0.10303743,0.16800000,0.75229705,0.31288182,0.88279530
388.82200003,0.07224239,0.09589936,0.17000000,0.75281972,0.30357958,0.84295577
388.92199993,0.06506930,0.09699313,0.17110000,0.75960329,0.30673984,0.87289181
389.02199984,0.05747327,0.09877299,0.17900000,0.74661353,0.30811941,0.83997637
389.12199998,0.05754307,0.09737456,0.18300000,0.74485540,0.30496948,0.81682726
389.22199988,0.06261913,0.09409519,0.19000000,0.76821038,0.29264724,0.79454714
389.32200003,0.06337198,0.09403400,0.19100000,0.77536352,0.29588463,0.79377313
389.42199993,0.06139191,0.09781454,0.19200000,0.79037301,0.29577468,0.79283910
389.52199984,0.06421282,0.09585408,0.19300000,0.82426666,0.30625227,0.76110324
389.62199998,0.05686470,0.09331482,0.19300000,0.82519690,0.30832693,0.75589117
389.72199988,0.05752851,0.08718119,0.19300000,0.78550045,0.29287253,0.78768143
389.82200003,0.05037418,0.08386139,0.19300000,0.76964382,0.28014000,0.77497049
389.92199993,0.05578651,0.08279158,0.19700000,0.75642228,0.27334346,0.78860635
390.02300000,0.07086053,0.08757343,0.19000000,0.83425313,0.28769459,0.77890415
390.12299991,0.07512451,0.08983472,0.18990000,0.85871118,0.29251242,0.77125652
390.22299981,0.08207360,0.09045708,0.18900000,0.85968646,0.29489125,0.76166518
390.32299995,0.08675447,0.08470846,0.18890000,0.85648246,0.28946546,0.77048616
390.42299986,0.07210441,0.07867709,0.19000000,0.84539955,0.27488400,0.75935850
390.52300000,0.06655365,0.07642841,0.20090000,0.80747519,0.26803357,0.76378087
390.62299991,0.06431181,0.07717105,0.20400000,0.76838297,0.29416454,0.72891866
390.72299981,0.06371293,0.07829273,0.20800000,0.76377917,0.29301967,0.72511482
390.82299995,0.05797308,0.07679982,0.20900000,0.78263094,0.30179646,0.73127203
390.92299986,0.05844823,0.06219208,0.20890000,0.79259869,0.26973866,0.75045370
391.02300000,0.06105359,0.05708546,0.21090000,0.81494298,0.26398078,0.77232430
391.12299991,0.05864315,0.05498564,0.21600000,0.81957063,0.27055887,0.81549685
391.22399998,0.05819590,0.05284588,0.21690000,0.82296697,0.26672568,0.82209882
391.32399988,0.05703122,0.05470329,0.21090000,0.79042268,0.26911798,0.83499324
391.42400002,0.05930134,0.04707538,0.21190000,0.77463892,0.25945793,0.83548250
391.52399993,0.05919795,0.04046496,0.22690000,0.76967913,0.26009736,0.87947249
391.62399983,0.05274684,0.04262981,0.23090000,0.76968788,0.25980431,0.90647011
391.72399998,0.05017512,0.04206967,0.23390000,0.78714944,0.25608654,0.90232644
391.82399988,0.05003044,0.04847974,0.23690000,0.79104879,0.26136312,0.90194393
391.92400002,0.05528274,0.04323492,0.23990000,0.78520895,0.25610660,0.93754057
392.02399993,0.05430744,0.03278768,0.23890000,0.75585505,0.23972860,0.90649981
392.12399983,0.05762261,0.03046826,0.23890000,0.74879983,0.23508060,0.92800335
392.22399998,0.05415784,0.03422248,0.23790000,0.75670303,0.23656812,0.95756909
392.32399988,0.05076922,0.03725327,0.23490000,0.75146899,0.23655835,0.96220728
392.42499995,0.05437209,0.03683864,0.24190000,0.75539521,0.22767606,0.98801539
392.52499986,0.05550027,0.03511653,0.24990000,0.76141315,0.22188891,0.98653848
392.62500000,0.05101137,0.03262821,0.24090000,0.76873390,0.20959838,0.98430634
392.72499990,0.05020621,0.01928072,0.22590000,0.73005850,0.19179249,0.97327646
392.82500005,0.05013411,0.01808482,0.22790000,0.73877460,0.18999350,0.94976553
392.92499995,0.05905622,0.01678997,0.22880000,0.75403321,0.19617163,0.96121473
393.02499986,0.05296965,0.01659357,0.24490000,0.77739984,0.19871177,0.96495935
393.12500000,0.05731853,0.01713668,0.24680000,0.78658954,0.18986662,0.96915068
393.22499990,0.06034714,0.01692874,0.24890000,0.76689231,0.18559288,0.97842544
393.32500005,0.06587304,0.00897954,0.22980000,0.76710827,0.18541183,0.95588110
393.42499995,0.06503220,0.00455005,0.23480000,0.78530909,0.17629963,0.91214605
393.52499986,0.06248811,0.00251309,0.24480000,0.76344916,0.16486683,0.92140707
393.62500000,0.05817424,0.00098392,0.24080000,0.74759916,0.16790902,0.90882236
393.72599983,0.05894192,0.00058281,0.23980000,0.77324293,0.15910889,0.92553417
393.82599998,0.06279516,0.00766145,0.23580000,0.77033138,0.16798480,0.92954311
393.92599988,0.06311915,0.00962411,0.24780000,0.78119038,0.17236152,0.94738757
394.02600002,0.05692572,0.01068797,0.25380000,0.77020496,0.17558710,0.95666758
394.12599993,0.05662635,0.01213861,0.25780000,0.78250074,0.18461457,0.97385663
394.22599983,0.05696754,0.01495658,0.25880000,0.75104958,0.19041339,0.95756840
394.32599998,0.04846700,0.01933183,0.26290000,0.76287123,0.19344779,0.94477416
394.42599988,0.04715536,0.02183443,0.26080000,0.78430562,0.19490406,0.95457504
394.52600002,0.04926297,0.02298717,0.27590000,0.79749378,0.19400047,0.96741848
394.62599993,0.04633041,0.02791242,0.27880000,0.77784480,0.19914591,0.97747071
394.72599983,0.04227095,0.03303417,0.28780000,0.78111652,0.20366941,0.98924068
394.82599998,0.03646734,0.03587789,0.28190000,0.75218484,0.20986241,0.99764673
394.92700005,0.04002739,0.03190843,0.28880000,0.74203422,0.20395114,1.01950114
395.02699995,0.03792392,0.02775368,0.29580000,0.75393634,0.20115705,1.00716336
395.12699986,0.03978707,0.02593779,0.30490000,0.76844008,0.19899978,1.03729417
395.22700000,0.04044267,0.02768267,0.30880000,0.80456638,0.21065229,1.02718599
395.32699990,0.05058847,0.02605584,0.32580000,0.82705103,0.20653145,1.04038119
395.42700005,0.05373681,0.02886945,0.33580000,0.81309668,0.21624433,1.05910671
395.52699995,0.05318240,0.03354121,0.34080000,0.78965011,0.23209462,1.05784330
395.62699986,0.05751654,0.04584089,0.34380000,0.79201178,0.42810921,1.05639668
395.72700000,0.05934189,0.04921534,0.34670000,0.77293669,0.41793577,1.06089347
395.82699990,0.05813461,0.06044557,0.34770000,0.80795942,0.42485061,1.08239799
395.92700005,0.05981685,0.06133282,0.34970000,0.83407643,0.45762244,1.10111306
396.02699995,0.06053564,0.06405409,0.34570000,0.85647269,0.46960424,1.09504956
396.12699986,0.06132984,0.06447674,0.34570000,0.84007659,0.44587019,1.11206753
396.22799993,0.06433226,0.06668328,0.34970000,0.84794334,0.46396780,1.13001074
396.32799983,0.06868504,0.08323548,0.35270000,0.91101207,0.47047948,1.12434947
396.42799997,0.07177893,0.08932477,0.35960000,0.91716982,0.46689338,1.15112579
396.52799988,0.06832525,0.09238831,0.36760000,0.92099074,0.48884239,1.18762681
396.62800002,0.06545613,0.09536149,0.36660000,0.94651735,0.48781400,1.18129490
396.72799993,0.06492437,0.09776608,0.36160000,0.94957342,0.47237583,1.19387657
396.82799983,0.06468015,0.10659277,0.35560000,0.96873530,0.52539003,1.17839301
396.92799997,0.07116935,0.11020986,0.36250000,0.96573927,0.53712884,1.17520661
397.02799988,0.07324331,0.11087569,0.36760000,0.93819197,0.53519385,1.15685585
397.12800002,0.07878760,0.10997733,0.37950000,0.92048303,0.56630791,1.13253242
397.22799993,0.07530128,0.11652690,0.37660000,0.87872163,0.60591978,1.09801745
397.32799983,0.07341908,0.12308862,0.37460000,0.90385436,0.61443888,1.10843757
397.42899990,0.07239748,0.12843635,0.37050000,0.88323740,0.61363937,1.14309401
397.52900004,0.07783674,0.03016027,0.37970000,0.89083699,0.43729807,1.11565335
397.62899995,0.07501602,0.03494806,0.38270000,0.87039508,0.43822898,1.12757898
397.72899985,0.07514853,0.13264018,0.38450000,0.87025311,0.54502677,1.12426871
397.82900000,0.07575503,0.04489339,0.37770000,0.85832358,0.44499167,1.13097378
397.92899990,0.07339863,0.13989242,0.38050000,0.84226285,0.55975537,1.12848799
398.02900004,0.07299509,0.04994924,0.38170000,0.82688248,0.53278878,1.12819096
398.12899995,0.05781649,0.06148970,0.37670000,0.77979033,0.55999398,1.12848506
398.22899985,0.05747679,0.15667377,0.37850000,0.77065768,0.71067606,1.13005423
398.32900000,0.04702908,0.07808941,0.36770000,0.68723079,0.63528756,1.11817085
398.42899990,0.03565319,0.17251475,0.37060000,0.65056666,0.75243622,1.11124851
398.52900004,0.02687359,0.08474491,0.37070000,0.65821583,0.68398809,1.09034770
398.62899995,0.03028443,0.09000663,0.37880000,0.68487001,0.70049950,1.09636728
398.72899985,0.03178902,0.18353721,0.38260000,0.69232148,1.66404914,1.09111622
398.82999992,0.03243804,0.09976284,0.39270000,0.70288522,1.50167309,1.09627294
398.92999983,0.03267916,0.10168113,0.39070000,0.68929602,1.60278796,1.10724547
399.02999997,0.02038578,0.10929831,0.38570000,0.66270320,1.68119180,1.08841519
399.12999988,0.02837181,0.11291134,0.38670000,0.64581219,1.72269782,1.08155091
399.23000002,0.02712293,0.11660560,0.38770000,0.66674916,1.68738879,1.06041104
399.32999992,0.00866063,0.13058148,0.39770000,0.66853583,1.65828047,1.05728349
399.42999983,0.00073953,0.13783332,0.40970000,0.67152725,1.62881579,1.07865193
399.52999997,0.01275319,0.14948965,0.41070000,0.69344293,1.66433120,1.07379258
399.62999988,0.01026551,0.15216537,0.41570000,0.66474257,1.69306145,1.09717590
399.73000002,0.00792314,0.15644588,0.41270000,0.65164882,1.65301560,1.10426780
399.83099985,0.01150793,0.16005317,0.42070000,0.67642648,1.60717346,1.09283645
399.93099999,0.02160595,0.16830862,0.41870000,0.67290368,1.53941093,1.10687102
400.03099990,0.02591888,0.17641956,0.41670000,0.69310856,1.54732246,1.10718118
400.13100004,0.02726374,0.18269972,0.40970000,0.71631914,1.55145028,1.11666272
400.23099995,0.02873627,0.18719291,0.41370000,0.72708960,1.49406772,1.11814893
400.33099985,0.02290701,0.18494723,0.41870000,0.74410214,1.45080463,1.15405366
400.43099999,0.02856838,0.19478754,0.41870000,0.71434315,1.43550038,1.14145418
400.53099990,0.04016056,0.20353248,0.42870000,0.74387652,1.41766592,1.12443009
400.63100004,0.03774229,0.20599815,0.43370000,0.72203648,1.46799305,1.17578869
400.73099995,0.03684648,0.20845944,0.43870000,0.72582588,1.44590910,1.18742801
400.83099985,0.01120753,0.20953709,0.42460000,0.72378197,1.47129217,1.14704604
400.93099999,0.01237340,0.21622338,0.43160000,0.70821595,1.50301885,1.12399633
401.03099990,0.01774022,0.22281816,0.43960000,0.73459018,1.53316132,1.12573935
401.13199997,0.03040653,0.23122745,0.44060000,0.74338299,1.50037155,1.11301688
401.23199987,0.03800830,0.24016307,0.44170000,0.76770596,1.45323370,1.12664105
401.33200002,0.04286213,0.24930064,0.43960000,0.77912834,1.51969490,1.12063873
401.43199992,0.04779994,0.25554721,0.44260000,0.78330892,1.49723326,1.14306249
401.53199983,0.05111325,0.25853388,0.43770000,0.80264269,1.47780321,1.14345413
401.63199997,0.04980568,0.26310881,0.43160000,0.79502655,1.47539960,1.17817760
401.73199987,0.04665641,0.26746295,0.43060000,0.78829639,1.47934187,1.17962347
401.83200002,0.05095746,0.27150961,0.44360000,0.77765261,1.50856450,1.19684031
401.93199992,0.05998579,0.27888735,0.45760000,0.76514293,1.54268980,1.22446947
402.03199983,0.05867004,0.28806679,0.46360000,0.74425078,1.52682850,1.19671337
402.13199997,0.04991367,0.30134033,0.44960000,0.73064705,1.57420169,1.17152977
402.23199987,0.05249690,0.30800142,0.45050000,0.75123311,1.62395868,1.17178690
402.33200002,0.04589256,0.31618323,0.43050000,0.75325061,1.61713055,1.17303415
402.43299985,0.04576764,0.32126768,0.43850000,0.75244498,1.54209494,1.18449072
402.53299999,0.05695912,0.32858166,0.44750000,0.75324873,1.53146198,1.20959958
402.63299990,0.06448655,0.33546706,0.45250000,0.75340951,1.60014054,1.19921220
402.73300004,0.06714725,0.34236655,0.45360000,0.79136514,1.64217243,1.18714490
402.83299994,0.07241811,0.34291391,0.47950000,0.82230846,1.55229778,1.21285514
402.93299985,0.08127940,0.34378160,0.49360000,0.81885198,1.61284795,1.24846591
403.03299999,0.08814108,0.34628420,0.50160000,0.83398790,1.58145540,1.26196689
403.13299990,0.09643610,0.35200507,0.51460000,0.83754604,1.57242870,1.28205355
403.23300004,0.09893485,0.35730502,0.51760000,0.83650754,1.61086450,1.28023702
403.33299994,0.10540834,0.36750236,0.52760000,0.83743463,1.69919197,1.32249154
403.43299985,0.10458627,0.37895561,0.52650000,0.82959656,1.76399719,1.30919002
403.53299999,0.10587549,0.39119656,0.52050000,0.85974473,1.78452923,1.30569808
403.63399982,0.10678847,0.40001059,0.52150000,0.86889738,1.77864088,1.29912145
403.73399997,0.10998700,0.40601762,0.52650000,0.85260489,1.79037301,1.31247962
403.83399987,0.10701853,0.41688488,0.53840000,0.82636219,1.80034227,1.31540307
403.93400002,0.11214440,0.42463730,0.54450000,0.82571250,1.73778100,1.29045495
404.03399992,0.12197250,0.43250013,0.54450000,0.85922355,1.73938091,1.29604293
404.13399982,0.12255732,0.43934704,0.55550000,0.84887335,1.72831916,1.29919256
404.23399997,0.12642547,0.44578606,0.56150000,0.86324548,1.70973724,1.31106075
404.33399987,0.12202433,0.46631198,0.57940000,0.85350585,1.73863505,1.32740152
404.43400002,0.12511405,0.47457156,0.58640000,0.85739936,1.81906977,1.33811533
404.53399992,0.12996078,0.48272242,0.59440000,0.87662998,1.75244362,1.33879414
404.63399982,0.13308219,0.49085214,0.60040000,0.87633626,1.70297814,1.31678504
404.73399997,0.13892995,0.49881106,0.60740000,0.91012781,1.73712546,1.29258552
404.83399987,0.14230292,0.50635799,0.61540000,0.92226191,1.73514132,1.29400413
404.93499994,0.14534700,0.51320741,0.62340000,0.91690481,1.72923090,1.31320106
405.03499985,0.15776619,0.52231913,0.63350000,0.95767566,1.73379963,1.31650842
405.13499999,0.16265850,0.53054944,0.64140000,0.99263722,1.83649514,1.32649642
405.23499990,0.14349083,0.53547608,0.64240000,0.98002622,1.87399046,1.33411884
405.33500004,0.14834382,0.54177907,0.65040000,0.95705509,1.90543638,1.35677112
405.43499994,0.15236093,0.54870488,0.65840000,0.92546609,1.93617525,1.36296960
405.53499985,0.15630348,0.55566752,0.66540000,0.91351847,1.86911817,1.38053691
405.63499999,0.16189883,0.56289251,0.67440000,0.94306818,1.87326525,1.38077398
405.73499990,0.16924217,0.56988895,0.68440000,0.96644313,1.94136961,1.39616757
405.83500004,0.17545914,0.57633772,0.69240000,0.94487297,1.96938806,1.38791927
405.93499994,0.18059651,0.58365884,0.70040000,0.92563814,1.92582946,1.40103804
406.03499985,0.18640160,0.59065960,0.70940000,0.90844802,2.02192957,1.41602980
406.13599992,0.19313482,0.59777115,0.71940000,0.89819504,2.00359514,1.43010085
406.23599982,0.19867061,0.60356183,0.72840000,0.91159119,1.91267417,1.41546025
406.33599997,0.20045361,0.60929230,0.73340000,0.90909774,1.88285471,1.39429188
406.43599987,0.20633769,0.61500283,0.74140000,0.91238387,1.83830880,1.39197812
406.53600001,0.21278173,0.62023223,0.75140000,0.93897940,1.91373496,1.39574390
406.63599992,0.21970424,0.62800517,0.75940000,0.96091663,1.91998635,1.41500143
406.73599982,0.22374895,0.62702984,0.76940000,0.93843497,1.94659964,1.43977366
406.83599997,0.23091126,0.63130699,0.77840000,0.96705979,2.01841846,1.40689813
406.93599987,0.23785575,0.63626023,0.78840000,0.99713403,2.09998969,1.44046640
407.03600001,0.24647272,0.64019757,0.79650000,1.00276689,2.12149763,1.49503170
407.13599992,0.25501095,0.64420102,0.80550000,1.00840468,2.14499368,1.48512749
407.23599982,0.26306873,0.64754736,0.81150000,1.01456690,2.14696936,1.51557021
407.33599997,0.27707270,0.65317977,0.81650000,1.01007993,2.12881190,1.50968834
407.43700004,0.28625767,0.65603856,0.82450000,1.02689282,2.16255814,1.52955706
407.53699994,0.29561323,0.65924010,0.83050000,1.02624390,2.14932047,1.52217291
407.63699985,0.30748955,0.66203470,0.83760000,1.03142134,2.14394780,1.52778897
407.73699999,0.31946356,0.66566495,0.84550000,1.09071478,2.18806668,1.56016528
407.83699989,0.32951790,0.66364091,0.85170000,1.07743261,2.14646528,1.57382759
407.93700004,0.33778664,0.66470424,0.85760000,1.08872590,2.14319759,1.58579399
408.03699994,0.34843266,0.66653533,0.86660000,1.10521472,2.17605461,1.60774729
408.13699985,0.35743605,0.67545767,0.87470000,1.09393369,2.19476438,1.62150977
408.23699999,0.36543707,0.68343629,0.88270000,1.09542283,2.12602725,1.63935200
408.33699989,0.38717430,0.65546905,0.88480000,1.11396756,2.06145131,1.64999751
408.43700004,0.39851630,0.65576000,0.89180000,1.13670702,2.05434046,1.66111715
408.53699994,0.41826908,0.64453368,0.90200000,1.16783653,2.02266928,1.67594708
408.63800001,0.43065441,0.65106251,0.91290000,1.18752525,2.06339030,1.68108162
408.73799992,0.44165010,0.65246183,0.91900000,1.18709391,2.06896765,1.68148875
408.83799982,0.45787473,0.67636326,0.94190000,1.20252358,2.05172555,1.71968940
408.93799996,0.48019914,0.65813791,0.94510000,1.24117525,2.03302761,1.74407497
409.03799987,0.50518694,0.64189146,0.95320000,1.28470189,2.01781124,1.74581988
