time_s,LoPE,LaPE,VPE,LoPL_adjusted,LaPL_adjusted,VPL_adjusted
0.00000000,0.02382601,0.00538344,0.01700000,0.81431203,0.21923656,0.78610106
0.09999990,0.02196915,0.00381003,0.00600000,0.80166128,0.22100689,0.77908511
0.20000005,0.00640734,0.01491060,0.01800000,0.72268498,0.23388386,0.77917777
0.29999995,0.01380964,0.01806721,0.01600000,0.78591134,0.23645197,0.76737487
0.40000010,0.01273116,0.02322407,0.00200000,0.77515747,0.25176838,0.74967361
0.50000000,0.01427971,0.01736980,0.00600000,0.77133385,0.23584112,0.77405274
0.59999990,0.01349775,0.01910551,0.00600000,0.75168794,0.24395717,0.77933547
0.70000005,0.01129909,0.01419227,0.03200000,0.77102707,0.23664191,0.85063735
0.80100012,0.01214774,0.01281220,0.04100000,0.77127004,0.23490807,0.83564024
0.90100002,0.00995276,0.01548685,0.04800000,0.70977258,0.23678407,0.85699534
1.00099993,0.01295237,0.01167074,0.04700000,0.78099767,0.23688007,0.86923200
1.10100007,0.01229454,0.01274301,0.04500000,0.78651609,0.23738092,0.86720605
1.20099998,0.00814504,0.01367144,0.03300000,0.72807325,0.24172495,0.86273402
1.30100012,0.00150584,0.01270994,0.00900000,0.71729515,0.23627246,0.78415879
1.40100002,0.00495296,0.01336818,0.00600000,0.71155280,0.23395615,0.77409158
1.50099993,0.00271434,0.01206989,0.00900000,0.72028350,0.23610870,0.77479513
1.60100007,0.00081928,0.01359334,0.00900000,0.71436951,0.23121684,0.77675301
1.70099998,0.01146641,0.01441150,0.00200000,0.71731330,0.23633485,0.76681984
1.80100012,0.00232895,0.01437275,0.01900000,0.70067533,0.23967683,0.79607672
1.90100002,0.00262512,0.01568180,0.01700000,0.69317421,0.24364648,0.72768312
2.00099993,0.00361597,0.01487699,0.00400000,0.67596104,0.23367505,0.71377204
2.10100007,0.00762943,0.01733325,0.01000000,0.68447894,0.23437214,0.69718474
2.20099998,0.00951073,0.01738580,0.00900000,0.70171534,0.23304982,0.68258924
2.30100012,0.00371924,0.01651234,0.00500000,0.70646500,0.22916803,0.66759437
2.40100002,0.00030350,0.01844147,0.00700000,0.73298696,0.23076538,0.69310123
2.50099993,0.00439964,0.01978417,0.00600000,0.75298890,0.23561461,0.70309237
2.60100007,0.00706134,0.02153642,0.00400000,0.72187928,0.25057311,0.70763399
2.70099998,0.00530392,0.02064869,0.00500000,0.69412104,0.24668808,0.73169989
2.80100012,0.01214111,0.01721085,0.01100000,0.67564527,0.22391556,0.73734369
2.90100002,0.01291117,0.01620993,0.02200000,0.71310714,0.21710575,0.78381922
3.00099993,0.00721814,0.02033073,0.02800000,0.63739247,0.23884585,0.77903942
3.10100007,0.00323168,0.02138519,0.01700000,0.62750679,0.23590345,0.72740737
3.20099998,0.00475613,0.01571557,0.01300000,0.63332951,0.21445862,0.72046223
3.30100012,0.00756838,0.01778200,0.01300000,0.68449729,0.21730819,0.74441408
3.40199995,0.00971271,0.02182919,0.01400000,0.68340657,0.23870927,0.75920406
3.50200009,0.01420186,0.02162307,0.01300000,0.74384262,0.24082822,0.80477550
3.60200000,0.01557036,0.02180284,0.01100000,0.74851677,0.23906744,0.75838396
3.70199990,0.01904535,0.02060108,0.00800000,0.76123291,0.23496070,0.77102147
3.80200005,0.01680072,0.02169668,0.00500000,0.72849766,0.24232700,0.73736817
3.90199995,0.01765492,0.02850971,0.00200000,0.71168530,0.25235651,0.77059660
4.00200009,0.01123509,0.02473404,0.01800000,0.69672157,0.25314710,0.76841036
4.10200000,0.00947899,0.02203472,0.02300000,0.61435400,0.24736674,0.78236780
4.20199990,0.01557791,0.02075329,0.02300000,0.66116251,0.24284869,0.78769126
4.30200005,0.02287271,0.02384867,0.01700000,0.66459437,0.24087362,0.78121256
4.40199995,0.02567229,0.02691344,0.02000000,0.70102074,0.24781142,0.77815969
4.50200009,0.02216125,0.02790141,0.01300000,0.69291917,0.24572437,0.74473973
4.60200000,0.01779452,0.02639782,0.01300000,0.67788484,0.24578721,0.74135765
4.70199990,0.01567201,0.02426248,0.01000000,0.70027592,0.24835788,0.73740406
4.80200005,0.01567878,0.02099466,0.02600000,0.72933834,0.25051848,0.80883192
4.90199995,0.01840261,0.01925835,0.04000000,0.71112336,0.24323342,0.84080588
5.00200009,0.01267931,0.02055542,0.03700000,0.72642277,0.24493440,0.83978709
5.10200000,0.00814679,0.01293174,0.02700000,0.67024788,0.23388746,0.82985783
5.20199990,0.00168337,0.01472298,0.02800000,0.68741286,0.23328084,0.83614694
5.30200005,0.00267490,0.01547691,0.02500000,0.68022028,0.23049779,0.83287369
5.40199995,0.01049108,0.01031199,0.02700000,0.70871558,0.22351760,0.85962606
5.50200009,0.01096325,0.00570063,0.01500000,0.69110068,0.22195281,0.76776585
5.60200000,0.01252236,0.00260970,0.01700000,0.67342067,0.22075067,0.77234096
5.70300007,0.00662146,0.00272144,0.00200000,0.63097142,0.22483599,0.75703653
5.80299997,0.00109952,0.00116664,0.00900000,0.64541132,0.22282027,0.72777949
5.90300012,0.00154279,0.00275496,0.00400000,0.64906641,0.22977510,0.73120059
6.00300002,0.00279579,0.00610193,0.01300000,0.65083642,0.24001328,0.75361501
6.10299993,0.00378938,0.00825958,0.02400000,0.66861398,0.23728261,0.76139504
6.20300007,0.00540089,0.01238872,0.02600000,0.67140874,0.24016189,0.80795006
6.30299997,0.00454681,0.00641611,0.01600000,0.68134879,0.23534643,0.76556922
6.40300012,0.01117946,0.00705335,0.01100000,0.68588176,0.23019990,0.74294693
6.50300002,0.00991313,0.00738714,0.01000000,0.68234260,0.23327451,0.73203227
6.60299993,0.00697019,0.00632664,0.00900000,0.64853184,0.23204105,0.68898017
6.70300007,0.00131429,0.00550569,0.00600000,0.64220097,0.22833302,0.72250522
6.80299997,0.00450442,0.00454755,0.00300000,0.65535531,0.22110516,0.70579989
6.90300012,0.00370958,0.00543038,0.00200000,0.66387419,0.21315315,0.73182142
7.00300002,0.00333205,0.00602889,0.00600000,0.69393932,0.20361060,0.73180453
7.10299993,0.00139779,0.00638562,0.01300000,0.71977709,0.20429709,0.72940045
7.20300007,0.00109902,0.00346586,0.00600000,0.72773275,0.20115012,0.74113009
7.30299997,0.00320245,0.00240090,0.00500000,0.70055168,0.20289872,0.74957932
7.40300012,0.00589840,0.00434268,0.01100000,0.70959384,0.20697538,0.74999714
7.50300002,0.00697060,0.00710076,0.02000000,0.70736174,0.21043908,0.78415949
7.60299993,0.00004116,0.00313979,0.01800000,0.70295019,0.21519174,0.76733360
7.70300007,0.00144683,0.00090922,0.02100000,0.71336966,0.20462261,0.80395614
7.80299997,0.00293113,0.00193352,0.02600000,0.68715172,0.20487070,0.86893450
7.90300012,0.00596223,0.00346147,0.03300000,0.69187714,0.19832755,0.89239863
8.00300002,0.00469004,0.00109706,0.03700000,0.70217685,0.19789286,0.88140744
8.10299993,0.00598873,0.00183170,0.04100000,0.73783791,0.19518307,0.87631036
8.20400000,0.00518320,0.00214346,0.05000000,0.74877769,0.19548391,0.86268637
8.30399990,0.00721777,0.00815866,0.05700000,0.79735620,0.21266647,0.88224660
8.40400004,0.00470316,0.00060854,0.04500000,0.76557885,0.19126911,0.89078282
8.50399995,0.00326439,0.00118057,0.03600000,0.79541621,0.18976558,0.85779340
8.60400009,0.00309816,0.00242104,0.03300000,0.77428272,0.19378988,0.85702730
8.70400000,0.00846238,0.00393930,0.03100000,0.82629905,0.19677393,0.84618287
8.80399990,0.00956676,0.00645966,0.03200000,0.83918919,0.20307136,0.86687576
8.90400004,0.00744513,0.00092739,0.03700000,0.83462741,0.18639839,0.89582939
9.00399995,0.00195626,0.00427470,0.03700000,0.76222156,0.19302224,0.87495203
9.10400009,0.00774629,0.00598038,0.01500000,0.83785717,0.18907655,0.81119934
9.20400000,0.00393725,0.00520942,0.00200000,0.78112178,0.18766079,0.82309969
9.30399990,0.00233425,0.00426278,0.00400000,0.78320658,0.18005086,0.83015777
9.40400004,0.00233815,0.00660175,0.00400000,0.78983431,0.18099869,0.81715087
9.50399995,0.00458185,0.00767702,0.00800000,0.82027653,0.19837444,0.80081128
9.60400009,0.00904753,0.01182126,0.00800000,0.86416537,0.19297668,0.80130343
9.70400000,0.01149370,0.01081919,0.00700000,0.83377043,0.18876104,0.81919411
9.80399990,0.00768656,0.01076925,0.00500000,0.86005067,0.19351045,0.81567579
9.90400004,0.00112813,0.00810600,0.00100000,0.79987099,0.18437002,0.80794723
10.00399995,0.00607456,0.00396354,0.02000000,0.81836934,0.19091785,0.82589559
10.10400009,0.00716034,0.00154255,0.02500000,0.80423617,0.19331042,0.82981843
10.20400000,0.01002685,0.00017979,0.01600000,0.85001803,0.18938865,0.86948705
10.30399990,0.01001275,0.00346334,0.02400000,0.86181114,0.19329969,0.88342376
10.40400004,0.00662296,0.00027641,0.02700000,0.83588975,0.19624095,0.86940139
10.50399995,0.00148417,0.00115206,0.02700000,0.83484304,0.19045745,0.91350240
10.60400009,0.00510338,0.00099775,0.02600000,0.81714862,0.18772700,0.87939453
10.70400000,0.00947619,0.00119242,0.02300000,0.82649540,0.19138355,0.88065934
10.80500007,0.00568820,0.00006619,0.03400000,0.80134350,0.19227415,0.86594663
10.90499997,0.00770099,0.00124290,0.03800000,0.81221154,0.19116577,0.86577771
11.00500011,0.00902778,0.00037300,0.03600000,0.79361661,0.19719048,0.83483749
11.10500002,0.00790830,0.00050866,0.03400000,0.79141086,0.19740761,0.86244044
11.20499992,0.00056318,0.00146042,0.03800000,0.73694640,0.19874004,0.86281497
11.30500007,0.00674472,0.00810424,0.03900000,0.74248615,0.19867703,0.86902564
11.40499997,0.00146829,0.00452152,0.04200000,0.73761829,0.20014668,0.87640354
11.50500011,0.00252210,0.00440670,0.03900000,0.70732174,0.21077205,0.83035101
11.60500002,0.00217479,0.00335265,0.03800000,0.70985341,0.21483204,0.83212140
11.70499992,0.00330897,0.00248812,0.03100000,0.72632943,0.20430761,0.84212853
11.80500007,0.00134971,0.00348113,0.03400000,0.71529618,0.20163588,0.87144582
11.90499997,0.00338161,0.00238845,0.03600000,0.69645135,0.21241386,0.86061331
12.00500011,0.01312647,0.02114085,0.03300000,0.71173968,0.25078120,0.83907974
12.10500002,0.01490601,0.03753533,0.02400000,0.72644057,0.25263578,0.83121186
12.20499992,0.01462090,0.02839700,0.02900000,0.70625783,0.25308285,0.82401462
12.30500007,0.01749670,0.03198071,0.02800000,0.78701918,0.26300468,0.81759324
12.40499997,0.01467465,0.02009713,0.03600000,0.72572368,0.25686739,0.82604883
12.50500011,0.01341336,0.02422668,0.04200000,0.71429123,0.26389769,0.82064628
12.60500002,0.00917103,0.02688740,0.05200000,0.69719651,0.26987075,0.86681215
12.70499992,0.01001638,0.02829898,0.04600000,0.70334676,0.27115602,0.86567180
12.80500007,0.00986512,0.02755085,0.05000000,0.73567886,0.27925653,0.85834958
12.90499997,0.01144093,0.03043937,0.05200000,0.70541572,0.27788053,0.84590761
13.00500011,0.00291548,0.02792991,0.04500000,0.70316734,0.27102042,0.83848451
13.10500002,0.00303843,0.02826691,0.04300000,0.68827597,0.25963859,0.84030522
13.20499992,0.00878747,0.03254951,0.04700000,0.69781940,0.26648820,0.84195870
13.30599999,0.01533225,0.02862835,0.04900000,0.67724438,0.25619359,0.82683264
13.40599990,0.01892076,0.03141870,0.05300000,0.67678244,0.25639758,0.83649266
13.50600004,0.02332723,0.01805798,0.07600000,0.69495090,0.22677813,0.90691214
13.60599995,0.02828857,0.01197734,0.08200000,0.74225529,0.22179629,0.88193496
13.70600009,0.02891603,0.00470246,0.08700000,0.73365530,0.21090360,0.91277996
13.80599999,0.03679036,0.00666029,0.07200000,0.72791831,0.20727696,0.90740850
13.90599990,0.02201929,0.02003874,0.07200000,0.67427050,0.22344299,0.91498407
14.00600004,0.01055216,0.02154140,0.07700000,0.64714073,0.24254752,0.90770081
14.10599995,0.01653536,0.02772710,0.07900000,0.67596109,0.24937677,0.91400409
14.20600009,0.02370653,0.03237917,0.07300000,0.67525165,0.25217176,0.91689174
14.30599999,0.01811163,0.03769269,0.07200000,0.69883885,0.26383177,0.93881228
14.40599990,0.01520771,0.01322178,0.08200000,0.71564627,0.23049256,0.95794716
14.50600004,0.01914259,0.00839592,0.07400000,0.70053942,0.22677916,0.94474870
14.60599995,0.03174482,0.00540985,0.06900000,0.78387971,0.21178969,0.95660591
14.70600009,0.03658877,0.01327938,0.05900000,0.78170013,0.21812184,0.93267178
14.80599999,0.04171662,0.01148277,0.05700000,0.78687890,0.22399152,0.91893007
14.90599990,0.02714904,0.00887580,0.06400000,0.74766008,0.22746181,0.90310854
15.00600004,0.03160541,0.00943121,0.05300000,0.72744110,0.22363065,0.87744702
15.10599995,0.02719412,0.01391688,0.05100000,0.71701461,0.22520593,0.89329086
15.20600009,0.03405435,0.01903973,0.04600000,0.74740879,0.23039411,0.83043668
15.30599999,0.03599756,0.01311128,0.05200000,0.81140483,0.22161837,0.88884208
15.40599990,0.04321395,0.01124965,0.04900000,0.79250889,0.22141852,0.82473846
15.50600004,0.05310545,0.00600510,0.05400000,0.80211864,0.21643286,0.88483882
15.60599995,0.05325214,0.00476543,0.05200000,0.80515821,0.20958798,0.89704659
15.70600009,0.04327320,0.01148566,0.04200000,0.80110693,0.20996721,0.83695314
15.80599999,0.02994347,0.00843140,0.04000000,0.74119719,0.21093316,0.83908326
15.90700006,0.03221289,0.00826257,0.03700000,0.74157728,0.20383950,0.84541036
16.00699997,0.04317405,0.03625261,0.02200000,0.79557185,0.23793031,0.84682299
16.10700011,0.04911397,0.04822279,0.01600000,0.78776235,0.25330962,0.83572808
16.20700002,0.03788696,0.02829767,0.01600000,0.72210241,0.22961341,0.83255489
16.30699992,0.04288418,0.03139103,0.01600000,0.75070959,0.22872367,0.83722777
16.40700006,0.04815914,0.02774269,0.01500000,0.81561339,0.22916988,0.82736545
16.50699997,0.04073986,0.02647949,0.01300000,0.75201488,0.22756608,0.82833936
16.60700011,0.02444606,0.02240558,0.00300000,0.73006196,0.22642173,0.81361679
16.70700002,0.02962899,0.02302830,0.00200000,0.74852274,0.22583657,0.79563169
16.80699992,0.02103594,0.00519031,0.01100000,0.73411756,0.20999690,0.81608233
16.90700006,0.02181173,0.00540820,0.00700000,0.74632251,0.20995586,0.81861638
17.00699997,0.04291093,0.00851538,0.01500000,0.78413841,0.21468021,0.80692840
17.10700011,0.01337453,0.00036323,0.02000000,0.74477783,0.20562662,0.81141926
17.20700002,0.01131872,0.02765441,0.01500000,0.71793140,0.22410950,0.81544646
17.30699992,0.00288501,0.01893401,0.00600000,0.70987983,0.21816888,0.77940294
17.40700006,0.00070636,0.02068819,0.00200000,0.69623606,0.20603897,0.75812338
17.50699997,0.04496297,0.00804186,0.01000000,0.72829434,0.18889512,0.75994824
17.60700011,0.04862357,0.00835756,0.01900000,0.73255365,0.18204543,0.76367253
17.70700002,0.05736924,0.01240043,0.02900000,0.74656327,0.19246511,0.77179184
17.80699992,0.05777005,0.01302427,0.03700000,0.74402076,0.19985626,0.78408494
17.90700006,0.06368003,0.01637753,0.04400000,0.73941682,0.19437442,0.80342091
18.00699997,0.05751881,0.04201138,0.00400000,0.72809144,0.21170334,0.75964847
18.10700011,0.04376457,0.04001591,0.00200000,0.74446441,0.21868799,0.77695844
18.20700002,0.04399319,0.04686640,0.03500000,0.73452458,0.22636126,0.78437377
18.30699992,0.04701962,0.05617665,0.03800000,0.72812969,0.23537581,0.81277243
18.40700006,0.04347137,0.05878452,0.02300000,0.69881792,0.23820989,0.78658000
18.50799990,0.05754817,0.06884336,0.03300000,0.72540415,0.24764165,0.79718177
18.60800004,0.05751989,0.07526296,0.04000000,0.71727393,0.24810449,0.80616175
18.70799994,0.05180352,0.07668178,0.03900000,0.71324659,0.25321074,0.78801762
18.80800009,0.04352750,0.08250435,0.03600000,0.71968664,0.25755200,0.76938961
18.90799999,0.04638382,0.09230082,0.03400000,0.72141216,0.26917314,0.76443547
19.00799990,0.05733843,0.09098079,0.04200000,0.73140763,0.26484561,0.76448484
19.10800004,0.07812476,0.09713208,0.05500000,0.75289044,0.29321940,0.75085664
19.20799994,0.08679033,0.09984192,0.08100000,0.79004240,0.29910811,0.80863688
19.30800009,0.06217612,0.11343849,0.08600000,0.77769965,0.30662157,0.82453787
19.40799999,0.06311286,0.11599094,0.08800000,0.73775089,0.31287190,0.80253858
19.50799990,0.07073582,0.11452320,0.09400000,0.75041719,0.31190243,0.83920259
19.60800004,0.08322129,0.11844571,0.09500000,0.78532657,0.32119893,0.83436829
19.70799994,0.09306472,0.12594665,0.10500000,0.78984639,0.33192347,0.85891043
19.80800009,0.09689142,0.13106308,0.12400000,0.78877919,0.34549493,0.87324375
19.90799999,0.10184264,0.14391986,0.12200000,0.80878089,0.37116678,0.88084975
20.00799990,0.11397961,0.15051159,0.11200000,0.82951910,0.37486119,0.87394867
20.10800004,0.12773530,0.14012756,0.10300000,0.84383867,0.34201931,0.81498873
20.20799994,0.14366334,0.14718527,0.10500000,0.89357796,0.35271193,0.80313654
20.30800009,0.13793068,0.14930441,0.12500000,0.90170672,0.35652568,0.86385109
20.40799999,0.15392712,0.14734524,0.14100000,0.93473708,0.34996022,0.87241785
20.50799990,0.16759326,0.14507198,0.14500000,0.94165687,0.35058199,0.88221180
20.60800004,0.18366519,0.13310127,0.14600000,0.93568201,0.33845892,0.89027143
20.70799994,0.19729896,0.12807003,0.13600000,0.96104010,0.34049801,0.89203699
20.80800009,0.20809191,0.12847570,0.13700000,0.97324503,0.34158388,0.89002983
20.90799999,0.20815047,0.12131872,0.13200000,0.96278973,0.32191709,0.85794982
21.00799990,0.21424122,0.13663290,0.13400000,0.95768294,0.35420924,0.86337496
21.10899997,0.21911145,0.15339564,0.13600000,0.97470352,0.38393100,0.85818329
21.20900011,0.22587066,0.07995182,0.13900000,0.99773697,0.28751979,0.86155924
21.30900002,0.22947484,0.14172011,0.14400000,0.99194746,0.35528534,0.86807447
21.40899992,0.22363887,0.12960889,0.14200000,0.98530306,0.34432802,0.84916403
21.50900006,0.22077741,0.03959780,0.14000000,0.98551766,0.25142774,0.85729309
21.60899997,0.23158469,0.09788938,0.13200000,0.99937796,0.30047038,0.84397807
21.70900011,0.24932172,0.06264226,0.12700000,1.02391937,0.27618391,0.81330066
21.80900002,0.27069746,0.13877999,0.12500000,1.05633397,0.35593001,0.80967352
21.90899992,0.28412869,0.14827005,0.13000000,1.04288879,0.37331878,0.81995914
22.00900006,0.31184150,0.08502194,0.11600000,1.05287111,0.30124088,0.82087041
22.10899997,0.34336305,0.12651986,0.08900000,1.05789566,0.35641167,0.81433017
22.20900011,0.36205182,0.04623645,0.07300000,1.08637321,0.27342168,0.83007760
22.30900002,0.37538159,0.12113659,0.07600000,1.15945019,0.33727316,0.79823410
22.40899992,0.39155319,0.15137726,0.08600000,1.17022195,0.38773232,0.80096462
22.50900006,0.35892618,0.07552091,0.13600000,1.09768053,0.30490304,0.86136213
22.60899997,0.36434514,0.12967401,0.14300000,1.09362867,0.36732691,0.86374587
22.70900011,0.37495452,0.09818599,0.16600000,1.08386387,0.32479716,0.85897556
22.80900002,0.37534417,0.16703773,0.16900000,1.08911444,0.41847460,0.85782747
22.90899992,0.38625013,0.16946459,0.16900000,1.07054133,0.42599642,0.88556075
23.00900006,0.39559384,0.10413338,0.16800000,1.07758523,0.32547710,0.86010134
23.10899997,0.41252251,0.16622677,0.16400000,1.07129006,0.43119367,0.83437809
23.20900011,0.42481482,0.08845296,0.16800000,1.07620018,0.31990771,0.84669322
23.30900002,0.42062405,0.12519932,0.17210000,1.08554731,0.36632778,0.87198246
23.40899992,0.37696334,0.10249273,0.17900000,1.04833869,0.33198750,0.83672515
23.50900006,0.37995352,0.02674697,0.18400000,1.01472393,0.26649310,0.87597960
23.60899997,0.38419478,0.10386349,0.19200000,1.01408095,0.33135769,0.86173980
23.71000004,0.40126333,0.04840329,0.20600000,1.06020847,0.28231587,0.87207275
23.80999994,0.43206883,0.04915905,0.22600000,1.06062137,0.27430923,0.88763026
23.91000009,0.45028170,0.05810300,0.23300000,1.05322309,0.27693977,0.89726631
24.00999999,0.44487215,0.07733967,0.23600000,1.05452509,0.28631003,0.91230834
24.11000013,0.43871029,0.08383723,0.24300000,1.07735159,0.29391863,0.87878115
24.21000004,0.44280812,0.06201760,0.24900000,1.09683844,0.27608224,0.89746692
24.30999994,0.44550362,0.05577072,0.25800000,1.09034077,0.27183774,0.88938896
24.41000009,0.44914335,0.05756997,0.26700000,1.08880635,0.27062113,0.90175290
24.50999999,0.44985859,0.07212141,0.27300000,1.09456456,0.28747555,0.90097018
24.61000013,0.46469719,0.06888957,0.27800000,1.14857365,0.28183580,0.91774278
24.71000004,0.47345863,0.09745833,0.29100000,1.13625842,0.30153729,0.93604881
24.80999994,0.48171497,0.08766156,0.30100000,1.15854591,0.29811713,0.97195504
24.91000009,0.49046603,0.05417207,0.29400000,1.15856163,0.27176130,1.00057804
25.00999999,0.49141849,0.02065706,0.28200000,1.16419942,0.24151595,0.98042491
25.11000013,0.51330806,0.04564620,0.28600000,1.18569480,0.25112846,0.97185677
25.21000004,0.53317324,0.12222335,0.30800000,1.22760305,0.48696921,0.98661693
25.30999994,0.53949844,0.10783730,0.31500000,1.21910464,0.48741526,0.97316323
25.41000009,0.55928525,0.12366916,0.32300000,1.22278868,0.48649195,0.98134465
25.50999999,0.54391146,0.07385696,0.30400000,1.19866429,0.45578693,0.96461234
25.61000013,0.52694923,0.01467939,0.28100000,1.21538077,0.39848830,0.95177516
25.71000004,0.52129877,0.01677838,0.26300000,1.21243681,0.41077469,0.95042598
25.80999994,0.55743546,0.06760276,0.27600000,1.24794865,0.43946843,0.99220957
25.91000009,0.54718717,0.09366995,0.38400000,1.22676626,0.45679599,1.12201029
26.00999999,0.54788677,0.10030485,0.40500000,1.25067990,0.46099952,1.08347625
26.11000013,0.54647408,0.09585017,0.40700000,1.24590702,0.46187910,1.09657814
26.21000004,0.54081721,0.11735603,0.40800000,1.27345705,0.48206567,1.09405824
26.30999994,0.50687395,0.14574790,0.33600000,1.21737806,0.53983487,1.01655054
26.41100001,0.52197487,0.16324716,0.34200000,1.19680901,0.54704278,1.02150142
26.51099992,0.52425942,0.11304718,0.31900000,1.18645094,0.47823742,1.01498944
26.61100006,0.53777018,0.09569476,0.32800000,1.22037559,0.46439574,0.99557444
26.71099997,0.54609966,0.06255883,0.30600000,1.22108042,0.45049652,1.00525791
26.81100011,0.54076883,0.04733421,0.30500000,1.21326025,0.45034379,0.99007739
26.91100001,0.55484042,0.05788979,0.31100000,1.23040830,0.55623714,0.99066067
27.01099992,0.55855023,0.02300223,0.31200000,1.26115844,0.49811550,1.01739449
27.11100006,0.54040560,0.03062141,0.30000000,1.21857656,0.52323595,0.99180789
27.21099997,0.53251748,0.06489032,0.31000000,1.20691087,0.51942813,1.02247364
27.31100011,0.51552407,0.10532382,0.32400000,1.14849136,0.56068311,1.01700505
27.41100001,0.50909924,0.12480921,0.32200000,1.15373335,0.57200854,1.02627020
27.51099992,0.53145645,0.12276702,0.33700000,1.23196785,0.62241890,1.03946790
27.61100006,0.55314072,0.10859151,0.34800000,1.25643297,0.53745751,1.09172533
27.71099997,0.58341240,0.04741235,0.34700000,1.28925189,0.45125854,1.08585019
27.81100011,0.61019002,0.05907415,0.33800000,1.35292904,0.49599707,1.03386664
27.91100001,0.62079482,0.09258447,0.32900000,1.34755476,0.53045718,1.00513524
28.01099992,0.58463713,0.10725634,0.31100000,1.29560820,0.54626547,0.97713426
28.11100006,0.47933344,0.16465945,0.32600000,1.10949851,0.62678313,0.99053475
28.21099997,0.46544387,0.13625364,0.31800000,1.10693590,0.66090298,0.99619989
28.31100011,0.42937374,0.11335803,0.31500000,1.06877926,0.63813456,0.95374413
28.41100001,0.42943807,0.12627631,0.30600000,1.06368670,0.70202226,0.93935564
28.51099992,0.41712970,0.12207445,0.29100000,1.04496356,0.62101156,0.93805707
28.61100006,0.40014202,0.08690262,0.28700000,1.02358623,0.50938180,0.89820621
28.71099997,0.40045367,0.07953355,0.27900000,1.00881560,0.50598696,0.87158324
28.81100011,0.39282824,0.10439278,0.28100000,0.99324289,0.53951925,0.87811172
28.91100001,0.39013900,0.14311442,0.27200000,0.98423254,0.55750077,0.86949414
29.01200008,0.37156248,0.14235200,0.25600000,0.96281354,0.58646357,0.87025274
29.11199999,0.36269071,0.16411854,0.24200000,0.92202416,0.61960956,0.89547706
29.21200013,0.36043160,0.17989936,0.21800000,0.93537883,0.59460508,0.87583795
29.31200004,0.35604527,0.19679282,0.22800000,0.90649020,0.61590303,0.87699421
29.41199994,0.37276899,0.19466021,0.22600000,0.98625572,0.60154601,0.88174275
29.51200008,0.32727699,0.17329267,0.24900000,0.90915237,0.65096152,0.92687446
29.61199999,0.30538865,0.16376636,0.25200000,0.90929535,0.59790116,0.96361388
29.71200013,0.29179058,0.17312439,0.25300000,0.89375907,0.67642725,0.95062352
29.81200004,0.25930903,0.19113931,0.24700000,0.87750325,0.71400558,0.93550126
29.91199994,0.20571521,0.16920476,0.24000000,0.80009434,0.71712840,0.94143938
30.01200008,0.17175965,0.17610225,0.24700000,0.78129786,0.66268558,0.93358416
30.11199999,0.06798281,0.26313568,0.17600000,0.67648407,0.75784849,0.85024455
30.21200013,0.12311863,0.26314920,0.14100000,0.75028675,0.73748535,0.81410213
30.31200004,0.12927693,0.25014215,0.15700000,0.76080500,0.69112542,0.82478508
30.41199994,0.13541174,0.22894156,0.17400000,0.77427160,0.69430682,0.86405822
30.51200008,0.12178984,0.26107523,0.15500000,0.75110234,0.70008066,0.85185401
30.61199999,0.03861034,0.25550178,0.21500000,0.68232115,0.75356084,0.93189807
30.71200013,0.04795333,0.26078445,0.22200000,0.65531609,0.70840054,0.94127312
30.81200004,0.06344462,0.25946499,0.21800000,0.67246295,0.71372043,0.94989023
30.91199994,0.07614410,0.25895066,0.21900000,0.67647290,0.69607558,0.97366175
31.01200008,0.07285731,0.26571320,0.21400000,0.69713177,0.69716853,0.97794300
31.11199999,0.07027601,0.26638232,0.21100000,0.67237606,0.73496381,0.97726596
31.21200013,0.05984591,0.22958013,0.22200000,0.64505759,0.79824442,0.98289899
31.31200004,0.02697901,0.21897633,0.22800000,0.62881839,0.78555707,0.98125186
31.41199994,0.05215312,0.21440395,0.23790000,0.62334596,0.78213335,1.01078239
31.51200008,0.03172946,0.23759817,0.24700000,0.62339737,0.82112313,1.02713433
31.61299992,0.03608474,0.25370483,0.25200000,0.60241462,0.81869397,1.02596952
31.71300006,0.03846027,0.26091803,0.24100000,0.62312175,0.76357513,1.04569637
31.81299996,0.03552234,0.27075231,0.24100000,0.61243093,0.79575681,1.03881070
31.91300011,0.02104716,0.28028685,0.23100000,0.60210742,0.83615198,1.01216268
32.01300001,0.00483521,0.29240005,0.22100000,0.61192500,0.79078929,1.00280835
32.11299992,0.02650438,0.29377096,0.22000000,0.63732824,0.83691021,0.97878584
32.21300006,0.05688330,0.27613537,0.28100000,0.68166108,0.82078273,1.03278782
32.31299996,0.05664678,0.27722185,0.28200000,0.66744386,0.80987593,1.01815998
32.41300011,0.00022707,0.25838970,0.25600000,0.60541826,0.85100749,0.99264587
32.51300001,0.00504787,0.25214404,0.23100000,0.61066037,0.83326440,0.95300802
32.61299992,0.00508282,0.25501109,0.21500000,0.62421402,0.75866115,0.90226784
32.71300006,0.00466303,0.26338576,0.21400000,0.60980728,0.77856145,0.88915535
32.81299996,0.00493573,0.28218067,0.24000000,0.60303439,0.74690825,0.93701556
32.91300011,0.02471913,0.27981352,0.26200000,0.61350849,0.70152209,0.95330054
33.01300001,0.03687503,0.28289878,0.28800000,0.63025670,0.69138951,1.01274594
33.11299992,0.03423723,0.28307155,0.28800000,0.63973111,0.75814635,1.02782191
33.21300006,0.02035470,0.28985772,0.29290000,0.63753220,0.76946624,1.02399274
33.31299996,0.03100890,0.29589094,0.29600000,0.64163111,0.81842764,1.01349826
33.41300011,0.03489333,0.29692817,0.29100000,0.62874985,0.81944773,1.02262043
33.51300001,0.03574798,0.29765821,0.28900000,0.64144542,0.79236236,0.96472653
33.61299992,0.03979371,0.29688346,0.29000000,0.65102539,0.80532127,0.93611679
33.71300006,0.03918085,0.29552259,0.29400000,0.67568357,0.78217082,0.97284019
33.81299996,0.04473956,0.29140841,0.28400000,0.70450470,0.81238408,0.93400083
33.91300011,0.04938210,0.28246771,0.25300000,0.70226136,0.81678648,0.90638819
34.01300001,0.04663958,0.28972773,0.23700000,0.69429308,0.83584486,0.87421873
34.11299992,0.03913851,0.29183959,0.23400000,0.69939186,0.81487112,0.84885781
34.21300006,0.02307478,0.29636203,0.24500000,0.69722730,0.78916895,0.83454814
34.31400013,0.02652869,0.29502364,0.24400000,0.73289201,0.76459717,0.83410952
34.41400003,0.02474830,0.29280173,0.24600000,0.69026193,0.81068981,0.83087700
34.51399994,0.03933392,0.30117950,0.23900000,0.75018042,0.88950044,0.80306968
34.61400008,0.04831818,0.30622892,0.24300000,0.76678661,0.90556730,0.79241182
34.71399999,0.04774435,0.31107248,0.23900000,0.77243202,0.94931067,0.82101833
34.81400013,0.04847026,0.30646686,0.23300000,0.76399778,0.97082067,0.81696259
34.91400003,0.04639004,0.30612595,0.23200000,0.76566824,0.96112504,0.84774421
35.01399994,0.04892560,0.29777197,0.22900000,0.79982098,0.90997062,0.85770986
35.11400008,0.05843060,0.30779109,0.22700000,0.82394972,0.90695511,0.84823884
35.21399999,0.06362779,0.31200807,0.23200000,0.85268584,0.84222030,0.86434380
35.31400013,0.06500403,0.31025067,0.23500000,0.86849932,0.80213756,0.87432549
35.41400003,0.05722518,0.30046406,0.23800000,0.82588130,0.80875255,0.85440649
35.51399994,0.06953045,0.30185446,0.23100000,0.90702700,0.74484509,0.88626803
35.61400008,0.06884600,0.29350782,0.23000000,0.92874581,0.69970493,0.90042654
35.71399999,0.05110093,0.27894927,0.23900000,0.86972715,0.72067645,0.91619740
35.81400013,0.04064799,0.27154482,0.24700000,0.85752595,0.71567609,0.92557114
35.91400003,0.03745618,0.26781315,0.24900000,0.87008204,0.67596662,0.91998315
36.01399994,0.04788266,0.29209925,0.22800000,0.86311927,0.70629318,0.90473286
36.11400008,0.05823291,0.29008421,0.24000000,0.86554759,0.72076939,0.90259653
36.21399999,0.06633734,0.29030993,0.24800000,0.87760431,0.71745173,0.89232634
36.31400013,0.05668353,0.28362066,0.24400000,0.86701013,0.68435436,0.90127688
36.41400003,0.05131696,0.28183864,0.23500000,0.85554970,0.70987911,0.89136502
36.51399994,0.04990804,0.28002669,0.23400000,0.87154748,0.69250470,0.89379523
36.61400008,0.05172382,0.27648410,0.22900000,0.89725169,0.71252773,0.88785235
36.71399999,0.05234083,0.27821101,0.22200000,0.89796183,0.71019142,0.88947250
36.81400013,0.06924131,0.28108518,0.20700000,0.90791409,0.68340481,0.86162990
36.91400003,0.06223737,0.27982718,0.19900000,0.90164798,0.71961202,0.81929503
37.01500010,0.06002862,0.27814093,0.19100000,0.91019786,0.70741519,0.81385856
37.11500001,0.06409263,0.27921543,0.18400000,0.93675609,0.68518834,0.79159498
37.21499991,0.07581400,0.28111188,0.17900000,0.93840325,0.68169749,0.77453965
37.31500006,0.06367625,0.27532976,0.18900000,0.90504340,0.69284649,0.79766839
37.41499996,0.06485582,0.27677088,0.18900000,0.88201079,0.72453798,0.83083000
37.51500010,0.06023115,0.27942754,0.19000000,0.91331480,0.78682197,0.80527408
37.61500001,0.06223550,0.27818419,0.18900000,0.89758228,0.86468727,0.82075698
37.71499991,0.06204153,0.27953608,0.19000000,0.88159441,0.90313388,0.83741154
37.81500006,0.06985460,0.28398245,0.19200000,0.89906860,0.96972964,0.82830925
37.91499996,0.07170895,0.28612989,0.18300000,0.90593289,1.03268927,0.81846498
38.01500010,0.07738262,0.28545797,0.17400000,0.91132323,1.05298735,0.79251237
38.11500001,0.07084247,0.28118308,0.16900000,0.88722239,1.02147592,0.76991103
38.21499991,0.06943512,0.27629774,0.17300000,0.91580010,1.00435089,0.77301041
38.31500006,0.06983004,0.27618393,0.17300000,0.88875182,0.95703747,0.75511879
38.41499996,0.06542229,0.27911878,0.18400000,0.87274990,0.94366399,0.76983383
38.51500010,0.06533831,0.27726973,0.19190000,0.84180918,0.98558143,0.77546150
38.61500001,0.06043891,0.28290341,0.19700000,0.84555429,0.96605827,0.78302458
38.71499991,0.06726509,0.27708130,0.18700000,0.82095252,0.94317225,0.74980149
38.81500006,0.06970089,0.23415846,0.20700000,0.80258020,0.89294065,0.77407367
38.91499996,0.07229363,0.22455832,0.23000000,0.82598983,0.83623485,0.80570416
39.01500010,0.09256694,0.20656914,0.25800000,0.88222708,0.70439818,0.83795411
39.11500001,0.11708261,0.18766841,0.27190000,0.92349456,0.63841552,0.86226715
39.21499991,0.10803724,0.19345153,0.28200000,0.92599146,0.59981384,0.89179869
39.31500006,0.11008359,0.18263859,0.28300000,0.89467435,0.59475391,0.91145326
39.41499996,0.11579582,0.17940005,0.27600000,0.89768035,0.62062115,0.93312454
39.51500010,0.11036588,0.17601799,0.27200000,0.91088926,0.60842624,0.90743007
39.61500001,0.11299428,0.18589070,0.27600000,0.92094014,0.61033876,0.88525211
39.71600008,0.13456816,0.14922939,0.37000000,0.90959919,0.55658330,0.99369793
39.81599998,0.15718305,0.15631471,0.37600000,0.90781958,0.58868217,1.01761706
39.91600013,0.15761667,0.15789891,0.37500000,0.91747871,0.64760366,1.02651320
40.01600003,0.11935422,0.16353070,0.39100000,0.88970633,0.61994985,1.11550384
40.11599994,0.10185725,0.16396033,0.38700000,0.85141730,0.62723210,1.04945683
40.21600008,0.07245782,0.14744461,0.40600000,0.77350216,0.61597138,1.11338735
40.31599998,0.07434507,0.14786491,0.41400000,0.77570130,0.57090245,1.14531286
40.41600013,0.06287516,0.13748787,0.42200000,0.75704659,0.57052367,1.15181034
40.51600003,0.04991477,0.12961873,0.42800000,0.77145074,0.59382151,1.15023271
40.61599994,0.05353406,0.12949172,0.43100000,0.77625319,0.64390730,1.17036548
40.71600008,0.05018356,0.11360608,0.37300000,0.77407062,0.62942482,1.04358436
40.81599998,0.05832240,0.12143087,0.38700000,0.78009047,0.67336721,1.07944322
40.91600013,0.06741207,0.12794301,0.40600000,0.76333543,0.66199461,1.06852580
41.01600003,0.06055182,0.12696270,0.41300000,0.74573626,0.70783595,1.09700286
41.11599994,0.05865605,0.13253817,0.40500000,0.71781496,0.75717156,1.09297043
41.21600008,0.06648758,0.13223586,0.40400000,0.72643653,0.76028368,1.10637382
41.31599998,0.06861637,0.13328989,0.40500000,0.69705118,0.75978629,1.10332774
41.41600013,0.07866693,0.12307946,0.40300000,0.71197681,0.75938247,1.12501843
41.51600003,0.07810688,0.12857840,0.39700000,0.74387822,0.72332440,1.10477544
41.61599994,0.08037976,0.12904671,0.41100000,0.78835229,0.68715782,1.16701325
41.71600008,0.08173323,0.12765649,0.41200000,0.76679321,0.68287094,1.14441113
41.81599998,0.09104088,0.11028258,0.43900000,0.80032964,0.64596807,1.16808426
41.91600013,0.09400516,0.11415441,0.41400000,0.82536660,0.64990571,1.11347066
42.01600003,0.09351445,0.11318188,0.41000000,0.79165334,0.61369870,1.11596393
42.11599994,0.09437588,0.11174007,0.41300000,0.80160601,0.52760209,1.11197248
42.21600008,0.10394320,0.11210808,0.41900000,0.82392970,0.55395685,1.09452432
42.31599998,0.10541074,0.12170512,0.43400000,0.83071994,0.65482170,1.12017477
42.41700006,0.08261788,0.12139117,0.45200000,0.84633786,0.69195472,1.12818247
42.51699996,0.08903872,0.11515240,0.44500000,0.84743771,0.70965119,1.08332989
42.61700010,0.09262893,0.12095293,0.43900000,0.84546491,0.70332345,1.13164799
42.71700001,0.10244536,0.12906258,0.43300000,0.87748543,0.74325691,1.12469807
42.81699991,0.10106790,0.12448988,0.43700000,0.87933720,0.72977295,1.07137421
42.91700006,0.09499530,0.11778702,0.44500000,0.88671769,0.62792576,1.06710255
43.01699996,0.09856582,0.11731061,0.44700000,0.87280688,0.61805433,1.07405785
43.11700010,0.10508926,0.10577096,0.43500000,0.86213894,0.64396525,1.05845747
43.21700001,0.12285902,0.10165762,0.43300000,0.94695756,0.64301521,1.07136788
43.31699991,0.11549692,0.09825121,0.42500000,0.88477564,0.60002167,1.07374844
43.41700006,0.10735333,0.09541673,0.42400000,0.85887222,0.57541432,1.07069600
43.51699996,0.11257303,0.09117151,0.43300000,0.88894823,0.53695296,1.10080886
43.61700010,0.13282524,0.07646447,0.42400000,0.93456729,0.57119640,1.10417339
43.71700001,0.14215212,0.06770062,0.43400000,0.91296507,0.60836934,1.11538313
43.81699991,0.13175508,0.05981512,0.43000000,0.89594893,0.53898529,1.17295082
43.91700006,0.13491244,0.05281377,0.43000000,0.90104203,0.53121592,1.15007602
44.01699996,0.14233075,0.05137372,0.42200000,0.94170154,0.49144683,1.14986434
44.11700010,0.13208298,0.05760180,0.41600000,0.92697149,0.48759080,1.12405192
44.21700001,0.14659135,0.04121245,0.41000000,0.96178666,0.51491198,1.11030718
44.31699991,0.14976662,0.04167827,0.40300000,0.95126571,0.49723649,1.09529568
44.41700006,0.15263508,0.03471503,0.40100000,0.97018565,0.45751397,1.12646387
44.51699996,0.13918456,0.02599903,0.41000000,0.95591829,0.47001372,1.11152836
44.61700010,0.12650735,0.03432188,0.41300000,0.94820726,0.44855261,1.11183889
44.71700001,0.10690950,0.05059861,0.42600000,0.85764306,0.46048824,1.12973563
44.81699991,0.10086619,0.05735880,0.43700000,0.86315133,0.47576670,1.12926303
44.91700006,0.10148142,0.05581828,0.43500000,0.82656974,0.50725049,1.12495823
45.01699996,0.09669230,0.04580403,0.42600000,0.81044785,0.22666653,1.13853721
45.11700010,0.11567645,0.02783253,0.40900000,0.84321041,0.21558614,1.12121846
45.21799994,0.12757351,0.00570355,0.40300000,0.88845188,0.19702967,1.12436492
45.31800008,0.12770260,0.00195110,0.40100000,0.87963622,0.19388184,1.13544696
45.41799998,0.11943476,0.01091048,0.39100000,0.87404047,0.20487324,1.11479853
45.51800013,0.11165453,0.01154845,0.36300000,0.81808465,0.21294209,1.09332722
45.61800003,0.10682095,0.02334554,0.36200000,0.81095824,0.22573413,1.09780869
45.71799994,0.10790368,0.02977996,0.36700000,0.79170774,0.23274483,1.08939142
45.81800008,0.10063292,0.02917115,0.36900000,0.73622344,0.22535556,1.11272285
45.91799998,0.12170890,0.03284072,0.33800000,0.81294842,0.23014397,1.12413282
46.01800013,0.12505567,0.03371244,0.31500000,0.83082231,0.22863218,1.09921073
46.11800003,0.11720395,0.03306589,0.27100000,0.82512734,0.23791643,1.01376767
46.21799994,0.10833484,0.02969195,0.24400000,0.83322471,0.22469909,0.98801590
46.31800008,0.10803408,0.02724347,0.23100000,0.80868116,0.21667875,0.98360978
46.41799998,0.07997532,0.02438439,0.22700000,0.74745336,0.21003001,0.96959554
46.51800013,0.08579696,0.02203568,0.22400000,0.73782041,0.20129089,0.97303062
46.61800003,0.08847068,0.02301714,0.22600000,0.73541114,0.20844863,0.96523415
46.71799994,0.09202710,0.02676739,0.23200000,0.73248214,0.21652196,0.94735868
46.81800008,0.08700157,0.03186057,0.20400000,0.74257380,0.21966453,0.94657501
46.91799998,0.07673497,0.03320354,0.15600000,0.73771410,0.22394223,0.85913736
47.01800013,0.06518812,0.02419915,0.11900000,0.73269204,0.20948500,0.81672934
47.11800003,0.06531783,0.02192716,0.11000000,0.71585139,0.20345620,0.82527840
47.21799994,0.08380387,0.01847595,0.12500000,0.75978269,0.20221120,0.80757549
47.31800008,0.07768388,0.02282355,0.08500000,0.75202774,0.20929734,0.75448342
47.41799998,0.07188992,0.02340961,0.06300000,0.76584901,0.20750091,0.72034737
47.51800013,0.07424464,0.01834185,0.05400000,0.74941510,0.20812767,0.66244963
47.61800003,0.07510970,0.01579916,0.04300000,0.74895551,0.20533637,0.66603959
47.71799994,0.05630721,0.02854746,0.08100000,0.69682608,0.21196232,0.68402218
47.81800008,0.02718113,0.03556734,0.00200000,0.68007793,0.23074665,0.62907051
47.91899991,0.02750182,0.03423901,0.01800000,0.67033133,0.22951888,0.67520496
48.01900005,0.05024069,0.02119418,0.00700000,0.69199047,0.20678402,0.65964122
48.11899996,0.05066995,0.03449646,0.00600000,0.68458032,0.23487538,0.66445585
48.21900010,0.04421271,0.01768717,0.00500000,0.67600051,0.20635671,0.62960787
48.31900001,0.04979049,0.03602425,0.00100000,0.65874058,0.24676536,0.60280875
48.41899991,0.02220073,0.03614316,0.00200000,0.62957329,0.24433517,0.60083171
48.51900005,0.02392583,0.02260453,0.00400000,0.63999222,0.21990779,0.59478128
48.61899996,0.01658204,0.02237423,0.01600000,0.61846677,0.21660559,0.59495110
48.71900010,0.00356782,0.02477883,0.02000000,0.61745337,0.21891423,0.62769717
48.81900001,0.01436372,0.03654605,0.02400000,0.62651382,0.24321555,0.63516625
48.91899991,0.01752185,0.03259133,0.02700000,0.63164276,0.22773779,0.65270000
49.01900005,0.01753345,0.02644425,0.04900000,0.61874146,0.22620121,0.69340346
49.11899996,0.02053635,0.02359127,0.04400000,0.57292970,0.22336346,0.66497626
49.21900010,0.01437920,0.03833391,0.04100000,0.55308344,0.24418422,0.66435705
49.31900001,0.01714135,0.01960776,0.03100000,0.54216292,0.22402064,0.63973555
49.41899991,0.00825076,0.02622527,0.01900000,0.53881008,0.24280000,0.60291745
49.51900005,0.01658053,0.01877808,0.01400000,0.56960191,0.24133814,0.62012526
49.61899996,0.02085269,0.04078536,0.01700000,0.60385571,0.27988719,0.59614351
49.71900010,0.02175270,0.01780871,0.01900000,0.60666904,0.24493264,0.58418063
49.81900001,0.03979721,0.02964174,0.02200000,0.66855088,0.25297807,0.58798787
49.91899991,0.03100797,0.03178720,0.02800000,0.61573060,0.25640556,0.58305764
50.01900005,0.02006292,0.02309414,0.02800000,0.60283466,0.24344837,0.58576224
50.11899996,0.01839460,0.03424556,0.02900000,0.61625154,0.27448936,0.61632230
50.21900010,0.02864552,0.02765292,0.03800000,0.62289537,0.25506952,0.65302889
50.31900001,0.02194106,0.03096143,0.03700000,0.59388154,0.25505284,0.69395527
50.41899991,0.01945407,0.03337827,0.02800000,0.58292251,0.25714266,0.67003540
50.51900005,0.02320471,0.02161183,0.02100000,0.57739799,0.24661825,0.69267922
50.62000012,0.02996838,0.02256515,0.02100000,0.64635573,0.24217154,0.72173488
50.72000003,0.02764963,0.02522911,0.02200000,0.67027756,0.24520537,0.71747128
50.81999993,0.01640194,0.02250392,0.03200000,0.62043117,0.25396645,0.83009755
50.92000008,0.01057432,0.01970365,0.03000000,0.60942074,0.25290449,0.81115445
51.01999998,0.01359799,0.02419059,0.02700000,0.61863031,0.25646819,0.81537567
51.12000012,0.00881588,0.02679571,0.03000000,0.64534967,0.25799982,0.82954919
51.22000003,0.01226240,0.03259024,0.02800000,0.64437483,0.26126222,0.83842439
51.31999993,0.01700275,0.03264669,0.02300000,0.64302184,0.26532301,0.84621702
51.42000008,0.01779183,0.03194528,0.01300000,0.72195851,0.25805178,0.85781649
51.51999998,0.01589066,0.03416807,0.01200000,0.68958507,0.26019075,0.85780183
51.62000012,0.00296799,0.02974090,0.01100000,0.66232137,0.25807110,0.85923193
51.72000003,0.00576152,0.02859816,0.01600000,0.70475098,0.25056598,0.84839460
51.81999993,0.02065011,0.03095825,0.01300000,0.78390876,0.25615010,0.80603865
51.92000008,0.01644373,0.03177820,0.01600000,0.74405918,0.25397422,0.79532896
52.01999998,0.00767961,0.03002189,0.01100000,0.75396048,0.25367930,0.77353310
52.12000012,0.00249833,0.03014578,0.01300000,0.77024202,0.24882777,0.74213172
52.22000003,0.00093814,0.02645846,0.01800000,0.76254860,0.24603282,0.78238508
52.31999993,0.00273804,0.02573156,0.02500000,0.77991601,0.22927109,0.76318012
52.42000008,0.00982741,0.02424607,0.02800000,0.78972049,0.23021214,0.77147911
52.51999998,0.01066961,0.02156501,0.03800000,0.79601372,0.21887746,0.83193210
52.62000012,0.01687732,0.02053768,0.03900000,0.79034000,0.21867660,0.81652157
52.72000003,0.01206777,0.02769240,0.04200000,0.77589925,0.22073910,0.84422798
52.81999993,0.01157714,0.03295709,0.02400000,0.78028279,0.22302203,0.80600174
52.92000008,0.01762157,0.03348672,0.02600000,0.77351212,0.22696818,0.80772397
53.01999998,0.01703259,0.03563917,0.02400000,0.78517628,0.22981929,0.79648599
53.12000012,0.01363054,0.03687694,0.02600000,0.78323886,0.24361389,0.80793928
53.22000003,0.01764285,0.03579022,0.03300000,0.76130805,0.23934195,0.86630065
53.31999993,0.01102079,0.03662024,0.03500000,0.77339879,0.24751422,0.86393694
53.42100000,0.01123915,0.03893689,0.03600000,0.77183164,0.25233859,0.85944126
53.52099991,0.00359625,0.03643840,0.04300000,0.76684373,0.25003481,0.83626965
53.62100005,0.00385627,0.03583321,0.04600000,0.74924844,0.24616778,0.83110142
53.72099996,0.00156843,0.03846024,0.04700000,0.72714081,0.24481315,0.81555155
53.82100010,0.00402912,0.03175431,0.05600000,0.70637501,0.22628757,0.83785666
53.92100000,0.00643583,0.03204934,0.05900000,0.70446537,0.22171759,0.80798270
54.02099991,0.00466088,0.03083060,0.03000000,0.69514943,0.21965700,0.77200700
54.12100005,0.00504794,0.02641076,0.03300000,0.71152602,0.22018442,0.76010904
54.22099996,0.00873476,0.02526963,0.03500000,0.70772308,0.21137117,0.75752398
54.32100010,0.01062018,0.02127232,0.03900000,0.72419476,0.21296354,0.76217801
54.42100000,0.01206469,0.02255157,0.03400000,0.74223460,0.21443469,0.75813811
54.52099991,0.01092540,0.02081191,0.03500000,0.73788075,0.21407994,0.75042964
54.62100005,0.00757017,0.01811884,0.03600000,0.73696152,0.21255222,0.73668144
54.72099996,0.01197848,0.01777093,0.03700000,0.75644396,0.20944064,0.74230474
54.82100010,0.01348238,0.02535006,0.02000000,0.71983909,0.21863894,0.71157414
54.92100000,0.02088845,0.03526248,0.01700000,0.74660995,0.23828047,0.71594086
55.02099991,0.02694591,0.04200688,0.01400000,0.75751954,0.24133311,0.72160600
55.12100005,0.03324276,0.04537366,0.01300000,0.76145954,0.24455799,0.71918763
55.22099996,0.03231759,0.04298538,0.00600000,0.74785772,0.23603116,0.73591392
55.32100010,0.03093877,0.03756052,0.00100000,0.78649074,0.23055922,0.72259904
55.42100000,0.03249655,0.04265295,0.00700000,0.77582433,0.25066997,0.75445149
55.52099991,0.03307406,0.04252760,0.00900000,0.77583322,0.25607160,0.79568923
55.62100005,0.02807467,0.03771648,0.01000000,0.74933193,0.25275014,0.79791388
55.72099996,0.03210535,0.04002008,0.00700000,0.75327495,0.25470155,0.79457557
55.82100010,0.03063554,0.03924033,0.00700000,0.75458269,0.25878173,0.78670931
55.92100000,0.01787690,0.02134985,0.00000000,0.69219725,0.23041173,0.77430338
56.02099991,0.01798355,0.02217503,0.00600000,0.69690639,0.22721324,0.77565415
56.12199998,0.01521422,0.01027704,0.01200000,0.69015674,0.21247358,0.77046739
56.22099996,0.01364087,0.01092597,0.02500000,0.68529594,0.22295229,0.79309425
56.32100010,0.01274793,0.00556331,0.02900000,0.68053828,0.21740940,0.80827263
56.42199993,0.01015255,0.00079099,0.02300000,0.66060168,0.21009602,0.75309441
56.52200007,0.01432034,0.00235112,0.01600000,0.69759057,0.21105161,0.75579204
56.62199998,0.02295202,0.00757526,0.00300000,0.70533368,0.21453126,0.75563847
56.72200012,0.04032772,0.01910197,0.02200000,0.79052800,0.22896799,0.78096062
56.82200003,0.03274242,0.02002159,0.02300000,0.79054129,0.23702225,0.78857415
56.92199993,0.02687870,0.02371213,0.03200000,0.75458619,0.24982530,0.80839976
57.02200007,0.03638395,0.02716943,0.03300000,0.81227058,0.25306133,0.81293170
57.12199998,0.04272183,0.03436023,0.02000000,0.80621159,0.25852345,0.75092641
57.22200012,0.03489512,0.03277774,0.01400000,0.77189662,0.25454763,0.73423924
57.32200003,0.02503056,0.03237146,0.01700000,0.69599702,0.26040506,0.72483877
57.42199993,0.03121112,0.03792936,0.02000000,0.71502816,0.26159203,0.70966392
57.52200007,0.02300008,0.03153992,0.02500000,0.68644553,0.24303717,0.74064276
57.62199998,0.01724973,0.01615354,0.01010000,0.67665494,0.21887334,0.68450281
57.72200012,0.01405658,0.00921426,0.00000000,0.65819522,0.21477099,0.67968310
57.82200003,0.01405551,0.00864480,0.00700000,0.65147322,0.21638686,0.68366495
57.92199993,0.00869092,0.00852689,0.00100000,0.66407799,0.22078426,0.65709991
58.02200007,0.00923924,0.00029388,0.01100000,0.67096366,0.21721911,0.64681362
58.12199998,0.01265261,0.00208123,0.01900000,0.67279272,0.21880755,0.64937302
58.22200012,0.01365495,0.00443085,0.02000000,0.67564884,0.22771035,0.64436675
58.32200003,0.02061383,0.00048992,0.02100000,0.71068330,0.22763045,0.64983398
58.42199993,0.02223030,0.00389152,0.02000000,0.71830068,0.23376086,0.64502335
58.52200007,0.02083658,0.00494744,0.01200000,0.72745086,0.22779950,0.61900747
58.62199998,0.02307712,0.00330247,0.01300000,0.77504674,0.22080042,0.58726711
58.72200012,0.02187144,0.00832827,0.01000000,0.78322933,0.22505859,0.59675629
58.82200003,0.02412227,0.00770818,0.02500000,0.76818457,0.21866184,0.67513162
58.92300010,0.03114722,0.00364702,0.04300000,0.75447629,0.21155712,0.70198738
59.02300000,0.03049174,0.00273200,0.03900000,0.74414108,0.21298762,0.68277556
59.12299991,0.03154314,0.00113154,0.04200000,0.75232219,0.20769438,0.68307513
59.22300005,0.02930088,0.00279082,0.03300000,0.74483934,0.20699142,0.70665396
59.32299995,0.02933146,0.00075203,0.02800000,0.73573366,0.19396678,0.71112239
59.42300010,0.03188286,0.00243583,0.01800000,0.74259612,0.19300529,0.65784927
59.52300000,0.03456053,0.00074157,0.01900000,0.77266212,0.18982445,0.65827084
59.62299991,0.03906761,0.00170066,0.01200000,0.77438207,0.18797945,0.64687991
59.72300005,0.04703743,0.00485078,0.00600000,0.84253103,0.19026426,0.65655608
59.82299995,0.06194603,0.00024318,0.00900000,0.84674414,0.18815151,0.64143555
59.92300010,0.05636949,0.00394209,0.02100000,0.83739178,0.18513011,0.65529453
60.02300000,0.05129914,0.00351253,0.02700000,0.81312204,0.18732689,0.73584211
60.12299991,0.05331094,0.00925005,0.02700000,0.81083898,0.18877386,0.71348543
60.22300005,0.05522603,0.00615923,0.03400000,0.83120342,0.19451573,0.73572570
60.32299995,0.04257584,0.00673776,0.01500000,0.85127730,0.19632139,0.67512616
60.42300010,0.04428371,0.01105457,0.01300000,0.85596735,0.20137665,0.69933494
60.52300000,0.04469668,0.01291886,0.00700000,0.83664500,0.20310043,0.70778968
60.62299991,0.05252322,0.02118423,0.01100000,0.86580303,0.22315536,0.71407742
60.72300005,0.05613736,0.01690110,0.03200000,0.88724822,0.22028328,0.79344682
60.82299995,0.06071637,0.02246535,0.03900000,0.87746007,0.22906842,0.81054270
60.92300010,0.06066945,0.02910305,0.03700000,0.85384109,0.22842504,0.81441543
61.02300000,0.05395762,0.03144956,0.03600000,0.83918482,0.22910669,0.81797203
61.12299991,0.04240933,0.03026911,0.03000000,0.83898401,0.23043401,0.83178138
61.22300005,0.03073349,0.02467676,0.01600000,0.78142528,0.22557949,0.78350954
61.32299995,0.02973853,0.01873152,0.00900000,0.76033966,0.21099617,0.77413043
61.42300010,0.03044689,0.02314620,0.00900000,0.72789936,0.22005808,0.77572777
61.52300000,0.03568544,0.03688142,0.00900000,0.71452617,0.23597952,0.77781091
61.62400007,0.04682492,0.04776523,0.00700000,0.76322916,0.25582940,0.79232605
61.72399998,0.06062767,0.04418830,0.00600000,0.73600264,0.24702001,0.80286902
61.82400012,0.05272346,0.02603913,0.00600000,0.75419823,0.23121633,0.78005327
61.92400002,0.05303784,0.02769346,0.01000000,0.77225280,0.23291595,0.78944716
62.02399993,0.03272950,0.01811159,0.00400000,0.72884327,0.21828392,0.76686853
62.12400007,0.02024956,0.01630630,0.01900000,0.74413091,0.20276309,0.78347262
62.22399998,0.02177707,0.01929402,0.01600000,0.74532579,0.22536041,0.77014366
62.32400012,0.03381937,0.02907319,0.01300000,0.75759753,0.23437506,0.75393961
62.42400002,0.03408611,0.03104991,0.01400000,0.81194143,0.23788207,0.73762761
62.52399993,0.04426532,0.03526559,0.01100000,0.83061541,0.24471465,0.73646369
62.62400007,0.04437247,0.02959280,0.00700000,0.82323887,0.24510400,0.73503646
62.72399998,0.03705979,0.02090962,0.00100000,0.81289999,0.23836069,0.73063763
62.82400012,0.03681181,0.02048635,0.01800000,0.81453548,0.23433975,0.74829842
62.92400002,0.03209405,0.01997578,0.03300000,0.80097723,0.23378250,0.80568061
63.02399993,0.00801054,0.01208641,0.02800000,0.74115361,0.22259703,0.81015316
63.12400007,0.00297127,0.01332260,0.02700000,0.75708481,0.22751835,0.81294301
63.22399998,0.00628925,0.00426795,0.01700000,0.76565461,0.22554839,0.77404669
63.32400012,0.00364432,0.00117429,0.01800000,0.76199246,0.21977661,0.78385207
63.42400002,0.00519281,0.00075808,0.00200000,0.75031110,0.21865404,0.72534911
63.52399993,0.00384574,0.00014237,0.00900000,0.77058390,0.21385309,0.72268359
63.62400007,0.00131235,0.00162411,0.01000000,0.76751096,0.21278831,0.69728501
63.72399998,0.00069047,0.00090733,0.01200000,0.75818834,0.22498163,0.70146952
63.82400012,0.00579412,0.00263595,0.01600000,0.73990518,0.21748764,0.70209196
63.92400002,0.00773780,0.00597381,0.02200000,0.75457517,0.21861879,0.74381857
64.02399993,0.01040011,0.01203859,0.00000000,0.76535134,0.23027108,0.65296592
64.12400007,0.01161371,0.01308785,0.00600000,0.76095068,0.22943685,0.64468262
64.22399998,0.01130153,0.01322404,0.00100000,0.73165279,0.21917918,0.64061796
64.32400012,0.01199633,0.00868666,0.00000000,0.72594503,0.21889100,0.64324901
64.42499995,0.01075588,0.00885048,0.00400000,0.73464439,0.22680447,0.66543649
64.52500010,0.01167222,0.00680141,0.00700000,0.74472189,0.22113535,0.64024057
64.62500000,0.00921796,0.00656348,0.01700000,0.75785409,0.21214088,0.69980798
64.72499990,0.00900102,0.00686598,0.01800000,0.75603030,0.20836817,0.69039115
64.82500005,0.00313214,0.00662115,0.00900000,0.76406879,0.21270119,0.63968881
64.92499995,0.00228026,0.00694121,0.00900000,0.75444264,0.21604414,0.64626212
65.02500010,0.00374949,0.00745931,0.02000000,0.75138459,0.21966798,0.67978169
65.12500000,0.00174355,0.00724776,0.02000000,0.73285292,0.22252195,0.67810168
65.22499990,0.00242661,0.00709941,0.02100000,0.72226526,0.21802191,0.67608506
65.32500005,0.00342082,0.00084141,0.02000000,0.72903828,0.20645995,0.68581066
65.42499995,0.00986474,0.00215567,0.02300000,0.77217955,0.20265731,0.69216756
65.52500010,0.00919506,0.00338982,0.02300000,0.76718207,0.20613880,0.70416326
65.62500000,0.01219913,0.00042574,0.02200000,0.75729489,0.20378947,0.71614946
65.72499990,0.00158936,0.00027189,0.02500000,0.73712721,0.20154449,0.71318210
65.82500005,0.01312859,0.00247593,0.02500000,0.78876153,0.20305803,0.69399095
65.92499995,0.01463263,0.00344761,0.02600000,0.77646902,0.20721343,0.68260158
66.02500010,0.01708598,0.00324181,0.01200000,0.80880082,0.20768468,0.64027693
66.12500000,0.01935562,0.00705550,0.00000000,0.81779341,0.20251412,0.61497811
66.22499990,0.02328506,0.00511329,0.00400000,0.81727082,0.19367860,0.63395647
66.32500005,0.02433444,0.00495531,0.00300000,0.84427884,0.18667248,0.63733500
66.42499995,0.01223290,0.00128303,0.01500000,0.83183426,0.18880365,0.67885474
66.52500010,0.00482287,0.00643894,0.01900000,0.76620054,0.18940908,0.73964186
66.62500000,0.00476470,0.00510564,0.02200000,0.75319859,0.19587195,0.72580814
66.72499990,0.01258766,0.00162507,0.02800000,0.80318849,0.19003150,0.76114708
66.82500005,0.00993194,0.00100326,0.00100000,0.74065545,0.18084056,0.69870993
66.92499995,0.00896882,0.00030036,0.00000000,0.74385996,0.18119682,0.69931364
67.02500010,0.01003816,0.00836692,0.00300000,0.73293889,0.17972602,0.69757282
67.12599993,0.01252393,0.00904828,0.00600000,0.80325857,0.17565557,0.70438756
67.22600007,0.01387445,0.00811293,0.00900000,0.79781761,0.17759070,0.74368692
67.32599998,0.01885672,0.00866049,0.00700000,0.79735657,0.17989711,0.74244060
67.42600012,0.02239996,0.01268470,0.00700000,0.80983299,0.19728894,0.73539570
67.52600002,0.01834897,0.01288275,0.01100000,0.81771680,0.19618045,0.71743083
67.62599993,0.00980731,0.01358921,0.01800000,0.76660763,0.19290429,0.76914266
67.72600007,0.00972185,0.01312614,0.01700000,0.75012683,0.19350235,0.76471097
67.82599998,0.01523456,0.01851805,0.01900000,0.80853503,0.19824036,0.76209123
67.92600012,0.01459773,0.01146326,0.01500000,0.80117087,0.19437555,0.75540600
68.02600002,0.01113604,0.00484239,0.00800000,0.78993122,0.17735633,0.74934510
68.12599993,0.00920040,0.00650558,0.00100000,0.70681020,0.18259860,0.74961061
68.22600007,0.01009697,0.00677505,0.00700000,0.71315927,0.19118851,0.76103823
68.32599998,0.01042798,0.00970089,0.00400000,0.71032651,0.21171338,0.72969477
68.42600012,0.00955345,0.01439832,0.02100000,0.69528593,0.21908655,0.77697788
68.52600002,0.01079989,0.01261516,0.02300000,0.69932443,0.21735028,0.76441162
68.62599993,0.00990367,0.01175063,0.02500000,0.66246810,0.21682071,0.76023000
68.72600007,0.01009402,0.01117277,0.02700000,0.67426914,0.21636752,0.74796028
68.82599998,0.00103594,0.01438843,0.01400000,0.68054575,0.21664564,0.69730630
68.92600012,0.00214324,0.01540573,0.01100000,0.65613083,0.22727233,0.70976360
69.02600002,0.00133770,0.01638568,0.01500000,0.68718905,0.22912720,0.72643352
69.12599993,0.00068022,0.01474915,0.01200000,0.65788288,0.22288612,0.71157418
69.22600007,0.00380335,0.01183784,0.01300000,0.67310584,0.22168529,0.70898209
69.32599998,0.00299524,0.01221632,0.01400000,0.66001508,0.22831372,0.67096224
69.42600012,0.00077867,0.01261561,0.01700000,0.61709238,0.23582760,0.67984647
69.52600002,0.00048941,0.01322915,0.02000000,0.62607008,0.22678531,0.64264671
69.62599993,0.00061579,0.01530591,0.02800000,0.63946337,0.23240047,0.70142639
69.72600007,0.00693443,0.01044814,0.03600000,0.64172887,0.21498216,0.68783685
69.82599998,0.00684352,0.01092045,0.03800000,0.66023775,0.22128310,0.66873952
69.92700005,0.00517726,0.00957058,0.03300000,0.68211775,0.22212329,0.69138282
70.02699995,0.00422201,0.00932816,0.03300000,0.68756917,0.22441301,0.69253633
70.12700009,0.00662032,0.01081579,0.02000000,0.68409637,0.23458381,0.64532440
70.22700000,0.00718037,0.01165900,0.00900000,0.67969783,0.23606238,0.64377911
70.32699990,0.00448992,0.01495629,0.01300000,0.71115182,0.24446601,0.63994489
70.42700005,0.00229778,0.00932310,0.01500000,0.72526998,0.24729187,0.63599089
70.52699995,0.00093985,0.00867909,0.02100000,0.74693174,0.24780177,0.67257844
70.62700009,0.00692271,0.00172515,0.02600000,0.78103484,0.24255457,0.70650582
70.72700000,0.00664715,0.00283116,0.01500000,0.77874416,0.25050382,0.63891595
70.82699990,0.00625539,0.00197740,0.00800000,0.73276496,0.25147288,0.62430350
70.92700005,0.00455614,0.00335881,0.00100000,0.70432269,0.25060115,0.61097737
71.02699995,0.00401696,0.00053292,0.00200000,0.72681992,0.24305370,0.60452925
71.12700009,0.00441169,0.00069062,0.00800000,0.72395608,0.25390175,0.61895204
71.22700000,0.00398748,0.00076810,0.00500000,0.75355079,0.24472718,0.61983687
71.32699990,0.00845174,0.00491203,0.01800000,0.80533765,0.24424492,0.61326610
71.42700005,0.00794991,0.00525061,0.01700000,0.79798805,0.24464516,0.62885483
71.52699995,0.00813578,0.01284091,0.02300000,0.84550817,0.24975999,0.69651960
71.62700009,0.00710123,0.01493662,0.02300000,0.87686467,0.25667775,0.69687750
71.72700000,0.00133773,0.01695112,0.03200000,0.82168023,0.25415693,0.72492279
71.82699990,0.00118549,0.01688415,0.04000000,0.82321079,0.25061292,0.73650595
71.92700005,0.00351467,0.01679009,0.04700000,0.80151287,0.25195956,0.75645249
72.02699995,0.00119969,0.01820579,0.01900000,0.80396065,0.24808780,0.65185284
72.12700009,0.00257888,0.01927276,0.01300000,0.77252784,0.24901420,0.64463797
72.22700000,0.00251655,0.02132878,0.01300000,0.78426397,0.25390944,0.64551214
72.32699990,0.00387320,0.01954785,0.01500000,0.75183724,0.25131047,0.62850241
72.42700005,0.00588854,0.02231625,0.01600000,0.74460664,0.24895369,0.63945277
72.52699995,0.00250262,0.02371554,0.02100000,0.75626101,0.24347366,0.67656467
72.62800002,0.00200348,0.02671097,0.02600000,0.73622345,0.24551708,0.70016708
72.72799993,0.00112397,0.03050601,0.02700000,0.74471288,0.25981559,0.70073734
72.82800007,0.00194619,0.03858902,0.00900000,0.73596154,0.26988381,0.68356932
72.92799997,0.00368418,0.03219063,0.00700000,0.73938297,0.26245854,0.72887967
73.02800012,0.00483472,0.02847868,0.00300000,0.73381016,0.24823051,0.69699388
73.12800002,0.00617335,0.03085676,0.00500000,0.73141169,0.25875119,0.69203096
73.22799993,0.00750290,0.02907484,0.00100000,0.80791823,0.24492998,0.69421039
73.32800007,0.00796981,0.03186286,0.00500000,0.81054931,0.26152541,0.71363971
73.42799997,0.00349950,0.03306726,0.01000000,0.75631458,0.24882652,0.71987505
73.52800012,0.00466001,0.03590730,0.00900000,0.74463972,0.24229244,0.72362080
73.62800002,0.00927606,0.03318606,0.00900000,0.76204697,0.23276555,0.75619207
73.72799993,0.01070002,0.03127554,0.01900000,0.77913725,0.22614381,0.74647774
73.82800007,0.00291356,0.03568349,0.03400000,0.73368786,0.24079355,0.79460720
73.92799997,0.00175018,0.03551038,0.03300000,0.73850583,0.22640119,0.80504170
74.02800012,0.00156604,0.03716447,0.01200000,0.76078035,0.24635740,0.74137049
74.12800002,0.00200278,0.03997798,0.01300000,0.72458583,0.25562580,0.74717823
74.22799993,0.00101710,0.03383749,0.02300000,0.72777278,0.21496655,0.76671619
74.32800007,0.00054248,0.03717359,0.01700000,0.69618545,0.21658648,0.74251896
74.42799997,0.00308616,0.02857421,0.00600000,0.71700127,0.20666774,0.74030601
74.52800012,0.00294798,0.02772940,0.00600000,0.73075511,0.20575659,0.75360912
74.62800002,0.00311288,0.03645641,0.01900000,0.68649304,0.21814510,0.77744841
74.72799993,0.00980924,0.03770595,0.02200000,0.71504386,0.21908868,0.80272073
74.82800007,0.01131667,0.03525866,0.00300000,0.72775655,0.22135330,0.75996263
74.92799997,0.01249771,0.03592293,0.00400000,0.73108184,0.22134692,0.75171280
75.02800012,0.01610909,0.02730196,0.00700000,0.74514675,0.21300351,0.77209660
75.12800002,0.02025897,0.03069567,0.00900000,0.77577789,0.21273921,0.80094811
75.22799993,0.01762392,0.04198902,0.00200000,0.77913296,0.21859636,0.82145723
75.32800007,0.01927990,0.04336283,0.00400000,0.78154719,0.21495415,0.83217357
75.42899990,0.01097923,0.03389921,0.01300000,0.79230478,0.21153039,0.88508262
75.52900004,0.01203304,0.04593055,0.01400000,0.82135468,0.22944268,0.90319915
75.62899995,0.01011111,0.03605129,0.02500000,0.82033437,0.22789158,0.92031953
75.72900009,0.00842928,0.04519034,0.03300000,0.82569106,0.23910756,0.99498830
75.82900000,0.00315868,0.03568239,0.04700000,0.77478733,0.23118009,1.00347570
75.92899990,0.00241159,0.03579252,0.04900000,0.79185072,0.22506276,0.99862079
76.02900004,0.00699914,0.04592594,0.03700000,0.82172304,0.23598330,0.96703516
76.12899995,0.00553557,0.03901548,0.03800000,0.76758547,0.22699060,0.98344067
76.22900009,0.00475997,0.04377034,0.04300000,0.76898239,0.24401714,0.96898097
76.32900000,0.00263561,0.04224279,0.04100000,0.77352935,0.23960439,0.96280658
76.42899990,0.00227132,0.04326582,0.04200000,0.75927570,0.24595095,0.94716635
76.52900004,0.00258805,0.04318544,0.04600000,0.75118802,0.26197728,0.96369992
76.62899995,0.00100122,0.04497085,0.04900000,0.76596607,0.26592144,0.96485129
76.72900009,0.00111464,0.04567108,0.05600000,0.77463868,0.26220410,0.94277153
76.82900000,0.00031458,0.04661664,0.04000000,0.75311245,0.26126014,0.95489633
76.92899990,0.00192040,0.05165968,0.02700000,0.72500289,0.28042190,0.86115533
77.02900004,0.00249616,0.03913782,0.02200000,0.72580145,0.26259327,0.84490363
77.12899995,0.00021317,0.05316545,0.01700000,0.73291632,0.28388631,0.86009150
77.22900009,0.00112284,0.04108478,0.02500000,0.71803511,0.25929204,0.87533747
77.32900000,0.00317215,0.05047046,0.02500000,0.70482299,0.29372710,0.86289269
77.42899990,0.00582007,0.04869514,0.02700000,0.72281578,0.29669815,0.89396607
77.52900004,0.00565134,0.04703820,0.03000000,0.71114924,0.27961059,0.93242371
77.62899995,0.00869486,0.05187619,0.03200000,0.74794907,0.29359866,0.93151693
77.72900009,0.00124945,0.04071239,0.03600000,0.70359787,0.27429743,0.96513842
77.82900000,0.00199821,0.05521283,0.04700000,0.70408224,0.30040427,0.94206295
77.92899990,0.00209916,0.05580926,0.04800000,0.70708806,0.30515876,0.94169666
78.02900004,0.00200016,0.04125093,0.02100000,0.70416803,0.28671951,0.87586103
78.12899995,0.00128411,0.05944839,0.02000000,0.69389867,0.31907025,0.85247658
78.23000002,0.00419092,0.03333776,0.01900000,0.68200337,0.28263815,0.84075608
78.32999992,0.00188200,0.04326474,0.02100000,0.68023757,0.29297561,0.80787097
78.43000007,0.00149282,0.04824636,0.02400000,0.68637029,0.30776337,0.77825057
78.52999997,0.00187728,0.04838942,0.02500000,0.69640713,0.30693371,0.75945712
78.63000011,0.00103478,0.03730589,0.03000000,0.67921932,0.27852773,0.75454429
78.73000002,0.00085340,0.03770639,0.03000000,0.69153493,0.27474901,0.75017583
78.82999992,0.00302295,0.04270728,0.01900000,0.70307736,0.27295623,0.72311574
78.93000007,0.00481244,0.04253152,0.01200000,0.74660770,0.27370397,0.70757989
79.02999997,0.00556154,0.04173822,0.01200000,0.74304011,0.27737958,0.71422563
79.13000011,0.00570861,0.03997076,0.00900000,0.75696429,0.27303438,0.71283547
79.23000002,0.00633400,0.03325899,0.02200000,0.76206510,0.27107756,0.70071103
79.32999992,0.00764417,0.03623240,0.02500000,0.72371367,0.26128761,0.73214808
79.43000007,0.00515970,0.03764515,0.02600000,0.69698014,0.25899887,0.74213878
79.52999997,0.00576225,0.03605893,0.02700000,0.71650724,0.24616103,0.73673292
79.63000011,0.00192586,0.03180458,0.03100000,0.64712421,0.24104520,0.78539341
79.73000002,0.00321089,0.02983740,0.03200000,0.65292913,0.24957887,0.77379624
79.82999992,0.00436747,0.03296021,0.04800000,0.63928391,0.24515080,0.79655829
79.93000007,0.00565262,0.03099384,0.04900000,0.69768687,0.23233225,0.75700105
80.02999997,0.00466181,0.02911284,0.03700000,0.67924290,0.22858714,0.78111717
80.13000011,0.00039610,0.02802897,0.01600000,0.67666242,0.22432125,0.72861275
80.23000002,0.00350557,0.02886799,0.01800000,0.66234687,0.22722688,0.73590866
80.32999992,0.00327084,0.02628215,0.01600000,0.66530093,0.22007244,0.71505173
80.43000007,0.00278822,0.02668400,0.02000000,0.68570572,0.21811621,0.72505363
80.52999997,0.00474749,0.03343099,0.03000000,0.69676033,0.22939749,0.75831328
80.63000011,0.00401424,0.03232423,0.02700000,0.69464418,0.22816284,0.72925527
80.73000002,0.00546698,0.02940616,0.02300000,0.69117616,0.22839479,0.69534034
80.82999992,0.00468876,0.02766994,0.00900000,0.69033570,0.22150364,0.69855445
80.93000007,0.00320232,0.02545968,0.00500000,0.69329049,0.21795758,0.69955363
81.03099990,0.00726356,0.02013581,0.01200000,0.72683149,0.20838994,0.69958589
81.13100004,0.00135158,0.02640214,0.01300000,0.64949214,0.21428194,0.70131592
81.23099995,0.00264981,0.02935215,0.01200000,0.65906448,0.21662210,0.69560810
81.33100009,0.00361430,0.03667693,0.00900000,0.64729443,0.23828535,0.70645435
81.43099999,0.00157490,0.02341537,0.01200000,0.65876333,0.21481146,0.70548624
81.53099990,0.00086194,0.02242381,0.01000000,0.65136294,0.21468068,0.76012013
81.63100004,0.00051258,0.02110917,0.00800000,0.65387834,0.21468450,0.75763612
81.73099995,0.00267060,0.03492045,0.02000000,0.63746840,0.23760436,0.77181366
81.83100009,0.00398890,0.03330509,0.03600000,0.64489635,0.23452264,0.83160428
81.93099999,0.00796808,0.01836164,0.02000000,0.69467208,0.21707703,0.77255328
82.03099990,0.00765090,0.01977129,0.01300000,0.66073338,0.21306344,0.78233707
82.13100004,0.00825221,0.01910971,0.01300000,0.65393099,0.21164674,0.79124437
82.23099995,0.01013407,0.02427922,0.01600000,0.62234618,0.21374802,0.77514950
82.33100009,0.00925526,0.02954911,0.01700000,0.62944412,0.22764479,0.80741769
82.43099999,0.00851189,0.02822672,0.01500000,0.65942334,0.21451982,0.78964637
82.53099990,0.00608199,0.02669512,0.02200000,0.63447149,0.22124069,0.80996035
82.63100004,0.00680758,0.02416499,0.02900000,0.66896262,0.21890239,0.83791716
82.73099995,0.00756671,0.02451520,0.03000000,0.68687740,0.21045239,0.81226076
82.83100009,0.01012442,0.02118174,0.00600000,0.68179111,0.20133814,0.76306022
82.93099999,0.01044481,0.02234516,0.00100000,0.69179255,0.21310648,0.74000384
83.03099990,0.00995536,0.02445835,0.00500000,0.67682219,0.22545780,0.76733567
83.13100004,0.01038513,0.02450937,0.00300000,0.65286512,0.22569415,0.75642850
83.23099995,0.00851032,0.02468652,0.00000000,0.65840339,0.22475111,0.72494894
83.33100009,0.00720873,0.02271925,0.00500000,0.66144450,0.22388638,0.69868554
83.43099999,0.00836299,0.02014424,0.01100000,0.68008569,0.22162558,0.72596305
83.53099990,0.00815665,0.02246707,0.01600000,0.65964702,0.22814954,0.77026456
83.63100004,0.00905243,0.02405293,0.01700000,0.65476555,0.24001519,0.77442886
83.73099995,0.00675111,0.02566461,0.02300000,0.65980815,0.24411009,0.77383420
83.83200002,0.00894762,0.02387865,0.02600000,0.66260286,0.24812865,0.77326493
83.93199992,0.00857470,0.02519275,0.02800000,0.66356131,0.25325114,0.76179418
84.03200006,0.00973270,0.01920923,0.00900000,0.66068282,0.24128837,0.71191513
84.13199997,0.00580705,0.01960608,0.00800000,0.60333761,0.24441074,0.70438003
84.23200011,0.00342408,0.02038567,0.01100000,0.61824765,0.24340548,0.68041453
84.33200002,0.00308757,0.01922802,0.01000000,0.60323841,0.22306664,0.67797598
84.43199992,0.00403946,0.01780598,0.01600000,0.60471471,0.21973360,0.72970510
84.53200006,0.00442476,0.01425031,0.01600000,0.59215977,0.21735995,0.73337661
84.63199997,0.00114768,0.02068654,0.01100000,0.57391323,0.24310154,0.66147068
84.73200011,0.00225827,0.02251667,0.00900000,0.58061412,0.24330893,0.65447268
84.83200002,0.00723725,0.01235646,0.00700000,0.64980036,0.23051490,0.64625216
84.93199992,0.00980816,0.00000340,0.00800000,0.63621842,0.22019316,0.65967698
85.03200006,0.00487567,0.00107602,0.00300000,0.58237226,0.21164519,0.65110908
85.13199997,0.00705772,0.01274318,0.00100000,0.64739269,0.22694740,0.64679521
85.23200011,0.00635519,0.01950645,0.00000000,0.65350325,0.23818907,0.63088101
85.33200002,0.00513539,0.01217488,0.00700000,0.62395361,0.22185573,0.64494262
85.43199992,0.00244629,0.00719831,0.00800000,0.60590892,0.21379357,0.63044225
85.53200006,0.00019179,0.00685953,0.00500000,0.59877951,0.21675516,0.62701897
85.63199997,0.00163809,0.02199924,0.01300000,0.58391482,0.24052703,0.69748019
85.73200011,0.00042257,0.02213417,0.01300000,0.57093766,0.24165794,0.69535744
85.83200002,0.00031815,0.01865741,0.01600000,0.56508194,0.23895007,0.71164003
85.93199992,0.00283109,0.00502841,0.00400000,0.54522562,0.21530938,0.65258370
86.03200006,0.00196775,0.00073345,0.00100000,0.54547906,0.20021807,0.65011822
86.13199997,0.00041453,0.00346384,0.00000000,0.55590685,0.20619048,0.63326752
86.23200011,0.00009705,0.00345262,0.00500000,0.58193955,0.21172583,0.64795290
86.33200002,0.00066851,0.00249261,0.00500000,0.58397377,0.20759919,0.68158199
86.43199992,0.00327573,0.00987874,0.00700000,0.60124954,0.20999004,0.69747496
86.53200006,0.00165129,0.00354588,0.00800000,0.58917369,0.20687620,0.65848636
86.63299990,0.00006886,0.00152160,0.00800000,0.61359442,0.20068172,0.62129294
86.73300004,0.00550184,0.00070690,0.00600000,0.68448804,0.19769110,0.60752174
86.83299994,0.00976336,0.00123563,0.00900000,0.67693746,0.19632766,0.62652705
86.93300009,0.00589378,0.00222562,0.00800000,0.68078676,0.19543146,0.61171028
87.03299999,0.00295937,0.00432806,0.01000000,0.63523418,0.19650240,0.61669313
87.13299990,0.00048965,0.00350146,0.01000000,0.61838164,0.19404889,0.62730472
87.23300004,0.00149694,0.00617164,0.01100000,0.64979684,0.19104250,0.67033815
87.33299994,0.00189696,0.00147700,0.00200000,0.66713061,0.19362326,0.64291476
87.43300009,0.00320321,0.00079967,0.00400000,0.70403226,0.19034859,0.63826637
87.53299999,0.00249109,0.00269156,0.00600000,0.72192496,0.19365827,0.66186211
87.63299990,0.00061018,0.00659073,0.00900000,0.73412927,0.19782424,0.65907183
87.73300004,0.00334302,0.00425608,0.02000000,0.74535897,0.19320902,0.71908337
87.83299994,0.00348165,0.00342609,0.02500000,0.71619357,0.18537890,0.72316252
87.93300009,0.00643323,0.00485938,0.02500000,0.77183916,0.18119100,0.71961604
88.03299999,0.00666376,0.00590714,0.00400000,0.77644903,0.18284472,0.65633157
88.13299990,0.00961133,0.00581399,0.00500000,0.79378441,0.19330797,0.67052280
88.23300004,0.00738052,0.00544316,0.00000000,0.80189030,0.18540885,0.66010113
88.33299994,0.00662639,0.00517793,0.00200000,0.79869234,0.19147111,0.66309687
88.43300009,0.00778690,0.00234398,0.00500000,0.80935021,0.19084797,0.64972305
88.53299999,0.00754474,0.00371442,0.00900000,0.81324539,0.19915703,0.64015335
88.63299990,0.01293755,0.00858369,0.01100000,0.83245150,0.22061155,0.64460031
88.73300004,0.00337114,0.00464386,0.00300000,0.76868047,0.20471950,0.63344485
88.83299994,0.00378814,0.00422138,0.00300000,0.76516591,0.21368079,0.62173243
88.93300009,0.00552842,0.00422334,0.00200000,0.81630255,0.21961755,0.61837001
89.03299999,0.00068646,0.00319668,0.00300000,0.80115209,0.21356699,0.60439951
89.13299990,0.00235306,0.00666957,0.00800000,0.82030880,0.23750219,0.63894294
89.23300004,0.00495041,0.00027101,0.00500000,0.83743520,0.21977160,0.65801335
89.33299994,0.00614313,0.00280749,0.00600000,0.87586341,0.21677974,0.66006688
89.43400002,0.00499125,0.00064605,0.01300000,0.83010445,0.21793645,0.70337886
89.53399992,0.00668417,0.00812784,0.00400000,0.87558739,0.23636941,0.65046515
89.63400006,0.00073150,0.01060495,0.00400000,0.86028032,0.23697599,0.67733980
89.73399997,0.00602867,0.00902137,0.01800000,0.86353369,0.23073423,0.76859105
89.83400011,0.00084899,0.01018475,0.03500000,0.86266365,0.23139557,0.79781717
89.93400002,0.00132198,0.01213187,0.03800000,0.87502047,0.24347321,0.79149638
90.03399992,0.00348759,0.00059727,0.00200000,0.88510234,0.20711233,0.70933488
90.13400006,0.00175557,0.00021906,0.00300000,0.88682053,0.20412509,0.71777968
90.23399997,0.00038811,0.00094306,0.00100000,0.88922562,0.20335098,0.69261622
90.33400011,0.00152869,0.00247247,0.00600000,0.86927117,0.20369472,0.70205568
90.43400002,0.00785818,0.00449990,0.02200000,0.91514971,0.20347725,0.76313814
90.53399992,0.00786439,0.00400018,0.02200000,0.87861575,0.20617387,0.78695542
90.63400006,0.00121073,0.00347191,0.02200000,0.82167993,0.20804424,0.77775129
90.73399997,0.00248041,0.00578771,0.02400000,0.80718041,0.22475948,0.76640918
90.83400011,0.00263897,0.00148183,0.00200000,0.81617968,0.20854131,0.70085387
90.93400002,0.00671840,0.00183114,0.00200000,0.83623184,0.21802383,0.69781827
91.03399992,0.01245250,0.00080941,0.00300000,0.87914885,0.21579297,0.71936136
91.13400006,0.00880676,0.00131943,0.00200000,0.89010692,0.21120677,0.70633880
91.23399997,0.00665695,0.00263913,0.00300000,0.83189599,0.20444195,0.68955152
91.33400011,0.00042732,0.00513005,0.00900000,0.82841362,0.22404671,0.69306510
91.43400002,0.00232534,0.00645390,0.01400000,0.82833478,0.23507593,0.66956899
91.53399992,0.00285306,0.00866660,0.01400000,0.81402788,0.23716008,0.68855763
91.63400006,0.00594265,0.00765081,0.01700000,0.80309331,0.22949656,0.77026555
91.73399997,0.00922185,0.00790996,0.02100000,0.85666973,0.21921558,0.78269611
91.83400011,0.01189996,0.00174093,0.02800000,0.87860964,0.19447509,0.80154417
91.93400002,0.01206255,0.00285919,0.02800000,0.90232478,0.19065803,0.82451461
92.03399992,0.00615967,0.00180788,0.01800000,0.84724459,0.18015191,0.81666238
92.13400006,0.00210244,0.00028237,0.01500000,0.82459555,0.18361653,0.77741939
92.23500013,0.00542633,0.00192742,0.00700000,0.81698877,0.17685491,0.73958528
92.33500004,0.00704956,0.00136517,0.00900000,0.79934607,0.17548493,0.73029950
92.43499994,0.00649057,0.00224555,0.01100000,0.77526556,0.16788855,0.73845155
92.53500009,0.00964294,0.00530789,0.01100000,0.83214884,0.17088889,0.75988818
92.63499999,0.01050989,0.00477412,0.01100000,0.79613113,0.17054957,0.75193369
92.73500013,0.00610127,0.00852141,0.00000000,0.70597498,0.18667664,0.74807877
92.83500004,0.00073001,0.00836344,0.01100000,0.68329351,0.18981106,0.73391901
92.93499994,0.00213901,0.00625417,0.02100000,0.67085399,0.17614462,0.79114084
93.03500009,0.00170468,0.00782650,0.02500000,0.64621661,0.16845506,0.80285709
93.13499999,0.00285887,0.00662018,0.02300000,0.62189924,0.18326198,0.79173567
93.23500013,0.00591968,0.00513881,0.02300000,0.62159271,0.18351991,0.79304099
93.33500004,0.00315340,0.00495036,0.02000000,0.63304032,0.18834475,0.81538529
93.43499994,0.00086018,0.00541018,0.01400000,0.63515824,0.19261390,0.78388047
93.53500009,0.00343608,0.00652636,0.00900000,0.63888963,0.19818887,0.79394050
93.63499999,0.01054333,0.00585562,0.00700000,0.71770363,0.20047719,0.78702226
93.73500013,0.01356873,0.00518262,0.00100000,0.71033965,0.19599644,0.76920635
93.83500004,0.01583628,0.00514414,0.00900000,0.71099130,0.19822316,0.80682687
93.93499994,0.01722079,0.00789710,0.01900000,0.72391865,0.20494842,0.85817166
94.03500009,0.01554616,0.01044207,0.00800000,0.71283591,0.20223473,0.81979077
94.13499999,0.01537735,0.00730186,0.00600000,0.69722899,0.20522136,0.78606658
94.23500013,0.01605986,0.00221379,0.01000000,0.67088172,0.20690079,0.81138195
94.33500004,0.01678565,0.00148723,0.01000000,0.66235856,0.21354176,0.83141883
94.43499994,0.01387538,0.00422894,0.01100000,0.64176517,0.20524934,0.82437286
94.53500009,0.00910166,0.00787272,0.00800000,0.60580489,0.20660303,0.84291787
94.63499999,0.00380182,0.00985222,0.00200000,0.60564470,0.20811651,0.83166912
94.73500013,0.00354598,0.00700543,0.00400000,0.62540046,0.20688844,0.84478810
94.83500004,0.00292192,0.00956360,0.01000000,0.60449411,0.21236202,0.85378568
94.93499994,0.00097168,0.01465728,0.02000000,0.60157309,0.23794026,0.90750421
95.03600001,0.00109101,0.01367990,0.02400000,0.56730341,0.23407376,0.89747473
95.13599992,0.00482882,0.00777769,0.02700000,0.57028510,0.22129976,0.90449031
95.23600006,0.00643552,0.00887435,0.02400000,0.57871688,0.21842487,0.88710022
95.33599997,0.00560721,0.01624097,0.01600000,0.56597593,0.24044224,0.89701527
95.43600011,0.00926817,0.02081444,0.00600000,0.57598112,0.24513211,0.84255271
95.53600001,0.01107187,0.01875590,0.01000000,0.60601847,0.25014166,0.81326936
95.63599992,0.01144243,0.01419439,0.00000000,0.57727739,0.23389807,0.78465894
95.73600006,0.01274094,0.01281399,0.00300000,0.60524428,0.22990509,0.80850641
95.83599997,0.01257161,0.01408953,0.01100000,0.61129763,0.22729258,0.81227722
95.93600011,0.01122572,0.01832439,0.00400000,0.62030352,0.24322682,0.84110684
96.03600001,0.01238747,0.02090815,0.00000000,0.62199064,0.24371416,0.83593702
96.13599992,0.01410347,0.01964821,0.00500000,0.65397186,0.24442183,0.82250730
96.23600006,0.01208354,0.01840892,0.00300000,0.66396235,0.23711287,0.84309597
96.33599997,0.01534933,0.01240073,0.00600000,0.68372134,0.21053504,0.84293414
96.43600011,0.01970219,0.01586895,0.00700000,0.72826570,0.20589826,0.81334860
96.53600001,0.02122172,0.01861716,0.00900000,0.74076410,0.21420821,0.78839254
96.63599992,0.01939919,0.01775025,0.01500000,0.73188683,0.20209818,0.77759490
96.73600006,0.01717362,0.01822956,0.00800000,0.69896172,0.19785764,0.75784601
96.83599997,0.01630840,0.01738522,0.00300000,0.65734875,0.20238761,0.75982437
96.93600011,0.01952494,0.01423470,0.00400000,0.71350611,0.19018337,0.74830637
97.03600001,0.01611646,0.01136133,0.00400000,0.64723760,0.18080484,0.74756129
97.13599992,0.01452778,0.00905945,0.00100000,0.64485540,0.17053520,0.73302391
97.23600006,0.01254869,0.01956171,0.00700000,0.67332420,0.17369434,0.76560978
97.33599997,0.01502300,0.01753281,0.00700000,0.65408951,0.16702960,0.73147141
97.43600011,0.01480409,0.01779239,0.01400000,0.66648863,0.16795008,0.71997148
97.53600001,0.01328433,0.01336625,0.00700000,0.67086709,0.16748645,0.71968793
97.63599992,0.01049507,0.01530338,0.00200000,0.65537581,0.17286725,0.70098281
97.73600006,0.01180985,0.02075542,0.00400000,0.67025791,0.17784685,0.70575548
97.83700013,0.01473590,0.01899930,0.00400000,0.67030003,0.18402080,0.68892203
97.93700004,0.01675059,0.02290672,0.00500000,0.71874266,0.19226038,0.66497567
98.03699994,0.01208089,0.01917139,0.00200000,0.66342830,0.18462979,0.65322296
98.13700008,0.00674627,0.01881775,0.00000000,0.70982640,0.18831224,0.63858915
98.23699999,0.00919492,0.01611532,0.00400000,0.70197442,0.18355901,0.64780767
98.33700013,0.01604362,0.02560961,0.00810000,0.71838467,0.19287617,0.66384330
98.43700004,0.01800209,0.02419473,0.00900000,0.76752514,0.19128864,0.65446302
98.53699994,0.02084267,0.02299724,0.01700000,0.76940622,0.19197598,0.66118446
98.63700008,0.01656795,0.02721751,0.02700000,0.67262829,0.20349495,0.74260283
98.73699999,0.01888315,0.02570908,0.02800000,0.69545784,0.20049339,0.76075883
98.83700013,0.02334593,0.02330724,0.02900000,0.74689879,0.20215054,0.75737317
98.93700004,0.02006667,0.02694121,0.03700000,0.75753233,0.20701929,0.75276392
99.03699994,0.01871730,0.02490467,0.04600000,0.70661668,0.20181217,0.76957579
99.13700008,0.01519654,0.02207159,0.04600000,0.70117618,0.20161896,0.77173228
99.23699999,0.01853054,0.01947175,0.04100000,0.71668160,0.19946079,0.81309283
99.33700013,0.01945836,0.01757533,0.03600000,0.71549789,0.20143279,0.80763512
99.43700004,0.02150244,0.01470290,0.03500000,0.71397087,0.20294214,0.79480626
99.53699994,0.02138377,0.01786237,0.03200000,0.70448843,0.20886797,0.79544461
99.63700008,0.02055744,0.02149516,0.03610000,0.71344726,0.21521725,0.79883397
99.73699999,0.02087177,0.02321678,0.03800000,0.71316439,0.21656012,0.79856848
99.83700013,0.01469992,0.03060085,0.04500000,0.72860929,0.22707993,0.82212696
99.93700004,0.01379861,0.03334244,0.03500000,0.74319257,0.24095171,0.77880830
100.03699994,0.01112048,0.03308693,0.02300000,0.73816643,0.25197002,0.77471103
100.13700008,0.00990826,0.03582006,0.02200000,0.73788015,0.25847791,0.75437327
100.23699999,0.01262096,0.03458210,0.02500000,0.72437283,0.26516337,0.76473438
100.33700013,0.00963456,0.04349224,0.01200000,0.70638711,0.27593672,0.70354290
100.43700004,0.01571581,0.04148751,0.01500000,0.73518688,0.28018590,0.72189626
100.53699994,0.01820078,0.04198359,0.01600000,0.73500697,0.28388435,0.70811867
100.63800001,0.00534504,0.03932074,0.02900000,0.73377263,0.27992625,0.75792292
100.73799992,0.00555608,0.03875797,0.02900000,0.75276195,0.28228569,0.78210785
100.83800006,0.00130057,0.04155777,0.00300000,0.72820482,0.28837109,0.71212535
100.93799996,0.00400184,0.03681243,0.00400000,0.73185450,0.26409226,0.70461461
101.03800011,0.01347904,0.02540424,0.00000000,0.76725586,0.24856857,0.71891663
101.13800001,0.02726532,0.01646518,0.00300000,0.77001718,0.23767364,0.72027612
101.23799992,0.02115539,0.02882047,0.00900000,0.72435462,0.25049729,0.73682820
101.33800006,0.00506322,0.04043246,0.01600000,0.72697644,0.25932523,0.74265377
101.43799996,0.00242898,0.04116163,0.02100000,0.71977413,0.25269065,0.74566170
101.53800011,0.01452668,0.03479749,0.02300000,0.73609529,0.25051325,0.79411116
101.63800001,0.04135965,0.02328690,0.01700000,0.80572238,0.23793223,0.74770252
101.73799992,0.05251874,0.02200527,0.01900000,0.85393365,0.22783173,0.75178279
101.83800006,0.03397401,0.03222214,0.02800000,0.77030143,0.23688828,0.78338490
101.93799996,0.03001177,0.02943235,0.01500000,0.74123737,0.23885247,0.73329044
102.03800011,0.02546620,0.02963651,0.00100000,0.74114889,0.24201035,0.73076873
102.13800001,0.04080296,0.02369321,0.01200000,0.79043382,0.23927686,0.70958695
102.23799992,0.04766460,0.02620165,0.00700000,0.81328287,0.24440186,0.69778567
102.33800006,0.04065605,0.03796084,0.00600000,0.77791304,0.25098296,0.65676015
102.43799996,0.02304843,0.03889769,0.00400000,0.70938071,0.24860287,0.69070626
102.53800011,0.02275816,0.03537112,0.00400000,0.70635426,0.25034242,0.70599778
102.63800001,0.03485761,0.03002944,0.00400000,0.70705901,0.24338611,0.71407360
102.73799992,0.04153606,0.02725355,0.00800000,0.73770388,0.24819659,0.74284167
102.83800006,0.03785605,0.03898935,0.01600000,0.69527544,0.25710825,0.79811266
102.93799996,0.04082907,0.03724334,0.01900000,0.76575558,0.25560007,0.78975217
103.03800011,0.03263943,0.04546776,0.00900000,0.71498782,0.26307757,0.75797776
103.13800001,0.03323174,0.04520953,0.01300000,0.71454788,0.25897692,0.75960274
103.23799992,0.03366097,0.04969093,0.01100000,0.69160942,0.26147936,0.75241079
103.33800006,0.03659023,0.05342280,0.00800000,0.71765772,0.26914233,0.73818100
103.43900013,0.04114234,0.04659751,0.00400000,0.74645526,0.26031800,0.72988251
103.53900003,0.05084000,0.04995392,0.01200000,0.76302604,0.25483769,0.75549519
103.63899994,0.06310864,0.05245903,0.01400000,0.75584669,0.25159776,0.78256090
103.73900008,0.05895203,0.05151416,0.01300000,0.76310639,0.25291708,0.78246938
103.83899999,0.05472299,0.03978409,0.00200000,0.73587091,0.24340538,0.79043989
103.93900013,0.05255948,0.06335196,0.00800000,0.74246035,0.27025868,0.80618865
104.03900003,0.04886694,0.06979679,0.01500000,0.74975998,0.28489741,0.81903080
104.13899994,0.04922431,0.03235826,0.02200000,0.73449777,0.24283101,0.87805642
104.23900008,0.05041181,0.07339012,0.02200000,0.76075281,0.29265483,0.88117969
104.33899999,0.03855279,0.03903245,0.01600000,0.72576602,0.24815700,0.81347641
104.43900013,0.03531391,0.05996480,0.00900000,0.71311192,0.28365550,0.76796145
104.53900003,0.05437840,0.06950317,0.00900000,0.78861693,0.30316708,0.76999751
104.63899994,0.06363602,0.02593659,0.00200000,0.79820326,0.25072584,0.76931018
104.73900008,0.05535885,0.08088200,0.00700000,0.80055719,0.31246053,0.77217132
104.83899999,0.04863655,0.02456595,0.01300000,0.81386682,0.25000709,0.76306902
104.93900013,0.04438156,0.07542027,0.02400000,0.81794033,0.31027159,0.80979567
105.03900003,0.04121230,0.07266744,0.02800000,0.83036159,0.30212673,0.79930942
105.13899994,0.03100481,0.03897694,0.01800000,0.77369554,0.25440142,0.74042097
105.23900008,0.02884299,0.06422914,0.00800000,0.77046617,0.29176738,0.73894093
105.33899999,0.02875284,0.03612305,0.00500000,0.74157399,0.25174554,0.72774372
105.43900013,0.03669851,0.07609513,0.00200000,0.77833626,0.31088735,0.75268613
105.53900003,0.04094062,0.07403287,0.00500000,0.84548670,0.30975585,0.70085627
105.63899994,0.03800340,0.04099929,0.00300000,0.83221751,0.26511252,0.67731646
105.73900008,0.03337922,0.06482992,0.00100000,0.80984597,0.30377023,0.67863935
105.83899999,0.03271149,0.04297498,0.00000000,0.79584882,0.26740033,0.66963806
105.93900013,0.02487108,0.06575538,0.00900000,0.79117262,0.29879962,0.67153391
106.03900003,0.01415595,0.05906995,0.01400000,0.77101067,0.29564974,0.66486759
106.13899994,0.01305650,0.04718747,0.01600000,0.75042755,0.27119833,0.65676331
106.23900008,0.00780412,0.05145314,0.01700000,0.75940750,0.26911547,0.65089188
106.33999991,0.01613514,0.04715610,0.01900000,0.77777359,0.26602829,0.65148087
106.44000006,0.02697118,0.04960237,0.01600000,0.81258497,0.27337657,0.66999867
106.53999996,0.02872508,0.04913563,0.01810000,0.83608287,0.27806758,0.67343121
106.64000010,0.01940045,0.04782073,0.01300000,0.82562546,0.28332116,0.64144548
106.74000001,0.01229114,0.04746691,0.02600000,0.83207335,0.28215543,0.65452876
106.83999991,0.01274925,0.04814516,0.02800000,0.81608134,0.27469096,0.65702934
106.94000006,0.01007258,0.04178269,0.04200000,0.82680724,0.26707740,0.69671297
107.03999996,0.01349131,0.03316601,0.04200000,0.84521205,0.25448895,0.67416345
107.14000010,0.01151902,0.04347876,0.04300000,0.81482849,0.26099106,0.67630319
107.24000001,0.01221549,0.05157831,0.04400000,0.80965878,0.25869915,0.68143276
107.33999991,0.00827974,0.05364080,0.04600000,0.77899795,0.25742797,0.69728170
107.44000006,0.01277665,0.04202484,0.04200000,0.76101798,0.24664819,0.70711710
107.53999996,0.00994893,0.03722296,0.03900000,0.75147473,0.24574467,0.67587585
107.64000010,0.01714219,0.04086656,0.03600000,0.75082128,0.24575777,0.66840010
107.74000001,0.02810435,0.04336768,0.03100000,0.73805653,0.25237689,0.69055546
107.83999991,0.03787702,0.04044480,0.03200000,0.77747243,0.24850864,0.68029491
107.94000006,0.03816030,0.04172926,0.04500000,0.77031860,0.24636097,0.73864879
108.03999996,0.02535450,0.03939948,0.05300000,0.74182597,0.24176138,0.78458643
108.14000010,0.01586388,0.04093345,0.04400000,0.74690642,0.25025830,0.79110496
108.24000001,0.01462762,0.04141175,0.03300000,0.74369114,0.25516288,0.74077526
108.33999991,0.01653680,0.04635584,0.03500000,0.76989391,0.25644006,0.74390746
108.44000006,0.02014622,0.04463888,0.03800000,0.78010161,0.24925617,0.76217883
108.53999996,0.01967692,0.04010335,0.03300000,0.74181442,0.23736952,0.73537477
108.64000010,0.02161142,0.03978186,0.02800000,0.72221152,0.24177881,0.74355385
108.74000001,0.02065250,0.04562142,0.04600000,0.72400425,0.24913433,0.82587258
108.83999991,0.03461284,0.04687805,0.06300000,0.77035815,0.24996652,0.83169620
108.94000006,0.03208832,0.03682444,0.06800000,0.77918687,0.24029654,0.84315359
109.03999996,0.03578328,0.03668797,0.07600000,0.78722478,0.23809367,0.88248756
109.14100003,0.04176161,0.04413636,0.07100000,0.80141037,0.24442187,0.89191836
109.24099994,0.03325475,0.04258523,0.07200000,0.80879943,0.24309058,0.92167793
109.34100008,0.03539278,0.04508471,0.07400000,0.79596520,0.24928865,0.92818003
109.44099998,0.03403482,0.04206472,0.06500000,0.79547246,0.24951726,0.92183536
109.54100013,0.03371632,0.04979377,0.05800000,0.78607443,0.24910140,0.90527774
109.64100003,0.03631883,0.05445909,0.05700000,0.77035864,0.25412174,0.88198833
109.74099994,0.03560876,0.05279428,0.05000000,0.76155375,0.25071656,0.88141684
109.84100008,0.03875632,0.04620301,0.04300000,0.77632271,0.23691606,0.86163167
109.94099998,0.01910259,0.05437335,0.05500000,0.69795219,0.25012252,0.86639173
110.04100013,0.00764827,0.05582252,0.05200000,0.67475399,0.24600985,0.87870800
110.14100003,0.00737313,0.05979328,0.05300000,0.68653194,0.26703387,0.87986656
110.24099994,0.02129345,0.05335943,0.03300000,0.74102338,0.24971895,0.79835034
110.34100008,0.01430937,0.05890180,0.02800000,0.72440668,0.27266930,0.77527958
110.44099998,0.01474092,0.06187435,0.02100000,0.72933594,0.28574495,0.77252356
110.54100013,0.01485049,0.06653588,0.02000000,0.74142686,0.29108647,0.78454633
110.64100003,0.01302647,0.06571576,0.01800000,0.76620582,0.28296514,0.77615394
110.74099994,0.02418558,0.06343901,0.01100000,0.79847978,0.27749863,0.79812871
110.84100008,0.02685911,0.06396497,0.02200000,0.82784707,0.27667572,0.77883830
110.94099998,0.02560919,0.06574663,0.02900000,0.81539357,0.28424054,0.78478796
111.04100013,0.02216832,0.06493701,0.02600000,0.79534786,0.27800607,0.77315344
111.14100003,0.02322738,0.06748547,0.02600000,0.77093329,0.28166715,0.75872028
111.24099994,0.02000504,0.05183675,0.02800000,0.69484800,0.24282079,0.75957858
111.34100008,0.01469909,0.05285411,0.02400000,0.69901955,0.25234137,0.75470602
111.44099998,0.01377485,0.05365206,0.01000000,0.68586746,0.24546614,0.73960183
111.54100013,0.01299792,0.05578202,0.00800000,0.68646547,0.25020303,0.74804742
111.64100003,0.01668428,0.05161090,0.01100000,0.68822809,0.25204414,0.75725429
111.74099994,0.01166962,0.05158760,0.02400000,0.71865082,0.25088333,0.79224456
111.84100008,0.00924557,0.05414766,0.02400000,0.70552222,0.24483290,0.78660142
111.94099998,0.01980454,0.04211389,0.02000000,0.72396933,0.22280163,0.77751604
112.04200006,0.01880858,0.04232455,0.00300000,0.72022186,0.22327332,0.76785447
112.14199996,0.01079127,0.04427876,0.00200000,0.72007803,0.22284780,0.77016012
112.24200010,0.00523883,0.04684789,0.01200000,0.69095720,0.23506939,0.77437943
112.34200001,0.01082433,0.05398272,0.00100000,0.68033887,0.24251258,0.74928431
112.44199991,0.01555968,0.05613427,0.00090000,0.67583646,0.24538630,0.73847930
112.54200006,0.00621468,0.04405653,0.00800000,0.69885048,0.23146333,0.75140438
112.64199996,0.00981071,0.04429458,0.01100000,0.69000975,0.23428294,0.75836116
112.74200010,0.00723435,0.03576079,0.00800000,0.68596465,0.21059069,0.77387522
112.84200001,0.01041508,0.03106728,0.01800000,0.68227816,0.19880533,0.79474430
112.94199991,0.01449181,0.02339802,0.02000000,0.66059259,0.20067829,0.82742502
113.04200006,0.01377432,0.01961015,0.01500000,0.66584911,0.19969810,0.78582513
113.14199996,0.01280381,0.01818990,0.01500000,0.69150437,0.20094122,0.75834516
113.24200010,0.00513326,0.02970353,0.02200000,0.65768301,0.20912437,0.79471615
113.34200001,0.00842526,0.02707019,0.02500000,0.64343016,0.20258367,0.78355630
113.44199991,0.00161040,0.02199765,0.01900000,0.65846248,0.20550664,0.80085689
113.54200006,0.01010468,0.01902565,0.01000000,0.66227630,0.20167918,0.75189322
113.64199996,0.01638316,0.01768169,0.00000000,0.70686043,0.19253555,0.72332554
113.74200010,0.01205811,0.01497504,0.00700000,0.62832005,0.19882412,0.74294569
113.84200001,0.00626040,0.01501624,0.01100000,0.64260162,0.20452859,0.69509859
113.94199991,0.01210976,0.01960214,0.00200000,0.63583182,0.20520887,0.68300541
114.04200006,0.01735192,0.01988871,0.00400000,0.68207959,0.19763791,0.69451345
114.14199996,0.01599700,0.01809685,0.00300000,0.68693321,0.21118004,0.71693282
114.24200010,0.01436963,0.01619116,0.00400000,0.69828297,0.20752939,0.69649486
114.34200001,0.00866406,0.01711678,0.00200000,0.67364908,0.20873291,0.66291532
114.44199991,0.01032851,0.01079499,0.00300000,0.65846814,0.20475980,0.67699657
114.54200006,0.01583959,0.01235141,0.01000000,0.70850757,0.21805589,0.68227078
114.64199996,0.01433617,0.01433926,0.01200000,0.72948830,0.21779687,0.68355658
114.74200010,0.00425250,0.01948374,0.00300000,0.66772098,0.21733037,0.67004119
114.84299994,0.00344980,0.01178554,0.01400000,0.66384596,0.19836962,0.69889030
114.94300008,0.01051165,0.00556734,0.01500000,0.66463481,0.20264539,0.69897442
115.04299998,0.01375020,0.00548289,0.01400000,0.70670040,0.19601718,0.71826075
115.14300013,0.01451216,0.00658917,0.01200000,0.71562651,0.19623917,0.65393421
115.24300003,0.01351387,0.00554846,0.00800000,0.70155379,0.20027288,0.61984647
115.34299994,0.01028440,0.00506271,0.00700000,0.66482276,0.20497679,0.64817962
115.44300008,0.01081648,0.00106479,0.00100000,0.67523982,0.20551680,0.63722944
115.54299998,0.00994551,0.00218790,0.00300000,0.67690820,0.19974645,0.62829341
115.64300013,0.00336932,0.01210693,0.00800000,0.67201255,0.20694209,0.63321312
115.74300003,0.00246877,0.02008943,0.01100000,0.66981232,0.22321096,0.61192745
115.84299994,0.01395943,0.02380387,0.01090000,0.72081554,0.22795508,0.62461516
115.94300008,0.01728143,0.02069691,0.00400000,0.74587373,0.23058269,0.58881718
116.04299998,0.01974769,0.02090355,0.00800000,0.77150128,0.22977313,0.61219595
116.14300013,0.01749573,0.01163441,0.02100000,0.77986673,0.21591965,0.66938533
116.24300003,0.00987831,0.01229264,0.01800000,0.70098195,0.23093521,0.67485772
116.34299994,0.00516817,0.01363048,0.01700000,0.69831530,0.23807280,0.70227316
116.44300008,0.00899676,0.01620211,0.01600000,0.70011860,0.24612782,0.70716489
116.54299998,0.00958592,0.00493458,0.00000000,0.70688507,0.21508801,0.63369244
116.64300013,0.00454326,0.00247565,0.00800000,0.72723577,0.21637563,0.62825239
116.74300003,0.00865034,0.00821289,0.00900000,0.72783658,0.22421531,0.64455539
116.84299994,0.00967464,0.01106577,0.00900000,0.72461913,0.23499999,0.62053445
116.94300008,0.00962652,0.00105362,0.01600000,0.72060047,0.21042204,0.70487468
117.04299998,0.01385664,0.00245835,0.02200000,0.77669245,0.20774632,0.71055105
117.14300013,0.00097722,0.01145622,0.00600000,0.72068432,0.23380121,0.68300436
117.24300003,0.00430192,0.00185297,0.00700000,0.71605125,0.21072400,0.65038524
117.34299994,0.00857984,0.00027616,0.00200000,0.71769679,0.20801351,0.67021678
117.44300008,0.00828606,0.00164656,0.00300000,0.69902191,0.21500285,0.68997380
117.54299998,0.02019541,0.00082185,0.00800000,0.76717456,0.21905095,0.69071467
117.64400005,0.02274303,0.00006786,0.01900000,0.76078552,0.21721358,0.72957990
117.74399996,0.00164595,0.00353565,0.04300000,0.69556645,0.22824021,0.74104134
117.84400010,0.00115350,0.00217242,0.04800000,0.71027279,0.22383195,0.72555640
117.94400001,0.00708552,0.01266473,0.01300000,0.71676284,0.25297477,0.65890638
118.04399991,0.01148864,0.01251923,0.00600000,0.76401872,0.24802280,0.66287039
118.14400005,0.00685030,0.00225242,0.00700000,0.72408524,0.22991042,0.66079753
118.24399996,0.00530718,0.00011746,0.00700000,0.72489464,0.22877368,0.63533344
118.34400010,0.00788694,0.00174534,0.00400000,0.74667407,0.23267221,0.61562047
118.44400001,0.01546710,0.00102895,0.00800000,0.79514633,0.22862913,0.59685670
118.54399991,0.01119787,0.00368345,0.01400000,0.79936445,0.22391100,0.65052155
118.64400005,0.00300402,0.00159558,0.02300000,0.73121668,0.22332468,0.69416252
118.74399996,0.00278063,0.00339236,0.02400000,0.71107324,0.23034350,0.71661835
118.84400010,0.00663230,0.00725690,0.00800000,0.68598247,0.24784855,0.68409784
118.94400001,0.00607534,0.00680443,0.00100000,0.70992233,0.24745295,0.68026817
119.04399991,0.00746797,0.00397108,0.00300000,0.71757166,0.23411508,0.68303074
119.14400005,0.00071660,0.00366422,0.01100000,0.70387525,0.23592248,0.68712553
119.24399996,0.00235048,0.00267493,0.00300000,0.69123281,0.22594992,0.65647541
119.34400010,0.00663546,0.00143898,0.00800000,0.70975294,0.22417739,0.65935860
119.44400001,0.00901809,0.00018451,0.01600000,0.77816288,0.22278175,0.70090918
119.54399991,0.01386290,0.00366470,0.02200000,0.76809939,0.23398735,0.70819616
119.64400005,0.01137264,0.00099147,0.02600000,0.76061530,0.22720278,0.72010569
119.74399996,0.00343964,0.00229322,0.01900000,0.71008811,0.22372381,0.69542501
119.84400010,0.01046811,0.00179683,0.02100000,0.78360960,0.22623998,0.67768834
119.94400001,0.01216782,0.00293669,0.02300000,0.80795734,0.22836044,0.70390284
120.04399991,0.00181450,0.00399344,0.00000000,0.76117884,0.24077867,0.63640022
120.14400005,0.00567364,0.00662267,0.00600000,0.76372337,0.25023543,0.66697896
120.24399996,0.00097579,0.00231038,0.00500000,0.77482096,0.23309527,0.63852149
120.34400010,0.00280456,0.00025382,0.01100000,0.77680854,0.23234793,0.67594862
120.44499993,0.00654056,0.00175531,0.00600000,0.76751396,0.23862764,0.65971469
120.54500008,0.00806613,0.00132573,0.01200000,0.81850209,0.23925324,0.65022305
120.64499998,0.00910831,0.00009346,0.01400000,0.80445620,0.23322588,0.69161558
120.74500012,0.00680865,0.00246825,0.00300000,0.75491468,0.22761100,0.64140617
120.84500003,0.00786715,0.00315404,0.00100000,0.77407777,0.22874467,0.62855900
120.94499993,0.00369535,0.00018539,0.00800000,0.74111467,0.23185566,0.62433465
121.04500008,0.00004449,0.00079876,0.01200000,0.71868780,0.23481716,0.64449833
121.14499998,0.00203559,0.00112534,0.00900000,0.74009944,0.23721000,0.61372538
121.24500012,0.00192102,0.00328020,0.00310000,0.72239788,0.23723244,0.59812667
121.34500003,0.00304246,0.00188771,0.00000000,0.70013273,0.23472591,0.62381821
121.44499993,0.00684790,0.00168413,0.00100000,0.73356038,0.23534239,0.65801190
121.54500008,0.00389546,0.00021297,0.00400000,0.69995374,0.23279050,0.65437288
121.64499998,0.00396406,0.00297762,0.00600000,0.68748712,0.23805871,0.62902072
121.74500012,0.00671440,0.00101824,0.00800000,0.75776162,0.23979629,0.59542315
121.84500003,0.01274642,0.00106239,0.01300000,0.76686237,0.23613671,0.62993679
121.94499993,0.00809174,0.00265024,0.00400000,0.78697035,0.23737180,0.56341575
122.04500008,0.00487722,0.00155653,0.00300000,0.74721503,0.23486337,0.54274781
122.14499998,0.00395742,0.00043450,0.00500000,0.70986093,0.23405166,0.56720745
122.24500012,0.00340672,0.00098703,0.00300000,0.69048625,0.23608706,0.57093566
122.34500003,0.00271840,0.00115340,0.00300000,0.70230962,0.23424043,0.57552802
122.44499993,0.00493065,0.00316524,0.00300000,0.69528500,0.23493378,0.54735878
122.54500008,0.00654019,0.00540980,0.01000000,0.73391628,0.23609733,0.57102553
122.64499998,0.00525242,0.00537699,0.00900000,0.70570146,0.23411297,0.59047676
122.74500012,0.00906799,0.00686597,0.01500000,0.73546798,0.24555567,0.61620273
122.84500003,0.00822279,0.00672946,0.01400000,0.71369573,0.24785084,0.63294254
122.94499993,0.00538458,0.00355053,0.01400000,0.62793585,0.23302618,0.65637435
123.04500008,0.00666807,0.00274532,0.00600000,0.68660076,0.23048723,0.61090558
123.14499998,0.00580479,0.00271375,0.00700000,0.68153585,0.22506116,0.61088101
123.24600005,0.00929676,0.00528585,0.00500000,0.69272943,0.22662577,0.59756211
123.34599996,0.00828553,0.00861394,0.00800000,0.68858981,0.24434775,0.59518455
123.44600010,0.00679600,0.01047542,0.00400000,0.71064677,0.24340545,0.56574480
123.54600000,0.00361282,0.01016255,0.02000000,0.64511987,0.23871873,0.63739101
123.64599991,0.00318377,0.00921866,0.01900000,0.67130360,0.23534681,0.61638885
123.74600005,0.00051645,0.00686901,0.02600000,0.68800856,0.23300652,0.60305682
123.84599996,0.00018043,0.00350106,0.03000000,0.71938605,0.22163928,0.60807507
123.94600010,0.00038405,0.00166508,0.02800000,0.73716477,0.21673077,0.61824953
124.04600000,0.00172423,0.00711878,0.02700000,0.74749877,0.22405730,0.63871547
124.14599991,0.00064125,0.00974109,0.02100000,0.72493452,0.22790281,0.62500491
124.24600005,0.00260111,0.00879399,0.01000000,0.72898886,0.22094338,0.58024888
124.34599996,0.00166204,0.01041574,0.01100000,0.72281450,0.21892645,0.57791650
124.44600010,0.00125675,0.00668585,0.00000000,0.73357688,0.20897986,0.57490870
124.54600000,0.00010087,0.00994534,0.00200000,0.74499693,0.22540489,0.55526633
124.64599991,0.00146862,0.01046772,0.00400000,0.72295074,0.22005365,0.53500710
124.74600005,0.00058592,0.01412327,0.00600000,0.75751143,0.22517800,0.57993478
124.84599996,0.00395027,0.01165527,0.00300000,0.76526203,0.22364048,0.59718954
124.94600010,0.00515365,0.01473261,0.00400000,0.76853773,0.22747985,0.59612218
125.04600000,0.00962061,0.00992038,0.00900000,0.83129690,0.21495862,0.61938324
125.14599991,0.00634685,0.00548156,0.00400000,0.77915080,0.21286449,0.64383305
125.24600005,0.00612298,0.00532157,0.00000000,0.79009221,0.21583284,0.61218466
125.34599996,0.00485856,0.00615747,0.00000000,0.81342312,0.21280150,0.60345847
125.44600010,0.00272993,0.00360520,0.00600000,0.80469630,0.20724578,0.62070677
125.54600000,0.00407852,0.00228597,0.01400000,0.82333483,0.20173274,0.65524473
125.64599991,0.00322394,0.00194324,0.02100000,0.81744785,0.20386459,0.67736053
125.74600005,0.00388660,0.00170714,0.02500000,0.80431240,0.20503379,0.68632650
125.84599996,0.00360536,0.00180316,0.02900000,0.80886356,0.20716449,0.69335249
125.94600010,0.00529038,0.00385511,0.02700000,0.79380202,0.20531294,0.68268042
126.04699993,0.00615986,0.00505926,0.02300000,0.82375250,0.20948881,0.65123548
126.14700007,0.00630007,0.01000445,0.01600000,0.81663448,0.21984697,0.60456850
126.24699998,0.00835829,0.00958066,0.00900000,0.86242419,0.22224264,0.60604918
126.34700012,0.00135923,0.01100738,0.00400000,0.81155013,0.22559233,0.60514635
126.44700003,0.00486516,0.01099592,0.00800000,0.83024417,0.22234782,0.57663305
126.54699993,0.00864212,0.01023542,0.01600000,0.88124079,0.21608182,0.60160520
126.64700007,0.01153166,0.00958337,0.01700000,0.92502997,0.21166847,0.58391502
126.74699998,0.01335821,0.00982131,0.02200000,0.89480985,0.20953617,0.65883478
126.84700012,0.01497792,0.00945472,0.02100000,0.88935394,0.21315637,0.68141165
126.94700003,0.01314434,0.01218508,0.00800000,0.86267512,0.21070673,0.64650043
127.04699993,0.01098214,0.01405890,0.00200000,0.86620371,0.21487028,0.63209530
127.14700007,0.00973968,0.01456395,0.00200000,0.85742346,0.20872702,0.65651717
127.24699998,0.00878726,0.01485510,0.00300000,0.81371437,0.21596544,0.65145445
127.34700012,0.00999185,0.01592994,0.00200000,0.81766966,0.22988803,0.67331075
127.44700003,0.01387557,0.01192177,0.00600000,0.87601145,0.23319932,0.69318000
127.54699993,0.01276264,0.01643426,0.01500000,0.86462901,0.22670329,0.70735488
127.64700007,0.00926199,0.02049184,0.01800000,0.81104724,0.24123895,0.73924367
127.74699998,0.00757672,0.01776636,0.02200000,0.82160974,0.24156220,0.80127728
127.84700012,0.00788957,0.01715239,0.02500000,0.80950515,0.22045491,0.80858525
127.94700003,0.00625465,0.02157265,0.03400000,0.82120294,0.24078395,0.83339211
128.04699993,0.00141424,0.01959643,0.03100000,0.80791806,0.23920279,0.85012165
128.14700007,0.00538127,0.01741499,0.03200000,0.80293080,0.22360679,0.84934873
128.24699998,0.01022751,0.02468376,0.04400000,0.79578615,0.24303455,0.84517210
128.34700012,0.00464561,0.02505570,0.05500000,0.83126120,0.24074411,0.86556376
128.44700003,0.00155638,0.01981509,0.04300000,0.82247592,0.22289260,0.86924994
128.54699993,0.00352029,0.01245904,0.05100000,0.83569874,0.22352056,0.89074831
128.64700007,0.00712172,0.01569494,0.06500000,0.83157567,0.23463557,0.89318392
128.74699998,0.01587421,0.02284512,0.06700000,0.82185730,0.23533461,0.90420559
128.84800005,0.00834689,0.03267705,0.01300000,0.81746324,0.25460661,0.79847992
128.94799995,0.00486976,0.02984770,0.00500000,0.81606934,0.24864338,0.77208028
129.04800010,0.00613258,0.03215652,0.01000000,0.82496509,0.25519751,0.78794242
129.14800000,0.00241177,0.02609719,0.00100000,0.78471109,0.23084189,0.77874164
129.24799991,0.00377760,0.02529545,0.00200000,0.80560674,0.22873277,0.77242725
129.34800005,0.00901166,0.02253087,0.01000000,0.78674654,0.22684995,0.79388226
129.44799995,0.00882555,0.02021954,0.01100000,0.79705050,0.22385002,0.78425668
129.54800010,0.00709393,0.01064031,0.01000000,0.79341569,0.21479875,0.82594144
129.64800000,0.00463810,0.00377068,0.00900000,0.76758077,0.21481358,0.80216221
129.74799991,0.00977898,0.00214980,0.00700000,0.74841448,0.20958493,0.81619294
129.84800005,0.01740691,0.00481346,0.00300000,0.77918595,0.21635010,0.82435533
129.94799995,0.02039655,0.00823595,0.00200000,0.80896359,0.22442388,0.82370479
130.04800010,0.02119900,0.00833802,0.00900000,0.83402902,0.23537306,0.83666944
130.14800000,0.03242222,0.00241650,0.01600000,0.86912782,0.22938651,0.85715468
130.24799991,0.04701420,0.01736764,0.00800000,0.89590342,0.24400224,0.85782060
130.34800005,0.03644392,0.02836355,0.00200000,0.88389949,0.25647304,0.87049647
130.44799995,0.03065544,0.02423828,0.00300000,0.88992935,0.25081851,0.87865537
130.54800010,0.02649991,0.02808869,0.01000000,0.90685623,0.25334394,0.88255449
130.64800000,0.03280375,0.02980879,0.01500000,0.93949885,0.25919378,0.87883925
130.74799991,0.04623185,0.03099283,0.00200000,0.92768285,0.26280498,0.84292634
130.84800005,0.05613582,0.03553617,0.00600000,0.92433520,0.26769383,0.84956882
130.94799995,0.04692283,0.03874878,0.00100000,0.88019296,0.27928804,0.81110119
131.04800010,0.04407929,0.04355762,0.00300000,0.86958575,0.28923302,0.79617887
131.14800000,0.04725758,0.04500056,0.00300000,0.87566421,0.29388069,0.78998915
131.24799991,0.05162805,0.04646788,0.00600000,0.88232899,0.29318564,0.77002491
131.34800005,0.05861205,0.04814736,0.00600000,0.88967376,0.29006177,0.77320664
131.44799995,0.06166950,0.04779699,0.00600000,0.88083731,0.28796884,0.80850575
131.54800010,0.06640935,0.04941749,0.00500000,0.89101440,0.28415546,0.80118579
131.64800000,0.06746602,0.05158242,0.00500000,0.88158575,0.29061536,0.77333606
131.74900007,0.06414870,0.02621573,0.00600000,0.90861823,0.25489544,0.79499896
131.84899998,0.06547223,0.04827667,0.00500000,0.91180825,0.29132269,0.79039051
131.94900012,0.03498253,0.03221557,0.00200000,0.89263579,0.25691802,0.79091447
132.04900002,0.02665216,0.02762177,0.00500000,0.81883031,0.24905412,0.83536258
132.14899993,0.02824376,0.06085893,0.00600000,0.89992159,0.28645916,0.82252965
132.24900007,0.01894551,0.02329716,0.02100000,0.85663658,0.24311897,0.89432275
132.34899998,0.01762674,0.05764502,0.02000000,0.84337640,0.28552157,0.83811659
132.44900012,0.00798865,0.03854129,0.00900000,0.85874052,0.25819069,0.80928295
132.54900002,0.00790146,0.05090596,0.00700000,0.84922604,0.28641492,0.81154912
132.64899993,0.00791519,0.03329204,0.01100000,0.82922734,0.25540453,0.81105470
132.74900007,0.00480878,0.05465753,0.00700000,0.82187863,0.28117471,0.83073571
132.84899998,0.01244915,0.03637951,0.00200000,0.84140585,0.26404984,0.79362911
132.94900012,0.00819567,0.05919823,0.00190000,0.82644665,0.29062123,0.80627579
133.04900002,0.00488458,0.05840412,0.00200000,0.76996431,0.28794064,0.79942854
133.14899993,0.00253023,0.03462207,0.01000000,0.74245079,0.24783899,0.78654414
133.24900007,0.00328041,0.05609562,0.00900000,0.73431248,0.27654749,0.75031926
133.34899998,0.00662634,0.03277700,0.01000000,0.71111397,0.24484343,0.73941118
133.44900012,0.00265635,0.05712332,0.01500000,0.75695787,0.27871972,0.70637012
133.54900002,0.00664223,0.05949933,0.01900000,0.75537008,0.27643722,0.66209411
133.64899993,0.01361918,0.02655104,0.02800000,0.74102647,0.24021789,0.71703002
133.74900007,0.01009671,0.06087246,0.03900000,0.72555595,0.28348833,0.74344713
133.84899998,0.00048714,0.02809364,0.04300000,0.72439605,0.24175828,0.76068458
133.94900012,0.00255912,0.06631479,0.04900000,0.72068868,0.29173373,0.74570997
134.04900002,0.00644044,0.08089580,0.02900000,0.72867441,0.30615358,0.74081738
134.14899993,0.00746397,0.00340136,0.03100000,0.72937387,0.22157334,0.73014829
134.24900007,0.00548792,0.05624387,0.03900000,0.73198218,0.27837360,0.73648718
134.34899998,0.00566652,0.03777169,0.06200000,0.72798546,0.24951901,0.75926516
134.45000005,0.00688490,0.05982339,0.06900000,0.74400192,0.28928076,0.77435984
134.54999995,0.01190737,0.04916691,0.06400000,0.73200111,0.26375534,0.75709522
134.65000010,0.01660025,0.04165059,0.06900000,0.72908712,0.26512704,0.77154456
134.75000000,0.02126021,0.03455219,0.05500000,0.74014379,0.24880634,0.77079112
134.84999990,0.02107338,0.02915138,0.04300000,0.71952400,0.23980554,0.75001277
134.95000005,0.02684625,0.02798890,0.02400000,0.71524995,0.23224621,0.69508564
135.04999995,0.03077411,0.02556724,0.02700000,0.72360417,0.23638058,0.67888669
135.15000010,0.02239396,0.02115019,0.02400000,0.74592995,0.23501910,0.65722895
135.25000000,0.01913382,0.02789385,0.03600000,0.72253265,0.23810432,0.70887497
135.34999990,0.01840611,0.03755936,0.05100000,0.75131133,0.24660464,0.72013721
135.45000005,0.01394335,0.04158825,0.04600000,0.74059550,0.25141682,0.72477080
135.54999995,0.01348199,0.04941939,0.03900000,0.72611734,0.27444167,0.71396191
135.65000010,0.01145742,0.04971285,0.03400000,0.70272300,0.27389801,0.66322858
135.75000000,0.00760496,0.04613659,0.02990000,0.71189086,0.28045753,0.66125180
135.84999990,0.00659090,0.03660628,0.02500000,0.73624763,0.27352064,0.65582569
135.95000005,0.00728827,0.03267003,0.01800000,0.74635867,0.27070258,0.69079864
136.04999995,0.01094050,0.04309705,0.02600000,0.74212322,0.29626724,0.67908809
136.15000010,0.01635897,0.04076989,0.01600000,0.76939083,0.28387996,0.68172288
136.25000000,0.01604093,0.04404189,0.00100000,0.79047330,0.30200626,0.67996205
136.34999990,0.02335463,0.05076476,0.00900000,0.83527422,0.30951279,0.71177182
136.45000005,0.02086393,0.03988667,0.01200000,0.82293967,0.28813061,0.70450217
136.54999995,0.03379146,0.03148488,0.02900000,0.81586892,0.28286068,0.73617909
136.65000010,0.03762410,0.03136873,0.03000000,0.81421489,0.28051991,0.76296923
136.75000000,0.06766942,0.04063619,0.02200000,0.90338709,0.27954833,0.74510279
136.84999990,0.06916641,0.03681653,0.03200000,0.88375484,0.28270079,0.72990075
136.95000005,0.07480962,0.03445882,0.03200000,0.91491587,0.27256121,0.74212785
137.04999995,0.08077305,0.04165255,0.03200000,0.93888582,0.29891863,0.75418800
137.15000010,0.08111960,0.04236378,0.03300000,0.96760419,0.29521378,0.77005619
137.25000000,0.08525173,0.04556472,0.03000000,0.96397617,0.30484484,0.77948107
137.35100007,0.08505241,0.04216275,0.03600000,0.94937200,0.29959114,0.78488337
137.45099998,0.08029176,0.03805896,0.03000000,0.95369391,0.29535593,0.77762952
137.55100012,0.08126748,0.03974931,0.03890000,0.94130623,0.29467963,0.81193504
137.65100002,0.08037628,0.03545579,0.03300000,0.96136701,0.28042395,0.72673820
137.75099993,0.11471378,0.03562538,0.03700000,0.99104219,0.27241177,0.76477371
137.85100007,0.11924174,0.03361395,0.03990000,0.98623979,0.27963824,0.78265131
137.95099998,0.11770978,0.02546720,0.03100000,0.96662686,0.27329788,0.73935584
138.05100012,0.11918009,0.01631580,0.02400000,0.98859655,0.26775007,0.73402205
138.15100002,0.10837441,0.00674438,0.01800000,0.97013703,0.26077168,0.72032465
138.25099993,0.10517025,0.00046851,0.01300000,0.98700088,0.25242693,0.71274130
138.35100007,0.10312895,0.00249396,0.01400000,0.97993923,0.25540872,0.69769094
138.45099998,0.10618526,0.00813326,0.01700000,0.99654562,0.25527773,0.71329991
138.55100012,0.10651469,0.01045325,0.01900000,0.97842637,0.25174485,0.72835043
138.65100002,0.09692660,0.01681561,0.03500000,0.97134554,0.25436475,0.81249429
138.75099993,0.09791950,0.01763922,0.04200000,0.99014207,0.25340371,0.81596339
138.85100007,0.09297713,0.01485477,0.02400000,0.99717268,0.23740957,0.73193239
138.95099998,0.08846213,0.00638057,0.02100000,0.95932146,0.22013133,0.72837142
139.05100012,0.08759629,0.01322835,0.01300000,0.94140381,0.22676009,0.68876703
139.15100002,0.08999516,0.01117454,0.01090000,0.94050350,0.22409477,0.68907965
139.25099993,0.07157021,0.03269289,0.02100000,0.92369292,0.23710380,0.69457665
139.35100007,0.07252751,0.03262101,0.02000000,0.90655605,0.23455707,0.69993836
139.45099998,0.08789164,0.03634227,0.01990000,0.88266071,0.23569612,0.70994943
139.55100012,0.08895617,0.04623268,0.02600000,0.88280584,0.25652652,0.71197854
139.65100002,0.09409186,0.04663648,0.02500000,0.87163171,0.25320394,0.71219498
139.75099993,0.05986798,0.03303808,0.04600000,0.82743296,0.22764577,0.78612170
139.85100007,0.06174027,0.02879131,0.05400000,0.80847834,0.22098571,0.79011422
139.95099998,0.05592246,0.02646598,0.03200000,0.84324986,0.21287416,0.73859506
140.05100012,0.04782438,0.02523566,0.02100000,0.79783293,0.21926558,0.70711166
140.15100002,0.04476045,0.02197959,0.01900000,0.78504054,0.20435026,0.71505526
140.25099993,0.02915071,0.03148486,0.01500000,0.74858007,0.21041500,0.69554818
140.35200000,0.02701869,0.03040132,0.02000000,0.75201134,0.20767682,0.69484171
140.45199990,0.03617874,0.02968769,0.03400000,0.77804523,0.20910607,0.74484286
140.55200005,0.03524505,0.04231178,0.03500000,0.76738896,0.23164328,0.74383438
140.65199995,0.02638572,0.05193500,0.03800000,0.75344886,0.23697102,0.74057580
140.75200009,0.02537918,0.03557565,0.05800000,0.73337283,0.21887218,0.78367633
140.85200000,0.01713139,0.02166762,0.05100000,0.75117246,0.19495774,0.78600676
140.95199990,0.01103680,0.02936800,0.03200000,0.74648943,0.19253064,0.73446778
141.05200005,0.00935895,0.02954505,0.03300000,0.75323779,0.19884062,0.70562076
141.15199995,0.01990378,0.02969747,0.03700000,0.75094052,0.20767625,0.76828721
141.25200009,0.01866030,0.03894577,0.03090000,0.73581436,0.22460700,0.74227093
141.35200000,0.01614678,0.04637986,0.02400000,0.70143054,0.23279207,0.74333189
141.45199990,0.01331602,0.03654700,0.02700000,0.69418980,0.22330620,0.76798027
141.55200005,0.01927039,0.02670791,0.03300000,0.67146569,0.20484101,0.74746168
141.65199995,0.01147105,0.03480395,0.03200000,0.67471965,0.23063923,0.73737476
141.75200009,0.00901042,0.04069511,0.03500000,0.69967224,0.23272016,0.72814455
141.85200000,0.00820293,0.04286213,0.03800000,0.69975689,0.23553029,0.78786505
141.95199990,0.01670728,0.02921792,0.04400000,0.67699923,0.21650077,0.79347224
142.05200005,0.00623245,0.03642865,0.03100000,0.70299757,0.23450336,0.71539940
142.15199995,0.00562601,0.03887207,0.03100000,0.70082572,0.24027122,0.73481194
142.25200009,0.00040354,0.03877483,0.02400000,0.70788539,0.24750552,0.71535672
142.35200000,0.00152838,0.03938012,0.02800000,0.71237404,0.24549049,0.72928491
142.45199990,0.00184496,0.03540630,0.02700000,0.72069793,0.24661718,0.71106540
142.55200005,0.00543819,0.03446427,0.02700000,0.73394349,0.25081308,0.70755357
142.65199995,0.01135968,0.03716689,0.03390000,0.74736370,0.25208867,0.72082325
142.75200009,0.00889441,0.03496998,0.03600000,0.75099484,0.24928116,0.78816281
142.85200000,0.01135305,0.03164314,0.02700000,0.72092337,0.24972739,0.71725916
142.95199990,0.01703781,0.02735330,0.01700000,0.72123149,0.23845414,0.70874832
143.05299997,0.02189493,0.02824309,0.00800000,0.71477399,0.25938739,0.69959488
143.15300012,0.01756341,0.03001961,0.01000000,0.73641660,0.25959176,0.74894637
143.25300002,0.01863066,0.02661312,0.01600000,0.73291534,0.24828903,0.77194476
143.35299993,0.02205958,0.02504207,0.01900000,0.75610290,0.24648612,0.77664687
143.45300007,0.02305586,0.02176712,0.02600000,0.75053056,0.24056154,0.80191051
143.55299997,0.02223044,0.02460523,0.03200000,0.72667015,0.24713760,0.85727876
143.65300012,0.02445207,0.02104605,0.03600000,0.76278525,0.24149503,0.87969918
143.75300002,0.02615570,0.01784599,0.03300000,0.77435548,0.23791125,0.90629245
143.85299993,0.02944786,0.01714770,0.03400000,0.76922743,0.24438761,0.90214847
143.95300007,0.02549881,0.00159394,0.03200000,0.75694583,0.23776386,0.88487046
144.05299997,0.03199878,0.00775940,0.02800000,0.77261562,0.24793465,0.86694530
144.15300012,0.03341596,0.00677818,0.02890000,0.78695598,0.23771269,0.87344408
144.25300002,0.03055545,0.00210112,0.03000000,0.79959405,0.21968860,0.86777849
144.35299993,0.02704416,0.00253445,0.02900000,0.81634312,0.22102287,0.85222338
144.45300007,0.02104334,0.00260340,0.02700000,0.75509564,0.21959262,0.82334009
144.55299997,0.02293241,0.00682676,0.03400000,0.80501636,0.22750703,0.81417556
144.65300012,0.02670197,0.00501047,0.03800000,0.81631683,0.23287091,0.84326663
144.75300002,0.03011102,0.01189019,0.03700000,0.82628910,0.24228909,0.83833802
144.85299993,0.03566780,0.00488756,0.03400000,0.82825908,0.24150612,0.81614301
144.95300007,0.01926590,0.00121446,0.01700000,0.76084704,0.23318410,0.75019804
145.05299997,0.01532668,0.00711147,0.01500000,0.78355701,0.23642036,0.77047227
145.15300012,0.01598989,0.00586031,0.01500000,0.75887042,0.23356473,0.77781827
145.25300002,0.02197436,0.00576954,0.01800000,0.77895797,0.22424561,0.77815122
145.35299993,0.02457662,0.01957447,0.02300000,0.85779851,0.24306486,0.83106335
145.45300007,0.02218135,0.02022863,0.02900000,0.81929874,0.24723223,0.81993401
145.55299997,0.01721073,0.01978410,0.03000000,0.79732807,0.24084938,0.82636222
145.65300012,0.01353862,0.01124570,0.01600000,0.79233845,0.22301159,0.76062559
145.75300002,0.01736438,0.00911693,0.00600000,0.80590796,0.21991988,0.73330784
145.85299993,0.02269791,0.01015159,0.00600000,0.81002657,0.22316601,0.74077220
145.95400000,0.02355282,0.01382297,0.00100000,0.79086409,0.22645999,0.77044837
146.05399990,0.02394911,0.00899613,0.00200000,0.79466720,0.22142656,0.78828710
146.15400004,0.02365352,0.00916030,0.00100000,0.77837162,0.21196762,0.80066867
146.25399995,0.01675666,0.00638628,0.00400000,0.76891583,0.20300600,0.76531938
146.35400009,0.01795939,0.00547270,0.00600000,0.78113067,0.20207197,0.75445262
146.45400000,0.02589029,0.00826454,0.00600000,0.80340771,0.20367131,0.74482426
146.55399990,0.02145643,0.00723474,0.00500000,0.80874061,0.21267144,0.75588171
146.65400004,0.01379248,0.01258123,0.00400000,0.82320163,0.23420337,0.77367233
146.75399995,0.01084010,0.01614751,0.00700000,0.83082121,0.23827625,0.77477237
146.85400009,0.01028306,0.01726206,0.01210000,0.82378216,0.23968449,0.76864168
146.95400000,0.01061420,0.01854046,0.01400000,0.83301424,0.24228680,0.78323779
147.05399990,0.01390458,0.01651250,0.00200000,0.83823495,0.23668492,0.78404736
147.15400004,0.01878650,0.01243091,0.00600000,0.85882384,0.21230635,0.79259260
147.25399995,0.03015330,0.01328978,0.00100000,0.90330250,0.22424132,0.79547350
147.35400009,0.03270469,0.01397617,0.00100000,0.89578098,0.23579058,0.77479622
147.45400000,0.02223698,0.01084835,0.00900000,0.83271384,0.22335346,0.79350127
147.55399990,0.03270476,0.01299725,0.00900000,0.90822559,0.21540485,0.81099802
147.65400004,0.03352519,0.00411237,0.00300000,0.92943277,0.20342967,0.81938434
147.75399995,0.01901193,0.01189607,0.00400000,0.88450095,0.20668811,0.80715087
147.85400009,0.01478327,0.00886031,0.01600000,0.87203385,0.19691618,0.88422185
147.95400000,0.00514141,0.00630047,0.02000000,0.86781820,0.19324540,0.87474152
148.05399990,0.00821081,0.00713531,0.00700000,0.87013847,0.19694559,0.81408292
148.15400004,0.02089089,0.01427238,0.00400000,0.88395771,0.20733969,0.81721922
148.25399995,0.02732141,0.00750736,0.00700000,0.93087007,0.19534432,0.84454063
148.35400009,0.03031608,0.00038147,0.01200000,0.93396751,0.19381924,0.84680278
148.45400000,0.02554384,0.00372588,0.00900000,0.90072199,0.19964671,0.86266913
148.55399990,0.02618932,0.00559281,0.01400000,0.89894935,0.19977324,0.90504703
148.65400004,0.02731626,0.00414751,0.01900000,0.91946887,0.20081201,0.91428681
148.75500011,0.02233114,0.00446318,0.00300000,0.87511480,0.19985058,0.84979216
148.85500002,0.03108260,0.00323762,0.01100000,0.90810330,0.19354373,0.86503842
148.95499992,0.02170018,0.01717417,0.00100000,0.87325278,0.21630117,0.83733076
149.05500007,0.02099155,0.01977511,0.00900000,0.89816521,0.22129237,0.82231399
149.15499997,0.01961310,0.00805768,0.00600000,0.90159521,0.19933089,0.81591476
149.25500011,0.02802621,0.00499713,0.00800000,0.95594934,0.19860212,0.81182124
149.35500002,0.03182195,0.00494199,0.00100000,0.95753558,0.19547973,0.80816135
149.45499992,0.02709982,0.01764795,0.02700000,0.94829710,0.21753119,0.88753622
149.55500007,0.02615358,0.01721744,0.03300000,0.92292460,0.21779904,0.92498399
149.65499997,0.02219265,0.01837325,0.02400000,0.85944706,0.21339780,0.88290809
149.75500011,0.01976082,0.01591823,0.01000000,0.86500462,0.18673010,0.80560364
149.85500002,0.01885158,0.01894698,0.01100000,0.84557465,0.20427580,0.79235419
149.95499992,0.01295794,0.01964769,0.01500000,0.85972470,0.20964112,0.85424927
150.05500007,0.01243464,0.02099594,0.01600000,0.85501221,0.21326732,0.83310387
150.15499997,0.00726724,0.02370627,0.01400000,0.81883963,0.21322957,0.83020890
150.25500011,0.00116349,0.02434535,0.01300000,0.79613624,0.22350818,0.77480643
150.35500002,0.00347206,0.02277070,0.01300000,0.79005113,0.22006730,0.78271900
150.45499992,0.00535190,0.01873092,0.02000000,0.79760557,0.21400633,0.84313385
150.55500007,0.01448047,0.00785849,0.02100000,0.81678176,0.19416575,0.84363864
150.65499997,0.01544812,0.00728600,0.02200000,0.82127583,0.19944098,0.86421565
150.75500011,0.00755474,0.01505510,0.02400000,0.78691543,0.20449154,0.84631500
150.85500002,0.00504152,0.02673543,0.02300000,0.76911114,0.23012980,0.83341698
150.95499992,0.01086341,0.02645744,0.02000000,0.75550112,0.22871754,0.80036215
151.05500007,0.03224722,0.01081511,0.01200000,0.81799839,0.20193433,0.78222772
151.15499997,0.02732337,0.00123839,0.00300000,0.82841365,0.18876848,0.75138117
151.25500011,0.01890594,0.00173653,0.00300000,0.74910694,0.18089150,0.73521680
151.35500002,0.02007911,0.00749129,0.02400000,0.76960615,0.19567049,0.77670177
151.45499992,0.02752847,0.00400543,0.01800000,0.79600137,0.18874970,0.75705004
151.55500007,0.02606568,0.00150341,0.00500000,0.77872636,0.18688273,0.70354556
151.65599990,0.02847787,0.00287416,0.00500000,0.76863719,0.18622832,0.68395136
151.75600004,0.03138798,0.00226600,0.00500000,0.75742103,0.18817082,0.67463001
151.85599995,0.03425044,0.00215346,0.00500000,0.76457167,0.18563934,0.68554524
151.95600009,0.01942985,0.01915257,0.00200000,0.72604126,0.20537428,0.69959413
152.05599999,0.02030508,0.02054541,0.01000000,0.71712231,0.21157986,0.70177172
152.15599990,0.02808180,0.02826132,0.00600000,0.74100594,0.22458522,0.69057471
152.25600004,0.02892702,0.02453217,0.00700000,0.75996154,0.22469946,0.68311155
152.35599995,0.02748120,0.02445555,0.00000000,0.77393009,0.22849099,0.67755563
152.45600009,0.01749296,0.03687610,0.00800000,0.70550892,0.25154017,0.67210950
152.55599999,0.01222805,0.04913700,0.02000000,0.67836061,0.26643692,0.71314738
152.65599990,0.01361959,0.05321049,0.01900000,0.68936992,0.26910755,0.69154918
152.75600004,0.01409423,0.03072707,0.01500000,0.67665589,0.24741214,0.65535522
152.85599995,0.01184771,0.02439778,0.00400000,0.66581353,0.23182387,0.66080299
152.95600009,0.01357129,0.02615684,0.00200000,0.67396436,0.23935488,0.66008175
153.05599999,0.01296368,0.02707680,0.00700000,0.68109797,0.23514011,0.64270680
153.15599990,0.01222260,0.02467424,0.01000000,0.68375580,0.23336669,0.65455225
153.25600004,0.02138742,0.01896835,0.01100000,0.68939107,0.21603714,0.64358892
153.35599995,0.02148905,0.02002676,0.01500000,0.70530209,0.20823749,0.64601675
153.45600009,0.01199610,0.01976723,0.00100000,0.69338448,0.21319511,0.63364697
153.55599999,0.00897164,0.02313784,0.00200000,0.70056902,0.21539140,0.64120365
153.65599990,0.01156971,0.02136871,0.00100000,0.70029313,0.21264359,0.64944722
153.75600004,0.01188052,0.02341331,0.00500000,0.70573702,0.21521107,0.62402704
153.85599995,0.01334441,0.01745786,0.00300000,0.72440860,0.21480347,0.64489113
153.95600009,0.01403205,0.01553646,0.00900000,0.72817664,0.20763691,0.65730457
154.05599999,0.01642523,0.01582472,0.00900000,0.76038101,0.21286869,0.66446079
154.15599990,0.01458097,0.02150919,0.01800000,0.73690958,0.21669544,0.66250693
154.25600004,0.01285298,0.02539628,0.01800000,0.69657870,0.21604211,0.69584985
154.35599995,0.01967655,0.02358821,0.01600000,0.72529840,0.21770162,0.70148375
154.45600009,0.02509514,0.02129868,0.00700000,0.75835306,0.21243858,0.68371619
154.55699992,0.01685070,0.02186193,0.01000000,0.71109083,0.21865880,0.68850900
154.65700006,0.01683277,0.02676019,0.01400000,0.72416540,0.21865731,0.68711511
154.75699997,0.02304311,0.02870862,0.01200000,0.79691978,0.22205121,0.70129979
154.85700011,0.02379846,0.02102459,0.01900000,0.82344748,0.21585199,0.70561229
154.95700002,0.02366182,0.01871465,0.02700000,0.80012310,0.21568358,0.74678298
155.05699992,0.01957803,0.02324889,0.02900000,0.74274397,0.22567762,0.73161285
155.15700006,0.01583085,0.02525380,0.02100000,0.71386118,0.22729537,0.72741175
155.25699997,0.02039220,0.02249796,0.02600000,0.77410019,0.22417623,0.72777593
155.35700011,0.01198137,0.02263751,0.02400000,0.69506047,0.21875159,0.71653425
155.45700002,0.01246015,0.02806911,0.01300000,0.69607623,0.22158193,0.65825623
155.55699992,0.02978790,0.02190619,0.02600000,0.75398257,0.20860697,0.69284228
155.65700006,0.02406189,0.01963047,0.02700000,0.77722608,0.20388464,0.70126626
155.75699997,0.01537095,0.02828399,0.01900000,0.71426067,0.21467066,0.65292452
155.85700011,0.02003253,0.02335440,0.02200000,0.80186949,0.20479405,0.69310363
155.95700002,0.01532798,0.01372236,0.02600000,0.75513079,0.19108482,0.66608942
156.05699992,0.01990426,0.01833904,0.03400000,0.80365925,0.20860501,0.66426649
156.15700006,0.02736001,0.01282653,0.04500000,0.79547853,0.20459780,0.66095122
156.25699997,0.02358326,0.01340745,0.04500000,0.77185291,0.20084791,0.69058111
156.35700011,0.01159890,0.02864045,0.02000000,0.73734464,0.21487263,0.65005784
156.45700002,0.00662597,0.04099984,0.01000000,0.71936482,0.24403108,0.65313960
156.55699992,0.00576219,0.03884388,0.02100000,0.74069058,0.23633960,0.70536241
156.65700006,0.01334954,0.03902857,0.02200000,0.73263244,0.23103195,0.73172035
156.75699997,0.01673352,0.03349880,0.02800000,0.75869109,0.22797592,0.73241722
156.85700011,0.02425548,0.04173394,0.02800000,0.82543232,0.23957045,0.75205715
156.95700002,0.01336664,0.04415408,0.01800000,0.74179724,0.25466195,0.70161458
157.05699992,0.02053199,0.04192252,0.02800000,0.74580580,0.23792006,0.76799239
157.15700006,0.02244116,0.04227830,0.02800000,0.77555897,0.23655902,0.75276044
157.25699997,0.04340023,0.04034501,0.05200000,0.80151134,0.23514814,0.77472529
157.35700011,0.02829383,0.03690473,0.03800000,0.79674192,0.23456218,0.74159822
157.45799994,0.01380817,0.03924964,0.02600000,0.74385643,0.23646553,0.74164442
157.55800009,0.00905066,0.04133407,0.00600000,0.75647904,0.24076602,0.70676791
157.65799999,0.01380327,0.04628520,0.00200000,0.76539142,0.25004696,0.68976999
157.75799990,0.01545265,0.04343588,0.01000000,0.78359399,0.24123238,0.69593205
157.85800004,0.01255180,0.03885425,0.00700000,0.78040880,0.23578451,0.69998865
157.95799994,0.00778988,0.03910099,0.00400000,0.77601366,0.23371570,0.68916918
158.05800009,0.00554604,0.03948584,0.00400000,0.79448053,0.22555416,0.68261126
158.15799999,0.00670937,0.04043914,0.00500000,0.80496474,0.22195988,0.71137673
158.25799990,0.00126648,0.04305178,0.01600000,0.82302690,0.22989771,0.73005212
158.35800004,0.00290889,0.03977673,0.00300000,0.83032899,0.23452519,0.72866363
158.45799994,0.01021990,0.04284196,0.01000000,0.82352746,0.23934481,0.75420237
158.55800009,0.00505638,0.05096355,0.00400000,0.81126424,0.25944358,0.75645380
158.65799999,0.00581688,0.05272081,0.00400000,0.83073418,0.26729150,0.80087354
158.75799990,0.02098463,0.04940663,0.01200000,0.87064577,0.26441279,0.81015492
158.85800004,0.02552975,0.04871593,0.02200000,0.87639402,0.25943066,0.86704882
158.95799994,0.02764537,0.05018469,0.01000000,0.85941439,0.26895102,0.81652207
159.05800009,0.02656918,0.05950772,0.00700000,0.86065343,0.28099665,0.84936175
159.15799999,0.02391204,0.06408693,0.01600000,0.87477380,0.28233088,0.87195809
159.25799990,0.02400952,0.06415725,0.02500000,0.87094088,0.28364438,0.94828634
159.35800004,0.02222889,0.06640397,0.01500000,0.89469687,0.28314607,0.88581486
159.45799994,0.01824174,0.06935481,0.00600000,0.89142585,0.28634548,0.86654291
159.55800009,0.01784089,0.05970748,0.00900000,0.88102377,0.27539415,0.87702362
159.65799999,0.01631708,0.04791193,0.00010000,0.86831248,0.25628272,0.88764655
159.75799990,0.01808082,0.04598537,0.00000000,0.88232254,0.24521236,0.87917136
159.85800004,0.02131256,0.03765720,0.02900000,0.85925045,0.23422647,0.94033211
159.95799994,0.01606007,0.03862906,0.03000000,0.83702028,0.23898827,0.94365689
160.05800009,0.01534733,0.03665296,0.02800000,0.85269957,0.23305245,0.94157071
160.15799999,0.01684629,0.03631050,0.03000000,0.84313914,0.23586632,0.94467575
160.25900006,0.01557527,0.04863847,0.01700000,0.86098387,0.25333031,0.95954254
160.35899997,0.01704145,0.03676940,0.00900000,0.86693792,0.22622112,0.90198935
160.45900011,0.01752316,0.04276247,0.00500000,0.87299249,0.23770212,0.92172329
160.55900002,0.01241519,0.02653796,0.00700000,0.86866046,0.23133529,0.90168757
160.65899992,0.01293318,0.02474415,0.00300000,0.85484850,0.22600399,0.88950232
160.75900006,0.01512959,0.04797912,0.01300000,0.85331814,0.26417704,0.91254097
160.85899997,0.01244972,0.02801740,0.00100000,0.83637767,0.23090367,0.91202475
160.95900011,0.00687031,0.04257627,0.00600000,0.76709177,0.24373490,0.89782436
161.05900002,0.00637126,0.02996243,0.00800000,0.74405922,0.23053782,0.89644110
161.15899992,0.00997872,0.03672990,0.00400000,0.75494878,0.23860669,0.91511552
161.25900006,0.01223064,0.02784047,0.00200000,0.79989678,0.23266738,0.89302740
161.35899997,0.01219175,0.03259450,0.00700000,0.82268477,0.22370536,0.85859683
161.45900011,0.00819287,0.03744806,0.00800000,0.77238015,0.22463319,0.86724465
161.55900002,0.00442355,0.01948749,0.01000000,0.80193674,0.21097388,0.86610847
161.65899992,0.00233202,0.02209461,0.00300000,0.79902095,0.21311320,0.84644975
161.75900006,0.00500866,0.03428182,0.00900000,0.78659076,0.21739318,0.85269551
161.85899997,0.00323202,0.02604312,0.01700000,0.82707058,0.21084213,0.84573266
161.95900011,0.00026326,0.03508818,0.01800000,0.80972490,0.21781041,0.88886887
162.05900002,0.00101098,0.01396703,0.01200000,0.79980976,0.19608959,0.81159503
162.15899992,0.00018031,0.01193891,0.01200000,0.80298297,0.19535417,0.77408253
162.25900006,0.00235959,0.03747429,0.00800000,0.79675441,0.22205201,0.76805787
162.35899997,0.00416189,0.01916895,0.00100000,0.81891169,0.19598243,0.75017022
162.45900011,0.00487378,0.02440689,0.00800000,0.81800909,0.20307559,0.73525059
162.55900002,0.00263933,0.01995881,0.01400000,0.80629470,0.19810500,0.73362819
162.65899992,0.00245202,0.01981004,0.01300000,0.81252391,0.20455497,0.72161281
162.75900006,0.00221272,0.03556000,0.01200000,0.79905932,0.23090352,0.69281512
162.85899997,0.00166378,0.02230878,0.02600000,0.81104860,0.20423312,0.73954892
162.95900011,0.00212138,0.02055577,0.01800000,0.80506571,0.20143273,0.73382367
163.05900002,0.00217691,0.02427985,0.00800000,0.79772273,0.20461568,0.66303137
163.16000009,0.00557020,0.01702565,0.00300000,0.81770350,0.19649565,0.64254551
163.25999999,0.00188752,0.01306473,0.00100000,0.81929174,0.19051429,0.66082141
163.36000013,0.00557004,0.01931385,0.01800000,0.80095935,0.19083628,0.70505672
163.46000004,0.00360759,0.02051646,0.02300000,0.77967631,0.19271034,0.73358851
163.55999994,0.00449236,0.02115157,0.02400000,0.80381107,0.18526625,0.71697829
163.66000009,0.00019348,0.02576010,0.02900000,0.79155016,0.18034197,0.75517550
163.75999999,0.00820921,0.03046291,0.03700000,0.87720665,0.19480757,0.75152137
163.86000013,0.01188537,0.03584394,0.04200000,0.89599131,0.21176962,0.75080279
163.96000004,0.00433776,0.02216831,0.03500000,0.84745184,0.19230239,0.71203137
164.05999994,0.00346100,0.02060052,0.02600000,0.86659504,0.19024286,0.70564362
164.16000009,0.00221517,0.02112802,0.01700000,0.87701369,0.19782384,0.71025767
164.25999999,0.00182220,0.02628326,0.01600000,0.86682898,0.20842710,0.71018631
164.36000013,0.00251304,0.02940892,0.01200000,0.84185952,0.21110651,0.65890720
164.46000004,0.00639545,0.02864085,0.01500000,0.86160889,0.21733620,0.69926814
164.55999994,0.00861713,0.02960059,0.02000000,0.84339408,0.23297900,0.75190886
164.66000009,0.00954884,0.02927592,0.02500000,0.84317596,0.22367876,0.74523989
164.75999999,0.00263669,0.02356136,0.02900000,0.78078289,0.20506942,0.75685343
164.86000013,0.00667495,0.02201579,0.02400000,0.82256224,0.20539721,0.73510865
164.96000004,0.00605328,0.01913760,0.00800000,0.77656651,0.20300114,0.66698548
165.05999994,0.00057014,0.02165998,0.00100000,0.74836710,0.21519621,0.64229619
165.16000009,0.00001977,0.02833866,0.00100000,0.77356969,0.22484726,0.68074636
165.25999999,0.00191733,0.03075490,0.01000000,0.75514330,0.24836091,0.68892190
165.36000013,0.00299242,0.03035005,0.01000000,0.76119089,0.25253913,0.70218474
165.46000004,0.00178263,0.03138475,0.01000000,0.74004314,0.24763561,0.70473172
165.55999994,0.00591110,0.02676096,0.00200000,0.76226537,0.22927897,0.70834014
165.66000009,0.00767867,0.02635788,0.00400000,0.77300129,0.22957388,0.72241664
165.75999999,0.00688539,0.02635434,0.00300000,0.79771967,0.22213215,0.69092570
165.86000013,0.00559730,0.02384848,0.00700000,0.82120703,0.22051115,0.68726286
165.96099997,0.00517766,0.02077575,0.01300000,0.78923459,0.22927184,0.68437383
166.06100011,0.00046486,0.01986816,0.01300000,0.74944908,0.23803223,0.70008249
166.16100001,0.00376188,0.01961449,0.00700000,0.75337281,0.22814467,0.70488860
166.26099992,0.00348868,0.01895993,0.01200000,0.72455248,0.23480837,0.72208296
166.36100006,0.00500976,0.01770317,0.01500000,0.77895944,0.23030644,0.73364284
166.46099997,0.00362738,0.02481617,0.01600000,0.73046036,0.23786625,0.73806654
166.56100011,0.00062447,0.02954640,0.01200000,0.75007262,0.24711470,0.64987578
166.66100001,0.00369826,0.02434282,0.00300000,0.74598677,0.24859995,0.64611118
166.76099992,0.00078543,0.02332859,0.00200000,0.75628214,0.25189700,0.64078751
166.86100006,0.00568274,0.02445069,0.01200000,0.77935744,0.24844948,0.64111328
166.96099997,0.00183406,0.01842407,0.00100000,0.70346400,0.24444773,0.65164469
167.06100011,0.00139144,0.02210348,0.00200000,0.70413549,0.24473432,0.66461909
167.16100001,0.00479532,0.02888001,0.01000000,0.69948126,0.26261055,0.67038115
167.26099992,0.00205312,0.02643302,0.00100000,0.69782520,0.25715398,0.65242524
167.36100006,0.00995593,0.02424210,0.00200000,0.74970512,0.25259111,0.63913965
167.46099997,0.01126944,0.02020643,0.00900000,0.77635820,0.24866479,0.62849488
167.56100011,0.00496268,0.02507792,0.01000000,0.72727108,0.25911138,0.61417436
167.66100001,0.00313779,0.02759301,0.00600000,0.74165422,0.25469288,0.57794809
167.76099992,0.00410545,0.02733048,0.00100000,0.71719293,0.26522283,0.55966095
167.86100006,0.00112467,0.01979786,0.00800000,0.72508734,0.26679993,0.56110054
167.96099997,0.00391509,0.01219312,0.01000000,0.72785370,0.26141685,0.53363903
168.06100011,0.00777206,0.02255161,0.01100000,0.79386204,0.26701153,0.56530781
168.16100001,0.00350676,0.03538012,0.00900000,0.73886263,0.28567001,0.60481073
168.26099992,0.00103738,0.03879296,0.00190000,0.71980399,0.28567998,0.59404868
168.36100006,0.00227372,0.02826075,0.00700000,0.74040000,0.25052501,0.63098632
168.46099997,0.00042567,0.02897687,0.00900000,0.70225764,0.25412110,0.64155483
168.56100011,0.00255504,0.03587592,0.01000000,0.69425465,0.27157816,0.64101873
168.66100001,0.00489448,0.03744521,0.01400000,0.72963192,0.27776646,0.65283641
168.76099992,0.00068517,0.03146713,0.01600000,0.71369442,0.26873501,0.69757789
168.86199999,0.00008098,0.03396650,0.01600000,0.67754657,0.26817341,0.72696660
168.96200013,0.00160427,0.02208339,0.00710000,0.66482419,0.25026633,0.69559565
169.06200004,0.00355665,0.02500220,0.00800000,0.69903360,0.24152793,0.68935800
169.16199994,0.00038846,0.02841494,0.00100000,0.68199164,0.23100245,0.67946469
169.26200008,0.00001948,0.03299848,0.01400000,0.66894384,0.25295869,0.68932186
169.36199999,0.00304915,0.03330875,0.01900000,0.69300737,0.24518420,0.74845932
169.46200013,0.00358868,0.03079775,0.01700000,0.68373589,0.24921084,0.74153468
169.56200004,0.00292585,0.03103046,0.01500000,0.66980617,0.26334422,0.71434278
169.66199994,0.01750227,0.03542641,0.03000000,0.71983178,0.26379105,0.77404879
169.76200008,0.02024184,0.04628691,0.03700000,0.71172078,0.27323828,0.77412056
169.86199999,0.00620342,0.04130276,0.03500000,0.64119779,0.26639448,0.75605514
169.96200013,0.00414001,0.04042054,0.03900000,0.63954649,0.25630150,0.76904587
170.06200004,0.00234438,0.01811943,0.03300000,0.68377991,0.22103925,0.72558493
170.16199994,0.00078654,0.01716337,0.02600000,0.67810008,0.21268122,0.72594297
170.26200008,0.00089902,0.01334623,0.01300000,0.68775183,0.19729169,0.67627539
170.36199999,0.00390364,0.01223117,0.01200000,0.67397970,0.19650506,0.69895794
170.46200013,0.01090422,0.01110261,0.00400000,0.71475824,0.19691738,0.70379654
170.56200004,0.00403791,0.01839661,0.01500000,0.65166813,0.20125287,0.74869351
170.66199994,0.00505687,0.01904017,0.01500000,0.64847665,0.19182025,0.76576404
170.76200008,0.00520995,0.01137350,0.00400000,0.64562547,0.19276182,0.78015288
170.86199999,0.00628334,0.01655475,0.00700000,0.68458341,0.20289080,0.82464308
170.96200013,0.01189765,0.01672142,0.00700000,0.71554130,0.19514934,0.82937415
171.06200004,0.01390223,0.01967404,0.00400000,0.71489476,0.19774256,0.85070349
171.16199994,0.01010790,0.02373837,0.00900000,0.67333461,0.21346849,0.82836656
171.26200008,0.00776501,0.02764425,0.01000000,0.65659494,0.22685819,0.79974939
171.36199999,0.01743084,0.02836522,0.00600000,0.70499581,0.23521205,0.78660710
171.46200013,0.01930333,0.02475301,0.02000000,0.68126205,0.22273993,0.83198994
171.56200004,0.01914312,0.02460002,0.02000000,0.72189164,0.22272128,0.82231838
171.66199994,0.01034994,0.02558904,0.01900000,0.67573729,0.22507884,0.77748767
171.76300001,0.01258196,0.02519016,0.01400000,0.68071382,0.22168416,0.76273841
171.86299992,0.01528563,0.02719558,0.01900000,0.72903055,0.23864793,0.76901525
171.96300006,0.01634683,0.02739892,0.01600000,0.72146368,0.23783489,0.77558827
172.06299996,0.01977216,0.02009133,0.01700000,0.73681369,0.21936279,0.78632158
172.16300011,0.00423058,0.01644969,0.01600000,0.64569401,0.22017830,0.80926038
172.26300001,0.00440104,0.01453275,0.02400000,0.64658375,0.21885490,0.85316064
172.36299992,0.01595412,0.02593523,0.01700000,0.73435648,0.23924541,0.79799700
172.46300006,0.02272835,0.02241679,0.00800000,0.73702480,0.22080175,0.78796291
172.56299996,0.02098273,0.01674888,0.00300000,0.73845292,0.21359889,0.80302333
172.66300011,0.02067149,0.02110875,0.00800000,0.73909910,0.21165048,0.78265134
172.76300001,0.00637883,0.00891967,0.00800000,0.67967052,0.20194984,0.80696798
172.86299992,0.00826394,0.00870329,0.01000000,0.68947002,0.20041539,0.80696451
172.96300006,0.00706484,0.02002668,0.01100000,0.67323741,0.22835502,0.81045329
173.06299996,0.01105186,0.02314080,0.01600000,0.66369757,0.23662769,0.85962939
173.16300011,0.00283572,0.01021806,0.00600000,0.63408430,0.21432359,0.87552946
173.26300001,0.01508032,0.00823917,0.01700000,0.63530504,0.21677982,0.86677803
173.36299992,0.01183385,0.00078103,0.00900000,0.60887507,0.20620901,0.87409153
173.46300006,0.01427268,0.01321895,0.00600000,0.61818320,0.21585286,0.86030708
173.56299996,0.01827716,0.02555671,0.00100000,0.69214585,0.23347627,0.82988740
173.66300011,0.02171250,0.02233086,0.00900000,0.69356564,0.22981588,0.83118154
173.76300001,0.02497243,0.00795913,0.03600000,0.70346914,0.21177350,0.89339029
173.86299992,0.02669168,0.00748693,0.03800000,0.71115290,0.20529145,0.89354335
173.96300006,0.01874368,0.01216077,0.04600000,0.69955748,0.19933979,0.88292639
174.06299996,0.01953070,0.01672249,0.02100000,0.69813303,0.20705500,0.84945786
174.16300011,0.01848664,0.01790905,0.01100000,0.72170012,0.22489270,0.80972466
174.26300001,0.02329970,0.01679536,0.01700000,0.71379744,0.20461181,0.84452300
174.36299992,0.02625489,0.01956428,0.02990000,0.71665082,0.22550318,0.91990479
174.46300006,0.02583228,0.01568640,0.02500000,0.71286343,0.19946441,0.92083926
174.56400013,0.02826362,0.01713178,0.03000000,0.72670190,0.21400199,0.90306382
174.66400003,0.01744979,0.01396297,0.02300000,0.65161660,0.19542046,0.87948940
174.76399994,0.01046460,0.01665510,0.03700000,0.64425717,0.21981599,0.89533529
174.86400008,0.00337861,0.01779312,0.03400000,0.62340393,0.21900547,0.91135957
174.96399999,0.00845770,0.01655619,0.01900000,0.65321717,0.21884373,0.85054584
175.06400013,0.00516086,0.01408565,0.01000000,0.69509867,0.21009920,0.84495922
175.16400003,0.00756963,0.01265981,0.00500000,0.68054115,0.20707534,0.80901585
175.26399994,0.00780839,0.01299496,0.01400000,0.69783144,0.20576401,0.78816577
175.36400008,0.01216157,0.01020766,0.02100000,0.72523134,0.20669024,0.78055509
175.46399999,0.00919800,0.01220151,0.03000000,0.70071898,0.20810596,0.84983966
175.56400013,0.01219491,0.00900690,0.02400000,0.69709154,0.21187281,0.79274530
175.66400003,0.01498006,0.01077858,0.02500000,0.71554952,0.21601590,0.77779775
175.76399994,0.02269451,0.00140335,0.02000000,0.73915721,0.20994708,0.78203757
175.86400008,0.01612043,0.00154325,0.00800000,0.74343503,0.20683872,0.75847379
175.96399999,0.00766246,0.00058030,0.00900000,0.73800019,0.20879623,0.77009467
176.06400013,0.00806593,0.00378296,0.00400000,0.73631411,0.20675208,0.76179467
176.16400003,0.01107884,0.00200482,0.00700000,0.76395558,0.20575392,0.74287761
176.26399994,0.00565374,0.00776371,0.00300000,0.76079207,0.21063634,0.75700006
176.36400008,0.00850198,0.00689755,0.01400000,0.75766829,0.21638408,0.79100088
176.46399999,0.00947406,0.00352310,0.00300000,0.75501863,0.21927864,0.75447812
176.56400013,0.00393754,0.00457666,0.00400000,0.77081421,0.22380877,0.74335490
176.66400003,0.00791541,0.00310424,0.01500000,0.74919408,0.22633565,0.76677285
176.76399994,0.01216485,0.00434930,0.02000000,0.77102217,0.22922289,0.76977575
176.86400008,0.02222775,0.00411064,0.02200000,0.77133879,0.22546524,0.76968058
176.96399999,0.02481930,0.00355845,0.01100000,0.76630697,0.22898540,0.77182280
177.06400013,0.03521973,0.01221356,0.01200000,0.76669642,0.23802095,0.76717907
177.16400003,0.03796756,0.01316186,0.01300000,0.77104173,0.23441744,0.78169043
177.26399994,0.02802863,0.02439357,0.01100000,0.76124692,0.25641367,0.75809329
177.36400008,0.02106872,0.01386756,0.02800000,0.76644972,0.25061438,0.75924979
177.46499991,0.03847570,0.02251445,0.03300000,0.75923441,0.25431150,0.75075720
177.56500006,0.05427681,0.01385921,0.02100000,0.82482924,0.24602080,0.73476425
177.66499996,0.05824057,0.00648352,0.02600000,0.83518469,0.22873560,0.76460314
177.76500010,0.05109967,0.00823125,0.02600000,0.83206152,0.22969717,0.74848912
177.86500001,0.05449189,0.00867203,0.02800000,0.83288801,0.22467632,0.73837850
177.96499991,0.06495190,0.00798381,0.04100000,0.83447035,0.22686978,0.73106596
178.06500006,0.07196339,0.01586067,0.06700000,0.82715966,0.24185119,0.75796860
178.16499996,0.07612456,0.02361655,0.06600000,0.78947042,0.24904953,0.72653678
178.26500010,0.06974724,0.02614522,0.05000000,0.77855172,0.24023320,0.73629001
178.36500001,0.06708924,0.00077693,0.05300000,0.77027263,0.20804759,0.75357461
178.46499991,0.05506160,0.02256014,0.05800000,0.75861066,0.24086078,0.76588053
178.56500006,0.04365572,0.00232341,0.06800000,0.70028046,0.21128211,0.76101217
178.66499996,0.04478903,0.01108344,0.06990000,0.70122222,0.21429292,0.76102134
178.76500010,0.05424727,0.00990374,0.07600000,0.74723579,0.21510674,0.79783043
178.86500001,0.06407113,0.01747943,0.08900000,0.75738378,0.23314225,0.82601270
178.96499991,0.06932782,0.00119740,0.08300000,0.75346273,0.20598865,0.82933546
179.06500006,0.06653869,0.00658803,0.08300000,0.74309142,0.20693192,0.83256915
179.16499996,0.06588307,0.00556608,0.09900000,0.76403463,0.20209418,0.84819105
179.26500010,0.05771423,0.00695683,0.11000000,0.74997120,0.20372731,0.84702292
179.36500001,0.06003300,0.00083603,0.12800000,0.75756648,0.19922655,0.82397260
179.46499991,0.06302209,0.01441304,0.14800000,0.76749729,0.20403761,0.85995284
179.56500006,0.07370023,0.02375976,0.14800000,0.78245851,0.22812533,0.87539645
179.66499996,0.08134374,0.02393401,0.16700000,0.78387295,0.22799832,0.88753342
179.76500010,0.06142523,0.01658769,0.18300000,0.77150413,0.21539721,0.92245880
179.86500001,0.06047200,0.01090122,0.21600000,0.74716586,0.21267180,0.95255333
179.96499991,0.05941552,0.01106373,0.22500000,0.76907549,0.21457140,0.94280560
180.06500006,0.06809919,0.01592827,0.22000000,0.79665316,0.22024218,0.91011389
180.16499996,0.06002881,0.00703864,0.21800000,0.77253033,0.21387896,0.91905614
180.26500010,0.06193118,0.01073217,0.21500000,0.80013631,0.22395391,0.91725040
180.36599994,0.04754745,0.00349860,0.20900000,0.80067278,0.22010298,0.94735973
180.46600008,0.04155915,0.00681521,0.21200000,0.71354839,0.22295852,0.95197688
180.56599998,0.03005903,0.01073613,0.21400000,0.74064353,0.23444343,0.95061631
180.66600013,0.01341275,0.01582966,0.20600000,0.70521432,0.24378068,0.94011741
180.76600003,0.00904860,0.01734741,0.19700000,0.70406695,0.24187217,0.91520051
180.86599994,0.00240587,0.01543832,0.16500000,0.73156201,0.24427992,0.84913427
180.96600008,0.00904347,0.01225625,0.17000000,0.72110347,0.23477403,0.86659702
181.06599998,0.01895307,0.00055769,0.18200000,0.70992065,0.22792583,0.90589777
181.16600013,0.02424320,0.00837777,0.19400000,0.69027035,0.23240387,0.93141361
181.26600003,0.00927981,0.01032739,0.15300000,0.70117103,0.23519245,0.86817638
181.36599994,0.00873499,0.02051901,0.13000000,0.71085786,0.25427144,0.83279981
181.46600008,0.00613790,0.02527481,0.10000000,0.69595035,0.26675397,0.80633400
181.56599998,0.00585187,0.03715273,0.08500000,0.64664851,0.28002205,0.79230512
181.66600013,0.00369298,0.04241889,0.10900000,0.64660464,0.29088220,0.81048023
181.76600003,0.00169419,0.04906434,0.10800000,0.67102104,0.29855858,0.79936450
181.86599994,0.00921595,0.06300727,0.14700000,0.68827633,0.30943103,0.82664055
181.96600008,0.00328992,0.06402801,0.15300000,0.67098215,0.30591697,0.83328602
182.06599998,0.00490463,0.04799578,0.15400000,0.67634289,0.28994812,0.81910107
182.16600013,0.00044525,0.04286924,0.15300000,0.67123340,0.28020961,0.82614740
182.26600003,0.00012914,0.04306929,0.15000000,0.65901286,0.28725138,0.82006867
182.36599994,0.00253957,0.04642575,0.14800000,0.67137901,0.29160564,0.82562652
182.46600008,0.02147040,0.02889484,0.16800000,0.67430102,0.27359279,0.88335968
182.56599998,0.02404041,0.01916009,0.18000000,0.69139922,0.24741975,0.93249258
182.66600013,0.02500010,0.00840744,0.18300000,0.66817766,0.23043994,0.96233378
182.76600003,0.02198058,0.00323483,0.18300000,0.66166702,0.22765350,0.97681867
182.86599994,0.02489761,0.00045731,0.18300000,0.66413312,0.21782875,0.98054623
182.96600008,0.03641326,0.00045253,0.17900000,0.69290301,0.21309462,0.97875141
183.06599998,0.04844992,0.01052686,0.18000000,0.67671703,0.21857682,1.00315492
183.16600013,0.05069424,0.01385762,0.17900000,0.68569662,0.21683436,1.03516455
183.26600003,0.05223408,0.01684640,0.19400000,0.68765394,0.22140448,1.09247332
183.36700010,0.04333296,0.01508490,0.18000000,0.61744236,0.21930346,1.01374455
183.46700001,0.04605800,0.01030539,0.16500000,0.59906085,0.21253399,0.96706362
183.56699991,0.04290648,0.01558217,0.15900000,0.63146422,0.21007442,0.97325576
183.66700006,0.04027868,0.01583817,0.15190000,0.62222092,0.21013668,0.95947864
183.76699996,0.03434274,0.02039083,0.16000000,0.66027566,0.21304185,0.98281627
183.86700010,0.03499306,0.02306135,0.15700000,0.66970566,0.21537274,1.02261408
183.96700001,0.04425946,0.01492078,0.17200000,0.65105824,0.21036177,1.04185947
184.06699991,0.04877541,0.01437810,0.17100000,0.68158948,0.21839303,1.02416755
184.16700006,0.05102008,0.01672130,0.17200000,0.72542382,0.20924856,1.08697193
184.26699996,0.07600858,0.01706535,0.19500000,0.81829873,0.21751323,1.07877229
184.36700010,0.08647038,0.01440705,0.21400000,0.81761061,0.21271343,1.08153144
184.46700001,0.08863120,0.02631560,0.22700000,0.85320174,0.23274196,1.09818772
184.56699991,0.08392928,0.02986329,0.23000000,0.83942770,0.23716721,1.10523201
184.66700006,0.08460194,0.03065228,0.20900000,0.86470860,0.23558667,1.07966963
184.76699996,0.07087304,0.04432902,0.19100000,0.86136019,0.24544500,1.06658837
184.86700010,0.08075872,0.04651418,0.14100000,0.85866529,0.24252747,1.02102493
184.96700001,0.08370258,0.04243910,0.12400000,0.86355424,0.23656889,0.97368679
185.06699991,0.09176960,0.02612261,0.11500000,0.89076700,0.22939415,0.93585010
185.16700006,0.08161372,0.00886853,0.12400000,0.86252275,0.20606006,0.94319706
185.26699996,0.08856418,0.00780491,0.15000000,0.86061195,0.21567723,0.96586431
185.36700010,0.07902695,0.01385790,0.14000000,0.83996138,0.22790236,0.94983887
185.46700001,0.07106314,0.00565595,0.14800000,0.81991568,0.21558409,0.94247219
185.56699991,0.07148597,0.00141622,0.14700000,0.81868618,0.20833216,0.93061122
185.66700006,0.06691499,0.01228959,0.15400000,0.75068794,0.22358256,0.91186992
185.76699996,0.05484899,0.00819988,0.10300000,0.76173447,0.22375369,0.84103717
185.86700010,0.05339479,0.01107458,0.10100000,0.75440031,0.21769390,0.83172580
185.96700001,0.04613085,0.00540318,0.08500000,0.74477091,0.21360618,0.81545981
186.06699991,0.04646210,0.00589348,0.08200000,0.71986494,0.21290182,0.81597116
186.16799998,0.04604720,0.00162028,0.06800000,0.70383275,0.20834690,0.79316780
186.26800013,0.04106924,0.00727445,0.05700000,0.72364299,0.21451888,0.77996888
186.36800003,0.04372545,0.00277582,0.05300000,0.73158420,0.21719157,0.79888682
186.46799994,0.04525974,0.00387375,0.06600000,0.74143911,0.21292769,0.83172452
186.56800008,0.04546042,0.00757562,0.07800000,0.74681934,0.21682676,0.88466022
186.66799998,0.04361222,0.01415819,0.09600000,0.73087677,0.22114754,0.89983735
186.76800013,0.04351869,0.01243275,0.10600000,0.72181150,0.21295847,0.92143314
186.86800003,0.04682209,0.00656902,0.10400000,0.70715570,0.20694783,0.92313871
186.96799994,0.04794632,0.00309846,0.08700000,0.69276904,0.19765481,0.86737885
187.06800008,0.04752680,0.00677739,0.08700000,0.70536943,0.19641237,0.88227399
187.16799998,0.05246427,0.00655976,0.09700000,0.71001162,0.19522449,0.90995188
187.26800013,0.05727272,0.00892446,0.10300000,0.68510954,0.19946976,0.93237483
187.36800003,0.05475579,0.00887037,0.10600000,0.68337734,0.19635257,0.92985251
187.46799994,0.05949148,0.00489227,0.10700000,0.68534312,0.19672280,0.95379214
187.56800008,0.06003380,0.00797767,0.10700000,0.64311875,0.20375060,0.95957239
187.66799998,0.06364460,0.00421123,0.11400000,0.67022119,0.20127625,0.97525332
187.76800013,0.06272446,0.00269489,0.09700000,0.67719356,0.19823338,0.97424280
187.86800003,0.06097123,0.00622567,0.08900000,0.66723245,0.19797682,0.94735509
187.96799994,0.05907782,0.00519045,0.09090000,0.64996773,0.20836136,0.89683072
188.06800008,0.05867477,0.00459142,0.09900000,0.62186448,0.20362833,0.90243675
188.16799998,0.05756834,0.00567239,0.10200000,0.61096337,0.20551224,0.91932767
188.26800013,0.05732360,0.00670704,0.11100000,0.64343535,0.20446470,0.91473895
188.36800003,0.05755984,0.00526354,0.11200000,0.65561490,0.20395788,0.90200646
188.46799994,0.05893816,0.00550572,0.11600000,0.64668068,0.19820237,0.89705497
188.56800008,0.05900383,0.00598734,0.11700000,0.63668381,0.19367236,0.89413679
188.66799998,0.05979009,0.00487393,0.11890000,0.63981665,0.20048091,0.89450759
188.76800013,0.06039575,0.00289883,0.12500000,0.63153584,0.19769779,0.93273956
188.86800003,0.05751380,0.00957722,0.11500000,0.61545309,0.20998100,0.89267543
188.96900010,0.05566870,0.03428477,0.11100000,0.61460906,0.24690768,0.89987788
189.06900001,0.06132677,0.01990846,0.11100000,0.61925589,0.22047867,0.89365487
189.16899991,0.06424397,0.02291228,0.10900000,0.65789381,0.22645289,0.87823035
189.26900005,0.06275460,0.03125813,0.11300000,0.69674508,0.25026425,0.94406730
189.36899996,0.05767888,0.01724953,0.11700000,0.69361407,0.22611388,0.91083081
189.46900010,0.05783244,0.03845854,0.12500000,0.69650529,0.24863446,0.89367537
189.56900001,0.06598853,0.02239138,0.13200000,0.72659678,0.21870144,0.88310067
189.66899991,0.06921218,0.02273133,0.13600000,0.74515657,0.21202336,0.87514963
189.76900005,0.06572261,0.03456846,0.13190000,0.73937528,0.23867977,0.85434392
189.86899996,0.06404182,0.02365534,0.13300000,0.74439748,0.21249371,0.84461960
189.96900010,0.06330122,0.03726708,0.13700000,0.75028107,0.24086915,0.84639661
190.06900001,0.06005240,0.02370990,0.12900000,0.74601779,0.22958944,0.84035750
190.16899991,0.06014790,0.02329313,0.12800000,0.73282395,0.23148837,0.84879320
190.26900005,0.05677834,0.04391355,0.11200000,0.70790058,0.26084915,0.83549895
190.36899996,0.05502514,0.01255083,0.10400000,0.68256548,0.22538315,0.80763559
190.46900010,0.06293692,0.06233132,0.10800000,0.70905632,0.28928939,0.83350123
190.56900001,0.07862709,0.00346712,0.11800000,0.73105668,0.22335931,0.81665739
190.66899991,0.08926113,0.00963849,0.12900000,0.74795690,0.22798700,0.80617526
190.76900005,0.10034488,0.09049920,0.12400000,0.73248521,0.32978293,0.80025416
190.86899996,0.09971663,0.02672008,0.11200000,0.73036320,0.23457698,0.81101785
190.96900010,0.09813967,0.08269271,0.09700000,0.70931686,0.31440269,0.83602485
191.06900001,0.08840971,0.00635948,0.07700000,0.69417703,0.21553612,0.78400951
191.16899991,0.08136593,0.00403427,0.05900000,0.68382992,0.21389381,0.77531566
191.26900005,0.03887860,0.06143236,0.02810000,0.59125706,0.27468262,0.75154093
191.36899996,0.02694099,0.00544364,0.04000000,0.56166044,0.20875772,0.77551926
191.46900010,0.02567955,0.07466204,0.02800000,0.56983350,0.27747437,0.76862806
191.56900001,0.02497594,0.00356827,0.02700000,0.58023257,0.18847406,0.77340107
191.66899991,0.02219937,0.00632994,0.03100000,0.56342172,0.20109579,0.77761039
191.76999998,0.02217260,0.05211896,0.04200000,0.55759788,0.25424782,0.78819796
191.87000012,0.01051628,0.03348295,0.03000000,0.58191595,0.23039618,0.80526160
191.97000003,0.00231047,0.02790021,0.02700000,0.58471544,0.22212585,0.80228911
192.06999993,0.01158779,0.02680696,0.03500000,0.60163550,0.21806791,0.80945800
192.17000008,0.01166643,0.01594661,0.03200000,0.58979173,0.20607723,0.79830788
192.26999998,0.00117573,0.01439714,0.02900000,0.56883260,0.20599299,0.80558183
192.37000012,0.00243844,0.01185344,0.03000000,0.57017804,0.19781488,0.78297055
192.47000003,0.01013319,0.00109476,0.02600000,0.57474628,0.19256794,0.79954302
192.56999993,0.00157738,0.01337916,0.02100000,0.56711188,0.20728819,0.79418351
192.67000008,0.00459829,0.02350033,0.02700000,0.59624098,0.21825873,0.82226793
192.76999998,0.00541912,0.02629835,0.02400000,0.55882302,0.22501466,0.80288147
192.87000012,0.00529603,0.02570276,0.02600000,0.56786076,0.22135801,0.80824635
192.97000003,0.00417702,0.01525295,0.02100000,0.56320326,0.22457951,0.83230041
193.06999993,0.00325926,0.02383836,0.03600000,0.54575393,0.22981879,0.83705013
193.17000008,0.00277565,0.02976484,0.03800000,0.56440680,0.22852483,0.86331034
193.26999998,0.00383500,0.03074626,0.03300000,0.59185002,0.22800271,0.82047223
193.37000012,0.00528846,0.02269983,0.03100000,0.61116087,0.22718020,0.83164319
193.47000003,0.00268374,0.03190936,0.02700000,0.58197414,0.23261335,0.83045035
193.56999993,0.00503343,0.05360415,0.02700000,0.58188575,0.26470529,0.82599539
193.67000008,0.00615530,0.04915234,0.02600000,0.58798655,0.26598394,0.84587554
193.76999998,0.00352900,0.04709380,0.03600000,0.59745750,0.25951624,0.90576072
193.87000012,0.00188046,0.05017603,0.02400000,0.60389651,0.26702094,0.82290052
193.97000003,0.00660455,0.05364839,0.02200000,0.60188070,0.27316371,0.78811894
194.06999993,0.01719010,0.05847316,0.01700000,0.62629408,0.27717504,0.78904080
194.17000008,0.01834483,0.05561823,0.00300000,0.63605487,0.27333165,0.77756616
194.26999998,0.01776034,0.05348505,0.00400000,0.64858151,0.27395711,0.80023905
194.37000012,0.01570146,0.05272916,0.00800000,0.64066258,0.27377605,0.79264667
194.47000003,0.01919940,0.06319900,0.02500000,0.64814328,0.28339077,0.81609877
194.56999993,0.01310033,0.05199030,0.01300000,0.62953990,0.26935072,0.80927422
194.67100000,0.00374859,0.03596329,0.02600000,0.61657851,0.25153990,0.84123339
194.77099991,0.01123226,0.04680733,0.03200000,0.63890915,0.26331028,0.84776479
194.87100005,0.01938069,0.04760997,0.03300000,0.67001950,0.25838424,0.84565490
194.97099996,0.02651709,0.04059340,0.00800000,0.66202659,0.24929238,0.84279456
195.07100010,0.02825749,0.04138024,0.00800000,0.67651793,0.24649924,0.84310602
195.17100000,0.02303965,0.04086434,0.00200000,0.66873235,0.25522167,0.83481253
195.27099991,0.02096559,0.05996010,0.01500000,0.69513538,0.28667063,0.83590539
195.37100005,0.02284481,0.06340075,0.01400000,0.70287486,0.28615004,0.83063241
195.47099996,0.03489652,0.05107204,0.01500000,0.68432984,0.26645931,0.83685767
195.57100010,0.04149269,0.04689197,0.00500000,0.66945596,0.26239823,0.84010375
195.67100000,0.04476430,0.04877712,0.00500000,0.72114510,0.25521307,0.84137063
195.77099991,0.05322450,0.05032209,0.01600000,0.73354567,0.26111181,0.83993928
195.87100005,0.05754673,0.05242684,0.01800000,0.75099661,0.26114283,0.83570006
195.97099996,0.04535590,0.04636963,0.00600000,0.70398743,0.26248874,0.82357882
196.07100010,0.04502353,0.04476842,0.00800000,0.71927001,0.25141688,0.81348912
196.17100000,0.03896582,0.04393444,0.01300000,0.74590216,0.24432446,0.84752944
196.27099991,0.04321950,0.04495636,0.01600000,0.73948098,0.23842223,0.83265264
196.37100005,0.04211457,0.04226361,0.01400000,0.73253618,0.23749636,0.85732611
196.47099996,0.05040091,0.03932974,0.02000000,0.74796187,0.22963435,0.83903764
196.57100010,0.04183190,0.03729962,0.03600000,0.76455973,0.23460038,0.84435425
196.67100000,0.03575846,0.03833514,0.03800000,0.78349863,0.23952629,0.84846072
196.77099991,0.04085097,0.04379644,0.03400000,0.78351742,0.23713323,0.82039863
196.87100005,0.04211416,0.04424588,0.03900000,0.76179171,0.23566919,0.85024399
196.97099996,0.00388684,0.04111086,0.09900000,0.75147246,0.23259055,0.97437658
197.07100010,0.01137419,0.04370581,0.09600000,0.78252230,0.23704446,0.93091573
197.17100000,0.01213410,0.04836097,0.09490000,0.79550206,0.23663758,0.91816977
197.27099991,0.05329694,0.06346287,0.15800000,0.82757839,0.26092489,1.01848228
197.37100005,0.06733927,0.07445128,0.16700000,0.85940086,0.27267035,1.05057212
197.47099996,0.07404640,0.07759143,0.14200000,0.87156708,0.27145913,1.01450237
197.57200003,0.06691320,0.06384813,0.13500000,0.86799409,0.25884862,1.02485793
197.67199993,0.07445614,0.06137495,0.14200000,0.88308507,0.26690794,1.03737496
197.77200007,0.09019331,0.06057827,0.16200000,0.90349155,0.26827327,1.04369060
197.87199998,0.08911121,0.05359666,0.18300000,0.90811745,0.25188183,1.04139995
197.97200012,0.09055838,0.05867222,0.17390000,0.89347131,0.25694444,1.02685027
198.07200003,0.09382254,0.05941237,0.17700000,0.89039512,0.25992887,1.00927950
198.17199993,0.08703253,0.03888791,0.17600000,0.88012571,0.22980039,0.99271172
198.27200007,0.08916864,0.04000005,0.17000000,0.85194126,0.22027594,0.99125642
198.37199998,0.07653689,0.04089834,0.18300000,0.82435262,0.22197531,1.00960965
198.47200012,0.07834782,0.03037942,0.18000000,0.80642702,0.21899699,0.99669698
198.57200003,0.08525279,0.02839652,0.17700000,0.81504147,0.21209331,0.99186011
198.67199993,0.08481625,0.02452618,0.17900000,0.83556489,0.20617468,0.99668975
198.77200007,0.07592635,0.02968903,0.17200000,0.82297804,0.21364592,0.97604702
198.87199998,0.07332004,0.01677476,0.16900000,0.83246197,0.20382344,0.97345137
198.97200012,0.06137068,0.01501364,0.14100000,0.83585138,0.20115153,0.94162775
199.07200003,0.05989279,0.01233263,0.13800000,0.78094641,0.19891899,0.95496518
199.17199993,0.05671491,0.00026352,0.13200000,0.76739554,0.18941266,0.92350650
199.27200007,0.07388691,0.00706357,0.13200000,0.81712459,0.20118999,0.89909659
199.37199998,0.07067494,0.01155608,0.14100000,0.84267913,0.21071335,0.91107512
199.47200012,0.07288275,0.01475110,0.13100000,0.81977233,0.20587200,0.92243082
199.57200003,0.06788152,0.01314950,0.13200000,0.80000743,0.20252975,0.91377842
199.67199993,0.05409476,0.00612920,0.11500000,0.75902922,0.19376041,0.88448595
199.77200007,0.03782332,0.00265459,0.09100000,0.76530455,0.18872990,0.85833531
199.87199998,0.03291011,0.01641873,0.08500000,0.77583908,0.20431002,0.86370431
199.97200012,0.02861003,0.02435295,0.08790000,0.79390393,0.21967037,0.85672436
200.07200003,0.02192701,0.02555829,0.07600000,0.78667519,0.22302151,0.82134519
200.17199993,0.01938217,0.02698114,0.07100000,0.76960239,0.22182866,0.84277483
200.27200007,0.01910030,0.02403807,0.07400000,0.78422946,0.22126167,0.83944054
200.37199998,0.01721186,0.02336176,0.07400000,0.77742621,0.23247349,0.82078854
200.47300005,0.01631524,0.02136031,0.08300000,0.80376710,0.23340968,0.79682033
200.57299995,0.01929081,0.02487719,0.09600000,0.81075573,0.23523550,0.84940765
200.67300010,0.02636590,0.02610382,0.10700000,0.81545725,0.24799405,0.85313738
200.77300000,0.02870856,0.02102067,0.09200000,0.81534568,0.23138296,0.81589322
200.87299991,0.02957647,0.01998080,0.08000000,0.81936669,0.23527009,0.79691865
200.97300005,0.03153509,0.01582208,0.07500000,0.81999916,0.23239464,0.79759229
201.07299995,0.03591662,0.01364722,0.07890000,0.80826914,0.23603290,0.81164549
201.17300010,0.04414205,0.01472038,0.07800000,0.82673478,0.23012790,0.79997031
201.27300000,0.04264330,0.01312512,0.07800000,0.81993946,0.22659836,0.81891672
201.37299991,0.04274800,0.01132512,0.09400000,0.84430499,0.22901705,0.82518786
201.47300005,0.04493668,0.02006352,0.09500000,0.84827223,0.23657355,0.83434282
201.57299995,0.04488738,0.03490234,0.08790000,0.86784738,0.26574103,0.83305512
201.67300010,0.04730982,0.02680934,0.08300000,0.86817427,0.26471514,0.83248654
201.77300000,0.03898914,0.01898676,0.06200000,0.86473518,0.23980925,0.82444405
201.87299991,0.03421168,0.02054996,0.05800000,0.85247141,0.24597149,0.82441364
201.97300005,0.03798563,0.02008412,0.05600000,0.83642021,0.25004012,0.81689743
202.07299995,0.03689261,0.01778075,0.05190000,0.83347801,0.25347501,0.82620630
202.17300010,0.03402243,0.01712408,0.06300000,0.83678886,0.25404554,0.82261077
202.27300000,0.03574468,0.01406015,0.07900000,0.82410691,0.25393112,0.86490040
202.37299991,0.03601817,0.01418419,0.07200000,0.81709296,0.25491017,0.85280571
202.47300005,0.03957405,0.01785119,0.09000000,0.78774506,0.25775838,0.89988749
202.57299995,0.04118751,0.01942805,0.09900000,0.79417605,0.26361691,0.94309526
202.67300010,0.03897580,0.01026582,0.10800000,0.79628074,0.25130097,0.95755428
202.77300000,0.03894810,0.00854256,0.12200000,0.75333089,0.24933403,0.96276156
202.87299991,0.03734191,0.01362614,0.12000000,0.73257039,0.24893730,0.95374316
202.97300005,0.03795101,0.00988183,0.10600000,0.68851495,0.24761286,0.94434550
203.07299995,0.03491245,0.01218568,0.10000000,0.67550560,0.24742082,0.92369971
203.17300010,0.03639805,0.01099236,0.09800000,0.67323967,0.24440932,0.91714349
203.27300000,0.03901441,0.00995620,0.09300000,0.73439050,0.24985225,0.89163204
203.37400007,0.03680403,0.00623242,0.09090000,0.65202532,0.25131746,0.87771561
203.47399998,0.03808381,0.00298381,0.09800000,0.68653732,0.23936104,0.91672901
203.57400012,0.04470630,0.00425987,0.10300000,0.71109424,0.23621707,0.91471836
203.67400002,0.04436860,0.01908814,0.09100000,0.71239879,0.25556357,0.87722500
203.77399993,0.04368520,0.03886455,0.06200000,0.70749955,0.29211299,0.80186612
203.87400007,0.03513630,0.04703287,0.05600000,0.66172575,0.29306392,0.81639307
203.97399998,0.02352957,0.04219075,0.07800000,0.62511017,0.27667602,0.89927994
204.07400012,0.02331255,0.04173937,0.04200000,0.62102667,0.28332943,0.84233273
204.17400002,0.02858659,0.03728722,0.03700000,0.65145177,0.27218090,0.85268881
204.27399993,0.02447472,0.03215631,0.04700000,0.64683071,0.27347470,0.88911339
204.37400007,0.03119103,0.02288426,0.04700000,0.65868574,0.26964048,0.87444322
204.47399998,0.02644061,0.02053349,0.04700000,0.65596206,0.26829687,0.87861012
204.57400012,0.02510280,0.01517265,0.04600000,0.65727540,0.25211876,0.86490533
204.67400002,0.02389436,0.01313277,0.04800000,0.62763163,0.24562430,0.88515863
204.77399993,0.03607349,0.01141197,0.04700000,0.70742013,0.24366843,0.87019958
204.87400007,0.03615218,0.01042065,0.04700000,0.69542418,0.24846505,0.85915530
204.97399998,0.03449728,0.00970093,0.04600000,0.69006400,0.25201416,0.85070523
205.07400012,0.03249915,0.00023515,0.04200000,0.67862266,0.24081959,0.85157677
205.17400002,0.04207852,0.00283869,0.05500000,0.66207307,0.24248212,0.88207348
205.27399993,0.04651171,0.00927528,0.05100000,0.65744193,0.24150728,0.87783058
205.37400007,0.04714250,0.01033993,0.05100000,0.67413149,0.23913472,0.86403969
205.47399998,0.04523384,0.04607765,0.02900000,0.65553982,0.28186966,0.82076422
205.57400012,0.04069482,0.03884883,0.02500000,0.65318815,0.28089919,0.78946124
205.67400002,0.02337256,0.03951106,0.02300000,0.60057713,0.28806466,0.79603363
205.77399993,0.01301347,0.03259907,0.02500000,0.58076798,0.29756869,0.80485954
205.87400007,0.01162752,0.02280111,0.02200000,0.58751087,0.28441993,0.78206435
205.97399998,0.00587020,0.01153953,0.01200000,0.59486819,0.26946291,0.77883379
206.07400012,0.00157509,0.00063960,0.00000000,0.59863767,0.25730882,0.77790098
206.17400002,0.00527503,0.00023240,0.01500000,0.59712881,0.26247812,0.78123672
206.27500010,0.00712423,0.00584939,0.03500000,0.58804503,0.26903377,0.79895649
206.37500000,0.00990381,0.00472066,0.03500000,0.57248629,0.26822767,0.80733226
206.47499990,0.01583354,0.00231276,0.03900000,0.59866356,0.26499630,0.80358182
206.57500005,0.00785752,0.00047892,0.04700000,0.55198505,0.26430315,0.79152099
206.67499995,0.00401578,0.00775909,0.06600000,0.57222884,0.26715053,0.85682275
206.77500010,0.00876972,0.00777059,0.07800000,0.58940645,0.26650332,0.84908449
206.87500000,0.01541148,0.01003725,0.06300000,0.58815700,0.26245279,0.84295582
206.97499990,0.01246113,0.00357216,0.05000000,0.57111178,0.25397570,0.81596166
207.07500005,0.01057922,0.00105831,0.06000000,0.57862071,0.25146826,0.80120684
207.17499995,0.01203861,0.00251433,0.05500000,0.56742988,0.25331170,0.80616124
207.27500010,0.01432489,0.00884294,0.04300000,0.56720129,0.25973407,0.79078719
207.37500000,0.00534408,0.01447621,0.02900000,0.55267948,0.25887105,0.70087194
207.47499990,0.00392192,0.01530583,0.02800000,0.54206720,0.27072354,0.71100237
207.57500005,0.00592051,0.00694244,0.03100000,0.54907834,0.25072670,0.71117289
207.67499995,0.00705949,0.01183443,0.02700000,0.54025985,0.25455091,0.73529457
207.77500010,0.00884405,0.01514869,0.02500000,0.54748354,0.26863450,0.74533669
207.87500000,0.00555805,0.01499960,0.03300000,0.54230344,0.27467984,0.77660048
207.97499990,0.00072774,0.01174055,0.04700000,0.56050179,0.25558311,0.80441096
208.07500005,0.00027429,0.00993654,0.05800000,0.57464324,0.24053297,0.83190686
208.17499995,0.00364957,0.01066258,0.05800000,0.57598230,0.23550497,0.82971418
208.27500010,0.00747728,0.01027717,0.05400000,0.59630551,0.23020689,0.81387435
208.37500000,0.00471817,0.00591514,0.05100000,0.59095680,0.23054846,0.81958752
208.47499990,0.00790316,0.00419048,0.04600000,0.61704769,0.22546414,0.80699014
208.57500005,0.00398305,0.00745287,0.03800000,0.64989228,0.23060972,0.81696916
208.67499995,0.00067819,0.00999500,0.03800000,0.66282715,0.23676929,0.81225708
208.77500010,0.00150782,0.01137306,0.04500000,0.63048769,0.23505506,0.80632477
208.87500000,0.00788909,0.01373544,0.03500000,0.62538942,0.23703788,0.77053550
208.97499990,0.00543642,0.01614482,0.02600000,0.62805113,0.24306456,0.75552081
209.07500005,0.00243651,0.01564971,0.01300000,0.59632398,0.23465520,0.75480856
209.17600012,0.00670719,0.01259419,0.01600000,0.60812065,0.22220863,0.75034211
209.27600002,0.01509573,0.01583316,0.02200000,0.67134590,0.23375977,0.75790709
209.37599993,0.01368450,0.01630290,0.02600000,0.61868219,0.24023471,0.78574360
209.47600007,0.00784992,0.01081613,0.02400000,0.62007406,0.22327410,0.77133251
209.57599998,0.00900717,0.01043891,0.02300000,0.62204964,0.21981742,0.78912766
209.67600012,0.00671108,0.00572813,0.01100000,0.65351470,0.21269438,0.81094067
209.77600002,0.01378396,0.01421557,0.00200000,0.68228205,0.23859802,0.80489806
209.87599993,0.01288882,0.01504587,0.00700000,0.66666678,0.24384509,0.81982248
209.97600007,0.01354999,0.01087785,0.00700000,0.67451658,0.23433263,0.83132362
210.07599998,0.00887600,0.01531394,0.01100000,0.68817841,0.25779230,0.84286592
210.17600012,0.00143076,0.01587555,0.01200000,0.70072083,0.25464099,0.84720659
210.27600002,0.00243765,0.01339246,0.01200000,0.69563806,0.24225312,0.86074625
210.37599993,0.00500324,0.01583501,0.01900000,0.67831866,0.24374540,0.85398727
210.47600007,0.00795890,0.01369584,0.02700000,0.66932960,0.24083831,0.88196181
210.57599998,0.01085347,0.01325979,0.02500000,0.69240125,0.23777827,0.85412728
210.67600012,0.01198366,0.01132969,0.03000000,0.70084939,0.23043272,0.88486885
210.77600002,0.00380111,0.01335371,0.04500000,0.72090875,0.23423906,0.90612870
210.87599993,0.00606197,0.01103188,0.02900000,0.74563586,0.22929611,0.81456565
210.97600007,0.02017410,0.01195014,0.01300000,0.81288275,0.22744029,0.78608836
211.07599998,0.02773904,0.01459404,0.01200000,0.78601237,0.23201588,0.78870954
211.17600012,0.03060845,0.01445000,0.01210000,0.77252585,0.23537005,0.78651874
211.27600002,0.02471679,0.01009804,0.01600000,0.79130195,0.22560884,0.78914174
211.37599993,0.02163735,0.00679670,0.01900000,0.77726067,0.22843026,0.79991671
211.47600007,0.02158647,0.00560663,0.02800000,0.78978908,0.22981452,0.81804209
211.57599998,0.01774901,0.00837453,0.02300000,0.72687376,0.23496333,0.82498278
211.67600012,0.01895521,0.00780705,0.02200000,0.72046549,0.23654008,0.83824273
211.77600002,0.02551450,0.01734186,0.00700000,0.75191007,0.25209791,0.82881122
211.87599993,0.02053619,0.01811863,0.00500000,0.72455986,0.25275460,0.81340351
211.97600007,0.03165261,0.01452042,0.01800000,0.82030840,0.24336334,0.81168003
212.07699990,0.03251701,0.01165264,0.01800000,0.83590081,0.24139213,0.84137833
212.17700005,0.03327415,0.01165636,0.01800000,0.86168351,0.24151906,0.81343736
212.27699995,0.01585260,0.01579351,0.01400000,0.80199816,0.23998712,0.79385651
212.37700009,0.01495003,0.01639716,0.01200000,0.81532539,0.25788626,0.80013062
212.47700000,0.02638532,0.01077519,0.02900000,0.87170028,0.23312653,0.84966526
212.57699990,0.01967526,0.01361779,0.04310000,0.83506615,0.22698645,0.86793503
212.67700005,0.01843406,0.01451329,0.04400000,0.82595379,0.22947463,0.86257635
212.77699995,0.02356075,0.01806491,0.05500000,0.86923316,0.24231317,0.85402209
212.87700009,0.02068793,0.02208007,0.04700000,0.83733552,0.24722722,0.82605755
212.97700000,0.01262715,0.02424469,0.04100000,0.83825764,0.24510952,0.81042724
213.07699990,0.01511077,0.02788843,0.04700000,0.82912396,0.24701729,0.78413051
213.17700005,0.01420226,0.02979019,0.05000000,0.82583747,0.24585467,0.77870102
213.27699995,0.03346018,0.02365642,0.05100000,0.86819464,0.24620401,0.78257567
213.37700009,0.02842486,0.02350760,0.04400000,0.87543260,0.23466781,0.74700725
213.47700000,0.02976674,0.01952412,0.04100000,0.89501600,0.22420604,0.74194543
213.57699990,0.03492148,0.01421058,0.03800000,0.89649119,0.22547121,0.72339726
213.67700005,0.03261560,0.01531249,0.02800000,0.89129332,0.22698904,0.69445097
213.77699995,0.03204440,0.01486394,0.02000000,0.86499543,0.22940749,0.65119152
213.87700009,0.02571270,0.01806203,0.01500000,0.85626649,0.22844865,0.66707024
213.97700000,0.02684260,0.01691760,0.01700000,0.86631080,0.22670794,0.67895152
214.07699990,0.02168123,0.01138833,0.02000000,0.81606016,0.20338547,0.70632514
214.17700005,0.01758281,0.00565374,0.01200000,0.82636710,0.19397206,0.72241197
214.27699995,0.01263296,0.00194381,0.00800000,0.81070607,0.19028343,0.70248364
214.37700009,0.01304263,0.00135269,0.00900000,0.81817373,0.19488120,0.69439318
214.47700000,0.01556418,0.00321967,0.02500000,0.82850264,0.19516526,0.68894718
214.57699990,0.01553344,0.00572820,0.02700000,0.84755912,0.19095662,0.67651651
214.67700005,0.01605956,0.00181948,0.03400000,0.84130902,0.18556740,0.75327954
214.77699995,0.01363789,0.00251556,0.03800000,0.83294819,0.18025264,0.76556436
214.87800002,0.02031883,0.00430293,0.01100000,0.88529754,0.18086441,0.71068723
214.97799993,0.01871849,0.00992160,0.00800000,0.84291023,0.17796669,0.71480454
215.07800007,0.02050034,0.01523109,0.01200000,0.86243760,0.19350178,0.70676593
215.17799997,0.02181928,0.01751625,0.03000000,0.87761894,0.19054950,0.74854941
215.27800012,0.02245863,0.01832184,0.03300000,0.88569101,0.18943240,0.77647450
215.37800002,0.01785010,0.01715208,0.03300000,0.88536196,0.19078746,0.79003312
215.47799993,0.01236852,0.01083604,0.03100000,0.81919917,0.16344661,0.78755513
215.57800007,0.00665430,0.00843328,0.03700000,0.80383582,0.16254892,0.78437425
215.67799997,0.00979974,0.00584937,0.04700000,0.79761645,0.15969224,0.79257415
215.77800012,0.01240104,0.00249481,0.04900000,0.81325780,0.15996407,0.79809996
215.87800002,0.01467461,0.00095174,0.04700000,0.79730605,0.16693142,0.79081681
215.97799993,0.01410087,0.00025607,0.05000000,0.77618074,0.16845829,0.80849321
216.07800007,0.01143021,0.00480733,0.04100000,0.75543207,0.16811797,0.80998647
216.17799997,0.02137997,0.00745768,0.03200000,0.80028880,0.16668324,0.83232309
216.27800012,0.01275794,0.00655249,0.01200000,0.75880811,0.16677380,0.77163973
216.37800002,0.00995713,0.00418278,0.01500000,0.77204557,0.16338466,0.77325597
216.47799993,0.00766985,0.00549758,0.01300000,0.76608531,0.17331743,0.77585070
216.57800007,0.00928867,0.00422501,0.01800000,0.74469890,0.18138531,0.77207824
216.67799997,0.00891351,0.00331048,0.01900000,0.77066393,0.16777708,0.78214655
216.77800012,0.00317774,0.00343831,0.01900000,0.78145867,0.16341604,0.77134626
216.87800002,0.00570036,0.00324745,0.01700000,0.79878308,0.16843583,0.78608087
216.97799993,0.00870158,0.00057666,0.00600000,0.80075062,0.16577920,0.77133899
217.07800007,0.00395672,0.00115946,0.00300000,0.76148426,0.17289280,0.75191838
217.17799997,0.00395051,0.00192185,0.00300000,0.74277562,0.16513063,0.72022736
217.27800012,0.00424437,0.00384127,0.01200000,0.76448723,0.16869216,0.70789664
217.37800002,0.00155216,0.00379616,0.01300000,0.80185410,0.17300482,0.71478814
217.47799993,0.00100543,0.00239773,0.01900000,0.79432765,0.17155460,0.73907043
217.57800007,0.00294214,0.00177590,0.01900000,0.77920821,0.17048614,0.74173223
217.67799997,0.00516433,0.00216557,0.00200000,0.76280362,0.17177075,0.71439759
217.77900004,0.00437842,0.00248785,0.00400000,0.77013347,0.17718074,0.68291393
217.87899995,0.00488719,0.00205070,0.01300000,0.75034126,0.16804831,0.66778270
217.97900009,0.00591389,0.00735975,0.01200000,0.73678216,0.18100308,0.66126099
218.07900000,0.00251364,0.01081349,0.00300000,0.74130377,0.19836714,0.67270238
218.17899990,0.00286782,0.01280725,0.00300000,0.74546141,0.20500667,0.66759433
218.27900004,0.00193324,0.01555836,0.00400000,0.71941420,0.21723774,0.69136029
218.37899995,0.00256949,0.01506810,0.00300000,0.71834204,0.21654422,0.68164199
218.47900009,0.00350626,0.01567821,0.00800000,0.72234098,0.21369629,0.68047957
218.57900000,0.00439057,0.01279582,0.00900000,0.71968493,0.20909159,0.70804396
218.67899990,0.00884683,0.00631297,0.02000000,0.74360708,0.18977029,0.77871973
218.77900004,0.01316823,0.01539538,0.02000000,0.76879984,0.22046175,0.78645606
218.87899995,0.01483218,0.01143051,0.01890000,0.75835207,0.21158866,0.80563447
218.97900009,0.00737361,0.01111754,0.01700000,0.71355213,0.21012178,0.76092500
219.07900000,0.00848976,0.00432019,0.01800000,0.70082609,0.19003282,0.79352411
219.17899990,0.00599981,0.00327602,0.01100000,0.72387303,0.19228228,0.74164764
219.27900004,0.00946709,0.02034562,0.00500000,0.77736450,0.22393797,0.70920327
219.37899995,0.01062535,0.00879443,0.00100000,0.77369327,0.20060394,0.69306100
219.47900009,0.00787297,0.01794175,0.00400000,0.74270472,0.22367566,0.69779797
219.57900000,0.00361744,0.00086839,0.01190000,0.72593732,0.19584143,0.70256948
219.67899990,0.00807845,0.00658700,0.00100000,0.74269755,0.19910331,0.71760898
219.77900004,0.01516218,0.00496067,0.01700000,0.78095067,0.20722841,0.75668941
219.87899995,0.01606356,0.01341946,0.02100000,0.76239434,0.23503068,0.73555673
219.97900009,0.02005075,0.00238480,0.02500000,0.77635001,0.20919971,0.71974526
220.07900000,0.01694205,0.01053124,0.02400000,0.75993690,0.21725161,0.69787319
220.17899990,0.01455501,0.01153481,0.01800000,0.78172463,0.21241541,0.70173754
220.27900004,0.00999642,0.00946159,0.01300000,0.78834592,0.21498491,0.66670244
220.37899995,0.00930951,0.01114375,0.01400000,0.78831779,0.21448078,0.68113181
220.48000002,0.00945239,0.00740421,0.01000000,0.74521797,0.20954875,0.69779013
220.57999992,0.01005291,0.01082538,0.00700000,0.72811516,0.20531695,0.69483467
220.68000007,0.01308964,0.01388061,0.00600000,0.73679333,0.21267216,0.71911057
220.77999997,0.01269022,0.01404308,0.00400000,0.72604982,0.22033695,0.73630210
220.88000011,0.01483835,0.01334141,0.00500000,0.71387595,0.21354144,0.73859541
220.98000002,0.01014809,0.00981103,0.02700000,0.72952222,0.21740017,0.78957326
221.07999992,0.00755790,0.00848576,0.02200000,0.70661845,0.21123106,0.76763332
221.18000007,0.00899110,0.00768766,0.02500000,0.69648289,0.21942056,0.76580502
221.27999997,0.01123102,0.00930990,0.01700000,0.76208107,0.21547928,0.74146082
221.38000011,0.00954582,0.01119675,0.01900000,0.71897216,0.20970248,0.71934352
221.48000002,0.00651923,0.01216962,0.00900000,0.68861316,0.21963022,0.65619218
221.57999992,0.00744372,0.01385356,0.01100000,0.67602373,0.22039463,0.67387174
221.68000007,0.01003652,0.02035063,0.00600000,0.70969835,0.24497472,0.65957019
221.77999997,0.00662230,0.02242309,0.02100000,0.67515588,0.25020167,0.70642294
221.88000011,0.00241419,0.01843561,0.02700000,0.69932891,0.22935449,0.68999507
221.98000002,0.00327288,0.01764620,0.02100000,0.68630838,0.22848371,0.67109991
222.07999992,0.00292562,0.02313635,0.02010000,0.66268085,0.24484256,0.67013581
222.18000007,0.00143674,0.02658789,0.02200000,0.63121404,0.24009232,0.67286524
222.27999997,0.00360006,0.02033641,0.02300000,0.62158315,0.23851085,0.71316590
222.38000011,0.00214833,0.01092129,0.01400000,0.64380246,0.21736580,0.66647278
222.48000002,0.00009641,0.00797062,0.00900000,0.62221092,0.21439125,0.68316143
222.57999992,0.00321208,0.01326094,0.01700000,0.61961501,0.22081900,0.69621910
222.68000007,0.00409295,0.01380753,0.02000000,0.64310837,0.21522576,0.75186569
222.77999997,0.00606777,0.02364703,0.01000000,0.63857030,0.24206424,0.65954478
222.88000011,0.00346695,0.01781236,0.01500000,0.64716718,0.22564475,0.68371316
222.98000002,0.00224521,0.01695786,0.01500000,0.63345377,0.22549710,0.69643898
223.07999992,0.00855569,0.01264121,0.02300000,0.61618464,0.21943421,0.77394606
223.18000007,0.01256439,0.01374904,0.02600000,0.65326748,0.22544933,0.80462563
223.27999997,0.01074603,0.02721990,0.00600000,0.64707345,0.25040893,0.75817360
223.38100004,0.00687329,0.02421689,0.00900000,0.59255220,0.24941334,0.74074896
223.48099995,0.00774141,0.02599463,0.00900000,0.58647019,0.24362147,0.74399489
223.58100009,0.00666413,0.01776765,0.01000000,0.61732178,0.22516535,0.73782965
223.68099999,0.01268337,0.02324763,0.02000000,0.65673527,0.25187153,0.78464579
223.78099990,0.01440923,0.02837030,0.01800000,0.67273424,0.24966645,0.72000269
223.88100004,0.01499692,0.03025529,0.02000000,0.70583327,0.24479073,0.77831237
223.98099995,0.00608333,0.02374517,0.00200000,0.64843807,0.24804175,0.71214738
224.08100009,0.00457754,0.02425585,0.00200000,0.64203642,0.24976021,0.75404907
224.18099999,0.00130413,0.02081128,0.00100000,0.60897254,0.24419034,0.76110698
224.28099990,0.00096781,0.02176013,0.00200000,0.62552126,0.24245130,0.74692796
224.38100004,0.00632727,0.02045203,0.01100000,0.61703192,0.24137283,0.78560360
224.48099995,0.00546299,0.02010984,0.01800000,0.58859605,0.24508643,0.83299492
224.58100009,0.00997796,0.01885047,0.02700000,0.63581260,0.23592828,0.86353413
224.68099999,0.00473645,0.02094149,0.03200000,0.58834789,0.24164869,0.85013630
224.78099990,0.00613235,0.02514308,0.02900000,0.60702602,0.24975286,0.82452198
224.88100004,0.00344155,0.01870737,0.01500000,0.57374731,0.23854493,0.78279320
224.98099995,0.00079677,0.01423394,0.00500000,0.56056159,0.21862601,0.78896907
225.08100009,0.00140111,0.01438356,0.00700000,0.56203527,0.21647747,0.78887705
225.18099999,0.00530513,0.01089337,0.01400000,0.60811411,0.21541959,0.79386397
225.28099990,0.00390991,0.00472045,0.01800000,0.62428462,0.21214152,0.85416970
225.38100004,0.00412323,0.00512337,0.01900000,0.63120124,0.21053063,0.83566600
225.48099995,0.00863863,0.01006946,0.01500000,0.61750878,0.21195426,0.79214557
225.58100009,0.00702609,0.01063222,0.01700000,0.58580975,0.20618379,0.83851923
225.68099999,0.00798352,0.00787613,0.02200000,0.59542727,0.19837087,0.82678476
225.78099990,0.01372636,0.00600725,0.02300000,0.66473735,0.19701936,0.81600044
225.88100004,0.01818187,0.00729860,0.02700000,0.69165751,0.20014805,0.84075124
225.98099995,0.01712290,0.00883211,0.03000000,0.67834094,0.20391551,0.83560354
226.08100009,0.00803689,0.01052181,0.02400000,0.64286396,0.19978261,0.84416762
226.18099999,0.00347697,0.00638676,0.01600000,0.65660908,0.20128847,0.78546685
226.28099990,0.00372550,0.00584984,0.01700000,0.67399593,0.19064405,0.82522378
226.38199997,0.02152953,0.00538325,0.00700000,0.72163661,0.19072855,0.75598118
226.48200011,0.02057933,0.00835113,0.01300000,0.71310565,0.19522432,0.76912615
226.58200002,0.01863360,0.00509892,0.01200000,0.69758529,0.20151561,0.77064448
226.68199992,0.00857943,0.00186638,0.00700000,0.65541392,0.19253468,0.77627728
226.78200006,0.00399990,0.00701005,0.00500000,0.66595053,0.19646095,0.78152364
226.88199997,0.01074774,0.00579450,0.00100000,0.65925538,0.20194778,0.77686649
226.98200011,0.02324243,0.00400491,0.00300000,0.70062292,0.20119416,0.73887043
227.08200002,0.00727314,0.00097030,0.00600000,0.64386176,0.19335097,0.74910579
227.18199992,0.00658288,0.00644327,0.00200000,0.64915541,0.19898883,0.73528832
227.28200006,0.00206962,0.00344916,0.00500000,0.66181407,0.19255981,0.74846712
227.38199997,0.01091575,0.00198150,0.00500000,0.63278246,0.18646981,0.75110031
227.48200011,0.00925780,0.00103111,0.01500000,0.63102878,0.17992717,0.74450381
227.58200002,0.00218224,0.00384419,0.01500000,0.64045054,0.18034004,0.77462725
227.68199992,0.00137486,0.00823892,0.01600000,0.65081723,0.20667939,0.75453315
227.78200006,0.01114302,0.00793493,0.02100000,0.65964634,0.20873337,0.81786856
227.88199997,0.01106134,0.01362706,0.01000000,0.66674324,0.20504628,0.77526709
227.98200011,0.01032529,0.00929507,0.01100000,0.69405987,0.20380785,0.77181184
228.08200002,0.00827895,0.00631418,0.01400000,0.67977758,0.20533468,0.75763990
228.18199992,0.01082518,0.00280632,0.01600000,0.70094615,0.19005302,0.76894672
228.28200006,0.01440400,0.00068170,0.01600000,0.71330164,0.18507115,0.78052587
228.38199997,0.01558271,0.00431732,0.01500000,0.72419931,0.18812895,0.77703648
228.48200011,0.01870139,0.00793650,0.01410000,0.71775952,0.19181827,0.76793454
228.58200002,0.01815649,0.00428393,0.01000000,0.71608388,0.17696928,0.74368912
228.68199992,0.02058551,0.00208005,0.01100000,0.75932536,0.18020505,0.76071930
228.78200006,0.01704027,0.00383136,0.00190000,0.73912099,0.18718268,0.76059900
228.88199997,0.01433875,0.00162796,0.01100000,0.69864353,0.19672911,0.77277372
228.98200011,0.01704476,0.00295233,0.02400000,0.74062945,0.19765162,0.82130657
229.08299994,0.00273005,0.00155139,0.02200000,0.68109310,0.19202955,0.83068659
229.18300009,0.00385971,0.00091247,0.02500000,0.68299830,0.19725986,0.81835236
229.28299999,0.00450588,0.00337891,0.01700000,0.69451109,0.19593022,0.81695850
229.38299990,0.00285520,0.00265666,0.01800000,0.67979232,0.19911155,0.80758574
229.48300004,0.00091528,0.00190060,0.01700000,0.69104708,0.19684619,0.82304160
229.58299994,0.01059845,0.00099639,0.01500000,0.72634287,0.19734734,0.79237225
229.68300009,0.00925935,0.00170716,0.02400000,0.73485405,0.20654920,0.81450097
229.78299999,0.01020109,0.00253728,0.03200000,0.72987827,0.20771555,0.80913875
229.88299990,0.01066933,0.00236969,0.02700000,0.70625589,0.20966028,0.79140287
229.98300004,0.00925968,0.00289107,0.03200000,0.72867094,0.20747380,0.79164654
230.08299994,0.01749018,0.00413564,0.03800000,0.76446715,0.20059611,0.79553390
230.18300009,0.02069428,0.00646737,0.03900000,0.80294350,0.21679850,0.79047051
230.28299999,0.01994087,0.00236258,0.02300000,0.77773274,0.20409351,0.77284254
230.38299990,0.02755777,0.00103399,0.01600000,0.77662783,0.21007249,0.70667073
230.48300004,0.02268462,0.00399724,0.00200000,0.79320797,0.21483355,0.68586910
230.58299994,0.01640969,0.00747342,0.00600000,0.79197480,0.24400168,0.68660963
230.68300009,0.01457978,0.00366605,0.00800000,0.81455508,0.23243427,0.66616575
230.78299999,0.00589440,0.00122721,0.01100000,0.75747086,0.22289661,0.68739614
230.88299990,0.01186483,0.00093051,0.00900000,0.76571241,0.21270080,0.69007058
230.98300004,0.00945220,0.00160809,0.00100000,0.76380976,0.21281071,0.67110439
231.08299994,0.00350365,0.00253859,0.00400000,0.73702988,0.21354693,0.66660210
231.18300009,0.00346600,0.00415173,0.00400000,0.73892669,0.21589360,0.68588268
231.28299999,0.02165747,0.00313750,0.00900000,0.80223999,0.21924929,0.67544073
231.38299990,0.01098133,0.00455086,0.00800000,0.77131558,0.21937833,0.65997204
231.48300004,0.01744044,0.00074231,0.00900000,0.83493146,0.21468395,0.64896486
231.58299994,0.03424703,0.00062518,0.01400000,0.85639948,0.22600699,0.68557610
231.68300009,0.02302099,0.00131685,0.01500000,0.86380288,0.22894151,0.70558275
231.78299999,0.00517120,0.00382998,0.01400000,0.79954244,0.22786195,0.70317348
231.88400006,0.00131104,0.00818115,0.01400000,0.80570072,0.24389351,0.70083358
231.98399997,0.00341656,0.00512709,0.01500000,0.76774475,0.21608955,0.71079002
232.08400011,0.00506863,0.00097930,0.00800000,0.75018419,0.20643812,0.71617418
232.18400002,0.00516333,0.00179722,0.00900000,0.76837469,0.20521483,0.68068296
232.28399992,0.00571939,0.00268859,0.01000000,0.76597740,0.20321360,0.68599464
232.38400006,0.00005309,0.00382716,0.00300000,0.76069076,0.20620347,0.64631741
232.48399997,0.00612388,0.00121579,0.00700000,0.79661332,0.20493212,0.66169646
232.58400011,0.00220148,0.00045112,0.00300000,0.81551295,0.20785182,0.66102988
232.68400002,0.00784871,0.00237651,0.01300000,0.79524424,0.21466032,0.65456475
232.78399992,0.00024782,0.00065466,0.00700000,0.77170908,0.19629796,0.66919485
232.88400006,0.00368773,0.00352145,0.01800000,0.77234486,0.20291242,0.70769002
232.98399997,0.01134434,0.00649660,0.01800000,0.80072249,0.20001539,0.69428365
233.08400011,0.00993557,0.00531925,0.00800000,0.78310017,0.19757578,0.64535138
233.18400002,0.01261612,0.00504712,0.01000000,0.84571508,0.20929288,0.66513892
233.28399992,0.01309965,0.01053087,0.01300000,0.82037846,0.20883903,0.72093681
233.38400006,0.01128717,0.01474889,0.00500000,0.83814279,0.21955517,0.66728441
233.48399997,0.01247755,0.00829704,0.00100000,0.86690121,0.20046303,0.66653288
233.58400011,0.01490296,0.00737779,0.00100000,0.88355564,0.20433897,0.66046872
233.68400002,0.00603564,0.01471533,0.00600000,0.81738150,0.19908518,0.66198053
233.78399992,0.00053580,0.02300202,0.00700000,0.80961602,0.21987287,0.64959114
233.88400006,0.00460454,0.01289062,0.02200000,0.83153867,0.19663173,0.69004871
233.98399997,0.00238397,0.00315701,0.02900000,0.84433025,0.19511107,0.70715349
234.08400011,0.00844563,0.01368617,0.00900000,0.83081685,0.21576011,0.66628554
234.18400002,0.00045261,0.02148058,0.02000000,0.82455021,0.23251679,0.73026056
234.28399992,0.00556676,0.02322394,0.01000000,0.85135567,0.22509338,0.72141080
234.38400006,0.00433089,0.02082795,0.00800000,0.83030099,0.21614439,0.67341203
234.48399997,0.01420360,0.01640664,0.00400000,0.86799304,0.19663411,0.68305756
234.58400011,0.01540897,0.01840363,0.00300000,0.87776780,0.20267557,0.71339171
234.68400002,0.01366168,0.01746564,0.00300000,0.86839280,0.19832072,0.67990041
234.78500009,0.01046594,0.01751354,0.00300000,0.82433363,0.19893648,0.70198799
234.88499999,0.00328196,0.01887747,0.00500000,0.78287331,0.20415906,0.67985610
234.98500013,0.00377670,0.01933020,0.00100000,0.78679382,0.19806334,0.66760414
235.08500004,0.00037914,0.02135173,0.00510000,0.80570208,0.20674391,0.66230168
235.18499994,0.00490545,0.02382848,0.00700000,0.79458819,0.22152346,0.65988817
235.28500009,0.00275146,0.02439999,0.00500000,0.76409615,0.22227643,0.67899905
235.38499999,0.00944495,0.02047664,0.00100000,0.76568281,0.20559438,0.67487016
235.48500013,0.00869237,0.02890143,0.00600000,0.75344774,0.22322826,0.71454196
235.58500004,0.00918560,0.02967532,0.01300000,0.72868826,0.21970415,0.78365461
235.68499994,0.01211950,0.02395512,0.00400000,0.74685890,0.19579378,0.74539351
235.78500009,0.00605170,0.01706303,0.00700000,0.70998260,0.18550122,0.75030310
235.88499999,0.01098261,0.01968660,0.00700000,0.78438515,0.20079568,0.73774430
235.98500013,0.01619795,0.02391916,0.01000000,0.79715073,0.20433967,0.78135804
236.08500004,0.01832021,0.02622556,0.01100000,0.79113438,0.21042855,0.79939522
236.18499994,0.02010158,0.02929892,0.01200000,0.79542667,0.22513637,0.79667112
236.28500009,0.00456959,0.01900628,0.00600000,0.72292517,0.19615425,0.76155494
236.38499999,0.00213777,0.02194561,0.00700000,0.70537852,0.19998742,0.76169993
236.48500013,0.00502189,0.02568581,0.00400000,0.69331552,0.20949891,0.73055860
236.58500004,0.00272200,0.02844487,0.00100000,0.67170697,0.20480161,0.75081786
236.68499994,0.01546096,0.02401205,0.00200000,0.71462476,0.19050038,0.74384256
236.78500009,0.01410792,0.02441100,0.00200000,0.68858341,0.19217058,0.77038456
236.88499999,0.01506866,0.02672200,0.00200000,0.67186624,0.18900207,0.76602444
236.98500013,0.00952225,0.02542473,0.00400000,0.61297405,0.19057723,0.76950469
237.08500004,0.01704562,0.03559167,0.00400000,0.64745707,0.21010692,0.76740335
237.18499994,0.00453949,0.03648497,0.00400000,0.58907306,0.20584021,0.72774217
237.28500009,0.00714738,0.03341190,0.00700000,0.61341114,0.20638012,0.72664264
237.38499999,0.01083521,0.03064650,0.00300000,0.62781327,0.20493076,0.71374670
237.48500013,0.00419453,0.02341914,0.01200000,0.58471282,0.20187301,0.77295267
237.58500004,0.00286160,0.02820871,0.01800000,0.60022043,0.20606314,0.79090303
237.68600011,0.00795761,0.02884573,0.00900000,0.58920090,0.20647089,0.77614426
237.78600001,0.01218064,0.03011382,0.00300000,0.67773955,0.21538802,0.73320540
237.88599992,0.00326460,0.02601543,0.00700000,0.64224186,0.20697045,0.72151488
237.98600006,0.00976186,0.02592289,0.00200000,0.66265207,0.20838001,0.75976980
238.08599997,0.00409291,0.02645634,0.00100000,0.60794795,0.21835533,0.79023474
238.18600011,0.00111477,0.02704621,0.00000000,0.58399000,0.22151672,0.78941461
238.28600001,0.00643321,0.02968356,0.00400000,0.63007869,0.22634565,0.77281103
238.38599992,0.01002610,0.03147280,0.00600000,0.69987746,0.23016555,0.76747829
238.48600006,0.00259214,0.02769695,0.00600000,0.65933068,0.22530897,0.78918486
238.58599997,0.00127300,0.02495575,0.00500000,0.68552791,0.22614726,0.74546760
238.68600011,0.00815704,0.02905792,0.01100000,0.68292324,0.23983380,0.75773760
238.78600001,0.00848050,0.02759006,0.01600000,0.70322582,0.24330365,0.73790015
238.88599992,0.00800399,0.03137110,0.01100000,0.69490757,0.23669586,0.72924819
238.98600006,0.00804790,0.03267004,0.00600000,0.68233863,0.22975057,0.65960250
239.08599997,0.00377369,0.02784617,0.00200000,0.66393895,0.22603742,0.66762986
239.18600011,0.00449329,0.02790825,0.00100000,0.66845133,0.22246501,0.65733964
239.28600001,0.01567712,0.02720713,0.00400000,0.72172414,0.22374003,0.67846631
239.38599992,0.02045398,0.02624718,0.01100000,0.73669290,0.22116356,0.72099639
239.48600006,0.01100100,0.02727083,0.01200000,0.75733787,0.22260750,0.73701273
239.58599997,0.00454712,0.02886665,0.00900000,0.70566094,0.21855111,0.75397580
239.68600011,0.00415331,0.03008571,0.01200000,0.71763843,0.22147365,0.74296149
239.78600001,0.00084946,0.03519841,0.00500000,0.70749018,0.23340911,0.72798767
239.88599992,0.00533040,0.03851866,0.00900000,0.75653583,0.24049719,0.74879518
239.98600006,0.01118298,0.04153638,0.01000000,0.81839911,0.24412752,0.77225989
240.08599997,0.00698054,0.03639343,0.00400000,0.81713636,0.23780667,0.72986302
240.18600011,0.00683671,0.03826669,0.00400000,0.80585020,0.24214504,0.73646814
240.28600001,0.00116393,0.04226896,0.00500000,0.77637557,0.24570365,0.76136119
240.38599992,0.00013114,0.04424142,0.00000000,0.75491301,0.24859444,0.75037741
240.48699999,0.00419190,0.04226864,0.00200000,0.76913432,0.24091214,0.75633896
240.58700013,0.00061713,0.04127795,0.00600000,0.77899848,0.24913582,0.75441320
240.68700004,0.00214996,0.04019089,0.00900000,0.77716566,0.25504141,0.78126427
240.78699994,0.00410848,0.04125264,0.00700000,0.75664829,0.25728910,0.74141027
240.88700008,0.00684244,0.04083076,0.00300000,0.76956394,0.24910963,0.74410037
240.98699999,0.00976935,0.04121662,0.00300000,0.77816816,0.25225714,0.74838917
241.08700013,0.00704898,0.04246648,0.00400000,0.77672741,0.24745615,0.70149938
241.18700004,0.00243867,0.04015735,0.00300000,0.72996076,0.24258810,0.68004113
241.28699994,0.00526765,0.03940497,0.00090000,0.75028267,0.23301496,0.66270362
241.38700008,0.00906956,0.04288208,0.00100000,0.78196371,0.22904824,0.69349929
241.48699999,0.00524139,0.04487959,0.00400000,0.73424003,0.22927880,0.69164339
241.58700013,0.00263796,0.04556019,0.01000000,0.71944958,0.22752402,0.69099759
241.68700004,0.00313426,0.04784826,0.00400000,0.69266181,0.22668247,0.69747285
241.78699994,0.00012675,0.04846931,0.01100000,0.72741921,0.22417323,0.77483174
241.88700008,0.01037262,0.05071271,0.01600000,0.76444262,0.22302074,0.78525831
241.98699999,0.00211266,0.05011523,0.01500000,0.71036856,0.22947028,0.79740947
242.08700013,0.00581325,0.04534728,0.01500000,0.72744775,0.23321477,0.83391378
242.18700004,0.00093088,0.04195919,0.01500000,0.73107296,0.23048040,0.85926249
242.28699994,0.00173586,0.04436605,0.01800000,0.74478198,0.23331501,0.87731898
242.38700008,0.00419363,0.04567257,0.01900000,0.75970999,0.23110476,0.84458611
242.48699999,0.00485819,0.04874267,0.01100000,0.75160463,0.23306439,0.77669627
242.58700013,0.00421490,0.04985022,0.00800000,0.74686585,0.24058246,0.76647735
242.68700004,0.00442080,0.04825875,0.00100000,0.76112749,0.24438897,0.77131758
242.78699994,0.00303164,0.04525427,0.00300000,0.74777962,0.25180316,0.75604473
242.88700008,0.00329449,0.04460926,0.01000000,0.76213681,0.25637449,0.74198976
242.98699999,0.00258083,0.04584582,0.01300000,0.75341841,0.25345106,0.81580271
243.08700013,0.00146304,0.04761638,0.00700000,0.77237444,0.24998379,0.76467278
243.18700004,0.00211918,0.04903743,0.00800000,0.77893587,0.25194621,0.79519622
243.28699994,0.00618095,0.04630935,0.01000000,0.86489071,0.24942942,0.77728264
243.38800001,0.01122758,0.04747927,0.00800000,0.84503458,0.25177716,0.76371512
243.48799992,0.00160915,0.04688860,0.00400000,0.79419860,0.24676363,0.75368693
243.58800006,0.00165411,0.04850324,0.00300000,0.77173640,0.25045808,0.74403505
243.68799996,0.00123992,0.04737629,0.01400000,0.73703203,0.24022839,0.81019570
243.78800011,0.00324734,0.04834816,0.02100000,0.74244037,0.23819441,0.82073959
243.88800001,0.00678201,0.05064952,0.02400000,0.79847386,0.24245303,0.77615069
243.98799992,0.00596352,0.04861827,0.01900000,0.74699668,0.24183319,0.75361137
244.08800006,0.00485746,0.04958231,0.01800000,0.73330650,0.24003310,0.73885288
244.18799996,0.00464771,0.04960331,0.01800000,0.75122281,0.23923150,0.75138577
244.28800011,0.00708821,0.04827999,0.01900000,0.80120957,0.23712296,0.75335622
244.38800001,0.00929849,0.04899998,0.01800000,0.82081769,0.23953845,0.75937439
244.48799992,0.00953338,0.04928859,0.01400000,0.84053854,0.24767330,0.77408030
244.58800006,0.00803961,0.04849438,0.00500000,0.82435287,0.24901444,0.73439159
244.68799996,0.00436890,0.05053121,0.00300000,0.74960051,0.25707483,0.73557730
244.78800011,0.00432449,0.05312042,0.00600000,0.74351640,0.26129128,0.72805685
244.88800001,0.00096202,0.04990305,0.00300000,0.72773462,0.25717863,0.70857901
244.98799992,0.00761300,0.05263015,0.01400000,0.78908107,0.25956527,0.73841626
245.08800006,0.00988123,0.05563822,0.01500000,0.77184903,0.26579637,0.72975278
245.18799996,0.00599390,0.05769335,0.01300000,0.72584573,0.27866078,0.71901583
245.28800011,0.00085172,0.05650075,0.00700000,0.66236444,0.27977771,0.65896886
245.38800001,0.00239755,0.05571447,0.00500000,0.64923247,0.26958689,0.67099391
245.48799992,0.00485648,0.05569439,0.00200000,0.64434212,0.26989706,0.69342331
245.58800006,0.00610155,0.05242491,0.00400000,0.65506581,0.27378570,0.70405374
245.68799996,0.00418799,0.04708716,0.00200000,0.64956097,0.26134722,0.69273430
245.78800011,0.00069461,0.03889701,0.00100000,0.65773950,0.25465886,0.68435010
245.88800001,0.00074204,0.03737980,0.00300000,0.66419464,0.23513806,0.69650209
245.98799992,0.00395155,0.03915591,0.00600000,0.65819298,0.22760552,0.71138307
246.08800006,0.00235162,0.04003736,0.00500000,0.66096740,0.23276336,0.71468384
246.18799996,0.00528273,0.03906229,0.00200000,0.64505444,0.24259727,0.70474941
246.28900003,0.00304954,0.05354382,0.00300000,0.66765375,0.25674657,0.67063393
246.38899994,0.00431838,0.03802791,0.00400000,0.67127017,0.23811379,0.67730731
246.48900008,0.00492535,0.04867670,0.00200000,0.69826198,0.25022767,0.69527706
246.58899999,0.00976551,0.04376854,0.00200000,0.73991723,0.24835472,0.70122211
246.68900013,0.01395183,0.04755572,0.00500000,0.75346263,0.25314613,0.73018053
246.78900003,0.01096500,0.05015764,0.00700000,0.74885319,0.25674745,0.72771610
246.88899994,0.01031254,0.03949242,0.00800000,0.76038422,0.24749953,0.71287467
246.98900008,0.00514164,0.04793468,0.00200000,0.71071239,0.25497351,0.74398428
247.08899999,0.00013137,0.04595022,0.00000000,0.71472172,0.25179810,0.75761378
247.18900013,0.00249177,0.03930701,0.00300000,0.75256308,0.24515145,0.76725887
247.28900003,0.00241385,0.04049127,0.00300000,0.76314793,0.25459089,0.75428344
247.38899994,0.00174475,0.05024993,0.00300000,0.73572083,0.26030187,0.73397522
247.48900008,0.00614932,0.03909982,0.00500000,0.70267594,0.24778301,0.75757877
247.58899999,0.00123578,0.04840044,0.00700000,0.67715827,0.25073521,0.74462151
247.68900013,0.00093356,0.04072184,0.00900000,0.67659491,0.24195190,0.75470377
247.78900003,0.01535036,0.04080118,0.01900000,0.76156228,0.24622748,0.81147712
247.88899994,0.01573828,0.05229538,0.02600000,0.77816438,0.26701212,0.85492842
247.98900008,0.00659179,0.03779574,0.02500000,0.71740814,0.23721927,0.85448508
248.08899999,0.00209078,0.05292711,0.03000000,0.73123405,0.26532742,0.90390288
248.18900013,0.00613084,0.03850315,0.02900000,0.75286417,0.24317855,0.89238872
248.28900003,0.00765479,0.03761681,0.02000000,0.84535323,0.24394776,0.87424851
248.38899994,0.00442915,0.05989276,0.01900000,0.82244715,0.27254215,0.84141879
248.48900008,0.00696004,0.03107037,0.01600000,0.83396641,0.23266209,0.80133881
248.58899999,0.00755793,0.05942136,0.01600000,0.82865496,0.27549721,0.79252616
248.68900013,0.01692582,0.03529032,0.01100000,0.88428900,0.23563091,0.74391911
248.78900003,0.02482540,0.03602929,0.00590000,0.87483391,0.23984924,0.73491735
248.88899994,0.01161481,0.05524126,0.00300000,0.85699979,0.26594513,0.73724497
248.98900008,0.00190666,0.03625872,0.01190000,0.78424280,0.24631206,0.73951971
249.08899999,0.00010323,0.06191663,0.01400000,0.78879762,0.28882109,0.78543557
249.19000006,0.00012123,0.03133186,0.01600000,0.77382977,0.25152382,0.78493497
249.28999996,0.00124070,0.03753373,0.00600000,0.78725906,0.25123492,0.72964231
249.39000010,0.00341587,0.03965768,0.00800000,0.75172300,0.25052770,0.73703772
249.49000001,0.00452744,0.03815642,0.01400000,0.76372992,0.25322360,0.81979416
249.58999991,0.00575431,0.03358776,0.01200000,0.74519673,0.24435288,0.78363712
249.69000006,0.00745836,0.02856944,0.02200000,0.77933795,0.24067903,0.85266675
249.78999996,0.00959955,0.03024779,0.02700000,0.81228715,0.23837096,0.83643759
249.89000010,0.00533882,0.03493189,0.02600000,0.83747134,0.24637021,0.85276312
249.99000001,0.00263962,0.03389222,0.02600000,0.83370345,0.24203950,0.84949195
250.08999991,0.00251524,0.03170258,0.02300000,0.85600908,0.24150026,0.84717069
250.19000006,0.00388825,0.03179263,0.01900000,0.85138219,0.24311510,0.82671031
250.28999996,0.00333551,0.03157728,0.01400000,0.82675264,0.24454485,0.81583713
250.39000010,0.01051730,0.02916756,0.01200000,0.81795651,0.24132390,0.76488907
250.49000001,0.01027962,0.02518987,0.00400000,0.83959497,0.23616474,0.78239432
250.58999991,0.00133640,0.02785954,0.00000000,0.86206892,0.24451288,0.77745051
250.69000006,0.01069841,0.02492316,0.00100000,0.86963040,0.24144568,0.76899189
250.78999996,0.00458118,0.02529630,0.01300000,0.86258864,0.24573374,0.77347984
250.89000010,0.00689918,0.02232311,0.01400000,0.86725365,0.22888585,0.78562351
250.99000001,0.00702812,0.02311829,0.00600000,0.81641299,0.22659358,0.74552525
251.08999991,0.00580226,0.02026262,0.00200000,0.82111505,0.22286089,0.73165828
251.19000006,0.01519162,0.02181318,0.00500000,0.80707909,0.23222080,0.67969664
251.28999996,0.02643186,0.02179465,0.01300000,0.89555246,0.22623441,0.70920299
251.39000010,0.01761807,0.01969908,0.00500000,0.86212778,0.22028662,0.69610237
251.49000001,0.02626344,0.02098169,0.00000000,0.85140356,0.22027118,0.72135308
251.58999991,0.03262052,0.02131436,0.00100000,0.85126216,0.21830239,0.74700832
251.69000006,0.03162720,0.02704293,0.00200000,0.85056597,0.21905590,0.74378130
251.78999996,0.03099099,0.03457410,0.00900000,0.84390609,0.24657507,0.74760048
251.89000010,0.03509359,0.03545321,0.00890000,0.85591474,0.25337581,0.73482605
251.99099994,0.02622244,0.02965188,0.01500000,0.82898271,0.23510514,0.75697582
252.09100008,0.03480900,0.02407849,0.01400000,0.84153500,0.22882241,0.76171403
252.19099998,0.03641652,0.02516758,0.01700000,0.84704070,0.22780038,0.76533583
252.29100013,0.02747276,0.02722090,0.01800000,0.85811338,0.22550096,0.75136939
252.39100003,0.01819017,0.03091792,0.01900000,0.78470987,0.24162136,0.74291790
252.49099994,0.02164526,0.03150814,0.01000000,0.78626742,0.24298747,0.68561424
252.59100008,0.02970766,0.03094939,0.00800000,0.81138587,0.24479178,0.64889568
252.69099998,0.03267693,0.03000696,0.00600000,0.82137273,0.24399354,0.63270905
252.79100013,0.02787227,0.03144291,0.00500000,0.81603982,0.24462510,0.61621420
252.89100003,0.01247534,0.03323817,0.00300000,0.76539174,0.25001842,0.61674223
252.99099994,0.01918372,0.03566952,0.00900000,0.78972451,0.24630122,0.59659101
253.09100008,0.01311390,0.03169788,0.00300000,0.76437342,0.24576952,0.59512878
253.19099998,0.00333320,0.03198343,0.00100000,0.74940451,0.23601563,0.62327076
253.29100013,0.01091403,0.02697877,0.00100000,0.77479099,0.22907276,0.60986096
253.39100003,0.01301715,0.02477163,0.00900000,0.77627438,0.22807795,0.61642982
253.49099994,0.02292426,0.01826494,0.00890000,0.76490680,0.20538407,0.65475697
253.59100008,0.01252624,0.01938926,0.00500000,0.75138593,0.20800130,0.65504685
253.69099998,0.01334977,0.01821630,0.00500000,0.74837550,0.20867276,0.65515836
253.79100013,0.00554695,0.02376891,0.01200000,0.76951906,0.23351387,0.65315456
253.89100003,0.01465000,0.02629596,0.01900000,0.79278825,0.22914982,0.64820058
253.99099994,0.00482737,0.02145755,0.02200000,0.77546463,0.22828935,0.68361192
254.09100008,0.00500728,0.02099064,0.02400000,0.80292628,0.23186850,0.70234504
254.19099998,0.00971552,0.01765697,0.02000000,0.79836400,0.21895913,0.66211105
254.29100013,0.01376830,0.01635463,0.01300000,0.79796248,0.20283333,0.70235634
254.39100003,0.03487350,0.01780700,0.01200000,0.82799404,0.20241791,0.69323690
254.49099994,0.04002144,0.01702981,0.01100000,0.83594129,0.19712759,0.69409421
254.59100008,0.04540878,0.01571918,0.01100000,0.83273293,0.20100905,0.68553349
254.69099998,0.03887073,0.01232218,0.01100000,0.82460834,0.19950443,0.68084153
254.79100013,0.05376497,0.01310831,0.00800000,0.83069874,0.20076934,0.68830319
254.89199996,0.05906428,0.01090006,0.00900000,0.82506578,0.19607380,0.68588272
254.99200010,0.03557453,0.00995102,0.00200000,0.81224233,0.18645084,0.69509514
255.09200001,0.02484550,0.00850419,0.00400000,0.76565397,0.18357391,0.70677220
255.19199991,0.03286145,0.00258939,0.01500000,0.82735087,0.17813034,0.71441529
255.29200006,0.03074591,0.00069919,0.01500000,0.81129540,0.16952562,0.69952621
255.39199996,0.02206241,0.00427202,0.01900000,0.75236888,0.18164573,0.71935428
255.49200010,0.02077619,0.01002247,0.02500000,0.75314034,0.19119137,0.78325472
255.59200001,0.03659652,0.00595942,0.02800000,0.81320895,0.18148796,0.78643075
255.69199991,0.04483152,0.00527871,0.03600000,0.81663956,0.18293634,0.79480658
255.79200006,0.02603673,0.00609335,0.03900000,0.79946111,0.18518752,0.78326550
255.89199996,0.02706984,0.00407480,0.04100000,0.78411057,0.18818941,0.79289785
255.99200010,0.02148926,0.00573251,0.04090000,0.73185870,0.18388714,0.79729441
256.09200001,0.01943138,0.00514506,0.04100000,0.71308201,0.18136842,0.80649395
256.19199991,0.02227186,0.00199103,0.04300000,0.72173651,0.17511345,0.84231314
256.29200006,0.02455840,0.00152807,0.04400000,0.73553644,0.17698470,0.81817765
256.39199996,0.02101383,0.00399862,0.04400000,0.70002439,0.17782802,0.85013421
256.49200010,0.02069181,0.00756697,0.04700000,0.72102400,0.18482727,0.85869685
256.59200001,0.02197564,0.00674991,0.04100000,0.75395234,0.18364871,0.83507237
256.69199991,0.02093314,0.00684133,0.03000000,0.74617486,0.18033497,0.80640571
256.79200006,0.02500215,0.00406727,0.02000000,0.74039684,0.17034218,0.73991149
256.89199996,0.02544688,0.00164514,0.02000000,0.72375658,0.16278297,0.74481290
256.99200010,0.02372855,0.01015509,0.02700000,0.72027010,0.17703268,0.80558773
257.09200001,0.01848479,0.01542992,0.02600000,0.71646540,0.20129745,0.77880221
257.19199991,0.01265716,0.00547048,0.02600000,0.72013657,0.17536576,0.79390774
257.29200006,0.01228277,0.00561992,0.02600000,0.72721430,0.17092382,0.79257166
257.39199996,0.01683251,0.00351946,0.02400000,0.74505201,0.17752075,0.77069784
257.49200010,0.01489752,0.01779955,0.01200000,0.75429722,0.20103954,0.71707215
257.59200001,0.01688929,0.02013261,0.01200000,0.74880756,0.20229554,0.74076957
257.69199991,0.01373028,0.02255303,0.01100000,0.77327364,0.19809406,0.74984397
257.79299998,0.00965977,0.01759144,0.01300000,0.77473945,0.19107449,0.74367051
257.89300013,0.01460083,0.01212500,0.01300000,0.80646489,0.18823361,0.74363867
257.99300003,0.01261233,0.01558682,0.00900000,0.79817994,0.19166465,0.76771845
258.09299994,0.00639354,0.01665421,0.01400000,0.77231135,0.20084379,0.79017739
258.19300008,0.01674240,0.01874599,0.01400000,0.78845203,0.20708188,0.77938418
258.29299998,0.01594448,0.02025398,0.01000000,0.78977580,0.20803038,0.78003289
258.39300013,0.01207915,0.01198725,0.00800000,0.80543093,0.19695359,0.77297978
258.49300003,0.00672544,0.00754509,0.00100000,0.78966653,0.17246839,0.76903669
258.59299994,0.01537288,0.01207702,0.00300000,0.80052426,0.18405932,0.79491855
258.69300008,0.00230443,0.01204573,0.00600000,0.77893731,0.18600501,0.79823557
258.79299998,0.01848940,0.00871734,0.00400000,0.80840333,0.16437959,0.79591396
258.89300013,0.02193518,0.00931762,0.00600000,0.85995456,0.16138332,0.81886237
258.99300003,0.01000686,0.00482004,0.00400000,0.80647868,0.14642655,0.78604210
259.09299994,0.01253418,0.00470152,0.00300000,0.78638288,0.14881944,0.77981164
259.19300008,0.01431246,0.00487889,0.00200000,0.76360787,0.15387023,0.77129834
259.29299998,0.02367272,0.00331246,0.00100000,0.83174418,0.15906644,0.76702466
259.39300013,0.01069755,0.00413551,0.00900000,0.74488931,0.16256789,0.74699234
259.49300003,0.01791138,0.00340479,0.00400000,0.77061318,0.16028559,0.74483423
259.59299994,0.02283601,0.00312514,0.00400000,0.79042363,0.15033348,0.76619787
259.69300008,0.02135732,0.00627733,0.00400000,0.72924685,0.15299449,0.77916045
259.79299998,0.02122548,0.00484759,0.01300000,0.74559574,0.15849418,0.79838943
259.89300013,0.02416678,0.00417453,0.01300000,0.78572321,0.16089392,0.79754020
259.99300003,0.01342152,0.00239852,0.00900000,0.72294744,0.15348814,0.79081477
260.09299994,0.01358331,0.00224360,0.00090000,0.73033529,0.15114405,0.78405360
260.19300008,0.01957884,0.00191806,0.01400000,0.73327604,0.15034982,0.85958481
260.29299998,0.01433900,0.00419681,0.00700000,0.75210812,0.15929365,0.80248772
260.39300013,0.00951074,0.01027063,0.01100000,0.70551686,0.16786263,0.82071958
260.49300003,0.01431983,0.00883644,0.00200000,0.68396003,0.16528541,0.79692607
260.59400010,0.01842948,0.00638469,0.01400000,0.69646157,0.16953090,0.86130248
260.69400001,0.02470649,0.00727800,0.00200000,0.70151575,0.17308093,0.77132811
260.79399991,0.01396224,0.00927124,0.02000000,0.67048614,0.17412230,0.81809885
260.89400005,0.01632314,0.01127808,0.02100000,0.66256144,0.19014645,0.80602037
260.99399996,0.01333533,0.01102266,0.02300000,0.64466577,0.19175817,0.81438304
261.09400010,0.02136382,0.00562023,0.01900000,0.66120471,0.18253309,0.79426047
261.19400001,0.01797173,0.00617309,0.01600000,0.65653099,0.17841904,0.77619647
261.29399991,0.01799620,0.00669453,0.02200000,0.63454022,0.17850210,0.79065845
261.39400005,0.02033635,0.00846422,0.02200000,0.64371803,0.20032529,0.78953592
261.49399996,0.01523484,0.01055224,0.01500000,0.64596483,0.20843282,0.75808303
261.59400010,0.01011276,0.01242224,0.00500000,0.63413250,0.20301117,0.73716601
261.69400001,0.01091404,0.01407280,0.00400000,0.64015699,0.20887909,0.71284222
261.79399991,0.01950044,0.01232854,0.00400000,0.64445489,0.20971652,0.72294592
261.89400005,0.02499792,0.00639407,0.00500000,0.65086068,0.19835092,0.71105067
261.99399996,0.01116825,0.00562051,0.00500000,0.63340896,0.20578005,0.71949726
262.09400010,0.01718987,0.00324937,0.00700000,0.63868711,0.21052203,0.73877260
262.19400001,0.02621738,0.00281935,0.00700000,0.66596265,0.20546965,0.75282788
262.29399991,0.03051814,0.00438441,0.00900000,0.74828813,0.20917783,0.75771253
262.39400005,0.03213500,0.01173848,0.00900000,0.73512760,0.22596477,0.74293731
262.49399996,0.04951616,0.00982855,0.01000000,0.76973482,0.22672754,0.75247066
262.59400010,0.06274631,0.00643430,0.01400000,0.78616383,0.21412020,0.74112151
262.69400001,0.04804511,0.00720539,0.01800000,0.78868828,0.22203128,0.70029723
262.79399991,0.02449566,0.00640724,0.01500000,0.71163654,0.22709256,0.69664043
262.89400005,0.04312769,0.00254991,0.01700000,0.77278299,0.22765206,0.71399114
262.99399996,0.05460752,0.00200957,0.01400000,0.78310315,0.22397752,0.73838148
263.09400010,0.02576404,0.00816419,0.02200000,0.70630271,0.23448123,0.78958030
263.19400001,0.02870270,0.00844838,0.02800000,0.76606616,0.22968193,0.80076079
263.29399991,0.02812347,0.01478346,0.01800000,0.72011010,0.24008217,0.73087852
263.39400005,0.02992620,0.01417753,0.01800000,0.75992660,0.23770096,0.73873438
263.49500012,0.04408421,0.00756520,0.02790000,0.84117795,0.22296023,0.79008551
263.59500003,0.05504192,0.00714893,0.03900000,0.86168574,0.22369409,0.83572315
263.69499993,0.04585847,0.00131171,0.03900000,0.84772345,0.21118894,0.81968066
263.79500008,0.03430245,0.00070853,0.01000000,0.84560657,0.21756237,0.77503727
263.89499998,0.03317918,0.00020459,0.01000000,0.85992483,0.22120339,0.77993258
263.99500012,0.04291161,0.00498337,0.02500000,0.90455783,0.22358632,0.83923655
264.09500003,0.04317864,0.00438807,0.02400000,0.88778972,0.22510036,0.82160076
264.19499993,0.02789039,0.00391741,0.02800000,0.89142782,0.21258583,0.84063862
264.29500008,0.02293607,0.00019172,0.02700000,0.84700235,0.21355780,0.80742014
264.39499998,0.02530934,0.00013132,0.03300000,0.85700591,0.21149867,0.82212259
264.49500012,0.02828395,0.00944819,0.02200000,0.89349278,0.21866984,0.81236715
264.59500003,0.02691970,0.01176350,0.01100000,0.82492545,0.23026989,0.76854719
264.69499993,0.02145480,0.00756186,0.01500000,0.82705276,0.21477731,0.78535685
264.79500008,0.01358628,0.00620105,0.01700000,0.79982899,0.21228960,0.77290094
264.89499998,0.01787410,0.00735707,0.01500000,0.80811353,0.21906811,0.77542120
264.99500012,0.01840549,0.00849518,0.01500000,0.79228825,0.21721967,0.75855616
265.09500003,0.00960703,0.00202605,0.01400000,0.77235888,0.21038919,0.70537866
265.19499993,0.00242033,0.00343831,0.01900000,0.75426097,0.21610535,0.71321656
265.29500008,0.00992646,0.00442553,0.01600000,0.73432258,0.22167355,0.71410781
265.39499998,0.01495373,0.00997927,0.01500000,0.72749578,0.22352768,0.70494459
265.49500012,0.00786009,0.01227677,0.01400000,0.72824402,0.22491598,0.67604292
265.59500003,0.00373812,0.00703040,0.01500000,0.70562853,0.22203561,0.70539868
265.69499993,0.01319751,0.00869630,0.02400000,0.70692451,0.23010731,0.75984858
265.79500008,0.00788941,0.01645166,0.02600000,0.65814805,0.25194848,0.75716852
265.89499998,0.00598571,0.01627579,0.02700000,0.68092672,0.25376657,0.75184638
265.99500012,0.02507341,0.01763446,0.01600000,0.74084099,0.25041962,0.69129290
266.09500003,0.01238528,0.01603293,0.01210000,0.67629291,0.23572900,0.67583773
266.19499993,0.01172730,0.01679287,0.01300000,0.70394830,0.23764867,0.67653775
266.29600000,0.01234895,0.01688293,0.01200000,0.70298387,0.24386455,0.68404758
266.39599991,0.01045340,0.01803154,0.01800000,0.72388846,0.24629686,0.68868204
266.49600005,0.01569196,0.01529746,0.01400000,0.71568644,0.24525240,0.67536722
266.59599996,0.01884109,0.02040376,0.00100000,0.67857830,0.26195189,0.64205284
266.69600010,0.02109190,0.02768504,0.01200000,0.72248548,0.27085665,0.59306427
266.79600000,0.01290938,0.03008717,0.00500000,0.67151586,0.27714059,0.61207966
266.89599991,0.00468160,0.00410885,0.01000000,0.65095379,0.23330774,0.62340173
266.99600005,0.00566186,0.00066585,0.00800000,0.62692244,0.22831349,0.60505331
267.09599996,0.01233841,0.01026711,0.01100000,0.62325657,0.23662555,0.61920119
267.19600010,0.02242064,0.02360455,0.01700000,0.69363586,0.24313500,0.65066656
267.29600000,0.01783535,0.01144116,0.00300000,0.67566811,0.23323641,0.63733235
267.39599991,0.00905114,0.00430777,0.01310000,0.63147171,0.22377617,0.67047637
267.49600005,0.00755071,0.01637794,0.01700000,0.64684522,0.23969419,0.68003983
267.59599996,0.01052560,0.01499705,0.02000000,0.63445952,0.23425055,0.74243353
267.69600010,0.00191011,0.00793420,0.03800000,0.63717436,0.22705607,0.75196324
267.79600000,0.00486202,0.01156117,0.03400000,0.65099681,0.23802918,0.72106538
267.89599991,0.00504223,0.00881453,0.02800000,0.66827698,0.23551061,0.72481863
267.99600005,0.00268205,0.01250706,0.03200000,0.66654531,0.23455599,0.70292896
268.09599996,0.00428296,0.02612635,0.04000000,0.66108915,0.24988100,0.74622045
268.19600010,0.00449389,0.02725610,0.04200000,0.64980618,0.24230924,0.77956726
268.29600000,0.00682542,0.02339901,0.02600000,0.67272039,0.22846438,0.75699332
268.39599991,0.00772557,0.02104200,0.02100000,0.68712416,0.23030941,0.72985029
268.49600005,0.00541892,0.02215029,0.02400000,0.68835492,0.23249922,0.70634578
268.59599996,0.00057334,0.02589848,0.01400000,0.67813562,0.23330012,0.66308161
268.69600010,0.00181161,0.03340297,0.01200000,0.68454159,0.23330026,0.61763761
268.79600000,0.00367442,0.03964982,0.01200000,0.70085793,0.22908460,0.61623732
268.89599991,0.00354576,0.04264361,0.01100000,0.74802214,0.22871962,0.63390715
268.99600005,0.02391376,0.04102892,0.01500000,0.81161980,0.22332318,0.62520190
269.09599996,0.03233914,0.03684536,0.01190000,0.82223201,0.21976206,0.61332053
269.19600010,0.02100397,0.05126874,0.00400000,0.80386759,0.25891497,0.60045502
269.29600000,0.02292410,0.05513634,0.00400000,0.80017289,0.26637820,0.60017033
269.39700007,0.03491453,0.03693502,0.01500000,0.78269555,0.23046328,0.58158490
269.49699998,0.03613208,0.03078900,0.01200000,0.76584681,0.23158587,0.61388559
269.59700012,0.02369824,0.02373043,0.00900000,0.75056042,0.22871484,0.61075329
269.69700003,0.02604181,0.02540559,0.01000000,0.76259632,0.22607817,0.64498080
269.79699993,0.01764830,0.04228023,0.00700000,0.72814291,0.24080766,0.68090885
269.89700007,0.01849941,0.04398888,0.00900000,0.71439859,0.24657619,0.66667519
269.99699998,0.00538092,0.04562078,0.02110000,0.71063664,0.26399861,0.69111100
270.09700012,0.00041443,0.03220727,0.00700000,0.73179328,0.24297124,0.68530991
270.19700003,0.00567277,0.03639587,0.00500000,0.70769436,0.25413534,0.70249709
270.29699993,0.00612684,0.03890504,0.00600000,0.70848930,0.26074601,0.69133593
270.39700007,0.00807361,0.04384229,0.00900000,0.70466162,0.26696964,0.67210531
270.49699998,0.00905115,0.06363958,0.01900000,0.69958406,0.29875493,0.68245469
270.59700012,0.00693378,0.07349124,0.01700000,0.66782832,0.30051445,0.69684809
270.69700003,0.01269767,0.07243914,0.01100000,0.69870348,0.30491783,0.67143944
270.79699993,0.01108331,0.07061416,0.00800000,0.70172824,0.30713711,0.65439301
270.89700007,0.01155736,0.06700505,0.00200000,0.67298612,0.30539329,0.68227402
270.99699998,0.00553652,0.07201803,0.03100000,0.65064431,0.31147375,0.70861363
271.09700012,0.00216460,0.08093488,0.03500000,0.63913518,0.32682914,0.72000980
271.19700003,0.00477594,0.08790819,0.01100000,0.63728522,0.33826017,0.68803514
271.29699993,0.00633860,0.08313256,0.01100000,0.66452700,0.33221874,0.71601478
271.39700007,0.00094073,0.07919959,0.00810000,0.66107449,0.33131675,0.74464557
271.49699998,0.00502492,0.08188162,0.01010000,0.68427913,0.33228333,0.74068839
271.59700012,0.00780759,0.09246887,0.01400000,0.67103089,0.34551092,0.77263702
271.69700003,0.00437479,0.09775930,0.01400000,0.68320333,0.36022155,0.78930704
271.79699993,0.00921491,0.10222884,0.00700000,0.69782246,0.36994959,0.81877238
271.89700007,0.06351038,0.04521816,0.11000000,0.79288615,0.29448514,0.92494193
271.99799991,0.06201204,0.03599663,0.12700000,0.78971900,0.26553394,0.93779433
272.09800005,0.05903057,0.03530286,0.14600000,0.79328728,0.26109849,0.99777490
272.19799995,0.06262199,0.03012801,0.16000000,0.79842386,0.25413891,0.99475779
272.29800010,0.06695119,0.03320448,0.16400000,0.80665593,0.24695177,0.99612622
272.39800000,0.07870024,0.01326544,0.15300000,0.82079095,0.22678738,0.99428341
272.49799991,0.07993607,0.00505907,0.16300000,0.82626467,0.22370876,1.00943464
272.59800005,0.07249105,0.00151602,0.16300000,0.83765431,0.21550791,0.98095539
272.69799995,0.06660154,0.00189596,0.16100000,0.84199932,0.20792782,1.00314375
272.79800010,0.05901042,0.00083073,0.15900000,0.84409559,0.20688710,0.97566387
272.89800000,0.04911741,0.00863480,0.17500000,0.77290927,0.21669459,1.02877577
272.99799991,0.04011449,0.01057485,0.18300000,0.76537629,0.20822527,1.03835426
273.09800005,0.03339217,0.01099195,0.18200000,0.75075422,0.21989633,1.02482247
273.19799995,0.03481362,0.01089366,0.16200000,0.74917999,0.21798174,0.95052662
273.29800010,0.04296359,0.00618549,0.16300000,0.76294765,0.21150778,0.91654414
273.39800000,0.04879645,0.00293190,0.16400000,0.75890206,0.20436047,0.89460491
273.49799991,0.05031006,0.01077720,0.20000000,0.78725905,0.21425954,0.94735131
273.59800005,0.03090401,0.01025632,0.20900000,0.76416846,0.20929394,0.92610113
273.69799995,0.02774307,0.01920890,0.20200000,0.77998313,0.22590297,0.84202474
273.79800010,0.03538624,0.01547463,0.20700000,0.77602362,0.22271405,0.83661920
273.89800000,0.03439716,0.01281466,0.22200000,0.76406247,0.22238757,0.88247093
273.99799991,0.01768908,0.00391744,0.21500000,0.76205769,0.21086553,0.81768248
274.09800005,0.01734564,0.00183810,0.20500000,0.78040034,0.20500903,0.79834588
274.19799995,0.04012893,0.00296801,0.22500000,0.80834727,0.20636825,0.81851381
274.29800010,0.03680949,0.00127732,0.22500000,0.81520669,0.20365886,0.83865622
274.39800000,0.03729553,0.00270614,0.23800000,0.80905144,0.20086605,0.82128228
274.49799991,0.03428336,0.00438420,0.23500000,0.78390666,0.20132053,0.77089911
274.59800005,0.03042674,0.02073194,0.23900000,0.76790605,0.21379357,0.80974360
274.69799995,0.03441438,0.03456950,0.23300000,0.76762776,0.23337263,0.78648371
274.79800010,0.04795727,0.03499643,0.24000000,0.77449032,0.22880735,0.78446147
274.89899993,0.04818901,0.03616158,0.24400000,0.76381196,0.23001814,0.78056851
274.99900007,0.06623782,0.12140182,0.24210000,0.77271971,0.35066785,0.76779837
275.09899998,0.07943617,0.04148246,0.24000000,0.76401050,0.24583735,0.79615617
275.19900012,0.08319048,0.13069306,0.24100000,0.76506844,0.37906467,0.81426215
275.29900002,0.08713105,0.13219282,0.24400000,0.75066564,0.38344715,0.83594520
275.39899993,0.07027022,0.04365016,0.24600000,0.77327050,0.25758476,0.82310856
275.49900007,0.08854781,0.14520429,0.23700000,0.78051855,0.41365893,0.79766962
275.59899998,0.10871487,0.06121093,0.23300000,0.80958585,0.28003542,0.82203054
275.69900012,0.11352786,0.15040849,0.24000000,0.80761743,0.43047565,0.83985861
275.79900002,0.12248656,0.14858379,0.24000000,0.81072064,0.43025395,0.79136128
275.89899993,0.12994613,0.06741198,0.24100000,0.81212532,0.29636986,0.76355397
275.99900007,0.13637457,0.14705011,0.25100000,0.81393312,0.42402075,0.76793757
276.09899998,0.14590508,0.06212050,0.24900000,0.86355445,0.29693649,0.76521203
276.19900012,0.15053327,0.14009791,0.25610000,0.88337899,0.41469799,0.74954533
276.29900002,0.15389074,0.13690887,0.25100000,0.85720870,0.40438383,0.76706471
276.39899993,0.15372711,0.02747501,0.27300000,0.82185371,0.25816406,0.80862752
276.49900007,0.15466482,0.11569842,0.26000000,0.82342320,0.35729855,0.82047638
276.59899998,0.15814878,0.02078492,0.26200000,0.81122160,0.24706084,0.86456069
276.69900012,0.16013418,0.10847305,0.26400000,0.83108360,0.34272278,0.89666465
276.79900002,0.15840614,0.10205168,0.27000000,0.84103055,0.32794266,0.92362760
276.89899993,0.16370893,0.01522491,0.26000000,0.82679554,0.23111902,0.93280829
276.99900007,0.16471433,0.09599562,0.26200000,0.81226541,0.31661751,0.96554119
277.09899998,0.16248859,0.00520168,0.25100000,0.84002108,0.21993085,0.96979602
277.19900012,0.17560975,0.09027046,0.25400000,0.83916660,0.29842959,0.98085738
277.29900002,0.16745397,0.08633833,0.24700000,0.86048027,0.28687788,0.97063666
277.39899993,0.17674767,0.01041689,0.25600000,0.85435649,0.22015802,0.95235822
277.49900007,0.17713510,0.07126014,0.25800000,0.88094572,0.27883418,0.96286350
277.59899998,0.17024984,0.01493429,0.27600000,0.89514077,0.22782052,1.00061546
277.70000005,0.18899537,0.07122866,0.27600000,0.93447481,0.27936567,0.98167811
277.79999995,0.19121259,0.07032159,0.27500000,0.96408515,0.27779200,1.02858962
277.90000010,0.19451429,0.06630333,0.26800000,0.96448906,0.27473901,1.00649967
278.00000000,0.18779622,0.06643817,0.27200000,0.97861024,0.27390564,0.98758337
278.09999990,0.18949164,0.06340124,0.27300000,0.99462639,0.27566494,0.99184889
278.20000005,0.17900421,0.07640382,0.29310000,1.01382061,0.28353144,0.96495259
278.29999995,0.18105806,0.06026797,0.29010000,0.99494329,0.26874964,0.93246902
278.40000010,0.17993384,0.05563177,0.29000000,1.01598391,0.26616310,0.92136832
278.50000000,0.19109141,0.06129375,0.31000000,1.00719806,0.26278555,0.95390217
278.59999990,0.19812791,0.06810632,0.32800000,1.01177501,0.26470290,0.99417784
278.70000005,0.18121034,0.08235012,0.30800000,0.98276442,0.26734096,0.95003066
278.79999995,0.19265418,0.09135654,0.37000000,0.99431144,0.27470580,1.01861004
278.90000010,0.19551376,0.08804443,0.37800000,1.00688890,0.27368121,1.07246811
279.00000000,0.22078009,0.07158939,0.32700000,1.01589754,0.26013579,1.03011719
279.09999990,0.23283101,0.09400303,0.34800000,1.03329406,0.27385412,1.05995380
279.20000005,0.23527573,0.08570677,0.34800000,1.04030141,0.27088242,1.05601011
279.29999995,0.24028277,0.08802845,0.35000000,1.06386693,0.26554481,1.06822258
279.40000010,0.24208630,0.08545645,0.34800000,1.10326130,0.26417776,1.08882082
279.50000000,0.23992218,0.09702291,0.37000000,1.09987640,0.27439448,1.13500621
279.59999990,0.24272063,0.11025418,0.38600000,1.09592012,0.29255434,1.15348073
279.70000005,0.24438892,0.11163077,0.38900000,1.09537165,0.28968062,1.13375182
279.79999995,0.24412877,0.11528241,0.37200000,1.08766222,0.29860360,1.10501384
279.90000010,0.24461626,0.11584897,0.36900000,1.08031395,0.29711969,1.10280737
280.00000000,0.24905051,0.12727341,0.39400000,1.11290425,0.31991078,1.14430832
280.09999990,0.25346425,0.13121129,0.41000000,1.12231895,0.31840538,1.14883393
280.20000005,0.25486239,0.13157318,0.40500000,1.08555291,0.32175016,1.10740436
280.29999995,0.26063377,0.12877022,0.42100000,1.08085125,0.30899316,1.13491327
280.40000010,0.25543013,0.12496443,0.42200000,1.07059123,0.30946505,1.15133351
280.50000000,0.25584365,0.12434772,0.42200000,1.08400860,0.31360221,1.14137225
280.60100007,0.25502892,0.13005025,0.43900000,1.07462918,0.31752916,1.15289773
280.70099998,0.25562979,0.13086410,0.44000000,1.07838326,0.32325168,1.18112662
280.80100012,0.26298904,0.13070537,0.44100000,1.07484696,0.32565860,1.17333263
280.90100002,0.25301600,0.14327818,0.43900000,1.05732277,0.34855540,1.16234711
281.00099993,0.25104598,0.15256319,0.43500000,1.05018563,0.36428477,1.16176190
281.10100007,0.24717030,0.15277873,0.45000000,1.03254246,0.36902864,1.21679593
281.20099998,0.24502534,0.15385303,0.46000000,1.01777294,0.37071775,1.22175540
281.30100012,0.24244275,0.14721958,0.44900000,1.00614493,0.36674083,1.23665229
281.40100002,0.24290457,0.14665435,0.44400000,1.02793953,0.36442382,1.25960439
281.50099993,0.23965984,0.15785694,0.44000000,0.99986597,0.38262856,1.26536363
281.60100007,0.23727529,0.16400943,0.44100000,1.01887057,0.39389964,1.25093149
281.70099998,0.23506825,0.16629438,0.44300000,1.02934089,0.40530156,1.23377989
281.80100012,0.23618803,0.13095447,0.40900000,1.03058071,0.35901598,1.21972991
281.90100002,0.23638814,0.14012900,0.41000000,1.03247915,0.36349755,1.19799011
282.00099993,0.23388279,0.13894482,0.40600000,1.03051926,0.35913050,1.18308096
282.10100007,0.22841071,0.12844519,0.41700000,1.03023908,0.34948130,1.19655647
282.20099998,0.24039307,0.13570605,0.43900000,1.05401740,0.36258829,1.22738002
282.30100012,0.23815889,0.13599721,0.44100000,1.06189238,0.35737678,1.22455319
282.40100002,0.22961709,0.12902291,0.43200000,1.04987762,0.34735317,1.22996284
282.50099993,0.23243592,0.13450545,0.44600000,1.02970160,0.35018038,1.22276646
282.60100007,0.23489646,0.13233350,0.43810000,1.01128256,0.34931724,1.18117060
282.70099998,0.24142272,0.12193167,0.44010000,1.03276429,0.33684603,1.16564584
282.80100012,0.23649291,0.11252570,0.44210000,1.02406961,0.33496260,1.17921307
282.90100002,0.23501746,0.10957958,0.43910000,1.01653188,0.32590549,1.19055616
283.00099993,0.23366899,0.10386073,0.41510000,1.01157678,0.32394731,1.13402568
283.10100007,0.23038120,0.10063111,0.41100000,0.98548349,0.32209732,1.10747684
283.20099998,0.23131924,0.10247976,0.42100000,0.97481644,0.32952212,1.13511380
283.30100012,0.22969597,0.10020219,0.42000000,0.96714510,0.32254393,1.14932097
283.40100002,0.22240654,0.11228705,0.41600000,0.99089108,0.33275416,1.14086805
283.50200009,0.22444889,0.12297534,0.42100000,0.96404314,0.34113270,1.12632813
283.60200000,0.23753993,0.12473364,0.42200000,0.97677619,0.33948990,1.13693697
283.70199990,0.23645150,0.12591731,0.42300000,0.95714047,0.34929608,1.14256185
283.80200005,0.23596305,0.12258695,0.42100000,0.94486990,0.33756918,1.11099973
283.90199995,0.23541328,0.12240043,0.42100000,0.93022109,0.34084856,1.11475927
284.00200009,0.25421700,0.14034527,0.43710000,0.94091679,0.37211374,1.11433211
284.10200000,0.25592587,0.13412560,0.42710000,0.94882024,0.36554718,1.12704366
284.20199990,0.25161446,0.12565207,0.41510000,0.97861311,0.34162423,1.06677766
284.30200005,0.25305250,0.11276734,0.40910000,0.95884434,0.33363297,1.06515945
284.40199995,0.24027680,0.10348926,0.41410000,0.94473755,0.32716875,1.05980591
284.50200009,0.24905442,0.10984109,0.42010000,0.95527687,0.34153900,1.07108607
284.60200000,0.24820413,0.09356769,0.41100000,0.95808801,0.32004089,1.04964311
284.70199990,0.25163817,0.08552713,0.41300000,0.96563568,0.30894736,1.06945532
284.80200005,0.24971087,0.07803807,0.41300000,0.95027828,0.29499667,1.08225955
284.90199995,0.25145746,0.08729609,0.41400000,0.98120841,0.30438739,1.05845706
285.00200009,0.25158587,0.10106650,0.39900000,0.96506946,0.31485975,1.07536426
285.10200000,0.25496872,0.10278878,0.39000000,0.96673245,0.31994211,1.03881196
285.20199990,0.25244200,0.09845829,0.38900000,0.95697396,0.31848952,1.03672293
285.30200005,0.24989229,0.09655683,0.38400000,0.95106841,0.31123129,1.02517723
285.40199995,0.24815708,0.10512085,0.38500000,0.92280802,0.31282608,1.01736880
285.50200009,0.24679143,0.10394634,0.38210000,0.94883505,0.30940615,1.04452343
285.60200000,0.25527835,0.09529980,0.38210000,0.97854134,0.30632810,1.04496620
285.70199990,0.25465707,0.09315684,0.37800000,1.01613461,0.30944498,1.04635478
285.80200005,0.23724048,0.07361981,0.35500000,0.99991685,0.29296613,1.03278957
285.90199995,0.23465349,0.07081920,0.35100000,1.00925636,0.28305535,1.04304829
286.00200009,0.25376751,0.06719898,0.34900000,1.05007286,0.28252807,1.04466107
286.10200000,0.25160596,0.06431609,0.34400000,1.04753568,0.28290695,1.06138623
286.20199990,0.23856132,0.05258240,0.34610000,1.04502854,0.27257355,1.05506174
286.30299997,0.24034651,0.05629826,0.35500000,1.07269474,0.26910303,1.06447061
286.40300012,0.24115614,0.05776785,0.35300000,1.08688000,0.27829574,1.08450038
286.50300002,0.26168654,0.06928676,0.35800000,1.05831802,0.29174990,1.07113653
286.60299993,0.26362920,0.06913166,0.35200000,1.08514909,0.29678715,1.06861112
286.70300007,0.26009926,0.07247170,0.35700000,1.07056294,0.29780831,1.05976921
286.80299997,0.25431013,0.06588935,0.36700000,1.08352080,0.28557899,1.06820110
286.90300012,0.25118288,0.06594908,0.36600000,1.07715363,0.29440439,1.06836407
287.00300002,0.25098714,0.06702326,0.35400000,1.07269558,0.29609084,1.05535736
287.10299993,0.25306585,0.06885430,0.35500000,1.08178843,0.29556570,1.05700190
287.20300007,0.24439648,0.07528142,0.35410000,1.07075308,0.29985340,1.05710039
287.30299997,0.24069787,0.07729570,0.35300000,1.02180589,0.30371195,1.08454111
287.40300012,0.23635977,0.07641669,0.35200000,1.06037376,0.30044326,1.06653742
287.50300002,0.23746955,0.08100564,0.34800000,1.07371645,0.30691980,1.06507407
287.60299993,0.23370768,0.08026219,0.34610000,1.05375342,0.29979065,1.03920307
287.70300007,0.22994544,0.07920792,0.33300000,1.07524869,0.30067452,1.04190923
287.80299997,0.22716797,0.07805103,0.32400000,1.04243838,0.31373798,1.02442080
287.90300012,0.22303677,0.07870996,0.32100000,1.04879044,0.31726232,1.02548275
288.00300002,0.22027038,0.07627752,0.31510000,1.02597972,0.31145055,1.03028901
288.10299993,0.22039319,0.07064305,0.30600000,1.05173779,0.31038776,0.99402967
288.20300007,0.21667627,0.07101574,0.30700000,1.06178304,0.30410602,1.00417898
288.30299997,0.21570969,0.07230173,0.30900000,1.09102463,0.30267162,1.03037706
288.40300012,0.21006955,0.07395480,0.30800000,1.08700784,0.30996628,1.03159693
288.50300002,0.21326226,0.07327660,0.30600000,1.10343287,0.31426123,1.03758050
288.60299993,0.21258294,0.07801674,0.29500000,1.07343933,0.32163738,0.99797234
288.70300007,0.20796896,0.07973350,0.29210000,1.05350946,0.32629094,0.98774562
288.80299997,0.20534902,0.08332082,0.28000000,1.04757107,0.32377712,0.96842857
288.90300012,0.20064911,0.08527123,0.27600000,1.03114196,0.32442915,0.93732221
289.00300002,0.19857491,0.09305925,0.26410000,1.02281290,0.34548394,0.92053995
289.10299993,0.18610929,0.09080078,0.25200000,1.00192562,0.33780049,0.92215193
289.20400000,0.17295863,0.08502096,0.24200000,1.00419167,0.31701366,0.93315648
289.30399990,0.16629188,0.09945879,0.23910000,1.01003695,0.34774199,0.93872937
289.40400004,0.17277844,0.11066214,0.24600000,1.01684055,0.37099082,0.91507945
289.50399995,0.17134652,0.10576091,0.24300000,1.01402122,0.36024287,0.88964666
289.60400009,0.16633129,0.10649330,0.23710000,1.04944171,0.36011643,0.90946602
289.70400000,0.17434390,0.11354825,0.23300000,1.04425449,0.36583023,0.92072567
289.80399990,0.15662034,0.12890290,0.24200000,1.03910747,0.39627615,0.94923973
289.90400004,0.15458273,0.10131169,0.27700000,1.01865299,0.35182083,0.96918167
290.00399995,0.15573711,0.08716743,0.26500000,1.02748335,0.33203275,0.96893693
290.10400009,0.14918566,0.08670737,0.26300000,1.01702134,0.32498483,0.98435411
290.20400000,0.14675490,0.08629461,0.24200000,1.00843345,0.32416795,0.96294058
290.30399990,0.15174928,0.07982340,0.24210000,1.00238117,0.31844274,0.95624858
290.40400004,0.14931394,0.07918962,0.22800000,1.03390320,0.31766203,0.93547570
290.50399995,0.14950987,0.08068191,0.22100000,1.01318147,0.32134776,0.95097839
290.60400009,0.14644900,0.08375524,0.22500000,0.99387005,0.31849847,0.95855151
290.70400000,0.14477877,0.07753372,0.23810000,0.99089388,0.31170621,0.98692789
290.80399990,0.13226645,0.07650357,0.23700000,0.96454020,0.30556314,1.00242695
290.90400004,0.13062621,0.07019995,0.21500000,0.97869064,0.29159763,0.99568538
291.00399995,0.12361831,0.07245524,0.19400000,0.97429438,0.28858190,0.96355400
291.10400009,0.11259093,0.06208101,0.18910000,0.95800044,0.26990818,0.97329599
291.20400000,0.11093559,0.05523672,0.18500000,0.93564395,0.26520057,0.94329438
291.30399990,0.11030929,0.05859916,0.19700000,0.89518259,0.27750557,0.93794492
291.40400004,0.11382344,0.06057620,0.19600000,0.89538964,0.27858857,0.89801711
291.50399995,0.10547271,0.05143382,0.19610000,0.86587631,0.27177902,0.89169053
291.60400009,0.09840051,0.04120328,0.17600000,0.85749054,0.25840544,0.88130625
291.70400000,0.10431909,0.04449064,0.16700000,0.86492963,0.26552632,0.86258891
291.80399990,0.09346122,0.03358183,0.15200000,0.85722043,0.25166016,0.85733501
291.90400004,0.09140624,0.02940663,0.14400000,0.83274659,0.24998251,0.85091451
292.00399995,0.08151382,0.03153756,0.14600000,0.81898402,0.25426806,0.85681243
292.10500002,0.07770681,0.02888637,0.14900000,0.84120063,0.25026020,0.85261124
292.20499992,0.07408220,0.02800905,0.14600000,0.82228365,0.26234867,0.83676030
292.30500007,0.07458073,0.02614487,0.12800000,0.81144013,0.25776981,0.77877882
292.40499997,0.06919484,0.02371591,0.12200000,0.81429519,0.25479649,0.78761245
292.50500011,0.05491647,0.02408384,0.11600000,0.76328574,0.24709484,0.79292513
292.60500002,0.04944487,0.01462787,0.12200000,0.76645725,0.23706718,0.80337430
292.70499992,0.04101773,0.01731346,0.12400000,0.75950868,0.23687710,0.78692676
292.80500007,0.03224464,0.01920867,0.11900000,0.74968199,0.24290145,0.78362886
292.90499997,0.02501476,0.01321975,0.10700000,0.74178418,0.23455820,0.75815953
293.00500011,0.03005883,0.00960868,0.10000000,0.76206789,0.23413521,0.76821921
293.10500002,0.02655022,0.00288715,0.09800000,0.74687922,0.23096184,0.74849072
293.20499992,0.01800498,0.00417979,0.09600000,0.77027610,0.23166784,0.72586224
293.30500007,0.01194317,0.00183322,0.09000000,0.75512416,0.22780438,0.71065689
293.40499997,0.01158380,0.00195592,0.07900000,0.77114935,0.23318746,0.70410638
293.50500011,0.00925746,0.00378675,0.07600000,0.74179258,0.23616758,0.70629310
293.60500002,0.00252041,0.00042132,0.07400000,0.74134029,0.22723376,0.69819825
293.70499992,0.00137701,0.00170993,0.06600000,0.73506967,0.23053552,0.67532295
293.80500007,0.00450862,0.00109194,0.04800000,0.73652661,0.23422286,0.66757374
293.90499997,0.00753155,0.01135323,0.05410000,0.75790715,0.25293433,0.64619021
294.00500011,0.00027803,0.01274412,0.05600000,0.74485899,0.25102484,0.63895931
294.10500002,0.00193944,0.01733461,0.04800000,0.71075423,0.25367718,0.64245216
294.20499992,0.00173640,0.01564688,0.05400000,0.72699560,0.24865153,0.64986441
294.30500007,0.00265468,0.01514506,0.05000000,0.72637428,0.24455072,0.67213989
294.40499997,0.00384302,0.01693609,0.05200000,0.76759093,0.24183130,0.70445106
294.50500011,0.01032725,0.01919161,0.05000000,0.77022175,0.24379346,0.70754646
294.60500002,0.01156798,0.01691750,0.04700000,0.77682528,0.23476360,0.69855106
294.70499992,0.00833217,0.02496147,0.04600000,0.78337474,0.26133160,0.70922948
294.80500007,0.00764962,0.03417109,0.03900000,0.75682636,0.27333996,0.71387057
294.90599990,0.01636373,0.02700423,0.02700000,0.75050520,0.26650095,0.69491803
295.00600004,0.00823037,0.02062671,0.02000000,0.75259578,0.26573738,0.71558618
295.10599995,0.01209717,0.02133773,0.01500000,0.75722680,0.26840587,0.73227878
295.20600009,0.01589722,0.02186409,0.01300000,0.73842986,0.27572666,0.72432055
295.30599999,0.00366489,0.00016901,0.03100000,0.75794932,0.23425200,0.71299588
295.40599990,0.00053604,0.00786083,0.02700000,0.75303851,0.24449926,0.71987042
295.50600004,0.00798999,0.00176921,0.01800000,0.76214830,0.23938650,0.70947161
295.60599995,0.00443522,0.00253551,0.00100000,0.79193318,0.24341206,0.68743802
295.70600009,0.01129516,0.02219593,0.02500000,0.79191061,0.27754146,0.71391774
295.80599999,0.01255305,0.01200962,0.02100000,0.83270703,0.25728109,0.72449270
295.90599990,0.01160319,0.01229373,0.02000000,0.82538174,0.25111839,0.73663554
296.00600004,0.01364758,0.01429942,0.01200000,0.81758024,0.26971805,0.74422155
296.10599995,0.01188870,0.01504523,0.01100000,0.81258865,0.26928717,0.71073423
296.20600009,0.00322617,0.00372046,0.01500000,0.78105318,0.24788788,0.74747431
296.30599999,0.00377298,0.00161388,0.01000000,0.74930743,0.24961305,0.73674561
296.40599990,0.00511408,0.00673915,0.02600000,0.77231866,0.25288618,0.76693209
296.50600004,0.00303814,0.00630712,0.05900000,0.76592336,0.24962581,0.84160923
296.60599995,0.01531324,0.00499646,0.02800000,0.83144555,0.24567181,0.76274308
296.70600009,0.02387786,0.00925029,0.00500000,0.81989433,0.25440094,0.73708554
296.80599999,0.00941396,0.00690706,0.01000000,0.81759929,0.24548699,0.76096216
296.90599990,0.00510280,0.01119649,0.01800000,0.76405196,0.24894403,0.75852760
297.00600004,0.00118964,0.01392102,0.00500000,0.75139664,0.25033520,0.74449535
297.10599995,0.00644081,0.01486493,0.01200000,0.75298819,0.25507542,0.75250278
297.20600009,0.01121144,0.02168579,0.01700000,0.84271392,0.27985452,0.73845041
297.30599999,0.01352594,0.02176853,0.02200000,0.81740795,0.28195214,0.73404806
297.40599990,0.01558497,0.02314322,0.02500000,0.81757485,0.28789122,0.75444908
297.50600004,0.00399449,0.02619263,0.02000000,0.75783306,0.29310302,0.73482705
297.60599995,0.00411357,0.01796687,0.02500000,0.75495534,0.28541138,0.73096826
297.70600009,0.00141269,0.01755461,0.02400000,0.75831246,0.29414464,0.73755483
297.80699992,0.00049509,0.01133556,0.03600000,0.73653754,0.27727117,0.77759000
297.90700006,0.00466819,0.01734555,0.03600000,0.74128875,0.29182660,0.78498208
298.00699997,0.00674544,0.02585167,0.02300000,0.75928314,0.30140394,0.74052973
298.10700011,0.01104755,0.02310761,0.02300000,0.79863695,0.28244102,0.72978933
298.20700002,0.00737844,0.01379198,0.02200000,0.77066061,0.27273073,0.72402307
298.30699992,0.00551720,0.00582499,0.02400000,0.78078798,0.25010978,0.72872800
298.40700006,0.01310743,0.00480472,0.02500000,0.81428293,0.24620654,0.82336489
298.50699997,0.01539973,0.00305586,0.03000000,0.82330891,0.25028090,0.82861593
298.60700011,0.01614136,0.00124355,0.02400000,0.80140899,0.24585888,0.76205168
298.70700002,0.01397316,0.00268343,0.01800000,0.80491513,0.24549808,0.77772265
298.80699992,0.01715069,0.00625891,0.02000000,0.81015597,0.24498183,0.74680436
298.90700006,0.01603782,0.00446635,0.01500000,0.81149743,0.24357497,0.73021281
299.00699997,0.00843254,0.00059358,0.02100000,0.75248502,0.23567061,0.70757590
299.10700011,0.00186678,0.00246072,0.01500000,0.75848104,0.22920469,0.69716523
299.20700002,0.00164198,0.00857636,0.02600000,0.76055792,0.23733561,0.76257318
299.30699992,0.00111310,0.01960436,0.03100000,0.75114698,0.25568141,0.76651386
299.40700006,0.00273334,0.01467409,0.02800000,0.78058362,0.23341256,0.77059831
299.50699997,0.00000308,0.01212477,0.02100000,0.78744303,0.23904806,0.70524457
299.60700011,0.00241240,0.00726294,0.01200000,0.79873790,0.23613558,0.69804068
299.70700002,0.00467106,0.00331982,0.00200000,0.78576548,0.23044197,0.71920590
299.80699992,0.00111874,0.00507921,0.00700000,0.78656065,0.23387602,0.71955455
299.90700006,0.00409824,0.00508472,0.00700000,0.78244158,0.23675591,0.73008943
300.00699997,0.00368482,0.00590949,0.02300000,0.77751536,0.23304517,0.73704236
300.10700011,0.00319468,0.00936985,0.02000000,0.76114644,0.22907638,0.75335606
300.20700002,0.00115394,0.01274239,0.02200000,0.76573366,0.22414045,0.74046920
300.30699992,0.00782237,0.01625732,0.03200000,0.76111085,0.22426223,0.82368854
300.40700006,0.01178053,0.01143456,0.03000000,0.83041241,0.21739115,0.82169499
300.50699997,0.00807433,0.00376500,0.02800000,0.84098868,0.20210261,0.82851614
300.60800004,0.00933456,0.00396055,0.02500000,0.83431121,0.19460691,0.78347474
300.70799994,0.00945006,0.01167888,0.02700000,0.83061147,0.19968173,0.83718874
300.80800009,0.00682181,0.01578965,0.02400000,0.78180644,0.19277207,0.78746105
300.90799999,0.00825449,0.01522838,0.02300000,0.85337427,0.18420612,0.77660944
301.00799990,0.01257316,0.01787052,0.01300000,0.86475012,0.17995820,0.75973162
301.10800004,0.01700637,0.02278428,0.01400000,0.86530179,0.19567140,0.75830448
301.20799994,0.00498490,0.02243481,0.01500000,0.80711541,0.20958913,0.77805625
301.30800009,0.00667241,0.02334093,0.01400000,0.79456241,0.20171051,0.77357236
301.40799999,0.00243625,0.01981577,0.01400000,0.76052938,0.18593240,0.76237736
301.50799990,0.00683652,0.01991361,0.01400000,0.76525356,0.19128008,0.74926753
301.60800004,0.00627742,0.03119942,0.01400000,0.75073496,0.20927648,0.75474247
301.70799994,0.00185706,0.03542882,0.01100000,0.73283339,0.21814401,0.74930901
301.80800009,0.00179316,0.03363309,0.00900000,0.72131265,0.21287249,0.73883951
301.90799999,0.00371661,0.03037181,0.00100000,0.73186281,0.21497774,0.75923763
302.00799990,0.00297433,0.02901040,0.00900000,0.71474149,0.20625735,0.76911805
302.10800004,0.00027810,0.03075992,0.00500000,0.73207437,0.21467328,0.75871552
302.20799994,0.00513548,0.02261121,0.02900000,0.74893426,0.19804513,0.80841045
302.30800009,0.00423814,0.02261168,0.02700000,0.73946017,0.19241915,0.78724572
302.40799999,0.00583876,0.02976506,0.03200000,0.72078874,0.21654503,0.82329977
302.50799990,0.00584521,0.03367616,0.02500000,0.71519064,0.22521640,0.77088598
302.60800004,0.00218582,0.03419565,0.02300000,0.68209459,0.21884061,0.77324063
302.70799994,0.00242595,0.03349515,0.02400000,0.66014647,0.21122251,0.74609727
302.80800009,0.00183089,0.03454067,0.01700000,0.66666749,0.21460918,0.70575101
302.90799999,0.00555919,0.03346260,0.01600000,0.65915336,0.21116690,0.69767887
303.00799990,0.00837274,0.02901977,0.02000000,0.73249669,0.19877396,0.69344319
303.10800004,0.01207901,0.02887555,0.02700000,0.73609926,0.19944563,0.70341185
303.20799994,0.01219424,0.02901431,0.03200000,0.76046756,0.20473379,0.74505111
303.30800009,0.01131885,0.02900868,0.03600000,0.75573584,0.21316560,0.78759641
303.40899992,0.00799743,0.02643901,0.02700000,0.74054267,0.22096524,0.68979497
303.50900006,0.00395567,0.01751350,0.02100000,0.68820551,0.20865765,0.66923960
303.60899997,0.00124192,0.02570910,0.01800000,0.68684154,0.21821978,0.67497672
303.70900011,0.00767464,0.01717294,0.01700000,0.69073557,0.20934122,0.67383489
303.80900002,0.00250865,0.03379522,0.03200000,0.63566204,0.22802831,0.73521994
303.90899992,0.00032469,0.03690765,0.04500000,0.64009491,0.25076851,0.73311892
304.00900006,0.00378397,0.01156207,0.04300000,0.60192502,0.21859078,0.73218299
304.10899997,0.00648782,0.03624691,0.03800000,0.59892955,0.25838057,0.70503333
304.20900011,0.00161691,0.01781364,0.03500000,0.59648061,0.22518786,0.68905635
304.30900002,0.01151097,0.03743458,0.02300000,0.64143292,0.25808903,0.60548751
304.40899992,0.01402083,0.04039637,0.02100000,0.64711703,0.26105720,0.60916419
304.50900006,0.01262032,0.01819828,0.01700000,0.66154791,0.22440269,0.60541061
304.60899997,0.00319087,0.04219951,0.02900000,0.57193397,0.25696150,0.64656034
304.70900011,0.00156418,0.01876708,0.03700000,0.57382104,0.22742733,0.66597154
304.80900002,0.00141521,0.03738940,0.04100000,0.59426977,0.26271389,0.66562048
304.90899992,0.01112173,0.03758347,0.03200000,0.63256631,0.26435499,0.67544335
305.00900006,0.01208540,0.02452006,0.02500000,0.63335023,0.23861839,0.67674125
305.10899997,0.00277368,0.04092171,0.02300000,0.60453306,0.27408917,0.63679586
305.20900011,0.00656876,0.02242814,0.02300000,0.61154121,0.24187853,0.66122357
305.30900002,0.00832384,0.04461529,0.02700000,0.65553447,0.27349514,0.72277084
305.40899992,0.00276331,0.05022494,0.02100000,0.59878346,0.28117202,0.65776188
305.50900006,0.00299776,0.01343069,0.01200000,0.61534419,0.23957719,0.64038770
305.60899997,0.00144269,0.05523594,0.01400000,0.58701497,0.28466113,0.65426500
305.70900011,0.00262212,0.01443795,0.01900000,0.58677578,0.23993514,0.66059944
305.80900002,0.00219422,0.04942879,0.02200000,0.58997026,0.29079452,0.70263894
305.90899992,0.00226600,0.05108890,0.02100000,0.60837709,0.29299346,0.70080109
306.00900006,0.00052675,0.01209473,0.01900000,0.60517272,0.23892693,0.69670801
306.10899997,0.01117896,0.05892038,0.03100000,0.66222112,0.29313624,0.74263089
306.21000004,0.00409805,0.02280759,0.02600000,0.62112965,0.24810347,0.73085082
306.30999994,0.00320975,0.02374758,0.02800000,0.59740496,0.24662193,0.73262524
306.41000009,0.00395256,0.01599960,0.01100000,0.58692757,0.23856739,0.64976460
306.50999999,0.00621148,0.01987756,0.00800000,0.63381881,0.23604501,0.68168254
306.61000013,0.00486346,0.02004262,0.01300000,0.57504901,0.23905269,0.69313752
306.71000004,0.00474654,0.02919127,0.01500000,0.57345598,0.25152373,0.67916305
306.80999994,0.00622778,0.03941719,0.01200000,0.65111714,0.28257634,0.70110784
306.91000009,0.00272160,0.03299292,0.00200000,0.59941635,0.27118939,0.69361924
307.00999999,0.00658187,0.02613922,0.01100000,0.67061167,0.26676800,0.72739330
307.11000013,0.01017366,0.02494126,0.01600000,0.68782342,0.26922902,0.73363218
307.21000004,0.00649659,0.02363566,0.01500000,0.69147386,0.26949194,0.74297975
307.30999994,0.00147750,0.03212829,0.01100000,0.62379675,0.27701669,0.76242646
307.41000009,0.00313346,0.04110123,0.00400000,0.65058402,0.29024504,0.76026403
307.50999999,0.00928950,0.03973607,0.00000000,0.69664287,0.29128338,0.77435846
307.61000013,0.01108265,0.03421951,0.00400000,0.68004032,0.29377067,0.80160065
307.71000004,0.00531859,0.02839793,0.00500000,0.72387148,0.28001372,0.83025174
307.80999994,0.00790470,0.02541192,0.00100000,0.70708987,0.27181079,0.81280835
307.91000009,0.00290049,0.02583848,0.00000000,0.63398278,0.26204773,0.82382815
308.00999999,0.00676151,0.02352832,0.00300000,0.68769523,0.26275176,0.80524640
308.11000013,0.00446109,0.02376781,0.00400000,0.67679093,0.26134059,0.77522062
308.21000004,0.00453098,0.02667790,0.00900000,0.66062534,0.26593410,0.78241312
308.30999994,0.00258793,0.02979048,0.00800000,0.60519216,0.27336766,0.76181663
308.41000009,0.00171308,0.03067972,0.00500000,0.58574715,0.27671295,0.76445687
308.50999999,0.00433842,0.02952064,0.00800000,0.65660467,0.26895621,0.75950371
308.61000013,0.00157188,0.03088736,0.00900000,0.61476611,0.26683843,0.76611439
308.71000004,0.00628611,0.03186432,0.02000000,0.67519584,0.28234206,0.80703365
308.80999994,0.00673213,0.03023208,0.02300000,0.68133044,0.26551707,0.80784710
308.91000009,0.00367812,0.02859373,0.02200000,0.64950215,0.26014886,0.78867212
309.00999999,0.00219495,0.02751258,0.01200000,0.65756905,0.25869564,0.79279423
309.11100006,0.00285110,0.02565777,0.00200000,0.68083820,0.26094322,0.75254587
309.21099997,0.00244671,0.02548987,0.00100000,0.67422346,0.26398425,0.76447301
309.31100011,0.00057003,0.02451806,0.00300000,0.68918010,0.26028027,0.75200667
309.41100001,0.00205581,0.02261468,0.00200000,0.70494758,0.26153409,0.74999748
309.51099992,0.00158934,0.02353793,0.00000000,0.72884929,0.25881175,0.73648167
309.61100006,0.00009957,0.02132815,0.00100000,0.73438442,0.24903461,0.74020246
309.71099997,0.00072281,0.02139153,0.00800000,0.71718386,0.24729738,0.75624645
309.81100011,0.00069246,0.02259293,0.00800000,0.69046862,0.24276598,0.73506571
309.91100001,0.00110123,0.02037124,0.00300000,0.68282133,0.24066199,0.69824193
310.01099992,0.00132123,0.01696657,0.00900000,0.68802849,0.23101059,0.70371477
310.11100006,0.00146409,0.01776391,0.01800000,0.67066467,0.22470841,0.73334148
310.21099997,0.00042999,0.01959630,0.01100000,0.70271953,0.22283069,0.74216103
310.31100011,0.00581467,0.01874806,0.00500000,0.75755800,0.21850834,0.69913971
310.41100001,0.00147138,0.02017114,0.00300000,0.72031501,0.22799909,0.68086070
310.51099992,0.00079987,0.02078846,0.00600000,0.73193113,0.23404025,0.66437737
310.61100006,0.00010578,0.01880396,0.00300000,0.73103385,0.23542848,0.64065564
310.71099997,0.00049530,0.01750699,0.00500000,0.74301626,0.23041959,0.60455166
310.81100011,0.00032880,0.01539779,0.00600000,0.71548581,0.22425461,0.56725567
310.91100001,0.00192327,0.01431052,0.01300000,0.74950620,0.22394970,0.62369657
311.01099992,0.00165472,0.02369624,0.00300000,0.76686629,0.25313058,0.57178074
311.11100006,0.00347986,0.02370297,0.00100000,0.80423575,0.24599244,0.57818238
311.21099997,0.00059116,0.02680262,0.00200000,0.82394239,0.24934509,0.60988172
311.31100011,0.00204773,0.02098611,0.00600000,0.82179878,0.22515740,0.60942364
311.41100001,0.00178662,0.01878318,0.00800000,0.80980297,0.21549814,0.63902796
311.51099992,0.00506635,0.02053612,0.00900000,0.84670486,0.21377556,0.63921166
311.61100006,0.00381361,0.01903986,0.01100000,0.78365825,0.21702793,0.70404456
311.71099997,0.00288651,0.01484716,0.01100000,0.76750397,0.20784647,0.68996120
311.81100011,0.00400791,0.00869118,0.01700000,0.76133608,0.20596447,0.71544776
311.91199994,0.00775182,0.01380142,0.01500000,0.82246058,0.21437828,0.72143433
312.01200008,0.00951898,0.00987871,0.01800000,0.81021020,0.20617610,0.72321614
312.11199999,0.00715828,0.01964584,0.01290000,0.81344096,0.20700399,0.73288621
312.21200013,0.00894919,0.01754742,0.01500000,0.81774832,0.20779331,0.73834391
312.31200004,0.00888313,0.01238749,0.02100000,0.81004793,0.20060302,0.73908087
312.41199994,0.00329607,0.00856656,0.01400000,0.74912502,0.19804663,0.76904454
312.51200008,0.00441560,0.00544357,0.01100000,0.78297705,0.19803108,0.77815084
312.61199999,0.00274854,0.00777467,0.00300000,0.74112544,0.20842241,0.72129896
312.71200013,0.00367415,0.00985650,0.00500000,0.75302879,0.21493763,0.71475358
312.81200004,0.00441291,0.01434176,0.00100000,0.82244956,0.22025122,0.68595358
312.91199994,0.00092823,0.01440932,0.00700000,0.80314153,0.22865987,0.70062128
313.01200008,0.00021220,0.01402729,0.00600000,0.80453650,0.22393133,0.70335680
313.11199999,0.00446707,0.01377481,0.02000000,0.84295313,0.22637132,0.74561839
313.21200013,0.00498475,0.01672759,0.02200000,0.81737787,0.23034146,0.75317080
313.31200004,0.00104207,0.01567048,0.01200000,0.75523926,0.22811655,0.71562512
313.41199994,0.00018724,0.01478563,0.01400000,0.74118319,0.22856598,0.71768651
313.51200008,0.00508466,0.01337708,0.01200000,0.80744350,0.22389051,0.74133371
313.61199999,0.00246751,0.01292716,0.01000000,0.74053308,0.21680727,0.75848621
313.71200013,0.00746236,0.01669111,0.00400000,0.80908457,0.23455756,0.72700714
313.81200004,0.01098367,0.01530094,0.00400000,0.80981585,0.23517755,0.74367571
313.91199994,0.00576517,0.01041455,0.01100000,0.81912701,0.21889654,0.81569091
314.01200008,0.00518494,0.01610206,0.00800000,0.79096761,0.23890232,0.76342526
314.11199999,0.00304871,0.01264102,0.00000000,0.73336757,0.21590141,0.75437969
314.21200013,0.00495645,0.01166720,0.00000000,0.76697160,0.21541842,0.73576636
314.31200004,0.00696906,0.00738391,0.00800000,0.76911370,0.21093021,0.72377496
314.41199994,0.00052736,0.01021038,0.01100000,0.72875575,0.21544994,0.77523051
314.51200008,0.00277159,0.01044310,0.00400000,0.72623220,0.22791201,0.70010184
314.61199999,0.00519251,0.01452886,0.00300000,0.80747430,0.25362685,0.70002111
314.71200013,0.00796368,0.01577054,0.00300000,0.82864014,0.25678571,0.68237078
314.81299996,0.00588564,0.01713065,0.00100000,0.82770158,0.25598439,0.68998314
314.91300011,0.00643947,0.01921232,0.00500000,0.84630127,0.25458534,0.71265014
315.01300001,0.00054133,0.02028194,0.00000000,0.75920204,0.25227788,0.68310298
315.11299992,0.00013953,0.01381704,0.01000000,0.74874951,0.25698841,0.73003323
315.21300006,0.00165330,0.01379879,0.00900000,0.72323124,0.25956009,0.71746963
315.31299996,0.00500959,0.01430923,0.00700000,0.75379258,0.25539435,0.66766383
315.41300011,0.00418521,0.01612278,0.00300000,0.70551924,0.25101292,0.66026155
315.51300001,0.00102952,0.01473194,0.00200000,0.68681627,0.25049995,0.63991413
315.61299992,0.00005590,0.00785155,0.00000000,0.71404325,0.22746505,0.63130285
315.71300006,0.00142626,0.00012563,0.00100000,0.70577197,0.21364672,0.64769966
315.81299996,0.00390139,0.00583345,0.00500000,0.70106826,0.22074142,0.65405404
315.91300011,0.00661064,0.01607076,0.01200000,0.75754756,0.24115278,0.74367867
316.01300001,0.00294253,0.01289424,0.00900000,0.68458435,0.23810266,0.71727835
316.11299992,0.00392439,0.00527723,0.00900000,0.70413737,0.21966032,0.72317474
316.21300006,0.00458145,0.00026513,0.01000000,0.76781939,0.21398263,0.73840395
316.31299996,0.00235906,0.00115101,0.00600000,0.75465796,0.21543166,0.68432544
316.41300011,0.00048092,0.00421767,0.00100000,0.74643206,0.22509341,0.73443587
316.51300001,0.00364159,0.00066242,0.00100000,0.75494921,0.21906174,0.72111363
316.61299992,0.00441088,0.00162607,0.00300000,0.74896814,0.22227341,0.69201369
316.71300006,0.00164256,0.00074297,0.00300000,0.74494473,0.22465731,0.68695790
316.81299996,0.00018507,0.00108432,0.00400000,0.75191582,0.22510593,0.68834085
316.91300011,0.00066036,0.00028970,0.00000000,0.74050083,0.22042528,0.68738210
317.01300001,0.00221800,0.00010237,0.00100000,0.74531676,0.21605049,0.67316057
317.11299992,0.00097087,0.00344346,0.00800000,0.77653194,0.21262319,0.75017758
317.21300006,0.00518233,0.00368014,0.00800000,0.81626683,0.21233153,0.69434366
317.31299996,0.01102586,0.00248202,0.00200000,0.83418002,0.21364590,0.69903749
317.41300011,0.00613243,0.00049329,0.00000000,0.80589311,0.20878362,0.70449147
317.51300001,0.00625667,0.00097680,0.00100000,0.80263353,0.21000332,0.71467442
317.61299992,0.00009860,0.00637811,0.00300000,0.77099458,0.21184137,0.72776528
317.71399999,0.00247290,0.00579092,0.00100000,0.77451533,0.20365890,0.75111692
317.81400013,0.00802731,0.00211952,0.00800000,0.81794795,0.20170074,0.75406085
317.91400003,0.00664882,0.00444559,0.01000000,0.79664027,0.20457234,0.76175165
318.01399994,0.00768695,0.00141452,0.01100000,0.76058667,0.20721609,0.74536381
318.11400008,0.00482922,0.01094526,0.01100000,0.79742412,0.23036556,0.76196891
318.21399999,0.00210523,0.01719703,0.00300000,0.77433832,0.23027349,0.75540118
318.31400013,0.00073193,0.00891427,0.00400000,0.78328944,0.23159927,0.74872847
318.41400003,0.00202613,0.00169257,0.00600000,0.79960112,0.21828094,0.74422948
318.51399994,0.00222915,0.00206904,0.00500000,0.80189020,0.22583117,0.77864326
318.61400008,0.00175087,0.00858921,0.00200000,0.81817089,0.24090849,0.77082073
318.71399999,0.00765614,0.01443307,0.00200000,0.85080222,0.23935493,0.77905136
318.81400013,0.00172354,0.00923198,0.00700000,0.78136686,0.23144306,0.79533489
318.91400003,0.00600716,0.00226362,0.00200000,0.83026719,0.21945831,0.78959137
319.01399994,0.00461075,0.00666640,0.00300000,0.78671358,0.22475732,0.77119981
319.11400008,0.00166866,0.00351932,0.00100000,0.79237886,0.21609135,0.76791679
319.21399999,0.00406056,0.00066470,0.00300000,0.76887545,0.21193198,0.75919952
319.31400013,0.00385179,0.00239243,0.00600000,0.77357081,0.21646943,0.77343136
319.41400003,0.00385277,0.00134395,0.01400000,0.73351054,0.21728877,0.78789582
319.51399994,0.00337504,0.00196447,0.01700000,0.73712544,0.21570776,0.74783792
319.61400008,0.00509787,0.00866093,0.01400000,0.76243094,0.21991030,0.75625181
319.71399999,0.00903658,0.00840894,0.01100000,0.73649248,0.21703551,0.76368771
319.81400013,0.00867212,0.00548583,0.01300000,0.74365643,0.21428139,0.76842779
319.91400003,0.00800602,0.00728722,0.02500000,0.72196722,0.21262336,0.79895627
320.01399994,0.01095383,0.01190057,0.02700000,0.73798202,0.22894566,0.80669168
320.11400008,0.01078217,0.01503313,0.02500000,0.74750497,0.24023813,0.81319300
320.21399999,0.00953911,0.01456898,0.03100000,0.71413803,0.24947356,0.78889920
320.31400013,0.00371556,0.01001572,0.03700000,0.68454252,0.22923479,0.77804470
320.41400003,0.00063903,0.00514992,0.02900000,0.66298745,0.23230205,0.76852950
320.51500010,0.00030794,0.01283765,0.02900000,0.67027349,0.25898380,0.78376648
320.61500001,0.00041749,0.01204806,0.02100000,0.67470463,0.23811165,0.75914760
320.71499991,0.00019702,0.01154171,0.02500000,0.66801439,0.24093472,0.74061182
320.81500006,0.00104899,0.00894146,0.02100000,0.66610540,0.24375579,0.71100837
320.91499996,0.00464908,0.01860339,0.01800000,0.66702108,0.25749307,0.67658622
321.01500010,0.00602353,0.02162700,0.02200000,0.74716489,0.26419464,0.73798061
321.11500001,0.00766417,0.02349129,0.02600000,0.79430888,0.26381472,0.72624847
321.21499991,0.00327357,0.01221694,0.02100000,0.72335181,0.23487143,0.73376517
321.31500006,0.00778288,0.00778376,0.02500000,0.75899315,0.23435931,0.72344629
321.41499996,0.00778557,0.00252090,0.02700000,0.76173303,0.22183423,0.74193595
321.51500010,0.00334199,0.01713683,0.02300000,0.69022267,0.24909242,0.75667219
321.61500001,0.00228357,0.01483359,0.02300000,0.67342889,0.24499742,0.71421985
321.71499991,0.00220645,0.01538413,0.01700000,0.66764989,0.25082778,0.66944775
321.81500006,0.00193892,0.01101365,0.02700000,0.66759544,0.23712708,0.70052047
321.91499996,0.00038111,0.01019729,0.03500000,0.66814966,0.24260447,0.66610704
322.01500010,0.00379142,0.01336507,0.03300000,0.63784873,0.23409481,0.65030170
322.11500001,0.00546073,0.01408369,0.03400000,0.68386344,0.23251971,0.65874986
322.21499991,0.00759757,0.01437626,0.03200000,0.68988801,0.23519884,0.67402077
322.31500006,0.00323074,0.01090607,0.02600000,0.66812149,0.24274928,0.67653670
322.41499996,0.00136642,0.00800955,0.01900000,0.65392742,0.23177230,0.68612220
322.51500010,0.00373224,0.00688480,0.01600000,0.69260879,0.22919680,0.64957758
322.61500001,0.00202367,0.00893279,0.01400000,0.69883954,0.22781117,0.66182958
322.71499991,0.00023421,0.01843760,0.00100000,0.72540304,0.25222423,0.65654748
322.81500006,0.00146512,0.01725640,0.00900000,0.75479530,0.24453810,0.64475088
322.91499996,0.00145314,0.01716940,0.01100000,0.74114352,0.23122524,0.67168030
323.01500010,0.00047224,0.01336364,0.00500000,0.74611383,0.22815874,0.67432027
323.11500001,0.00544530,0.01421966,0.00300000,0.78579287,0.23063737,0.64866872
323.21499991,0.00041595,0.01728806,0.00900000,0.71793688,0.22916335,0.66141916
323.31500006,0.00037571,0.02207054,0.00400000,0.72144891,0.24021624,0.66637499
323.41600013,0.00531293,0.02157551,0.00200000,0.79195893,0.24429450,0.67551443
323.51600003,0.00927683,0.02204882,0.00600000,0.80413873,0.23553866,0.67328743
323.61599994,0.00836249,0.01617618,0.01300000,0.79940879,0.21597794,0.68052801
323.71600008,0.00070299,0.01054447,0.00200000,0.76697647,0.21288164,0.67099970
323.81599998,0.00084407,0.00814970,0.00300000,0.76121459,0.20750501,0.71006878
323.91600013,0.00047570,0.01391236,0.00500000,0.80479931,0.20895771,0.71350849
324.01600003,0.00019231,0.02021492,0.01000000,0.79469743,0.22464641,0.72108717
324.11599994,0.00268529,0.01721741,0.00900000,0.78927981,0.22244218,0.70335355
324.21600008,0.00328256,0.01469948,0.00700000,0.77045609,0.21646160,0.73099210
324.31599998,0.00030578,0.00621904,0.00600000,0.77749188,0.20760230,0.71770086
324.41600013,0.00177292,0.00485250,0.00800000,0.77765336,0.20827243,0.75055006
324.51600003,0.00367180,0.01307738,0.00500000,0.77763096,0.22164679,0.75384242
324.61599994,0.00248249,0.01159341,0.00300000,0.78547395,0.21807451,0.72955852
324.71600008,0.00178990,0.01579260,0.00300000,0.78445616,0.22521731,0.71374332
324.81599998,0.00268471,0.01824369,0.01100000,0.78123508,0.22731126,0.73711379
324.91600013,0.00560191,0.01862119,0.01500000,0.84853926,0.22652420,0.77535558
325.01600003,0.00364971,0.01830764,0.00090000,0.80796740,0.21945356,0.75179728
325.11599994,0.00202651,0.01346935,0.00900000,0.84281122,0.22802359,0.77061280
325.21600008,0.00080587,0.01248361,0.00700000,0.83616311,0.23074845,0.76420032
325.31599998,0.00257234,0.01531774,0.00600000,0.85606885,0.23378185,0.76249113
325.41600013,0.00118638,0.02546453,0.01400000,0.85579604,0.23204680,0.83660638
325.51600003,0.00487345,0.02336449,0.00600000,0.92661279,0.23681038,0.73372523
325.61599994,0.00409573,0.02334363,0.00500000,0.91884482,0.23928252,0.71950047
325.71600008,0.00270687,0.02121068,0.00500000,0.86432578,0.23579801,0.72284427
325.81599998,0.00186265,0.02111825,0.00200000,0.86632328,0.24326086,0.72507871
325.91600013,0.00034748,0.02308418,0.01900000,0.84809682,0.25124076,0.79674505
326.01600003,0.00063078,0.02373188,0.01900000,0.85499856,0.25649814,0.77809608
326.11599994,0.00226946,0.02408795,0.01500000,0.84538675,0.26521544,0.77269386
326.21600008,0.00056154,0.02462305,0.01400000,0.86506490,0.26537781,0.78889996
326.31599998,0.00369473,0.02490219,0.01400000,0.87126009,0.27033344,0.77297279
326.41700006,0.00432003,0.02765117,0.01200000,0.93593110,0.27199157,0.78139808
326.51699996,0.00614717,0.03274542,0.00800000,0.94973174,0.27740474,0.75928495
326.61700010,0.00598471,0.03407687,0.00700000,0.92164417,0.30048527,0.75975649
326.71700001,0.00226858,0.03498662,0.00200000,0.87110528,0.30156185,0.73952661
326.81699991,0.00163273,0.03394266,0.00500000,0.86663828,0.29449567,0.74655377
326.91700006,0.00147585,0.03308885,0.01200000,0.87128791,0.29170339,0.77974743
327.01699996,0.00475805,0.03430176,0.00400000,0.86607129,0.28765971,0.71957036
327.11700010,0.00503047,0.03568227,0.00200000,0.87484681,0.28094966,0.72285036
327.21700001,0.00731221,0.03747815,0.00100000,0.88063349,0.29440521,0.71549292
327.31699991,0.00917494,0.03512493,0.00200000,0.88428022,0.27458649,0.70467288
327.41700006,0.00885438,0.03526429,0.00300000,0.87889619,0.27781328,0.72146906
327.51699996,0.00259398,0.03393407,0.00400000,0.80829518,0.26682465,0.72387098
327.61700010,0.00278153,0.03417533,0.00000000,0.81776920,0.26374947,0.69352061
327.71700001,0.00409966,0.03781326,0.00500000,0.82307277,0.27214992,0.73986240
327.81699991,0.00404971,0.04261079,0.00300000,0.83594033,0.27429027,0.76361213
327.91700006,0.00411851,0.03836415,0.00510000,0.82945061,0.26067834,0.77122771
328.01699996,0.00290040,0.03761260,0.00700000,0.82770764,0.26369541,0.82160631
328.11700010,0.00090899,0.03975542,0.01400000,0.84153190,0.26970355,0.88681337
328.21700001,0.00076763,0.04053913,0.01500000,0.80939143,0.26584095,0.89364781
328.31699991,0.00234375,0.04136794,0.00200000,0.80756066,0.26780551,0.82639527
328.41700006,0.00464052,0.04204124,0.00300000,0.80241819,0.26484148,0.82460877
328.51699996,0.00068841,0.04183331,0.00200000,0.77569183,0.26688279,0.79785047
328.61700010,0.00401312,0.03762213,0.00600000,0.74912790,0.25589932,0.79381013
328.71700001,0.00583789,0.03718923,0.01000000,0.77799218,0.25431979,0.84035963
328.81699991,0.00810206,0.03672447,0.01200000,0.78162692,0.25295391,0.81443672
328.91700006,0.00508842,0.03550772,0.00900000,0.72652129,0.24853616,0.75542133
329.01699996,0.00088800,0.03986241,0.00200000,0.73363575,0.25624152,0.75877452
329.11700010,0.00079291,0.04135047,0.00500000,0.73218623,0.25645794,0.76275168
329.21799994,0.00276962,0.04661769,0.00500000,0.74469922,0.24649027,0.74634664
329.31800008,0.00543279,0.04572674,0.00490000,0.78571618,0.24456373,0.78808962
329.41799998,0.00699569,0.04431422,0.00800000,0.78760132,0.22843152,0.77648692
329.51800013,0.00890723,0.03940636,0.00600000,0.77149272,0.22372844,0.78122537
329.61800003,0.01020370,0.03882389,0.00600000,0.74751784,0.21546217,0.76896455
329.71799994,0.00280119,0.04028006,0.00700000,0.71570766,0.21385686,0.78221750
329.81800008,0.00600862,0.04053562,0.00500000,0.77476435,0.21259386,0.78797306
329.91799998,0.01031011,0.04321714,0.01500000,0.77324760,0.21139754,0.85507743
330.01800013,0.00654246,0.04314309,0.01700000,0.78231171,0.20935682,0.86511403
330.11800003,0.00576108,0.04192970,0.01600000,0.76201188,0.21215681,0.86213769
330.21799994,0.00588271,0.04242704,0.01800000,0.76641158,0.20589050,0.85736320
330.31800008,0.00684101,0.04153000,0.01800000,0.76697196,0.19976166,0.88801004
330.41799998,0.00196041,0.04387034,0.01100000,0.71389145,0.20376402,0.88283353
330.51800013,0.00352068,0.04888451,0.00800000,0.73012615,0.21592560,0.82576004
330.61800003,0.00595722,0.04918863,0.00500000,0.80845802,0.22654935,0.83839267
330.71799994,0.00789446,0.04974352,0.00800000,0.78464805,0.23049150,0.87424301
330.81800008,0.00655343,0.05109239,0.00500000,0.80536799,0.23544898,0.84571111
330.91799998,0.00882296,0.04095651,0.00200000,0.81256071,0.22423003,0.86144076
331.01800013,0.00647251,0.05239281,0.00500000,0.83858334,0.23868616,0.86337366
331.11800003,0.00511710,0.04856403,0.01300000,0.80979379,0.22875846,0.87567514
331.21799994,0.00489129,0.04737695,0.01700000,0.80883502,0.23354640,0.86497867
331.31800008,0.00552416,0.04191675,0.00600000,0.80030542,0.22190356,0.81701600
331.41799998,0.00453028,0.04315989,0.00600000,0.79327487,0.22859057,0.82687481
331.51800013,0.00355882,0.04347867,0.00100000,0.72956348,0.23086484,0.83486983
331.61800003,0.00180827,0.04303185,0.00200000,0.73386041,0.22561997,0.83288892
331.71799994,0.00221129,0.05245532,0.01900000,0.73870897,0.24961017,0.92063089
331.81800008,0.00075479,0.05425864,0.02500000,0.75502078,0.24915401,0.94287384
331.91799998,0.00251990,0.05491858,0.02600000,0.78992648,0.25075125,0.96553951
332.01800013,0.00100215,0.05429729,0.02100000,0.79677603,0.25600558,0.95542809
332.11899996,0.00251778,0.04429290,0.01500000,0.79201975,0.23574543,0.96161996
332.21900010,0.00334500,0.04077623,0.01100000,0.78673771,0.23066465,0.90862050
332.31900001,0.00206510,0.04073985,0.01000000,0.78276788,0.23854202,0.92378804
332.41899991,0.00381430,0.03911037,0.00900000,0.78132348,0.23866556,0.89716287
332.51900005,0.00250765,0.03903475,0.01000000,0.78148529,0.25104172,0.90841196
332.61899996,0.00261135,0.04121591,0.00800000,0.78961161,0.25970709,0.89405141
332.71900010,0.00121974,0.04391950,0.00200000,0.79563923,0.28265105,0.87872974
332.81900001,0.00038810,0.03733992,0.00000000,0.79834409,0.26128086,0.88651664
332.91899991,0.00119514,0.03781933,0.00100000,0.77887233,0.26310358,0.88950844
333.01900005,0.00201668,0.03234661,0.00200000,0.76753044,0.26021913,0.88636422
333.11899996,0.00031253,0.03761785,0.00600000,0.76943970,0.26464970,0.87268813
333.21900010,0.00168160,0.03355104,0.00600000,0.76126070,0.26198355,0.88213752
333.31900001,0.00087032,0.03735750,0.00300000,0.74296808,0.27767397,0.88347143
333.41899991,0.00057810,0.03579757,0.00200000,0.74562601,0.27863057,0.88190725
333.51900005,0.00100872,0.01621704,0.00000000,0.75089934,0.26059259,0.85394307
333.61899996,0.00166734,0.04756427,0.00300000,0.74149287,0.29088834,0.84339431
333.71900010,0.00311080,0.01945309,0.00100000,0.72962938,0.24215083,0.82066653
333.81900001,0.00208026,0.03604834,0.00400000,0.73125094,0.26551547,0.80476000
333.91899991,0.00374604,0.03206193,0.01100000,0.70646315,0.24957437,0.83444218
334.01900005,0.00015470,0.02057926,0.01900000,0.67802450,0.22865632,0.86028350
334.11899996,0.00522859,0.03613740,0.02700000,0.66495640,0.25809429,0.84853206
334.21900010,0.00411173,0.02472051,0.02900000,0.68744486,0.23131903,0.86527758
334.31900001,0.00122382,0.04452137,0.01900000,0.67429002,0.25142040,0.81295975
334.41899991,0.00056112,0.04666910,0.01310000,0.69891517,0.25936002,0.81585573
334.51900005,0.00231209,0.00857754,0.01900000,0.71161643,0.20465570,0.82663383
334.61899996,0.00722032,0.05303458,0.01700000,0.72326668,0.25900906,0.82512393
334.71900010,0.00982945,0.02328759,0.00700000,0.71918709,0.22663893,0.82253375
334.81900001,0.01055855,0.03513000,0.00900000,0.77215775,0.25132243,0.82982918
334.91899991,0.00869383,0.03935565,0.00900000,0.73588355,0.25438793,0.79649045
335.01999998,0.01036116,0.01126483,0.00800000,0.71472428,0.21543823,0.82440524
335.12000012,0.01069824,0.00942750,0.01700000,0.71189980,0.20206587,0.84842563
335.22000003,0.01372684,0.01033411,0.01800000,0.77308936,0.19926774,0.84932254
335.31999993,0.01549895,0.00907978,0.00900000,0.79461797,0.19166509,0.83490488
335.42000008,0.01274269,0.00827187,0.00700000,0.78083547,0.19301182,0.84320402
335.51999998,0.00978807,0.00757388,0.00800000,0.74182730,0.19013336,0.85403587
335.62000012,0.01188800,0.00900974,0.00500000,0.73548259,0.19482551,0.87554493
335.72000003,0.00949899,0.01377930,0.00000000,0.74378644,0.18897323,0.85957815
335.81999993,0.00627937,0.01332439,0.00600000,0.73131088,0.18649240,0.88646734
335.92000008,0.01075751,0.01108043,0.00700000,0.73544292,0.18546338,0.87678000
336.01999998,0.01144917,0.00893121,0.01300000,0.75520811,0.17796225,0.89673040
336.12000012,0.00903025,0.00283277,0.01800000,0.75382432,0.17306500,0.87413517
336.22000003,0.00571796,0.00464703,0.02200000,0.75261522,0.17603040,0.90160210
336.31999993,0.01207557,0.00776406,0.02600000,0.79331340,0.17463813,0.89321127
336.42000008,0.01441639,0.00732310,0.02700000,0.85536270,0.16616572,0.89525998
336.51999998,0.02072745,0.00766242,0.03300000,0.85191740,0.16766593,0.86480647
336.62000012,0.02213124,0.00937754,0.03700000,0.87980296,0.17090796,0.93682470
336.72000003,0.01989361,0.01160061,0.04000000,0.86769115,0.17205280,0.97726603
336.81999993,0.02372525,0.01110102,0.04900000,0.88535335,0.17392004,0.97185450
336.92000008,0.02766137,0.01071721,0.04800000,0.89767333,0.17314874,0.99231372
337.01999998,0.02862551,0.01194487,0.05300000,0.90504496,0.17285225,0.95685856
337.12000012,0.02772039,0.01443607,0.05800000,0.92420985,0.20005882,0.92992039
337.22000003,0.02112685,0.01075296,0.06100000,0.90682546,0.18677425,0.92821566
337.31999993,0.01368185,0.01046646,0.05600000,0.83652490,0.18445250,0.91317765
337.42000008,0.01516658,0.00962055,0.05900000,0.87113758,0.18844811,0.91408829
337.51999998,0.01378228,0.00852401,0.05600000,0.82297712,0.18056027,0.86144549
337.62000012,0.01426277,0.00716543,0.05100000,0.80932502,0.18072184,0.85418509
337.72000003,0.01364590,0.00529522,0.04800000,0.80397793,0.17686481,0.85734891
337.82100010,0.01241767,0.00317040,0.05500000,0.81032082,0.17323135,0.88271370
337.92100000,0.01217730,0.00200085,0.06200000,0.81562345,0.17470966,0.89335777
338.02099991,0.00760187,0.00193689,0.06600000,0.79511118,0.17078902,0.92246885
338.12100005,0.00999463,0.00032773,0.07300000,0.79247082,0.16857213,0.89910100
338.22099996,0.01148458,0.00161383,0.07400000,0.82090596,0.17987356,0.91212783
338.32100010,0.01513520,0.00302916,0.07600000,0.86358344,0.17995187,0.91577069
338.42100000,0.01423027,0.00395845,0.07900000,0.84832185,0.18311461,0.90370960
338.52099991,0.01512816,0.00614726,0.08200000,0.82384597,0.18318923,0.89651556
338.62100005,0.01435781,0.00612155,0.08200000,0.81729990,0.18293026,0.88127164
338.72099996,0.00923470,0.00001878,0.05500000,0.78096893,0.17122213,0.83449971
338.82100010,0.01233384,0.00057135,0.04800000,0.78100557,0.18098686,0.82953850
338.92100000,0.00872662,0.00192253,0.02700000,0.77499665,0.18359676,0.74701263
339.02099991,0.00703801,0.00178783,0.03400000,0.78004417,0.18175293,0.73058096
339.12100005,0.00233484,0.00123229,0.01800000,0.76382907,0.18378167,0.68574049
339.22099996,0.00341945,0.00089296,0.01200000,0.75418185,0.17881420,0.70827147
339.32100010,0.00762984,0.00039436,0.00100000,0.71579466,0.17812890,0.67911033
339.42100000,0.01805973,0.00726127,0.00200000,0.74298423,0.19047741,0.69720717
339.52099991,0.02080400,0.00803762,0.00200000,0.75891596,0.20166785,0.71158194
339.62100005,0.00949353,0.00932807,0.00100000,0.69880792,0.20952955,0.70003531
339.72099996,0.00518345,0.00843871,0.00700000,0.68788396,0.20978197,0.70741260
339.82100010,0.00840682,0.00850267,0.01900000,0.71723485,0.21564970,0.68904715
339.92100000,0.00768328,0.00789223,0.02210000,0.69867713,0.21803777,0.69662714
340.02099991,0.01036341,0.00818106,0.01100000,0.70614349,0.21716709,0.65271245
340.12100005,0.01259187,0.00762790,0.01200000,0.75602828,0.22499793,0.65601306
340.22099996,0.00576602,0.01206163,0.02300000,0.69800857,0.24206254,0.70473625
340.32100010,0.00184567,0.00809281,0.01100000,0.68452277,0.22693673,0.70778948
340.42100000,0.00281775,0.00760002,0.00600000,0.68745200,0.22675820,0.73302301
340.52099991,0.00337988,0.00802910,0.00800000,0.71774750,0.22439409,0.73914774
340.62100005,0.00163449,0.00596561,0.00900000,0.71972966,0.23028342,0.77751319
340.72200012,0.00096803,0.01184538,0.01200000,0.73968878,0.24859191,0.77625307
340.82200003,0.00253859,0.02222151,0.00000000,0.76421756,0.25556581,0.74250630
340.92199993,0.00201797,0.02443988,0.01000000,0.77674971,0.25790001,0.73267127
341.02200007,0.00011183,0.01417348,0.00200000,0.76653058,0.24668570,0.73589772
341.12199998,0.00280059,0.00899426,0.00600000,0.75678870,0.23400034,0.73680130
341.22200012,0.01163414,0.00894465,0.00500000,0.82317763,0.24058556,0.74595467
341.32200003,0.00613908,0.01196377,0.00400000,0.73367432,0.25292783,0.73361210
341.42199993,0.00243643,0.01413024,0.00300000,0.72165216,0.25549800,0.72429712
341.52200007,0.00127285,0.01605552,0.00200000,0.71284265,0.25538042,0.74567287
341.62199998,0.00924650,0.01210463,0.00600000,0.76695779,0.25570079,0.77163222
341.72200012,0.00920570,0.01220267,0.00800000,0.75839423,0.25584983,0.75284611
341.82200003,0.00713529,0.00887511,0.00800000,0.77169740,0.24537858,0.77926541
341.92199993,0.00648805,0.00831596,0.00800000,0.77791274,0.23583883,0.78132290
342.02200007,0.00344652,0.01241134,0.00600000,0.77192589,0.25486077,0.76461477
342.12199998,0.00791755,0.01357064,0.00900000,0.76000929,0.25621643,0.78008619
342.22200012,0.00912929,0.01317976,0.00600000,0.77634496,0.25845541,0.78517885
342.32200003,0.00543591,0.00964940,0.00800000,0.77857678,0.24615051,0.78350661
342.42199993,0.00394287,0.00962413,0.00700000,0.81987256,0.24658624,0.77243822
342.52200007,0.01295324,0.00898575,0.00200000,0.89236865,0.24012714,0.78285973
342.62199998,0.01049069,0.01404797,0.00300000,0.81922532,0.25435177,0.79028439
342.72200012,0.01072800,0.01425377,0.00400000,0.82079649,0.25001607,0.82849951
342.82200003,0.01546432,0.01221085,0.01000000,0.83828621,0.25496125,0.88142566
342.92199993,0.01378189,0.01072192,0.01500000,0.83407088,0.25557095,0.89553313
343.02200007,0.01107354,0.00883837,0.00100000,0.78873809,0.23691046,0.83500357
343.12199998,0.00805307,0.00833115,0.00300000,0.78093033,0.23915249,0.86795849
343.22200012,0.00750312,0.00780405,0.00300000,0.78668042,0.23753883,0.87978913
343.32200003,0.00754550,0.00964394,0.00000000,0.79097034,0.23649495,0.88210056
343.42199993,0.00859948,0.01219422,0.00100000,0.81728471,0.25188227,0.87035932
343.52200007,0.00841781,0.01266257,0.00000000,0.82143771,0.25588573,0.85203216
343.62299991,0.01272991,0.00757361,0.01000000,0.79285745,0.24237554,0.85314679
343.72300005,0.01543754,0.00443197,0.00800000,0.86303926,0.23214236,0.82306096
343.82299995,0.01147652,0.00665654,0.00400000,0.79814181,0.23269262,0.82557939
343.92300010,0.00871341,0.01190952,0.01500000,0.77539736,0.24886044,0.89111639
344.02300000,0.00893080,0.01134728,0.01700000,0.77399502,0.24510867,0.89649024
344.12299991,0.00823075,0.01150368,0.01800000,0.76121615,0.24662147,0.89409640
344.22300005,0.00998512,0.00692440,0.01600000,0.75438737,0.22832065,0.89823933
344.32299995,0.01386348,0.00294005,0.01400000,0.75160735,0.22145277,0.87905083
344.42300010,0.01701363,0.00478084,0.01200000,0.81443526,0.21932098,0.80704910
344.52300000,0.01813952,0.00435519,0.01200000,0.81839503,0.21495847,0.79744851
344.62299991,0.01650942,0.00119957,0.00400000,0.82787653,0.22063337,0.78623751
344.72300005,0.01799067,0.00256626,0.00400000,0.80259084,0.21174362,0.77571239
344.82299995,0.01385396,0.00323847,0.00000000,0.76891393,0.21385026,0.78511935
344.92300010,0.01383222,0.00301326,0.00200000,0.75746162,0.20370638,0.78971000
345.02300000,0.01410018,0.00343293,0.00800000,0.78575815,0.21033233,0.79188453
345.12299991,0.01569786,0.00232103,0.01200000,0.79054753,0.20388702,0.80925382
345.22300005,0.01675584,0.00122146,0.00900000,0.79578060,0.20139149,0.80903948
345.32299995,0.01516652,0.00061372,0.00600000,0.78952571,0.20064057,0.80852341
345.42300010,0.01591487,0.00089279,0.00300000,0.79474322,0.19931138,0.81530653
345.52300000,0.01669112,0.00031050,0.00300000,0.76453818,0.19055768,0.80648101
345.62299991,0.01513616,0.00101319,0.00300000,0.75185218,0.19490317,0.77485935
345.72300005,0.01429494,0.00347198,0.01000000,0.76749733,0.19458427,0.76555889
345.82299995,0.01413493,0.00191148,0.01600000,0.79124958,0.19454925,0.75277563
345.92300010,0.01461695,0.00091359,0.01600000,0.79647313,0.18432890,0.75736516
346.02300000,0.01509337,0.00489493,0.01400000,0.77657334,0.17996212,0.75384662
346.12299991,0.01270425,0.00451465,0.02000000,0.72581538,0.18163085,0.81675748
346.22300005,0.01252717,0.00404970,0.02000000,0.73406435,0.18720180,0.79578665
346.32299995,0.01333289,0.00450045,0.02100000,0.71727675,0.18774771,0.79868774
346.42400002,0.01491053,0.00615760,0.02300000,0.76171067,0.18720246,0.79213569
346.52399993,0.01793939,0.00940416,0.02100000,0.75227389,0.19784347,0.80659819
346.62400007,0.01691897,0.00669616,0.01000000,0.72926812,0.17641036,0.73312279
346.72399998,0.01719692,0.00830337,0.01200000,0.74591730,0.18846164,0.72610633
346.82400012,0.01591251,0.01145828,0.00800000,0.73238671,0.18934974,0.74700824
346.92400002,0.01644405,0.01233261,0.01000000,0.73247899,0.19035604,0.72040763
347.02399993,0.01024035,0.01144487,0.02300000,0.68547239,0.19366634,0.76348383
347.12400007,0.00749768,0.01097428,0.02800000,0.64781798,0.19442622,0.76332836
347.22399998,0.00771350,0.00812108,0.02800000,0.67608685,0.18842085,0.75088269
347.32400012,0.00723637,0.00712495,0.02700000,0.67096017,0.17725688,0.72983334
347.42400002,0.00918462,0.00949436,0.02000000,0.64652503,0.19836847,0.72241824
347.52399993,0.00977564,0.00820591,0.01800000,0.63834492,0.18435201,0.69235869
347.62400007,0.00902622,0.00474629,0.01500000,0.64909402,0.18631390,0.69214156
347.72399998,0.00836204,0.00381788,0.01400000,0.66406425,0.18322204,0.66164998
347.82400012,0.00112441,0.00929439,0.02900000,0.65486684,0.19004573,0.70694997
347.92400002,0.00188678,0.00933006,0.02900000,0.64278471,0.19270538,0.68824389
348.02399993,0.00114191,0.00779397,0.02300000,0.66978144,0.19091936,0.63860238
348.12400007,0.00559365,0.00751472,0.03000000,0.67535891,0.19337698,0.67816394
348.22399998,0.00640339,0.00710328,0.03000000,0.68409101,0.19380634,0.69673208
348.32400012,0.00544555,0.00596624,0.03100000,0.68891513,0.19960537,0.68442485
348.42400002,0.00241695,0.00699702,0.02800000,0.68117396,0.19892931,0.66735795
348.52399993,0.00675118,0.01113649,0.02800000,0.69264231,0.20329054,0.63716477
348.62400007,0.01191454,0.01293420,0.01200000,0.73299383,0.22334447,0.59734765
348.72399998,0.01214070,0.01124293,0.00500000,0.72212784,0.21328405,0.61573411
348.82400012,0.01032016,0.00497938,0.00600000,0.65325780,0.20683343,0.59168459
348.92400002,0.01012114,0.00387459,0.00700000,0.65991203,0.19943178,0.59205595
349.02399993,0.00591658,0.00236095,0.01600000,0.65753148,0.19903571,0.55892202
349.12400007,0.00448664,0.00140360,0.01500000,0.68175914,0.19992722,0.56049032
349.22399998,0.00958650,0.00385475,0.00600000,0.67719506,0.20454181,0.55744523
349.32500005,0.01150260,0.01114361,0.00300000,0.71248187,0.20293392,0.56716079
349.42499995,0.01031124,0.01052323,0.00100000,0.72027834,0.19694740,0.55634456
349.52500010,0.00923381,0.00654116,0.00500000,0.67552951,0.19634177,0.57548385
349.62500000,0.00694806,0.00334282,0.00500000,0.68804159,0.20136996,0.57109113
349.72499990,0.01131588,0.01055466,0.01100000,0.74066648,0.20829090,0.59557170
349.82500005,0.01385181,0.01546762,0.01200000,0.72606713,0.21790841,0.60078281
349.92499995,0.01397395,0.01573464,0.01500000,0.71714065,0.22730898,0.59927808
350.02500010,0.00911060,0.01642306,0.02300000,0.65712152,0.24863260,0.62918985
350.12500000,0.00817546,0.01646031,0.02400000,0.64679052,0.24301883,0.70232508
350.22499990,0.00748010,0.01437004,0.02000000,0.66863878,0.23411271,0.64757779
350.32500005,0.00729162,0.01358427,0.02200000,0.64878019,0.22863323,0.63478554
350.42499995,0.01442089,0.01372181,0.02500000,0.71545612,0.22918155,0.69404586
350.52500010,0.01376655,0.01504135,0.02400000,0.75126447,0.22079086,0.70610189
350.62500000,0.00552594,0.01673422,0.02600000,0.70057445,0.22220418,0.69721782
350.72499990,0.00639962,0.01703892,0.03000000,0.71997960,0.22104876,0.68827485
350.82500005,0.00021278,0.01574563,0.03700000,0.70093661,0.21985469,0.71629843
350.92499995,0.00168035,0.01610268,0.04000000,0.70705291,0.22011929,0.74393280
351.02500010,0.00317206,0.01861365,0.03400000,0.72543541,0.21861621,0.75867927
351.12500000,0.00336730,0.01886243,0.04200000,0.69432455,0.22059191,0.76862281
351.22499990,0.00429856,0.01903739,0.05100000,0.69503352,0.21291677,0.73209960
351.32500005,0.00181849,0.02064808,0.05300000,0.70224782,0.22846298,0.71878750
351.42499995,0.00121716,0.02045626,0.04400000,0.70125125,0.22525465,0.71712844
351.52500010,0.01234903,0.02448574,0.01400000,0.76355103,0.23015129,0.66250676
351.62500000,0.01160388,0.02531304,0.01400000,0.74702764,0.23055248,0.67533266
351.72499990,0.00471689,0.02660998,0.00400000,0.73980386,0.23003817,0.63983803
351.82500005,0.00102048,0.02591252,0.00100000,0.75969771,0.22479363,0.61660488
351.92499995,0.00086307,0.02160984,0.00600000,0.75133316,0.20521446,0.63119154
352.02500010,0.01021455,0.01940781,0.01100000,0.75876980,0.21004782,0.63182021
352.12500000,0.00974711,0.01819351,0.01200000,0.75560970,0.20713028,0.66392819
352.22600007,0.01179048,0.02007348,0.01500000,0.72661991,0.21832995,0.66570755
352.32599998,0.01140582,0.01581636,0.01800000,0.77101784,0.21698873,0.67479147
352.42600012,0.00826480,0.01382979,0.01100000,0.78357941,0.21911365,0.64798799
352.52600002,0.00422266,0.01446130,0.01200000,0.78730715,0.22269449,0.64309685
352.62599993,0.00593014,0.01604380,0.01500000,0.80587835,0.22552559,0.64725215
352.72600007,0.00630151,0.01482096,0.01600000,0.82072104,0.21823387,0.66619623
352.82599998,0.00878311,0.01760417,0.00700000,0.82041438,0.22139411,0.63471382
352.92600012,0.01243537,0.02605382,0.00100000,0.82378686,0.23091163,0.64333567
353.02600002,0.01536573,0.02833909,0.00400000,0.87676813,0.23727672,0.64657848
353.12599993,0.01615580,0.02330236,0.01300000,0.90281300,0.21273300,0.65785629
353.22600007,0.01376067,0.01479338,0.01800000,0.91543072,0.21150984,0.65476047
353.32599998,0.00645051,0.03098259,0.01500000,0.84505949,0.23521403,0.66331725
353.42600012,0.01065844,0.03137288,0.01500000,0.85224319,0.24427071,0.67390100
353.52600002,0.01084142,0.02528880,0.01100000,0.86490984,0.22390283,0.66164349
353.62599993,0.01294514,0.01695533,0.00900000,0.83793824,0.22193633,0.66094229
353.72600007,0.01401126,0.01611007,0.00900000,0.88073398,0.22572936,0.68234288
353.82599998,0.00998835,0.02208082,0.02400000,0.81631978,0.23227731,0.73350675
353.92600012,0.01052183,0.02401960,0.02500000,0.83688321,0.23544566,0.74887341
354.02600002,0.01143201,0.02388031,0.02100000,0.83446084,0.23754598,0.74740825
354.12599993,0.01136965,0.02669346,0.02300000,0.82987523,0.24223413,0.73716378
354.22600007,0.01440974,0.02120966,0.01600000,0.83168022,0.24322427,0.69822945
354.32599998,0.01581427,0.02172899,0.01700000,0.90005325,0.24907875,0.72545309
354.42600012,0.01696005,0.02406900,0.01800000,0.89857327,0.25068392,0.76752049
354.52600002,0.01892656,0.02329282,0.02000000,0.91287390,0.25208933,0.77656996
354.62599993,0.01882283,0.02709005,0.01400000,0.89696758,0.25661625,0.72873072
354.72600007,0.01978794,0.02950063,0.00300000,0.90714911,0.26237562,0.71573975
354.82599998,0.02225072,0.03024492,0.00500000,0.88223974,0.26789201,0.72933058
354.92600012,0.02183201,0.03158818,0.00000000,0.88039080,0.26927047,0.75620897
355.02600002,0.02148443,0.03171859,0.01000000,0.92385968,0.27257021,0.77004056
355.12700009,0.01558773,0.02577038,0.01700000,0.90716403,0.27175821,0.81801647
355.22600007,0.01347375,0.02069077,0.01400000,0.85726040,0.27159731,0.76625374
355.32599998,0.01118654,0.02579305,0.01500000,0.86626521,0.27440403,0.76993892
355.42700005,0.01149599,0.03309218,0.01400000,0.85981803,0.27114987,0.73927519
355.52699995,0.01273093,0.03324821,0.01600000,0.85441895,0.27151137,0.79002601
355.62700009,0.01614827,0.02888656,0.00900000,0.90594970,0.26873212,0.76803703
355.72700000,0.01770740,0.02881229,0.00700000,0.87731042,0.26445743,0.76091986
355.82699990,0.01722670,0.02879411,0.01400000,0.86987384,0.26639063,0.72652586
355.92700005,0.01604882,0.03302129,0.02000000,0.85597512,0.26817934,0.79552038
356.02699995,0.01857072,0.03300710,0.01800000,0.87407624,0.26459483,0.78057327
356.12700009,0.01940677,0.03558732,0.02100000,0.85568689,0.27099877,0.76288863
356.22700000,0.01936786,0.04150887,0.01600000,0.85876626,0.28791900,0.75733578
356.32699990,0.01464298,0.04108227,0.01400000,0.80132134,0.27882761,0.69276998
356.42700005,0.01004309,0.03374072,0.01000000,0.80380047,0.25728623,0.68553640
356.52699995,0.00605289,0.02733976,0.00500000,0.79791965,0.25084021,0.67537107
356.62700009,0.00484719,0.03185898,0.01700000,0.78766499,0.26439557,0.77083120
356.72700000,0.00596475,0.03463469,0.02600000,0.80889926,0.26265727,0.77857502
356.82699990,0.00919460,0.03479640,0.02700000,0.80692868,0.25918197,0.78125361
356.92700005,0.01018801,0.03185364,0.01900000,0.76933909,0.25747072,0.80359899
357.02699995,0.01442378,0.03271765,0.01600000,0.75115964,0.25609438,0.79254832
357.12700009,0.01590304,0.03248605,0.01800000,0.78148614,0.25393957,0.76841398
357.22700000,0.01267757,0.03284021,0.01700000,0.76549699,0.25323248,0.77676170
357.32699990,0.01195791,0.03588229,0.01300000,0.75155936,0.24569358,0.72362710
357.42700005,0.01312933,0.03853986,0.01400000,0.71982440,0.23896476,0.76206704
357.52699995,0.00926532,0.03538466,0.01100000,0.68602448,0.23182969,0.70325771
357.62700009,0.00714408,0.03318075,0.00600000,0.67396212,0.23078595,0.70035924
357.72700000,0.00581024,0.03281602,0.00500000,0.70019019,0.22625071,0.68891318
357.82699990,0.00735394,0.03821217,0.00400000,0.72410135,0.22822788,0.68509056
357.92700005,0.00848348,0.03896833,0.00800000,0.75441735,0.22837294,0.67987009
358.02800012,0.00908471,0.03512318,0.00500000,0.74719394,0.22375812,0.65857139
358.12800002,0.00908763,0.03309781,0.00300000,0.72713155,0.22076204,0.67820187
358.22799993,0.01028754,0.03436054,0.00100000,0.73113081,0.21870159,0.69000748
358.32800007,0.01351114,0.03882202,0.00300000,0.75110511,0.22417837,0.65727915
358.42799997,0.01311000,0.04269716,0.00100000,0.77274745,0.22178352,0.64765932
358.52800012,0.01333106,0.04272251,0.00000000,0.75065649,0.23335072,0.65175595
358.62800002,0.01262426,0.03062561,0.01400000,0.73468873,0.22155186,0.72343243
358.72799993,0.01299231,0.03283443,0.01500000,0.71108358,0.22093167,0.73108078
358.82800007,0.01273534,0.04059632,0.01400000,0.70736051,0.23052146,0.69554752
358.92799997,0.01085006,0.04479907,0.02000000,0.70809340,0.25312084,0.72614599
359.02800012,0.01187920,0.04356977,0.01800000,0.74336165,0.24549844,0.72890116
359.12800002,0.01210972,0.04391133,0.01900000,0.73143434,0.24431064,0.74486232
359.22799993,0.01287333,0.03522112,0.01000000,0.76142633,0.23374309,0.70007223
359.32800007,0.01384165,0.03731606,0.00900000,0.74949895,0.24278331,0.70734698
359.42799997,0.01571765,0.04216688,0.01300000,0.77239444,0.25792940,0.74946309
359.52800012,0.01607045,0.04342201,0.01100000,0.78002693,0.26352643,0.71334926
359.62800002,0.01449665,0.04144173,0.00400000,0.76280641,0.25476839,0.74659331
359.72799993,0.01487618,0.04077081,0.00400000,0.78551942,0.25180757,0.70841908
359.82800007,0.01438508,0.04094972,0.00100000,0.78918325,0.25843810,0.71104959
359.92799997,0.01470739,0.03923599,0.00600000,0.81767191,0.25663822,0.69155253
360.02800012,0.01353991,0.03774547,0.01000000,0.84580605,0.25275859,0.68067821
360.12800002,0.01352260,0.03860310,0.01200000,0.85773835,0.25584640,0.71212229
360.22799993,0.01448620,0.03772002,0.00900000,0.83974456,0.26278362,0.70200041
360.32800007,0.01476931,0.04112903,0.00700000,0.82033507,0.26354002,0.70253380
360.42799997,0.01183995,0.04070560,0.01200000,0.79371193,0.27593700,0.72090007
360.52800012,0.01856418,0.03581077,0.00600000,0.89004458,0.27362839,0.70588641
360.62800002,0.01701923,0.03392633,0.00500000,0.92731418,0.27333507,0.71100471
360.72799993,0.01785444,0.03277482,0.00500000,0.93524664,0.26639135,0.70910093
360.82800007,0.01676915,0.03923411,0.00600000,0.89821255,0.27567290,0.73205161
360.92899990,0.01541602,0.04493591,0.00600000,0.88230289,0.28920751,0.71438744
361.02900004,0.01357011,0.03307722,0.00700000,0.85378367,0.26495095,0.74240840
361.12899995,0.01346433,0.04181115,0.00800000,0.85496729,0.28253423,0.72482261
361.22900009,0.00974262,0.03270124,0.01000000,0.80461462,0.26085757,0.72924327
361.32900000,0.01162636,0.04299346,0.01300000,0.77901799,0.27990380,0.77376069
361.42899990,0.01421129,0.04758623,0.01100000,0.81814643,0.28091041,0.74208515
361.52900004,0.01359119,0.02076968,0.01100000,0.79740847,0.24259539,0.74284796
361.62899995,0.00867763,0.04176408,0.00100000,0.72651799,0.27115982,0.74785098
361.72900009,0.00584622,0.03337067,0.00300000,0.72339272,0.25307300,0.73482861
361.82900000,0.00595578,0.03164646,0.01400000,0.74263971,0.25450357,0.75619710
361.92899990,0.00569265,0.03348961,0.01400000,0.74110565,0.25566629,0.79006207
362.02900004,0.00588024,0.02841043,0.01400000,0.71891624,0.24656647,0.76278572
362.12899995,0.00669270,0.03424891,0.01900000,0.70086040,0.24882523,0.77731698
362.22900009,0.00565826,0.02879139,0.02210000,0.70308999,0.24615750,0.76557856
362.32900000,0.00827025,0.03091687,0.01600000,0.69274297,0.25475779,0.77708832
362.42899990,0.00356762,0.03166326,0.00900000,0.69486601,0.25128677,0.74010482
362.52900004,0.00243891,0.02155717,0.01700000,0.71654241,0.24003501,0.81430759
362.62899995,0.00374859,0.03716017,0.02000000,0.71335667,0.25908548,0.81295553
362.72900009,0.00574156,0.01728133,0.02500000,0.73541671,0.22903337,0.78811781
362.82900000,0.00253247,0.03379477,0.02700000,0.71336570,0.25357339,0.78810999
362.92899990,0.00320348,0.03217806,0.02200000,0.70155754,0.24523987,0.75455494
363.02900004,0.00536269,0.01470447,0.01700000,0.67263514,0.21225845,0.75747237
363.12899995,0.00306560,0.03375029,0.01800000,0.67363407,0.24137435,0.75741688
363.22900009,0.00644679,0.01203906,0.01600000,0.67088933,0.20160575,0.74239522
363.32900000,0.00629110,0.03423510,0.01300000,0.67995245,0.23065525,0.71351284
363.42899990,0.00381391,0.02424673,0.00800000,0.72273254,0.20963970,0.63802948
363.52900004,0.00371939,0.02711856,0.00200000,0.71546523,0.20390291,0.62584530
363.62899995,0.00747356,0.01631061,0.00000000,0.68418097,0.19598913,0.61407959
363.72900009,0.00450330,0.03300637,0.00200000,0.67272044,0.22102072,0.63258310
363.82999992,0.00253599,0.03228233,0.00700000,0.65801806,0.22204035,0.64101834
363.93000007,0.00706394,0.03281038,0.00000000,0.66420453,0.22291175,0.61099146
364.02999997,0.00475888,0.02778782,0.00100000,0.64683004,0.22359081,0.62069745
364.13000011,0.00015983,0.02035644,0.00800000,0.65480670,0.20240913,0.61762194
364.23000002,0.00492443,0.01574802,0.01200000,0.64517014,0.20175674,0.64574102
364.32999992,0.00197397,0.01849874,0.00700000,0.63549572,0.20975299,0.61117560
364.43000007,0.00316985,0.01981419,0.00100000,0.61804881,0.21136718,0.59933917
364.52999997,0.00794042,0.01737584,0.00400000,0.62925168,0.20889461,0.63167933
364.63000011,0.01487323,0.01732042,0.00000000,0.67170371,0.21327683,0.63140702
364.73000002,0.01865164,0.01801712,0.00100000,0.69881993,0.21092054,0.64487347
364.82999992,0.01859409,0.02267046,0.00100000,0.70110105,0.22082162,0.65514348
364.93000007,0.01735344,0.02379807,0.00100000,0.70527740,0.22066090,0.66690450
365.02999997,0.01702338,0.02143955,0.00100000,0.72167113,0.21521138,0.66585872
365.13000011,0.01912466,0.01646140,0.01000000,0.72541089,0.19054226,0.71459148
365.23000002,0.02140176,0.01204387,0.01300000,0.73124507,0.18826225,0.72111317
365.32999992,0.02200800,0.00948145,0.01700000,0.75722452,0.18503685,0.78196313
365.43000007,0.02006799,0.00870952,0.01100000,0.74040757,0.18753571,0.73224596
365.52999997,0.01095461,0.00844076,0.00800000,0.68638442,0.18641816,0.70465064
365.63000011,0.00844142,0.00404876,0.00200000,0.68858235,0.18173351,0.68954272
365.73000002,0.01045713,0.00185969,0.00200000,0.68722535,0.18132341,0.70969301
365.82999992,0.01622880,0.00079762,0.00400000,0.75473419,0.18314296,0.69781131
365.93000007,0.01804782,0.00278140,0.01500000,0.75930891,0.18010449,0.75352687
366.02999997,0.02161222,0.00249234,0.02000000,0.76821107,0.17761805,0.77832601
366.13000011,0.02226527,0.00324157,0.02000000,0.78456316,0.18895358,0.77595081
366.23000002,0.02122146,0.00233016,0.02100000,0.78224391,0.18917244,0.79145998
366.32999992,0.02377575,0.00192195,0.01800000,0.78246566,0.19128326,0.77916473
366.43000007,0.02659382,0.00038572,0.01900000,0.78593584,0.19161091,0.80936282
366.52999997,0.02301693,0.00707044,0.01200000,0.76096249,0.19520693,0.76092575
366.63000011,0.02094628,0.00676561,0.01000000,0.73792816,0.20192712,0.77392092
366.73099995,0.01522744,0.00510050,0.00500000,0.68757487,0.20801885,0.76858808
366.83100009,0.00899429,0.00443991,0.00100000,0.66784761,0.21203353,0.75541867
366.93099999,0.01148658,0.00707238,0.00600000,0.66834638,0.21493411,0.75360348
367.03099990,0.01264635,0.00673496,0.00800000,0.68531735,0.21314719,0.75974356
367.13100004,0.01119046,0.00635796,0.00900000,0.68482548,0.21125195,0.77489836
367.23099995,0.00828574,0.00656632,0.01000000,0.67583978,0.21381700,0.77887008
367.33100009,0.00638679,0.00743297,0.01400000,0.69236762,0.21617376,0.77041993
367.43099999,0.00849193,0.00696615,0.01600000,0.70404761,0.21401967,0.82236232
367.53099990,0.00877400,0.01104160,0.01900000,0.73240340,0.22018560,0.83732031
367.63100004,0.00609336,0.01310843,0.02300000,0.72541873,0.22511106,0.82930501
367.73099995,0.00784967,0.01424053,0.02400000,0.73552643,0.22384750,0.82907230
367.83100009,0.01411087,0.01404754,0.03100000,0.74351956,0.22590199,0.82312053
367.93099999,0.02148039,0.01436812,0.03300000,0.80084448,0.22961248,0.82186967
368.03099990,0.02332601,0.01411372,0.02700000,0.78995820,0.22913469,0.82226888
368.13100004,0.01984461,0.01042312,0.02800000,0.78365210,0.23033136,0.81967625
368.23099995,0.00368338,0.17848488,0.02890000,0.73007097,0.44030845,0.80375483
