time_s,LoPE,LaPE,VPE,LoPL_adjusted,LaPL_adjusted,VPL_adjusted
0.00000000,0.01725223,0.01842608,0.16200000,0.80495545,0.24763107,0.97929379
0.09999990,0.01833180,0.02261073,0.18600000,0.79459926,0.25480555,1.00224109
0.20000005,0.06243528,0.00514649,0.18290000,0.81314203,0.22891060,0.98588540
0.29999995,0.05431781,0.02765639,0.17690000,0.81734646,0.26181416,0.96810123
0.40100002,0.00764787,0.02186413,0.03800000,0.71941301,0.25458371,0.79138907
0.50099993,0.00678857,0.01534162,0.04300000,0.71432395,0.23816013,0.81574672
0.60100007,0.01113733,0.01909659,0.04190000,0.69838812,0.26068179,0.81983992
0.70099998,0.01939075,0.02856149,0.06390000,0.77335417,0.26612310,0.88733293
0.80099988,0.02245036,0.02670134,0.05490000,0.77568614,0.26366078,0.85410215
0.90100002,0.01134138,0.01732695,0.03790000,0.70541259,0.24154436,0.80759963
1.00099993,0.00769208,0.01758300,0.03500000,0.72612016,0.25813799,0.81673917
1.10100007,0.01113350,0.01932913,0.04700000,0.73550405,0.25894090,0.82470682
1.20099998,0.01768950,0.02313723,0.04600000,0.77660420,0.26586760,0.83010948
1.30099988,0.00840605,0.01325701,0.02590000,0.72002584,0.23958933,0.79952759
1.40100002,0.00495371,0.01128454,0.02200000,0.70914560,0.23460541,0.78844506
1.50099993,0.00772600,0.01248995,0.03200000,0.72382837,0.23861082,0.79620675
1.60200000,0.00811289,0.01197293,0.03600000,0.71967998,0.23148471,0.80180581
1.70199990,0.00719119,0.01061634,0.03000000,0.71181625,0.23452153,0.79354627
1.80200005,0.00713402,0.01016690,0.01600000,0.70369947,0.23715822,0.75041613
1.90199995,0.01323201,0.01410262,0.03000000,0.70174875,0.24291888,0.74156819
2.00200009,0.01476673,0.01163029,0.03100000,0.72790986,0.23084619,0.74093018
2.10200000,0.01422001,0.00345707,0.03790000,0.73248719,0.22192827,0.72458799
2.20199990,0.01886563,0.00467845,0.04600000,0.75228778,0.22162475,0.76172343
2.30200005,0.00131200,0.00082986,0.01600000,0.70221154,0.21477326,0.67728305
2.40199995,0.00126094,0.00301165,0.00900000,0.73348582,0.21630669,0.69500945
2.50200009,0.00766840,0.00835019,0.02090000,0.75657818,0.22471986,0.71667295
2.60200000,0.00580807,0.00693082,0.00990000,0.71934159,0.22402664,0.71404776
2.70199990,0.00161878,0.00117454,0.01090000,0.68774446,0.21556224,0.73853025
2.80299997,0.00026081,0.01002108,0.01100000,0.65875710,0.21648108,0.73870716
2.90299988,0.00425557,0.00873499,0.00600000,0.65219470,0.20930941,0.72646750
3.00300002,0.00724372,0.00792329,0.01400000,0.62585248,0.21369197,0.72237126
3.10299993,0.00410772,0.00794523,0.01900000,0.61547822,0.20973422,0.73079560
3.20300007,0.00542875,0.00816876,0.01700000,0.62130675,0.20623738,0.72568839
3.30299997,0.00431787,0.01415613,0.01600000,0.67183480,0.21242877,0.74991093
3.40299988,0.00775147,0.02159085,0.01800000,0.67248973,0.22414268,0.76504246
3.50300002,0.00695968,0.02353854,0.01590000,0.68400911,0.22831008,0.80970865
3.60299993,0.00630999,0.02228641,0.02500000,0.68701934,0.22506300,0.81638036
3.70300007,0.00465115,0.02365897,0.02090000,0.69558389,0.22307564,0.78357607
3.80299997,0.00219574,0.02385411,0.02300000,0.66071109,0.22964145,0.79949326
3.90400004,0.01479283,0.02055097,0.01990000,0.69813201,0.23062739,0.78847808
4.00399995,0.01948660,0.01746919,0.02290000,0.69254404,0.23190116,0.81904532
4.10400009,0.01122891,0.01853029,0.01700000,0.64693125,0.22963315,0.73197583
4.20400000,0.01072577,0.01847912,0.01300000,0.64271263,0.22633142,0.73282313
4.30399990,0.01034690,0.01836142,0.00990000,0.63985960,0.22177842,0.72798829
4.40400004,0.00219368,0.02081557,0.00890000,0.62532013,0.22881859,0.71952630
4.50399995,0.01279778,0.01889092,0.00690000,0.67619114,0.22443682,0.73560633
4.60400009,0.01345762,0.02327257,0.00110000,0.66590731,0.23042912,0.72518264
4.70400000,0.01201921,0.02869806,0.01310000,0.69037516,0.24020804,0.73364518
4.80399990,0.01297668,0.03548148,0.01000000,0.72195495,0.26465823,0.74252946
4.90400004,0.01204335,0.03437394,0.01100000,0.69761402,0.24591440,0.76473783
5.00399995,0.01463508,0.03611308,0.01310000,0.72168565,0.26125310,0.77003582
5.10500002,0.01770295,0.04854900,0.01400000,0.71685560,0.28186115,0.77151390
5.20499992,0.02018160,0.03395443,0.01910000,0.74439739,0.25415938,0.82730199
5.30500007,0.00201691,0.04905040,0.00690000,0.67480666,0.27752411,0.77095096
5.40499997,0.00862381,0.03233388,0.00100000,0.70168205,0.24812320,0.79109006
5.50499988,0.00811737,0.03459781,0.01110000,0.68295004,0.25302963,0.76225630
5.60500002,0.00513918,0.04978442,0.01500000,0.61531516,0.28148606,0.81416184
5.70499992,0.00461493,0.03468577,0.01910000,0.62219686,0.25970169,0.81689698
5.80500007,0.00162342,0.05458951,0.01790000,0.63927393,0.29019607,0.78039344
5.90499997,0.00135758,0.03191515,0.01300000,0.64167989,0.26252620,0.74006517
6.00499988,0.00439431,0.03014614,0.00900000,0.64422250,0.26852097,0.75112486
6.10500002,0.00931050,0.05688906,0.00990000,0.71134447,0.30084055,0.75067768
6.20499992,0.00862587,0.02821089,0.00600000,0.71223421,0.26178636,0.74808721
6.30599999,0.00477630,0.05079131,0.00000000,0.67539769,0.29579292,0.75438899
6.40599990,0.00153806,0.05240987,0.00010000,0.62433552,0.29152897,0.73518475
6.50600004,0.00376223,0.05046083,0.00090000,0.62460251,0.29285650,0.72482968
6.60599995,0.00764135,0.04538072,0.00100000,0.64256957,0.28796119,0.68111502
6.70600009,0.00112066,0.04907987,0.00200000,0.63614432,0.28864742,0.71892373
6.80599999,0.00479379,0.05526210,0.00610000,0.65032631,0.28815904,0.70827289
6.90599990,0.00692748,0.05417389,0.00600000,0.66127831,0.27814714,0.73565262
7.00600004,0.00529648,0.05173961,0.00910000,0.69127963,0.26603350,0.73550741
7.10599995,0.00223510,0.05173610,0.00300000,0.71775914,0.26611360,0.72032370
7.20600009,0.00796607,0.05038484,0.00700000,0.77727308,0.26408606,0.74146492
7.30599999,0.00735143,0.04910730,0.00790000,0.70192628,0.26537327,0.75087794
7.40599990,0.00767844,0.04952819,0.01100000,0.75401129,0.26776942,0.74850428
7.50699997,0.00562363,0.04419666,0.00900000,0.70395055,0.26360256,0.77312097
7.60699987,0.00421633,0.03824791,0.00300000,0.70380825,0.25311759,0.75210947
7.70700002,0.00365736,0.03747644,0.00000000,0.71299822,0.24351458,0.78382872
7.80699992,0.00438545,0.03610219,0.00290000,0.68441950,0.24122270,0.80226589
7.90700006,0.00335577,0.03683665,0.00800000,0.68560995,0.23358730,0.82354141
8.00699997,0.00211762,0.03648912,0.00200000,0.69578382,0.23454642,0.80232552
8.10699987,0.00355867,0.02684168,0.02410000,0.73356290,0.22191938,0.85802129
8.20700002,0.00171603,0.02553185,0.02200000,0.74349819,0.22044465,0.83381518
8.30699992,0.00490729,0.02801800,0.02200000,0.74847116,0.22130450,0.84731763
8.40700006,0.00675955,0.02671925,0.02210000,0.76548001,0.21818331,0.86801506
8.50699997,0.00007681,0.02150568,0.01600000,0.79244407,0.21131763,0.83811997
8.60699987,0.00409911,0.02067504,0.01300000,0.77383183,0.21335343,0.79353932
8.70799994,0.00844427,0.02015922,0.00810000,0.82510165,0.21439135,0.78084431
8.80800009,0.01022308,0.03007139,0.02000000,0.83932881,0.21423603,0.85755270
8.90799999,0.01282765,0.03070605,0.01800000,0.83806548,0.21564802,0.88083484
9.00799990,0.00587773,0.02107943,0.02410000,0.76219071,0.21057087,0.86524625
9.10800004,0.00251253,0.01802934,0.01900000,0.78632718,0.20258837,0.86183612
9.20799994,0.00429690,0.01789376,0.01800000,0.77893360,0.20168774,0.88527562
9.30800009,0.00450179,0.02062678,0.00800000,0.78286450,0.19765140,0.83693199
9.40799999,0.00371298,0.02314074,0.00590000,0.78914340,0.19905841,0.82334417
9.50799990,0.00491802,0.02654022,0.00790000,0.81955405,0.20606403,0.80645746
9.60800004,0.00598555,0.02928862,0.00700000,0.81447475,0.19985331,0.80616617
9.70799994,0.00708154,0.03154523,0.01000000,0.78088385,0.21133300,0.82809315
9.80800009,0.00689549,0.03347689,0.01390000,0.81216184,0.21810998,0.83061822
9.90899992,0.00535618,0.02547766,0.01300000,0.80154046,0.20446209,0.82549329
10.00900006,0.00429796,0.02953011,0.01090000,0.81542098,0.23147041,0.82433288
10.10899997,0.00374185,0.03270166,0.01500000,0.79968548,0.23917072,0.87202308
10.20899987,0.00291915,0.03620840,0.01590000,0.79804008,0.23987622,0.92133293
10.30900002,0.00039936,0.02688588,0.01200000,0.80908527,0.23287965,0.87970094
10.40899992,0.00021031,0.02343407,0.01300000,0.83378772,0.22322157,0.86332461
10.50900006,0.00002332,0.02403018,0.01490000,0.83909086,0.22995103,0.95463788
10.60899997,0.00209968,0.02712179,0.01500000,0.82035750,0.23003914,0.92137343
10.70899987,0.00226216,0.02774315,0.01900000,0.82705807,0.23402993,0.92951345
10.80900002,0.01275291,0.02698691,0.00700000,0.85914828,0.23518660,0.84866622
10.90899992,0.01566471,0.02168656,0.00300000,0.87228100,0.22791770,0.84036471
11.00999999,0.01793155,0.02128285,0.00690000,0.85509051,0.23392990,0.81328012
11.10999990,0.01907814,0.02167197,0.00200000,0.85659816,0.23400222,0.83966208
11.21000004,0.01673255,0.01497003,0.01100000,0.80469917,0.21550713,0.84525574
11.30999994,0.01537585,0.01468446,0.01700000,0.80425047,0.20851736,0.90090141
11.41000009,0.01669492,0.01548320,0.01690000,0.80610518,0.21307228,0.90486575
11.50999999,0.02203606,0.02051005,0.01100000,0.77864044,0.24032267,0.80969728
11.60999990,0.02364656,0.01617838,0.01200000,0.78147121,0.22785403,0.81337671
11.71000004,0.02617871,0.00775404,0.01490000,0.79931241,0.20989944,0.83267598
11.80999994,0.02235463,0.00299172,0.02790000,0.78524305,0.20139044,0.91626623
11.91000009,0.02342590,0.00480697,0.02800000,0.76351217,0.21403738,0.90335493
12.00999999,0.01996777,0.00254718,0.02490000,0.76723999,0.22018958,0.88126913
12.10999990,0.01954655,0.00022870,0.01700000,0.78073167,0.20480990,0.82872719
12.21000004,0.02165074,0.00169274,0.01490000,0.76145292,0.21436362,0.81403881
12.31099987,0.01103229,0.00746784,0.00900000,0.74164169,0.22554590,0.80305311
12.41100001,0.01262696,0.00755048,0.00800000,0.72744861,0.22970453,0.80336716
12.51099992,0.01397311,0.00932749,0.00190000,0.71686867,0.23417581,0.78667770
12.61100006,0.01442466,0.00325411,0.00400000,0.70228205,0.23190558,0.82546947
12.71099997,0.01667986,0.00068725,0.00790000,0.75389301,0.22918007,0.83230501
12.81099987,0.01703408,0.00324502,0.00990000,0.78774348,0.24046775,0.82100438
12.91100001,0.01884255,0.01057773,0.01000000,0.75411212,0.24351155,0.80537636
13.01099992,0.01126938,0.00317034,0.01100000,0.70655092,0.23265923,0.80400088
13.11100006,0.01070936,0.00330297,0.00700000,0.69003647,0.22151086,0.80311397
13.21099997,0.01211773,0.00442840,0.00500000,0.69591769,0.22572616,0.79835316
13.31099987,0.01067233,0.00371367,0.00100000,0.66660902,0.21837635,0.77659304
13.41199994,0.01238188,0.00119122,0.00410000,0.66420645,0.21387781,0.78470191
13.51200008,0.01138086,0.00196111,0.00200000,0.67827640,0.20987121,0.78696080
13.61199999,0.01163663,0.00459226,0.01300000,0.67563562,0.21272747,0.76499484
13.71199989,0.01340536,0.00711240,0.01900000,0.66671382,0.21101343,0.79635458
13.81200004,0.01463743,0.00934643,0.02090000,0.65413059,0.20809574,0.80547355
13.91199994,0.01791895,0.00753069,0.01290000,0.66082476,0.21105604,0.80516525
14.01200008,0.01669555,0.01345878,0.01900000,0.64093652,0.22180188,0.79789213
14.11199999,0.01787143,0.01524704,0.01600000,0.66587756,0.22536609,0.79992419
14.21199989,0.01916560,0.01760625,0.01900000,0.70421488,0.22662759,0.81118401
14.31200004,0.01882149,0.01313779,0.01700000,0.68941762,0.22967493,0.83380278
14.41199994,0.01460499,0.01461692,0.01590000,0.70704031,0.23258290,0.84425291
14.51200008,0.01313566,0.01917249,0.02190000,0.68673825,0.23732587,0.84543144
14.61299992,0.01418086,0.02015597,0.02190000,0.71649600,0.22625019,0.86313428
14.71300006,0.01420697,0.02351876,0.02090000,0.70860407,0.22873541,0.84879902
14.81299996,0.01443239,0.02694636,0.03190000,0.70828118,0.25251141,0.89229500
14.91299987,0.01569534,0.02585065,0.03290000,0.72813085,0.24521516,0.87165578
15.01300001,0.01717117,0.02409234,0.03590000,0.70204588,0.23998098,0.86013654
15.11299992,0.01726637,0.02079693,0.03390000,0.69516449,0.23532832,0.87822213
15.21300006,0.01753120,0.02357344,0.03590000,0.72093902,0.23878567,0.86812418
15.31299996,0.01292257,0.03125343,0.03990000,1.37425783,0.25499977,0.88202739
15.41299987,0.01121551,0.02990355,0.03400000,1.30824166,0.24229399,0.86168176
15.51300001,0.01200969,0.02895457,0.03100000,1.32885583,0.24137262,0.87184536
15.61299992,0.01114404,0.03114949,0.03200000,1.32048301,0.25036024,0.88805603
15.71300006,0.01016368,0.03341257,0.04100000,1.34975198,0.24690061,0.89004194
15.81399989,0.01259655,0.03551291,0.03990000,1.38737368,0.25268306,0.89325768
15.91400003,0.01304731,0.03497324,0.03390000,1.34476120,0.24527724,0.89729225
16.01399994,0.01398680,0.03720631,0.03190000,1.35967692,0.24340932,0.91011811
16.11400008,0.01225083,0.03828756,0.02790000,1.29056781,0.24882016,0.90085377
16.21399999,0.01129213,0.03616874,0.02690000,1.30173792,0.25401373,0.89613378
16.31399989,0.01606292,0.03629328,0.02800000,1.50419959,0.25050674,0.90198607
16.41400003,0.01697407,0.03685554,0.02690000,1.61494698,0.25489289,0.84714260
16.51399994,0.01111324,0.03682874,0.02200000,1.62628298,0.25411620,0.84482123
16.61400008,0.01235792,0.03041516,0.01590000,1.61560938,0.23805372,0.83273636
16.71399999,0.01329949,0.02975943,0.01400000,1.63417157,0.23607481,0.81290286
16.81399989,0.00868684,0.03147299,0.01790000,1.46081883,0.23800784,0.82821368
16.91400003,0.01698194,0.03581192,0.01590000,1.66182047,0.24220973,0.83183407
17.01499987,0.02450700,0.03855654,0.00290000,1.55647167,0.24652831,0.79996407
17.11500001,0.02407093,0.05044096,0.01100000,1.54480825,0.26824594,0.80631519
17.21499991,0.02692036,0.03856053,0.01410000,1.79334616,0.23857949,0.81761170
17.31500006,0.02002621,0.04489099,0.00400000,1.79869462,0.25873927,0.78009903
17.41499996,0.02192731,0.04255682,0.00710000,1.75001052,0.23006191,0.76488754
17.51499987,0.02762337,0.03562821,0.01110000,1.77037409,0.21795977,0.76282406
17.61500001,0.02400480,0.04659366,0.01700000,1.75160483,0.45924367,0.76339871
17.71499991,0.02554955,0.04096377,0.01810000,1.75446768,0.45382561,0.76335505
17.81500006,0.01523916,0.04019288,0.02200000,4.69311541,0.45480731,0.77210104
17.91499996,0.01085259,0.04144806,0.02710000,4.59180138,0.44498506,0.79000556
18.01499987,0.02218621,0.04809669,0.02710000,4.52154167,0.44230875,0.78206273
18.11500001,0.02348819,0.03366549,0.02110000,4.41890988,0.41599939,0.79614140
18.21600008,0.02144869,0.03617739,0.02100000,4.42778095,0.41975822,0.77321095
18.31599998,0.00730625,0.04358748,0.00500000,4.49278781,0.50159009,0.78492013
18.41599989,0.00926820,0.03774693,0.01200000,4.44295746,0.48522665,0.77810854
18.51600003,0.00899736,0.03416705,0.02700000,4.53739835,0.50088979,0.79298943
18.61599994,0.01564528,0.02959857,0.03300000,4.44910707,0.47703207,0.80088445
18.71600008,0.00949830,0.03045328,0.03700000,4.29398158,0.44761814,0.78665317
18.81599998,0.01749428,0.03343606,0.03100000,4.22576469,0.43511640,0.76374275
18.91599989,0.03871497,0.03384156,0.02510000,4.37283327,0.46109100,0.75400569
19.01600003,0.03990587,0.03579975,0.02610000,4.42639421,0.47368944,0.74657046
19.11599994,0.03792040,0.03694934,0.03000000,4.57591880,0.50562203,0.72321184
19.21600008,0.03985308,0.03856931,0.03310000,4.93688652,0.58018880,0.75996052
19.31599998,0.02353003,0.03204416,0.03600000,5.07912684,0.60587970,0.77313369
19.41599989,0.01767095,0.02619671,0.03710000,4.98178038,0.58144434,0.74962056
19.51699996,0.03333288,0.03483043,0.04500000,5.15105729,0.62128873,0.74268130
19.61699986,0.03354794,0.03591985,0.04910000,4.96763890,1.44566013,0.73943225
19.71700001,0.03670064,0.03977076,0.05110000,5.15533998,1.50223914,0.75595052
19.81699991,0.04172889,0.04400204,0.05410000,5.16714747,1.50840735,0.75473084
19.91700006,0.04781156,0.04822131,0.05810000,5.29651804,1.54785173,0.76692304
20.01699996,0.05231463,0.05165607,0.06110000,5.37554245,1.57257830,0.77101620
20.11699986,0.05601989,0.05479737,0.06510000,5.56062864,1.62754273,0.76771737
20.21700001,0.06024101,0.05818721,0.06910000,5.57204707,1.63298894,0.75749853
20.31699991,0.06428798,0.06235788,0.07310000,5.56581817,1.63422365,0.75984807
20.41700006,0.06829427,0.06706112,0.07710000,5.65447812,1.66311365,0.75836467
20.51699996,0.07295004,0.07163792,0.08110000,5.68850473,1.67608212,0.76921729
20.61699986,0.07818117,0.07634490,0.08610000,5.72999565,1.69114904,0.78206402
20.71799994,0.08341413,0.08092326,0.09120000,5.60871872,1.65958171,0.79868815
20.81800008,0.08923794,0.08579628,0.09520000,5.40737499,1.60526400,0.80031340
20.91799998,0.09473198,0.09098627,0.09910000,5.23398403,1.55934400,0.82162738
21.01799989,0.10139244,0.09659769,0.10320000,5.43948359,1.62176658,0.82930202
21.11800003,0.10813245,0.10256205,0.10710000,5.41492996,1.61878991,0.82688665
21.21799994,0.11533717,0.10875435,0.11120000,5.45833949,1.63532644,0.83255801
21.31800008,0.12255224,0.11449191,0.11620000,5.72988757,1.71658772,0.84053533
21.41799998,0.13032973,0.12036133,0.12130000,5.56474662,1.67305187,0.82926767
21.51799989,0.13842311,0.12641274,0.12420000,5.65073820,1.70135991,0.84365548
21.61800003,0.14695727,0.13321340,0.12920000,5.60017553,1.69127576,0.84355313
21.71799994,0.15590991,0.14060409,0.13430000,5.70371076,1.72569005,0.82220261
21.81800008,0.16480998,0.14784763,0.14030000,5.85514127,1.77365657,0.82618564
21.91899991,0.17327593,0.15520764,0.14530000,5.91734593,1.79637049,0.83700456
22.01900005,0.18260415,0.16245066,0.15030000,5.66269543,1.72819102,0.85557786
22.11899996,0.19260909,0.16995222,0.15430000,5.62973060,1.72341551,0.87759390
22.21899986,0.20290571,0.17798335,0.15930000,5.39153879,1.66044995,0.91315866
22.31900001,0.21327595,0.18605950,0.16440000,5.28767797,1.63588865,0.88279327
22.41899991,0.22439071,0.19379892,0.16840000,5.09674930,1.58590137,0.88027254
22.51900005,0.23601295,0.20177616,0.17240000,5.05518875,1.57868353,0.89978893
22.61899996,0.24833744,0.21018317,0.17640000,5.05351725,1.58309169,0.89954038
22.71899986,0.26005444,0.21908946,0.18140000,5.33853949,1.67008518,0.87817514
22.81900001,0.27271520,0.22900976,0.18540000,5.26741266,1.65606618,0.87783397
22.91899991,0.28469377,0.23866098,0.19350000,5.09984779,1.61441927,0.91320186
23.01900005,0.29751806,0.24813242,0.19750000,5.31686739,1.68223223,0.89131541
23.11999989,0.31039043,0.25760052,0.20350000,5.32382275,1.69000976,0.87359886
23.22000003,0.32580128,0.26687699,0.20650000,5.44631253,1.72988020,0.88472898
23.31999993,0.34142396,0.27656280,0.21060000,5.62813166,1.78705072,0.91033116
23.42000008,0.35769330,0.28602752,0.21460000,5.27704031,1.69155524,0.87150044
23.51999998,0.37369982,0.29597576,0.21760000,5.32817128,1.71153903,0.90967391
23.61999989,0.38870868,0.30583207,0.22560000,5.24200536,1.69248827,0.89499054
23.72000003,0.40442080,0.31622981,0.23170000,5.12567865,1.66516063,0.89809614
23.81999993,0.42069012,0.32629194,0.23670000,4.95175969,1.62088325,0.89999838
23.92000008,0.43897006,0.33746967,0.24880000,5.24881923,1.71171229,0.91414672
24.01999998,0.45656685,0.34797244,0.25480000,5.32436343,1.73877146,0.93198825
24.11999989,0.47615594,0.35865913,0.26180000,5.13692216,1.69030662,0.89747474
24.22000003,0.49827602,0.36903699,0.26680000,5.08018833,1.67815479,0.91549451
24.32100010,0.51676028,0.37939776,0.27580000,4.98926415,1.65725601,0.90719324
24.42100000,0.53673046,0.39032123,0.28290000,4.87146138,1.62881578,0.91805796
24.52099991,0.55786953,0.40147732,0.28890000,4.85898031,1.63036611,0.91729017
24.62100005,0.58051930,0.41258434,0.29790000,5.08537933,1.69968721,0.93815284
24.72099996,0.59917533,0.42446292,0.30890000,4.83763508,1.63545142,0.95499833
24.82100010,0.62012022,0.43642661,0.31700000,4.91761246,1.66428154,0.99012830
24.92100000,0.64251018,0.44876538,0.32610000,4.94748425,1.67875797,1.03451060
25.02099991,0.66501928,0.46124666,0.33400000,4.96191478,1.68893109,1.03281730
25.12100005,0.68823955,0.47307197,0.34000000,5.00137011,1.70539498,1.02629990
25.22099996,0.71076738,0.48744511,0.35710000,4.93190950,1.69348571,1.03560443
25.32100010,0.73713928,0.49978398,0.36320000,5.12162246,1.75249346,1.01990391
25.42100000,0.76157272,0.51266684,0.37120000,4.96645796,1.71406262,1.02709515
25.52200007,0.78590578,0.52590382,0.38130000,5.15231675,1.77344981,1.03561169
25.62199998,0.82347645,0.53854414,0.38330000,5.20577127,1.79062837,1.04584066
25.72199988,0.85025632,0.55181944,0.39240000,5.31867195,1.82850962,1.06948217
25.82200003,0.83982843,0.57114325,0.36930000,5.12115914,1.79438060,1.07977239
25.92199993,0.86290869,0.58729574,0.37530000,5.07035747,1.78942396,1.07307327
26.02200007,0.88182199,0.60262437,0.38330000,5.09492721,1.80636872,1.02228226
26.12199998,0.89307985,0.62082965,0.39230000,5.12506867,1.82996931,1.04261451
26.22199988,0.92192008,0.63401914,0.40030000,5.18071151,1.85081669,1.04698195
26.32200003,0.93885087,0.65340703,0.41340000,5.44598847,1.94116063,1.09203216
26.42199993,0.98480635,0.66505566,0.41940000,5.40494428,1.92795221,1.09745386
26.52200007,1.04992304,0.67644783,0.42850000,5.27482189,1.88356179,1.12039908
26.62199998,1.08125539,0.69079821,0.43550000,5.33583281,1.90639175,1.09908193
26.72199988,1.11210777,0.70732422,0.44860000,5.52930593,1.96938084,1.14292195
26.82299995,1.14354410,0.72201065,0.45770000,5.68815491,2.02047088,1.13847322
26.92300010,1.16946613,0.74394571,0.45760000,5.81814841,2.07214064,1.13458625
27.02300000,1.19956425,0.77181775,0.46570000,5.73776416,2.06844630,1.16934677
27.12299991,1.23229325,0.78828117,0.47470000,5.85371494,2.10868737,1.16305129
27.22300005,1.26405858,0.81238527,0.48170000,5.70441830,2.08105948,1.19227350
27.32299995,1.29588223,0.83549391,0.48780000,5.74014826,2.10528421,1.18011327
27.42300010,1.32792019,0.85937059,0.49180000,5.73338410,2.11807456,1.19578881
27.52300000,1.35409179,0.88102894,0.48990000,6.00897734,2.21099623,1.19444465
27.62299991,1.38713792,0.90075084,0.49990000,5.70542340,2.13454669,1.20172583
27.72300005,1.41518687,0.92448843,0.50390000,5.61587524,2.12468511,1.20124578
27.82299995,1.33422794,0.88698653,0.51970000,5.69082560,2.13172872,1.21758728
27.92300010,1.35039320,0.88780841,0.52780000,5.71150728,2.13384101,1.20500025
28.02399993,1.36350092,0.88120811,0.53880000,5.73001890,2.12878467,1.20418494
28.12400007,1.35970381,0.84130830,0.55090000,5.83613577,2.12028886,1.21644395
28.22399998,1.37661475,0.83572990,0.56200000,6.15036791,2.19965937,1.24116838
28.32399988,1.33340798,0.71710428,0.58400000,6.10776595,2.08120656,1.22232454
28.42400002,1.31187330,0.63640274,0.60210000,6.32860033,2.06975332,1.23509866
28.52399993,1.27436859,0.51641141,0.62220000,5.92585528,1.84540760,1.26907694
28.62400007,1.23774562,0.39739386,0.63820000,5.52566061,1.62251243,1.24935765
28.72399998,1.22647539,0.33245789,0.64930000,5.53328853,1.56297593,1.24271132
28.82399988,1.12460666,0.08714337,0.66450000,5.47266188,1.32944486,1.26452336
28.92400002,1.06251275,0.07790341,0.68150000,5.31194479,1.29202685,1.28301656
29.02399993,1.02983652,0.18377410,0.69660000,5.42061755,1.43828297,1.31600565
29.12400007,0.99790317,0.28786230,0.71270000,5.44279557,1.55783156,1.37290011
29.22399998,0.97823310,0.37310402,0.72870000,5.26713927,1.59850578,1.41083081
29.32500005,0.97861223,0.31004496,0.74470000,5.25050713,1.53058636,1.44044795
29.42499995,0.99412200,0.43910191,0.75890000,5.24584299,1.65387933,1.48261235
29.52500010,1.00070473,0.36498862,0.77580000,5.58901231,1.67593365,1.54820596
29.62500000,1.01065339,0.39291278,0.78990000,5.39194846,1.64471137,1.61848673
29.72499990,1.02325910,0.52974927,0.80510000,5.73346118,1.87552129,1.63583090
29.82500005,1.03389879,0.44282387,0.81700000,5.83712853,1.81517523,1.63513530
29.92499995,1.05217253,0.56874245,0.82820000,5.97455472,1.97513737,1.65589068
30.02500010,1.06364752,0.47884615,0.83710000,5.69434513,1.80190261,1.64794493
30.12500000,1.07426028,0.49599735,0.84410000,5.74361509,1.83009872,1.63331413
30.22499990,1.09489711,0.61525875,0.85730000,5.66735707,1.92167588,1.63645348
30.32500005,1.09288441,0.52357998,0.85820000,5.50674526,1.78468308,1.63410495
30.42499995,1.10058333,0.64788655,0.86340000,5.63038505,1.94211562,1.66179254
30.52600002,1.09764499,0.55194957,0.85930000,5.50210082,1.81036552,1.66494988
30.62599993,1.09094141,0.56005728,0.85130000,5.77620825,1.89870495,1.68765854
30.72600007,1.10911708,0.57178081,0.86330000,5.55451820,1.84189542,1.69681110
30.82599998,1.09588242,0.57856566,0.85540000,5.57285487,1.85770065,1.70532933
30.92599988,1.09950872,0.58890136,0.85830000,5.49502238,1.84476241,1.72960389
31.02600002,1.09910618,0.60035634,0.85840000,5.46765987,1.84851454,1.73793527
31.12599993,1.09909477,0.60823995,0.86440000,5.64419027,1.90683866,1.74226876
31.22600007,1.11011441,0.61867578,0.87240000,6.13112231,2.05324947,1.74104517
31.32599998,1.02504267,0.58984256,0.84320000,6.03614292,2.02158549,1.71737271
31.42599988,1.01179816,0.58800039,0.84510000,6.02836048,2.02130391,1.73421242
31.52600002,0.81459976,0.50196019,0.77060000,5.90627289,1.95672394,1.69879670
31.62599993,0.70290142,0.45185283,0.73020000,5.70643328,1.88143336,1.66559935
31.72700000,0.65021494,0.42647131,0.71810000,5.35734632,1.77136599,1.68246012
31.82699990,0.52763549,0.37285933,0.68070000,5.34103291,1.74811574,1.63996471
31.92700005,0.42990655,0.33144022,0.65950000,5.39005204,1.74862465,1.58490719
32.02699995,0.27991093,0.27271494,0.61000000,4.96674782,1.61181120,1.49569681
32.12700009,0.00696176,0.03025333,0.31690000,4.90659330,1.43014805,1.09719330
32.22700000,0.02836242,0.06000653,0.17090000,4.93516533,1.46195022,0.95781285
32.32699990,0.01009127,0.05320842,0.06790000,4.85986392,1.43885775,0.84135153
32.42700005,0.00820163,0.03861105,0.02400000,5.14311289,1.50572855,0.79178369
32.52699995,0.00631573,0.02898537,0.02300000,5.08655453,1.48048217,0.76537177
32.62700009,0.00315870,0.02553571,0.01610000,4.71501179,1.37177945,0.71411127
32.72700000,0.00366533,0.02346946,0.01500000,4.77032499,1.38537222,0.69296861
32.82699990,0.01792474,0.02101509,0.04700000,4.54469420,1.31437779,0.74067372
32.92700005,0.01718106,0.02206017,0.05000000,4.33938712,1.25697619,0.73737752
33.02799988,0.01587989,0.02239373,0.05400000,4.27523263,1.23935165,0.73012718
33.12800002,0.01328602,0.02141312,0.05100000,4.58925843,1.32883381,0.74238676
33.22799993,0.01382807,0.01883918,0.04900000,4.61135916,1.33241949,0.73211931
33.32800007,0.01362486,0.01849360,0.03700000,4.81528746,1.39039720,0.70763428
33.42799997,0.01402368,0.02024689,0.03500000,4.81560478,1.39212720,0.71959985
33.52799988,0.01344602,0.01931048,0.03100000,4.68275962,1.35340008,0.70432289
33.62800002,0.01338425,0.02146979,0.02700000,4.74800399,1.37421828,0.67039936
33.72799993,0.00733721,0.02819034,0.01110000,4.63834343,1.35133497,0.64406160
33.82800007,0.00543589,0.02607856,0.00600000,4.79967548,1.39586130,0.65559582
33.92799997,0.00518246,0.02376536,0.01210000,4.86287099,1.41167636,0.66220727
34.02799988,0.00601553,0.02206770,0.01000000,4.91980744,1.42600825,0.64307129
34.12800002,0.00771052,0.02042053,0.01500000,4.81172610,1.39299641,0.62552188
34.22900009,0.00861525,0.01772985,0.02400000,4.66890718,1.34924183,0.61001802
34.32900000,0.00578380,0.01997593,0.02000000,4.55559665,1.31992245,0.60725710
34.42899990,0.00680862,0.02252493,0.01700000,4.78636616,1.38811280,0.59988976
34.52900004,0.00717616,0.02158872,0.01810000,5.12165506,1.48286840,0.58100021
34.62899995,0.00813087,0.01744875,0.01500000,5.17499976,1.49369700,0.56487932
34.72900009,0.00814616,0.01389604,0.01300000,5.35999093,1.54299455,0.59612257
34.82900000,0.01196630,0.01657280,0.02000000,5.48799576,1.58115264,0.60388861
34.92899990,0.01202624,0.01759828,0.02600000,5.44357224,1.56946857,0.64164200
35.02900004,0.01298380,0.01628499,0.02500000,5.24100569,1.51000553,0.65362882
35.12899995,0.00947290,0.01388756,0.03300000,5.17551269,1.48989893,0.65289971
35.22900009,0.00972665,0.01183394,0.03200000,4.84788785,1.39416571,0.70855613
35.32900000,0.01109460,0.01286079,0.02700000,4.66701164,1.34312280,0.71154833
35.42899990,0.01143833,0.01264178,0.02300000,4.74534805,1.36518741,0.64007814
35.52999997,0.01021605,0.01388929,0.01800000,4.43362222,1.27771962,0.67448287
35.62999988,0.00725978,0.01185519,0.01400000,4.25570595,1.22569695,0.68612873
35.73000002,0.00593949,0.00996858,0.01200000,4.42333772,1.27208236,0.69203686
35.82999992,0.00509951,0.00021207,0.00800000,4.43392967,1.26559211,0.69050792
35.93000007,0.00340210,0.00258374,0.00700000,4.26115110,1.21908346,0.68191447
36.02999997,0.00898315,0.00450588,0.01600000,4.29545567,1.22921231,0.69291390
36.12999988,0.01081173,0.00347656,0.01400000,4.37570323,1.25058842,0.67728884
36.23000002,0.01271562,0.00275918,0.01600000,4.36075766,1.24505691,0.66229822
36.32999992,0.01253493,0.00323195,0.01290000,4.23500156,1.20965099,0.67339555
36.43000007,0.00750555,0.00048658,0.01100000,4.32186548,1.23316085,0.67096276
36.52999997,0.00556043,0.00336774,0.00800000,4.24591796,1.21489846,0.67288297
36.62999988,0.00015238,0.00438825,0.01200000,4.35256885,1.24793582,0.67546504
36.73000002,0.00065346,0.00536405,0.01000000,4.33374856,1.24339122,0.68220222
36.83100009,0.00389168,0.00641209,0.01700000,4.21183916,1.20868280,0.67411001
36.93099999,0.00942375,0.00152413,0.02700000,4.37963036,1.25015459,0.69236659
37.03099990,0.00912100,0.00427170,0.02700000,4.32934784,1.23862223,0.69450099
37.13100004,0.00476622,0.00331861,0.02400000,4.25214624,1.21685576,0.67580373
37.23099995,0.00330567,0.00358504,0.02200000,4.21949872,1.20821163,0.66153079
37.33100009,0.00479620,0.00184838,0.01700000,4.30706928,1.23106926,0.62705150
37.43099999,0.00484857,0.00193427,0.01390000,4.41301228,1.26140962,0.65852564
37.53099990,0.00449776,0.00090564,0.01400000,4.69620058,1.34139217,0.63196263
37.63100004,0.00480562,0.00097778,0.00900000,5.07268484,1.44894327,0.64438028
37.73099995,0.00361992,0.00128694,0.00700000,2.14621301,0.61345639,0.65791407
37.83100009,0.00277252,0.00334113,0.00400000,2.35552166,0.67555517,0.64321488
37.93199992,0.00322542,0.00505140,0.00900000,2.56160891,0.73601812,0.64496632
38.03200006,0.00216424,0.00639109,0.00700000,2.63145709,0.22073895,0.62401965
38.13199997,0.00034196,0.00972898,0.01390000,2.53753537,0.23002929,0.61155376
38.23199987,0.00143692,0.01203932,0.01200000,2.49724222,0.24971666,0.60985456
38.33200002,0.00205301,0.01324821,0.01200000,2.33825443,0.26029964,0.59195253
38.43199992,0.00115428,0.01350139,0.01200000,2.28220965,0.26233959,0.59637585
38.53200006,0.00411211,0.01449657,0.00900000,2.43316235,0.25493042,0.59161711
38.63199997,0.00423943,0.01394730,0.00400000,2.34822270,0.25642061,0.58961883
38.73199987,0.00144865,0.01284684,0.00310000,2.28773088,0.24567704,0.56352842
38.83200002,0.00073886,0.01196261,0.00500000,2.26230675,0.24905990,0.57104609
38.93199992,0.00198587,0.01181170,0.02200000,2.10426756,0.24374700,0.64157394
39.03200006,0.00142246,0.01051459,0.02500000,1.71873274,0.23483260,0.65010847
39.13199997,0.00121278,0.00864749,0.02000000,1.55931714,0.23310571,0.61141298
39.23300004,0.00316783,0.00991085,0.01900000,1.41118649,0.22640998,0.63001518
39.33299994,0.00877613,0.01138945,0.01700000,1.46323894,0.22124674,0.64527196
39.43300009,0.00857620,0.00763799,0.02000000,1.56145922,0.21117756,0.67534482
39.53299999,0.00351182,0.00112567,0.01800000,1.52659451,0.20611818,0.64887017
39.63299990,0.00276463,0.00029465,0.01400000,1.49893018,0.19648488,0.61767863
39.73300004,0.00355169,0.00309766,0.00900000,1.44191396,0.20413785,0.63551895
39.83299994,0.00200550,0.00287541,0.00300000,1.49795969,0.21272218,0.64716610
39.93300009,0.00315102,0.00041362,0.00300000,1.69298933,0.20756645,0.65615845
40.03299999,0.00052416,0.00237808,0.01400000,1.57780835,0.20740384,0.69668163
40.13299990,0.00640648,0.01439330,0.02190000,1.60686253,0.21733913,0.68593363
40.23300004,0.00675340,0.01554643,0.02200000,1.62497907,0.21116893,0.68801141
40.33299994,0.00458490,0.01620798,0.02600000,1.46899028,0.21145509,0.76149184
40.43300009,0.00576408,0.01658148,0.03290000,1.50397824,0.20916520,0.76694720
40.53399992,0.00812874,0.01979832,0.03490000,1.63872354,0.22896448,0.76150815
40.63400006,0.00765139,0.02114749,0.03390000,1.80803906,0.22568971,0.77913528
40.73399997,0.00819505,0.02312598,0.03290000,1.81332747,0.23334157,0.74858483
40.83399987,0.01082240,0.02381020,0.03390000,1.93808523,0.23948803,0.77402298
40.93400002,0.01023815,0.02685648,0.02800000,1.87702438,0.23867849,0.73992969
41.03399992,0.00955336,0.02963888,0.02690000,2.03466538,0.24852697,0.76224647
41.13400006,0.00345062,0.03071471,0.02800000,2.17653606,0.24936417,0.76627440
41.23399997,0.00139776,0.03264363,0.02600000,2.18602899,0.24655430,0.73430825
41.33399987,0.00213326,0.02917566,0.03100000,2.18151843,0.24226663,0.77966687
41.43400002,0.00089570,0.02713683,0.03100000,1.71795276,0.23994365,0.80373223
41.53399992,0.00153577,0.02714722,0.02600000,1.63954828,0.23551636,0.73813784
41.63400006,0.00350462,0.02828653,0.01790000,0.71022123,0.23633733,0.78037351
41.73499990,0.00368769,0.02700853,0.01490000,0.68534976,0.23812429,0.75263534
41.83500004,0.00033581,0.03059309,0.02000000,0.70877168,0.23826402,0.75560853
41.93499994,0.00538715,0.02125556,0.02790000,0.78159153,0.23287699,0.72894683
42.03500009,0.00184408,0.03078326,0.02710000,0.69809667,0.24035819,0.73502805
42.13499999,0.00208211,0.02626490,0.02700000,0.70780115,0.23733988,0.72788467
42.23499990,0.00005333,0.03070924,0.01990000,0.72040342,0.23884329,0.69709777
42.33500004,0.00362601,0.01889688,0.02400000,0.72930733,0.21045785,0.71283445
42.43499994,0.00357781,0.02498718,0.02900000,0.76816356,0.22278645,0.70885181
42.53500009,0.00617552,0.02007045,0.02500000,0.81003730,0.20365464,0.66584457
42.63499999,0.00470719,0.02198823,0.02500000,0.75825230,0.22047145,0.72078943
42.73499990,0.00244318,0.01901081,0.03100000,0.77994098,0.21411886,0.76930095
42.83500004,0.00122425,0.01978361,0.03000000,0.78201820,0.21409405,0.71012320
42.93599987,0.00259246,0.01615330,0.02400000,0.79660489,0.20700928,0.64810822
43.03600001,0.00706875,0.01416343,0.02400000,0.78148182,0.20314174,0.65332144
43.13599992,0.00917097,0.01255003,0.02410000,0.80967872,0.20176377,0.64856627
43.23600006,0.00808962,0.01293244,0.02700000,0.83301930,0.19806169,0.66632540
43.33599997,0.00395316,0.01658018,0.02410000,0.77117214,0.20545954,0.67366337
43.43599987,0.00487213,0.01551362,0.02210000,0.75121550,0.21235085,0.66983651
43.53600001,0.00675698,0.01590356,0.02300000,0.77869662,0.21015062,0.69248167
43.63599992,0.01084312,0.01509823,0.02210000,0.80759823,0.20374555,0.70284984
43.73600006,0.00854776,0.01385734,0.02800000,0.72775683,0.20694569,0.71074103
43.83599997,0.00501435,0.01526814,0.02800000,0.71535523,0.20738548,0.77341777
43.93599987,0.00560981,0.01470748,0.02700000,0.71656609,0.20522422,0.74932179
44.03600001,0.00446587,0.01242200,0.02710000,0.75168633,0.20878435,0.75579603
44.13599992,0.00020344,0.00785230,0.02700000,0.74211162,0.19980651,0.73402971
44.23699999,0.00149816,0.00669369,0.02500000,0.76636006,0.19916837,0.72290259
44.33699989,0.00229816,0.01078881,0.02900000,0.75297738,0.20846089,0.71687763
44.43700004,0.00425751,0.01015498,0.02800000,0.77216354,0.20637488,0.74892953
44.53699994,0.00301650,0.00996548,0.02400000,0.76883824,0.20017705,0.72123609
44.63700008,0.00590545,0.00725367,0.02400000,0.77543083,0.19914391,0.71822613
44.73699999,0.00502689,0.00663177,0.02200000,0.74498542,0.19769531,0.67655270
44.83699989,0.00307019,0.00563772,0.02400000,0.75588911,0.19404460,0.66740563
44.93700004,0.00253541,0.00343827,0.02600000,0.71787456,0.19393700,0.66626139
45.03699994,0.00120248,0.01080389,0.02000000,0.70607138,0.19609399,0.68248986
45.13700008,0.00225392,0.01303878,0.01700000,0.72485688,0.20355835,0.67715893
45.23699999,0.00549136,0.01778384,0.02300000,0.71794368,0.22226765,0.69093436
45.33699989,0.01169534,0.01851807,0.02700000,0.71500638,0.22310286,0.70839219
45.43799996,0.01192999,0.01776866,0.03000000,0.71807294,0.22533954,0.70100378
45.53799987,0.01280044,0.01982722,0.02700000,0.71449847,0.23479409,0.70496273
45.63800001,0.01578149,0.02110745,0.02800000,0.75906180,0.23833220,0.71353173
45.73799992,0.01685932,0.02422444,0.02100000,0.73963518,0.24259746,0.69621946
45.83800006,0.01543362,0.02169270,0.02300000,0.64265064,0.23361832,0.72214251
45.93799996,0.01731299,0.01856396,0.02600000,0.70392744,0.23227364,0.76700692
46.03799987,0.01771601,0.00948647,0.03600000,0.72190422,0.20859721,0.81842350
46.13800001,0.01902447,0.00436229,0.03700000,0.72640429,0.21359447,0.82116801
46.23799992,0.01980306,0.00410352,0.03800000,0.74603203,0.20303435,0.82376728
46.33800006,0.02071713,0.00792595,0.02600000,0.72225329,0.20052855,0.77890654
46.43799996,0.02320192,0.00847176,0.02500000,0.73417663,0.19689157,0.77073478
46.53799987,0.02204121,0.00613474,0.02190000,0.71759316,0.18793841,0.77752114
46.63899994,0.01964901,0.00649049,0.02290000,0.71131554,0.19427118,0.77218168
46.73900008,0.01681316,0.00855906,0.02300000,0.70348979,0.20061945,0.75197748
46.83899999,0.01821345,0.01277460,0.03600000,0.72148421,0.21588624,0.83594013
46.93899989,0.01903476,0.01498325,0.04100000,0.72801817,0.22107586,0.79682375
47.03900003,0.01976017,0.01130600,0.04600000,0.73556792,0.21143838,0.79313752
47.13899994,0.02201901,0.01056613,0.04800000,0.72101084,0.20647565,0.81431352
47.23900008,0.02461587,0.00926061,0.04500000,0.75265673,0.19403374,0.78199120
47.33899999,0.02590763,0.00997570,0.04000000,0.75168295,0.19781934,0.76157154
47.43899989,0.02919414,0.01083522,0.03800000,0.77506385,0.19595350,0.74668429
47.53900003,0.03216288,0.01082770,0.03700000,0.75841600,0.20112812,0.69731338
47.63899994,0.02865800,0.00797490,0.03390000,0.75421376,0.19752946,0.70967179
47.73900008,0.02687912,0.00484489,0.03800000,0.71568120,0.18933502,0.69782547
47.83899999,0.02338479,0.00004175,0.03800000,0.72284461,0.18441261,0.71502082
47.94000006,0.02527066,0.00159810,0.03300000,0.71343975,0.18550935,0.74342045
48.03999996,0.02108242,0.00155934,0.02900000,0.71068495,0.18718191,0.68908135
48.13999987,0.01711027,0.00185435,0.02990000,0.69845188,0.19044510,0.69527847
48.24000001,0.01739448,0.00010915,0.03190000,0.69530140,0.18821974,0.70665095
48.33999991,0.01841756,0.00147433,0.03600000,0.67212767,0.20045824,0.68663232
48.44000006,0.01804222,0.00090462,0.03600000,0.66673539,0.19732786,0.68364334
48.53999996,0.01767270,0.00171045,0.03590000,0.67525333,0.19831559,0.67574636
48.63999987,0.01224807,0.00224608,0.02900000,0.60899969,0.19604492,0.65841704
48.74000001,0.01395565,0.00138920,0.02600000,0.62114186,0.19567732,0.64061540
48.83999991,0.01141435,0.00836437,0.02300000,0.61751624,0.20291488,0.64175638
48.94000006,0.01268531,0.01016282,0.02600000,0.62043892,0.20540997,0.65944753
49.03999996,0.01150569,0.00794915,0.02700000,0.60499118,0.20748912,0.72550609
49.14100003,0.01398230,0.00292151,0.02700000,0.55422740,0.20302588,0.69997751
49.24099994,0.01263122,0.00248038,0.02790000,0.53693200,0.19772365,0.70174751
49.34100008,0.01007748,0.00257184,0.02700000,0.51959928,0.20733670,0.68388562
49.44099998,0.00689649,0.00057304,0.02700000,0.52157167,0.21809463,0.65638427
49.54099989,0.00089957,0.00678534,0.02000000,0.54059226,0.22898377,0.62645447
49.64100003,0.00085375,0.00764468,0.01900000,0.57266733,0.23621429,0.59741381
49.74099994,0.00012811,0.01278568,0.01200000,0.57404422,0.23961482,0.57697523
49.84100008,0.00144873,0.01284333,0.00300000,0.57602145,0.23736049,0.56934906
49.94099998,0.00135475,0.01439912,0.00000000,0.57487970,0.24055979,0.55542964
50.04099989,0.00151564,0.01117823,0.00600000,0.57083156,0.23314801,0.56281978
50.14100003,0.00050615,0.00988503,0.01200000,0.58572621,0.24045609,0.59690069
50.24099994,0.00022528,0.01445681,0.01110000,0.58273146,0.24425184,0.57865691
50.34200001,0.00310158,0.01784013,0.01400000,0.56102854,0.25736169,0.62382459
50.44199991,0.00078074,0.01588208,0.01310000,0.54982128,0.25611051,0.65244197
50.54200006,0.00200527,0.01505254,0.01200000,0.54160640,0.25559799,0.68090949
50.64199996,0.00157421,0.01572647,0.01400000,0.56136922,0.25117244,0.71234892
50.74199986,0.00053783,0.01698708,0.00500000,0.58734762,0.25323704,0.69911457
50.84200001,0.00835098,0.01602564,0.01600000,0.59984110,0.26382236,0.76913222
50.94199991,0.00849893,0.01699936,0.01410000,0.59403476,0.26677195,0.79569008
51.04200006,0.00686788,0.01816128,0.01400000,0.60042691,0.26764264,0.80350793
51.14199996,0.00657091,0.01918210,0.01000000,0.63307312,0.26779304,0.81244926
51.24199986,0.00728793,0.02086016,0.00900000,0.63023826,0.26741482,0.82244487
51.34200001,0.00874270,0.02313472,0.00200000,0.62576094,0.27343873,0.82872487
51.44199991,0.00836757,0.02681704,0.00500000,0.66266080,0.26987551,0.85248220
51.54200006,0.00937769,0.02913862,0.00200000,0.68037266,0.27186895,0.85074562
51.64299989,0.00972660,0.03413844,0.00000000,0.66501513,0.27800269,0.85207259
51.74300003,0.01161505,0.02818245,0.00100000,0.75461418,0.26593934,0.83728561
51.84299994,0.01399140,0.02428849,0.00000000,0.77978778,0.26569791,0.79503767
51.94300008,0.01159626,0.02332760,0.00100000,0.78762009,0.26174827,0.78138242
52.04299998,0.01080560,0.01967864,0.00700000,0.76176137,0.25954843,0.76822645
52.14299989,0.01392259,0.01768506,0.01100000,0.83239242,0.23971503,0.73799514
52.24300003,0.01463760,0.01509108,0.00990000,0.82794964,0.23757663,0.77426430
52.34299994,0.01620698,0.01717363,0.00690000,0.84683113,0.22302827,0.74639277
52.44300008,0.01567116,0.01763504,0.00690000,0.85068985,0.22509829,0.75292413
52.54299998,0.01550566,0.01904664,0.00800000,0.85634537,0.21689493,0.76072552
52.64299989,0.01260507,0.01840903,0.00300000,0.84265708,0.21649561,0.73957404
52.74300003,0.01527347,0.01812681,0.00190000,0.83363511,0.21131349,0.76408570
52.84399986,0.01549074,0.01252745,0.01090000,0.83898302,0.20329523,0.79527384
52.94400001,0.01429167,0.01139509,0.02190000,0.82418896,0.20544518,0.84894727
53.04399991,0.01572381,0.01047912,0.03090000,0.83763258,0.20522000,0.84649597
53.14400005,0.01588159,0.01239617,0.02590000,0.83818395,0.20673737,0.85094143
53.24399996,0.01499515,0.01379404,0.02390000,0.80956136,0.20461343,0.85563245
53.34399986,0.01342574,0.01171151,0.02390000,0.82656165,0.21005820,0.85226359
53.44400001,0.01198079,0.01038030,0.02090000,0.77792754,0.21152899,0.84495715
53.54399991,0.01233443,0.01074765,0.01890000,0.77951009,0.21180893,0.81321471
53.64400005,0.01113151,0.01127961,0.01690000,0.75876647,0.20931029,0.75773468
53.74399996,0.01211505,0.01207500,0.01590000,0.73766008,0.20643311,0.73839757
53.84399986,0.01224035,0.00985818,0.01690000,0.71267376,0.20511395,0.75205848
53.94400001,0.01049478,0.01121203,0.01490000,0.70603540,0.20211453,0.71531224
54.04500008,0.01373146,0.01460229,0.01990000,0.70003163,0.20480370,0.75364699
54.14499998,0.01237374,0.01452103,0.01990000,0.71502332,0.20954430,0.73879370
54.24499989,0.01283814,0.01636069,0.01500000,0.70704318,0.20348213,0.68522646
54.34500003,0.01147273,0.01960807,0.01300000,0.72050517,0.22438069,0.68470881
54.44499993,0.00858582,0.01824949,0.00900000,0.73463172,0.21064056,0.68257891
54.54500008,0.00935381,0.01870792,0.00800000,0.73076733,0.22527335,0.67394178
54.64499998,0.00922850,0.02092474,0.00700000,0.73187687,0.22793333,0.65922271
54.74499989,0.01040404,0.02183474,0.00700000,0.74838896,0.22569653,0.66515291
54.84500003,0.01223178,0.01615498,0.01300000,0.70880951,0.21009026,0.70063089
54.94499993,0.01314861,0.01461897,0.01690000,0.68251984,0.20633702,0.71153803
55.04500008,0.01079665,0.01576713,0.01800000,0.68524703,0.20426119,0.72204430
55.14499998,0.00872479,0.01531170,0.01900000,0.68064033,0.20346593,0.72322112
55.24600005,0.00914899,0.01634613,0.01700000,0.66747199,0.21080438,0.74678740
55.34599996,0.00890398,0.01317912,0.01600000,0.70948306,0.19430312,0.73873732
55.44600010,0.00866110,0.01428409,0.01400000,0.69644888,0.21056600,0.76572546
55.54600000,0.01273038,0.01619221,0.01190000,0.69957392,0.23035336,0.80504085
55.64599991,0.01369811,0.01343658,0.02190000,0.67712852,0.21642988,0.81462948
55.74600005,0.01530343,0.01632835,0.01900000,0.67976508,0.23238370,0.81136123
55.84599996,0.01461780,0.01451138,0.02800000,0.68282952,0.22342682,0.85625967
55.94600010,0.01201362,0.01285313,0.02800000,0.67491483,0.22293146,0.85012960
56.04600000,0.01320974,0.01268198,0.02900000,0.68085601,0.21898187,0.84680162
56.14599991,0.01338310,0.01090929,0.02500000,0.67728422,0.21367903,0.83227422
56.24600005,0.01277947,0.01200730,0.02400000,0.67472107,0.22463967,0.79686691
56.34599996,0.01140825,0.01691927,0.02200000,0.66929386,0.24097842,0.76108445
56.44600010,0.01170878,0.01720188,0.02200000,0.65081112,0.23821447,0.75672986
56.54699993,0.01279986,0.01816600,0.02400000,0.68775385,0.23842154,0.76770481
56.64700007,0.01356931,0.01565643,0.02400000,0.68925210,0.22214355,0.77864654
56.74699998,0.01403218,0.01322415,0.01900000,0.71582240,0.22365536,0.78163429
56.84699988,0.01637473,0.01113320,0.02000000,0.76995564,0.22869653,0.78770787
56.94700003,0.01661788,0.01002826,0.02500000,0.78509872,0.22434961,0.75768656
57.04699993,0.01580031,0.00782114,0.02700000,0.74413280,0.22249444,0.80812992
57.14700007,0.01405442,0.00917460,0.02900000,0.73008494,0.22242787,0.80519649
57.24699998,0.01688213,0.00915006,0.02500000,0.74851160,0.21953851,0.74540700
57.34699988,0.01488740,0.00769255,0.02390000,0.67839457,0.22415709,0.73212782
57.44700003,0.01396061,0.00828501,0.02490000,0.69189611,0.22085633,0.71546936
57.54699993,0.01497014,0.01060683,0.02300000,0.67132105,0.21022291,0.69514788
57.64700007,0.00930734,0.01066693,0.02000000,0.66144256,0.21287734,0.69539341
57.74799991,0.01045899,0.01135515,0.01900000,0.64524010,0.21599342,0.69970847
57.84800005,0.01117056,0.01042586,0.01800000,0.63966688,0.21765913,0.69654090
57.94799995,0.00740177,0.00879908,0.01900000,0.65569255,0.22110768,0.67505510
58.04800010,0.01147712,0.00607666,0.02790000,0.66623875,0.22286282,0.66334960
58.14800000,0.01202953,0.00619842,0.03090000,0.66541524,0.22333244,0.70529116
58.24799991,0.01331934,0.00691702,0.02990000,0.66863682,0.23120690,0.65267898
58.34800005,0.01317893,0.00985473,0.03090000,0.69895278,0.23770261,0.70295818
58.44799995,0.01538097,0.01200983,0.02700000,0.70741732,0.24279641,0.64971811
58.54800010,0.01696665,0.01040350,0.01800000,0.71980524,0.23451524,0.62148893
58.64800000,0.01605166,0.00897074,0.01600000,0.76722735,0.22806746,0.58552608
58.74799991,0.01204668,0.00808749,0.01600000,0.77334736,0.22732982,0.59781682
58.84800005,0.01340432,0.00816971,0.02300000,0.75635986,0.22188836,0.62445771
58.94899988,0.01239492,0.01011958,0.03000000,0.73408464,0.22052873,0.64084746
59.04900002,0.01574956,0.00869203,0.02500000,0.72579134,0.22182585,0.62045732
59.14899993,0.01726121,0.00938832,0.02600000,0.73374456,0.21889499,0.61821652
59.24900007,0.01683027,0.01428992,0.02800000,0.72655088,0.22139919,0.65233971
59.34899998,0.01890448,0.02293100,0.02600000,0.71775103,0.23111095,0.65891509
59.44899988,0.01745758,0.01899060,0.01400000,0.72107185,0.22536054,0.64866886
59.54900002,0.02043189,0.02124589,0.01400000,0.75287686,0.22608264,0.64814863
59.64899993,0.01909148,0.02304984,0.01800000,0.74832930,0.22532262,0.64742977
59.74900007,0.01962405,0.02520192,0.02200000,0.76513018,0.22695118,0.66736196
59.84899998,0.01452785,0.02074227,0.02700000,0.75072247,0.22520896,0.65464153
59.94899988,0.01806057,0.02276018,0.02700000,0.74918470,0.22066171,0.65873631
60.04900002,0.01975734,0.02227324,0.03100000,0.72886933,0.22275061,0.69334116
60.15000010,0.02239308,0.02308788,0.03500000,0.77069683,0.21937217,0.71966343
60.25000000,0.02709249,0.02567580,0.03800000,0.79447915,0.22979713,0.73864673
60.34999990,0.02186867,0.02307404,0.03000000,0.77818086,0.22805019,0.68799558
60.45000005,0.02188669,0.02164677,0.02700000,0.78153039,0.22723795,0.71185450
60.54999995,0.02749234,0.02307859,0.02300000,0.81220611,0.22790816,0.72315932
60.65000010,0.02745109,0.02547622,0.02600000,0.83744020,0.22922385,0.72938897
60.75000000,0.02012049,0.02064960,0.03200000,0.80711039,0.22518127,0.75164877
60.84999990,0.01988555,0.01619552,0.03600000,0.79383375,0.22418885,0.81193037
60.95000005,0.02443165,0.01594317,0.03800000,0.81697933,0.21683213,0.81956447
61.04999995,0.02742205,0.01266377,0.03690000,0.80967979,0.19912211,0.82321519
61.15000010,0.02812242,0.01117585,0.04100000,0.82100146,0.19979276,0.84647062
61.25000000,0.02681439,0.00928647,0.03500000,0.81736457,0.19767357,0.85038016
61.35100007,0.02512440,0.00433182,0.03300000,0.79531116,0.18346569,0.84627084
61.45099998,0.02818679,0.00395410,0.03300000,0.76401846,0.18813073,0.84867258
61.55099988,0.02375693,0.00648908,0.02790000,0.74265757,0.19365162,0.80309875
61.65100002,0.01339245,0.01462369,0.01900000,0.68302079,0.22348721,0.81267816
61.75099993,0.01571848,0.01588016,0.02100000,0.64249994,0.21876129,0.82703484
61.85100007,0.01610135,0.01799990,0.01500000,0.66892411,0.22113744,0.79848288
61.95099998,0.01994869,0.01264040,0.02300000,0.69039765,0.20369416,0.81166103
62.05099988,0.02568335,0.01199856,0.03290000,0.75956800,0.19713158,0.84712135
62.15100002,0.02528059,0.00965101,0.03790000,0.78643081,0.19391908,0.85394134
62.25099993,0.02216418,0.00805971,0.04290000,0.78259348,0.19960356,0.84666127
62.35100007,0.01961896,0.00682177,0.03600000,0.73719518,0.19904355,0.82655235
62.45099998,0.01871965,0.00821187,0.03200000,0.74814093,0.20215765,0.80454114
62.55099988,0.01791230,0.00730270,0.02900000,0.75943582,0.20455743,0.75855395
62.65199995,0.01886463,0.00599796,0.02500000,0.75428870,0.20894572,0.75638706
62.75200009,0.01916319,0.00722650,0.02400000,0.75245325,0.21148098,0.75657657
62.85200000,0.01955398,0.00520786,0.02700000,0.79896417,0.20635511,0.76082587
62.95199990,0.02232983,0.00417476,0.03190000,0.79087845,0.20541033,0.80830043
63.05200005,0.02039288,0.00098514,0.03200000,0.79549352,0.21158289,0.81748129
63.15199995,0.02056231,0.00109160,0.02690000,0.81746839,0.21588964,0.77178923
63.25200009,0.01853230,0.00395525,0.02400000,0.82246605,0.22499540,0.78353282
63.35200000,0.02067182,0.00506023,0.02390000,0.82400494,0.22334609,0.74761189
63.45199990,0.02022002,0.00785181,0.02500000,0.81071500,0.22539807,0.75006607
63.55200005,0.01550051,0.01066838,0.02100000,0.78535319,0.22391527,0.73728292
63.65199995,0.00989144,0.00737898,0.02090000,0.77961123,0.21882126,0.71038890
63.75200009,0.00823932,0.00964176,0.02890000,0.76892099,0.23393890,0.76491575
63.85299993,0.00991821,0.00997793,0.02890000,0.74532857,0.22524094,0.76190855
63.95300007,0.00823533,0.00550267,0.02600000,0.75664018,0.21939358,0.75060635
64.05299997,0.00907370,0.00284040,0.02600000,0.76544867,0.22314267,0.72291859
64.15299988,0.01136331,0.00049526,0.02490000,0.76087066,0.21922810,0.70867461
64.25300002,0.01075935,0.00070458,0.01900000,0.72876370,0.20903581,0.65886793
64.35299993,0.00853337,0.00049161,0.01390000,0.71999488,0.21260931,0.65699805
64.45300007,0.00548121,0.00141647,0.01400000,0.72763119,0.22121776,0.67516821
64.55299997,0.00719767,0.00036553,0.01300000,0.73895901,0.21645253,0.64410964
64.65299988,0.00924195,0.00177664,0.01000000,0.75706406,0.20899753,0.64562704
64.75300002,0.00940143,0.00108775,0.00500000,0.75545956,0.20442289,0.62972467
64.85299993,0.00948098,0.00615150,0.00700000,0.76962771,0.21366980,0.63196234
64.95300007,0.00715252,0.01082781,0.01100000,0.75808537,0.22109021,0.64052056
65.05399990,0.00728934,0.01457139,0.01400000,0.75356385,0.22775297,0.62056613
65.15400004,0.00752368,0.01683966,0.01200000,0.73519929,0.23293450,0.61604014
65.25399995,0.00670688,0.01550444,0.01100000,0.72173935,0.22744998,0.61117854
65.35400009,0.00857177,0.01383924,0.00900000,0.72878222,0.22013499,0.62012786
65.45400000,0.00715928,0.01402158,0.00800000,0.76620682,0.21543390,0.62384428
65.55399990,0.00485566,0.01600570,0.00500000,0.75856871,0.21970782,0.63426382
65.65400004,0.00327371,0.01230702,0.00500000,0.74281821,0.21725765,0.64748238
65.75399995,0.00007066,0.00912661,0.00200000,0.72779829,0.21240888,0.63896371
65.85400009,0.00091764,0.00957120,0.00200000,0.72475045,0.21281121,0.61934555
65.95400000,0.00029073,0.00726123,0.00300000,0.70968299,0.21407102,0.60766263
66.05399990,0.00189229,0.01204405,0.00390000,0.74216218,0.21911388,0.62378290
66.15400004,0.00721137,0.01880468,0.01100000,0.75423234,0.21709325,0.61706134
66.25499988,0.00709193,0.01767214,0.00800000,0.74982912,0.20908426,0.63182696
66.35500002,0.00306797,0.05663036,0.01100000,0.77382956,0.25052713,0.64066553
66.45499992,0.00379263,0.02256249,0.01190000,0.77207410,0.21255045,0.67457093
66.55500007,0.00137278,0.05225587,0.00810000,0.75405293,0.24813696,0.68556287
66.65499997,0.00443023,0.02437526,0.00790000,0.74305375,0.21833323,0.67028045
66.75499988,0.00335761,0.02251791,0.00690000,0.74012145,0.21380789,0.70169941
66.85500002,0.00316090,0.05405792,0.01610000,0.72371605,0.24663169,0.76248069
66.95499992,0.00708362,0.02470774,0.02390000,0.73241279,0.20861805,0.77174684
67.05500007,0.00598370,0.05356347,0.02410000,0.71970363,0.23887576,0.76813361
67.15499997,0.00805726,0.02977987,0.02400000,0.74631337,0.19967122,0.77292741
67.25499988,0.00690213,0.03033778,0.02490000,0.73818418,0.20303677,0.81186374
67.35500002,0.00282271,0.04995240,0.02300000,0.72844576,0.23526518,0.81235566
67.45499992,0.00767727,0.02572760,0.02200000,0.74261024,0.20197350,0.80597150
67.55599999,0.00788214,0.05936490,0.02610000,0.75582716,0.24410161,0.78938627
67.65599990,0.00617117,0.05745717,0.02410000,0.75574655,0.23816189,0.83394446
67.75600004,0.00514078,0.05570989,0.02010000,0.73739666,0.23763869,0.82578328
67.85599995,0.00397003,0.05334462,0.01800000,0.74468278,0.23508537,0.81766461
67.95600009,0.00097023,0.04646847,0.01610000,0.73556824,0.23143463,0.81108868
68.05599999,0.00278053,0.04545623,0.01610000,0.72939168,0.23230710,0.80958954
68.15599990,0.00209530,0.04515540,0.01600000,0.69096352,0.23546703,0.81529305
68.25600004,0.00414851,0.04645987,0.01910000,0.70038866,0.24526321,0.82334802
68.35599995,0.00347895,0.04687629,0.02110000,0.69814628,0.25030299,0.79502124
68.45600009,0.00188205,0.04419771,0.01610000,0.68245232,0.25062856,0.77662838
68.55599999,0.00196129,0.04322364,0.01310000,0.63897186,0.24924371,0.71366737
68.65599990,0.00388090,0.04115761,0.01210000,0.65165146,0.24732434,0.70588415
68.75699997,0.00474228,0.04043774,0.00810000,0.66646802,0.24645617,0.68710495
68.85699987,0.00811756,0.04152764,0.00610000,0.68646794,0.24428174,0.69036950
68.95700002,0.01112527,0.04017410,0.00510000,0.70791178,0.25243314,0.70319331
69.05699992,0.01084970,0.03240577,0.00800000,0.74216255,0.23352983,0.71736256
69.15700006,0.01172305,0.03018377,0.00810000,0.71335551,0.22668249,0.70321594
69.25699997,0.01186715,0.02987274,0.00810000,0.72749483,0.22775590,0.69873710
69.35699987,0.01216044,0.03286295,0.00810000,0.71631648,0.23658288,0.65889521
69.45700002,0.01317325,0.03656221,0.00710000,0.67469288,0.24685159,0.66508258
69.55699992,0.01151901,0.03606608,0.00510000,0.68382980,0.23662618,0.62346049
69.65700006,0.01094188,0.03757386,0.00810000,0.69815033,0.25430727,0.63312633
69.75699997,0.01135865,0.03771142,0.00810000,0.69493509,0.25402008,0.61192891
69.85699987,0.01316605,0.03481774,0.00800000,0.71632421,0.24460708,0.58971587
69.95799994,0.01365623,0.02996944,0.00310000,0.74072616,0.24249862,0.61215650
70.05800009,0.01324936,0.01910430,0.00500000,0.74629253,0.23539566,0.61501611
70.15799999,0.01400867,0.01017533,0.00910000,0.74102493,0.23631187,0.62825925
70.25799990,0.01503881,0.01043141,0.01010000,0.73676526,0.23733960,0.63863456
70.35800004,0.01485310,0.00998977,0.01210000,0.77250866,0.24248309,0.63386266
70.45799994,0.01658394,0.00939270,0.01210000,0.79033284,0.24975845,0.62974847
70.55800009,0.01962071,0.01186919,0.00900000,0.81735666,0.25276075,0.61486582
70.65799999,0.01472221,0.01585896,0.00910000,0.79510901,0.25725704,0.64592017
70.75799990,0.02023663,0.01487041,0.00600000,0.79709587,0.26324472,0.63091889
70.85800004,0.01811587,0.01142739,0.01310000,0.79270670,0.26183665,0.62893361
70.95799994,0.01847247,0.00724003,0.02110000,0.76292115,0.25598730,0.67299396
71.05800009,0.01700565,0.00883504,0.02700000,0.78598440,0.25247121,0.66988631
71.15799999,0.00909083,0.01298179,0.02510000,0.72989408,0.26721536,0.67643218
71.25900006,0.01422277,0.01297238,0.02010000,0.81026901,0.25828631,0.67460362
71.35899997,0.01401991,0.01324923,0.01310000,0.81238363,0.25458100,0.60564626
71.45899987,0.01357109,0.01628606,0.01400000,0.80466799,0.25755697,0.62418037
71.55900002,0.00741225,0.01611392,0.01100000,0.80445367,0.25586009,0.63935841
71.65899992,0.00731485,0.01879103,0.01110000,0.83774383,0.26350988,0.63976537
71.75900006,0.01306055,0.02208534,0.01010000,0.88133931,0.26240514,0.65831192
71.85899997,0.01001156,0.02903565,0.01110000,0.83471638,0.27817999,0.66192723
71.95899987,0.00823973,0.03061481,0.01100000,0.80788015,0.28115544,0.67403246
72.05900002,0.00451725,0.02670364,0.01100000,0.80852276,0.27238807,0.63697591
72.15899992,0.00317159,0.02349874,0.01600000,0.77271596,0.26906108,0.63969164
72.25900006,0.00126265,0.02698529,0.01210000,0.78353130,0.27477847,0.63794181
72.35899997,0.00182848,0.02979424,0.01300000,0.74918669,0.27613118,0.62128020
72.46000004,0.00169865,0.03249145,0.01210000,0.74025624,0.27330615,0.63243762
72.55999994,0.00049816,0.02941584,0.00900000,0.75310898,0.26361631,0.61823460
72.66000009,0.00262231,0.02581654,0.01000000,0.73336650,0.25905658,0.63966247
72.75999999,0.00182536,0.02582088,0.00700000,0.74247101,0.25648559,0.63762637
72.85999990,0.00494910,0.01747760,0.01410000,0.73521460,0.23831814,0.68879736
72.96000004,0.00787691,0.00622931,0.02200000,0.73903114,0.22617761,0.78876662
73.05999994,0.00578255,0.00453675,0.02300000,0.72935681,0.22645076,0.76071791
73.16000009,0.00330077,0.00452492,0.02300000,0.72337028,0.22167389,0.75287803
73.25999999,0.00328131,0.00479197,0.01800000,0.75576855,0.22238561,0.70857125
73.35999990,0.00151705,0.00754112,0.01600000,0.75658848,0.22576751,0.72381653
73.46000004,0.00618327,0.01153330,0.00900000,0.75510569,0.21502575,0.72021800
73.55999994,0.00676125,0.01134837,0.00800000,0.74222873,0.20569707,0.72572181
73.66000009,0.01095916,0.01632841,0.00900000,0.71263975,0.21631838,0.75987482
73.76099992,0.01066727,0.02004967,0.00600000,0.72918310,0.22787402,0.73734928
73.86100006,0.01064414,0.02450474,0.00600000,0.73598282,0.22983042,0.72617595
73.96099997,0.00981890,0.02916315,0.00800000,0.74231382,0.23282294,0.73866151
74.06099987,0.00923357,0.01837883,0.01910000,0.76639292,0.22877204,0.74851801
74.16100001,0.01046630,0.01605324,0.02200000,0.72957067,0.22081618,0.75619690
74.26099992,0.01400490,0.01565097,0.02600000,0.73707521,0.19834473,0.81549230
74.36100006,0.01313599,0.01641480,0.02410000,0.70325110,0.21069874,0.75071896
74.46099997,0.01519830,0.01552101,0.02400000,0.72545017,0.19489551,0.75854069
74.56099987,0.01612899,0.01278694,0.01900000,0.74098280,0.19193540,0.76780624
74.66100001,0.01681197,0.01322186,0.01700000,0.73921821,0.19670387,0.77939384
74.76099992,0.01751130,0.01323345,0.01500000,0.71618400,0.19620229,0.80155424
74.86199999,0.01926788,0.01116642,0.02300000,0.72974683,0.19869001,0.78252778
74.96199989,0.02276739,0.00922096,0.02400000,0.73525196,0.19649978,0.77402757
75.06200004,0.02248817,0.00777766,0.03200000,0.74641886,0.19445589,0.84249815
75.16199994,0.01707397,0.01025718,0.01900000,0.77084885,0.19306461,0.81342557
75.26200008,0.01617952,0.01040014,0.01700000,0.73209845,0.18875434,0.83879052
75.36199999,0.01727158,0.01002908,0.01090000,0.77805125,0.18334928,0.84148721
75.46199989,0.01772436,0.00984973,0.01190000,0.79778468,0.18818252,0.88805203
75.56200004,0.01915381,0.01066872,0.01500000,0.82969950,0.19588242,0.90838755
75.66199994,0.01946209,0.00475257,0.02490000,0.83160787,0.19779658,0.92451913
75.76200008,0.02217922,0.00274631,0.02600000,0.84220955,0.19890690,0.94850330
75.86199999,0.02389880,0.00029546,0.03000000,0.84322216,0.19746821,0.99173815
75.96199989,0.02037144,0.00161388,0.04090000,0.85980166,0.19235955,0.99459494
76.06200004,0.01774942,0.00060675,0.02800000,0.79415689,0.19345798,0.91672865
76.16299987,0.02071699,0.00248522,0.02890000,0.83409327,0.19234623,0.97808259
76.26300001,0.02071044,0.00323228,0.03500000,0.83641840,0.20538992,0.96504793
76.36299992,0.02324268,0.00511742,0.04200000,0.84640277,0.20408408,0.96772185
76.46300006,0.02457243,0.00622058,0.04400000,0.83294404,0.21019246,0.95355607
76.56299996,0.02543289,0.01242651,0.04090000,0.82566968,0.24471114,0.96563460
76.66299987,0.02182032,0.01081082,0.03790000,0.83880588,0.23249658,0.96233250
76.76300001,0.02446486,0.01327669,0.03790000,0.84948391,0.24287236,0.93424842
76.86299992,0.02323339,0.00807523,0.03790000,0.82710528,0.22363527,0.96211475
76.96300006,0.01807332,0.00698034,0.03790000,0.74473310,0.22421591,0.92411176
77.06299996,0.01945842,0.00829818,0.03690000,0.79032745,0.23168342,0.91043280
77.16299987,0.01759962,0.00885796,0.04190000,0.75276789,0.22776507,0.93403720
77.26300001,0.01935778,0.00870497,0.04190000,0.78171473,0.22641903,0.94123439
77.36400008,0.01790481,0.00303608,0.04000000,0.71883417,0.23420397,0.92688325
77.46399999,0.01830328,0.00072099,0.03600000,0.73491271,0.23632590,0.95405167
77.56399989,0.01443464,0.00705274,0.02600000,0.71836369,0.23906275,0.93769873
77.66400003,0.01356557,0.00925772,0.02100000,0.70538265,0.23788368,0.93047493
77.76399994,0.01658621,0.00812512,0.02200000,0.71566312,0.24040612,0.91543373
77.86400008,0.01397988,0.00520222,0.01190000,0.71232830,0.23798366,0.87180403
77.96399999,0.01672072,0.00739579,0.01000000,0.71782082,0.24442933,0.86779992
78.06399989,0.01425677,0.00132081,0.02200000,0.71178523,0.24640200,0.88098471
78.16400003,0.01079603,0.00407500,0.02800000,0.69840000,0.25260964,0.90739891
78.26399994,0.01001075,0.00731196,0.02900000,0.68147685,0.25566801,0.89651805
78.36400008,0.01418739,0.00416149,0.02200000,0.68476527,0.25453517,0.81008245
78.46399999,0.01539348,0.00398130,0.01800000,0.69274433,0.25217889,0.77364086
78.56500006,0.01256011,0.01030163,0.01900000,0.69960137,0.27001151,0.75526654
78.66499996,0.00897253,0.00042857,0.01690000,0.67808160,0.24337285,0.74468325
78.76499987,0.00837103,0.00412017,0.01700000,0.68988707,0.24317089,0.74124002
78.86500001,0.00713709,0.01568509,0.02000000,0.69808275,0.26046111,0.72625305
78.96499991,0.01020317,0.00424091,0.02200000,0.69775058,0.23894222,0.71688451
79.06500006,0.01281346,0.01509653,0.01700000,0.69557716,0.26621583,0.71741705
79.16499996,0.01390366,0.00992715,0.01900000,0.71108638,0.24639984,0.71950211
79.26499987,0.01127276,0.01380670,0.01700000,0.71262821,0.26741325,0.69237651
79.36500001,0.00665291,0.02231118,0.01210000,0.66653035,0.26297192,0.71640459
79.46499991,0.00703743,0.01629953,0.01200000,0.64093931,0.25411720,0.72572807
79.56500006,0.00847033,0.01854760,0.00200000,0.66235774,0.24481951,0.71037424
79.66499996,0.00556516,0.01406801,0.00410000,0.63736367,0.23935229,0.71251716
79.76600003,0.00484400,0.02023625,0.00610000,0.64243392,0.25555204,0.70148868
79.86599994,0.00367978,0.01968932,0.00610000,0.62660218,0.24787243,0.70912480
79.96600008,0.00358476,0.01976536,0.00610000,0.64048473,0.23719915,0.66690480
80.06599998,0.00828923,0.01096580,0.01210000,0.67438825,0.22724396,0.70789182
80.16599989,0.01185358,0.00749551,0.02300000,0.67979042,0.20801948,0.72926239
80.26600003,0.01267945,0.00524992,0.01700000,0.66325243,0.20795781,0.72969415
80.36599994,0.00935505,0.00860366,0.01500000,0.66362399,0.20597041,0.70866089
80.46600008,0.00835451,0.01116432,0.01900000,0.68485533,0.21851923,0.71977820
80.56599998,0.01017843,0.01230689,0.01500000,0.69639763,0.22443533,0.69617973
80.66599989,0.01016093,0.01302749,0.01200000,0.69489038,0.22431903,0.66769995
80.76600003,0.01078644,0.01183819,0.01100000,0.69126071,0.22585247,0.68267584
80.86599994,0.01389224,0.01114880,0.01600000,0.69395867,0.21969098,0.70510673
80.96700001,0.01453551,0.00811659,0.02400000,0.69909817,0.20261514,0.71782821
81.06699991,0.01142801,0.00641253,0.01900000,0.68051945,0.19607150,0.70696470
81.16700006,0.01214412,0.00429423,0.01900000,0.65310695,0.19415687,0.70778704
81.26699996,0.01242335,0.00514396,0.01600000,0.66225400,0.19439678,0.70112705
81.36699986,0.01064004,0.00832103,0.02000000,0.64647832,0.19934399,0.72044209
81.46700001,0.01078946,0.00690490,0.01800000,0.65992342,0.19913694,0.71675519
81.56699991,0.01193827,0.00280851,0.02700000,0.65376199,0.19598133,0.82830937
81.66700006,0.01371074,0.00161726,0.02700000,0.65754649,0.19558498,0.82851621
81.76699996,0.01524509,0.00671172,0.02400000,0.63865461,0.19780786,0.78529514
81.86699986,0.01622721,0.00855439,0.03400000,0.69176565,0.19778685,0.83976784
81.96700001,0.01900746,0.00326289,0.04900000,0.69493232,0.20181834,0.85344170
82.06699991,0.01529022,0.00389475,0.05490000,0.61030580,0.19713935,0.87517495
82.16799998,0.01507553,0.00311423,0.04990000,0.60149619,0.19593120,0.88063242
82.26799989,0.01748516,0.00437711,0.05090000,0.61235474,0.19453021,0.86328605
82.36800003,0.01598360,0.00063606,0.04790000,0.57371947,0.18755974,0.89264638
82.46799994,0.01519169,0.00240467,0.04700000,0.60463434,0.19028444,0.87557078
82.56800008,0.01340984,0.00473879,0.04200000,0.62553820,0.20101117,0.83978802
82.66799998,0.01461785,0.00326930,0.04090000,0.61344470,0.20015599,0.86105959
82.76799989,0.01369058,0.00391511,0.03800000,0.63008588,0.19225111,0.83046855
82.86800003,0.01110544,0.00801307,0.03500000,0.61992668,0.19009250,0.84354645
82.96799994,0.01230439,0.00712264,0.03500000,0.63128651,0.20004172,0.82284075
83.06800008,0.01367187,0.01012966,0.02900000,0.61639027,0.21324728,0.83981142
83.16799998,0.01515708,0.01343700,0.02700000,0.59270040,0.22956914,0.82686780
83.26799989,0.01356045,0.01401300,0.02400000,0.59893452,0.22908834,0.74809288
83.36800003,0.01572698,0.01331623,0.02400000,0.60533550,0.22971180,0.71653426
83.46899986,0.01365697,0.01226121,0.02000000,0.62294380,0.22915812,0.73522036
83.56900001,0.01537166,0.01284570,0.01800000,0.60385122,0.23421539,0.72827708
83.66899991,0.01404839,0.01561707,0.01510000,0.59751786,0.23462554,0.72805126
83.76900005,0.01651887,0.01631493,0.00700000,0.60814157,0.23816887,0.71285931
83.86899996,0.01937074,0.01626022,0.00600000,0.65798939,0.24403202,0.70690532
83.96899986,0.01734325,0.01447002,0.00100000,0.61438216,0.24594050,0.68792735
84.06900001,0.02200834,0.01725233,0.00200000,0.66087371,0.25446473,0.70093349
84.16899991,0.01749489,0.01760593,0.01100000,0.60325692,0.25763031,0.70219507
84.26900005,0.01464821,0.01573912,0.01000000,0.61954001,0.24139101,0.67407520
84.36899996,0.01770701,0.01498204,0.00900000,0.60831292,0.23414933,0.67246216
84.46899986,0.01606275,0.01202157,0.00900000,0.60752240,0.22948801,0.67490625
84.56900001,0.01928611,0.01260857,0.00890000,0.64232503,0.23063977,0.67954772
84.67000008,0.02159665,0.01172325,0.00700000,0.62900242,0.22422469,0.65571841
84.76999998,0.02342223,0.01532348,0.00890000,0.63750889,0.23892299,0.65306832
84.86999989,0.02312099,0.01612792,0.01600000,0.65840158,0.24861023,0.65293304
84.97000003,0.01893966,0.01194401,0.01600000,0.63780920,0.23235100,0.66485261
85.06999993,0.02192804,0.01203541,0.01900000,0.63641351,0.22265949,0.66256614
85.17000008,0.01684163,0.01222004,0.01700000,0.60716763,0.22713090,0.65738376
85.26999998,0.02019504,0.01197082,0.01690000,0.66214239,0.21909144,0.64278726
85.36999989,0.01796033,0.01170925,0.01500000,0.67669471,0.22172436,0.64990982
85.47000003,0.01538886,0.01081447,0.00800000,0.61220102,0.21760035,0.62884107
85.56999993,0.01565661,0.01165163,0.00200000,0.60623928,0.22166219,0.62359747
85.67000008,0.01548831,0.01070851,0.00100000,0.58898249,0.21791738,0.64235110
85.76999998,0.01899810,0.00755064,0.00110000,0.62436911,0.21597866,0.64027486
85.87100005,0.02048964,0.00531739,0.00690000,0.61878747,0.21432224,0.65928928
85.97099996,0.01644628,0.00348136,0.00490000,0.54769614,0.21413488,0.65388762
86.07100010,0.01450843,0.00253092,0.01600000,0.54621693,0.20239804,0.66402347
86.17100000,0.00958608,0.00119880,0.02600000,0.55267452,0.20477487,0.70150530
86.27099991,0.01347731,0.00363484,0.02700000,0.58320855,0.21276631,0.71278070
86.37100005,0.01347477,0.00116219,0.02390000,0.58474672,0.20753701,0.74430436
86.47099996,0.00844936,0.00618937,0.01500000,0.59599594,0.20840626,0.70669344
86.57100010,0.00779325,0.00447048,0.01400000,0.58334587,0.21003993,0.66518519
86.67100000,0.00876938,0.00739919,0.01300000,0.61078505,0.20893497,0.62803252
86.77099991,0.00722144,0.00954729,0.00900000,0.63181292,0.20891284,0.61230926
86.87100005,0.00689763,0.01095275,0.01110000,0.61943116,0.20836964,0.63079237
86.97099996,0.00894422,0.01355880,0.00510000,0.62905309,0.22175345,0.61030164
87.07200003,0.00805500,0.01494781,0.00610000,0.63020371,0.22222646,0.61273251
87.17199993,0.00692706,0.01724952,0.00610000,0.61365321,0.22265185,0.62181814
87.27200007,0.01038022,0.01770342,0.01410000,0.64830221,0.21772311,0.62537227
87.37199998,0.00995613,0.01769111,0.02210000,0.66509887,0.22450700,0.70418644
87.47199988,0.00941754,0.01187476,0.01900000,0.70161663,0.21657745,0.65084258
87.57200003,0.01142234,0.00860815,0.01400000,0.72307913,0.20240544,0.66865382
87.67199993,0.01130970,0.00761451,0.01400000,0.73776446,0.20212255,0.66311098
87.77200007,0.00937763,0.01081250,0.01100000,0.74531033,0.20247977,0.66594478
87.87199998,0.01170394,0.01109223,0.00900000,0.71556684,0.19542681,0.66378808
87.97199988,0.01200718,0.01039363,0.00900000,0.72367694,0.18882700,0.66022790
88.07200003,0.01040110,0.00723444,0.02000000,0.72689617,0.18669224,0.71618109
88.17199993,0.00893936,0.00641388,0.02200000,0.74190724,0.19619053,0.73153805
88.27300000,0.01183822,0.00890318,0.01300000,0.75521604,0.19062135,0.67338160
88.37299991,0.01249281,0.00828551,0.01300000,0.75392667,0.19634329,0.67467566
88.47300005,0.00955890,0.01187886,0.01900000,0.76223120,0.21410601,0.66449158
88.57299995,0.01199077,0.01095908,0.01600000,0.76879757,0.20756421,0.64927524
88.67300010,0.01263716,0.01062414,0.01600000,0.78378307,0.21152491,0.65291456
88.77300000,0.01226716,0.01606041,0.01600000,0.77327764,0.22969348,0.64900611
88.87299991,0.01501681,0.00906617,0.02200000,0.81645043,0.21970374,0.68727961
88.97300005,0.01588551,0.00838395,0.02300000,0.82317364,0.22476896,0.68571337
89.07299995,0.01619282,0.00754404,0.02200000,0.86105448,0.21863748,0.62481272
89.17300010,0.01476577,0.01040298,0.02400000,0.88008219,0.22893628,0.70192716
89.27300000,0.01391352,0.01051970,0.02000000,0.85180991,0.22933321,0.67557186
89.37299991,0.01229401,0.01026048,0.01600000,0.84329685,0.22382727,0.67401006
89.47399998,0.01294860,0.00964281,0.01600000,0.84484711,0.22661943,0.66691639
89.57399988,0.01347003,0.00873832,0.02400000,0.84446084,0.22446537,0.71894934
89.67400002,0.01374566,0.00655338,0.02800000,0.88090496,0.22089416,0.74920266
89.77399993,0.01455392,0.00551574,0.03000000,0.92480465,0.21515704,0.78389831
89.87400007,0.01576987,0.00505582,0.02700000,0.92830498,0.21436772,0.79445273
89.97399998,0.01540621,0.00539895,0.02900000,0.93986938,0.22543944,0.78534257
90.07399988,0.01416977,0.00656565,0.02600000,0.90258938,0.21331497,0.77662114
90.17400002,0.01391053,0.00818518,0.02400000,0.90665583,0.21236480,0.78256824
90.27399993,0.01440735,0.00812886,0.02100000,0.91095127,0.21088360,0.71211473
90.37400007,0.01422494,0.00953840,0.02100000,0.88849805,0.21138083,0.71718919
90.47399998,0.01487134,0.00920343,0.02200000,0.92812545,0.20933027,0.71925062
90.57399988,0.01266179,0.00977595,0.01200000,0.84185571,0.21326853,0.73463487
90.67499995,0.01273749,0.01204186,0.00900000,0.83466164,0.23072839,0.72270713
90.77500010,0.01342377,0.01276920,0.01000000,0.81792112,0.23350969,0.71030685
90.87500000,0.01394112,0.01200605,0.01900000,0.82775979,0.23303036,0.71658359
90.97499990,0.01407948,0.00967565,0.02400000,0.84519096,0.22701356,0.71714167
91.07500005,0.01135783,0.00839403,0.02800000,0.83440310,0.22429207,0.78571099
91.17499995,0.01191507,0.00869317,0.02400000,0.84911299,0.21951126,0.72481421
91.27500010,0.01337268,0.00965512,0.02400000,0.83746398,0.21242807,0.70751588
91.37500000,0.01520217,0.00999120,0.02300000,0.84217242,0.23006157,0.70479124
91.47499990,0.01123473,0.01263491,0.01900000,0.83670838,0.24207054,0.67352263
91.57500005,0.01161592,0.00925043,0.02300000,0.82132543,0.22632083,0.69744593
91.67499995,0.01047382,0.00716582,0.02600000,0.80568675,0.21747670,0.77980938
91.77500010,0.01136603,0.00811131,0.02100000,0.81263410,0.20805086,0.73942022
91.87599993,0.01169389,0.00656452,0.02700000,0.83362755,0.20025985,0.80154511
91.97600007,0.01143577,0.00570816,0.02900000,0.85834025,0.19489153,0.82666647
92.07599998,0.01377326,0.00803974,0.02300000,0.85517568,0.18742256,0.77761158
92.17599988,0.01375274,0.00874654,0.02300000,0.83501731,0.19264535,0.78599138
92.27600002,0.00736276,0.00955143,0.02000000,0.81805769,0.18512305,0.75119793
92.37599993,0.00716507,0.00905051,0.01900000,0.79764342,0.18398700,0.73810076
92.47600007,0.00952721,0.01053386,0.01800000,0.77481593,0.18994712,0.74282923
92.57599998,0.00871188,0.00937834,0.01600000,0.78469156,0.17659298,0.76285288
92.67599988,0.00897296,0.01256925,0.01500000,0.74678139,0.19241105,0.75306931
92.77600002,0.01218845,0.01146000,0.01700000,0.70667903,0.19138083,0.76106258
92.87599993,0.01438272,0.00897705,0.01800000,0.68974994,0.17959583,0.73819153
92.97600007,0.01444316,0.00933248,0.01600000,0.67442517,0.18089096,0.73991145
93.07699990,0.01165508,0.00302641,0.01600000,0.64541694,0.16609746,0.74825536
93.17700005,0.01205866,0.00374549,0.01600000,0.61809980,0.18256914,0.73954900
93.27699995,0.01082410,0.00972260,0.01500000,0.61290708,0.18925767,0.73920470
93.37700009,0.01136492,0.01058719,0.01600000,0.62814434,0.19497585,0.76649754
93.47700000,0.01052493,0.01027987,0.01600000,0.63180590,0.19828284,0.78643102
93.57699990,0.01231040,0.00969505,0.01700000,0.63405890,0.20233220,0.80214896
93.67700005,0.01347525,0.00612107,0.01900000,0.66346384,0.20226782,0.79875899
93.77699995,0.01405600,0.00804792,0.02300000,0.65240180,0.20037599,0.79055792
93.87700009,0.01372108,0.00740149,0.02800000,0.65056982,0.20210052,0.87180808
93.97700000,0.01396389,0.00634743,0.02400000,0.66314758,0.20563001,0.82182730
94.07699990,0.01208103,0.00784912,0.02600000,0.65132147,0.20219822,0.88599979
94.17700005,0.01202060,0.00749368,0.02600000,0.63489568,0.20763477,0.85427612
94.27799988,0.01372105,0.00740153,0.02100000,0.60786982,0.21350607,0.82638168
94.37800002,0.01350174,0.01008331,0.02200000,0.59797731,0.22292088,0.84690635
94.47799993,0.01126759,0.01150398,0.02200000,0.57774576,0.22626286,0.83789897
94.57800007,0.01073086,0.01049804,0.02000000,0.59201759,0.21060900,0.85684217
94.67799997,0.01008445,0.01083299,0.01900000,0.59716741,0.22317222,0.84837022
94.77799988,0.01071031,0.01120488,0.01900000,0.61974127,0.22456252,0.86075899
94.87800002,0.01213324,0.00848732,0.02000000,0.60027263,0.21222761,0.86450358
94.97799993,0.01300604,0.00766374,0.02300000,0.60062922,0.21985784,0.86633459
95.07800007,0.01423019,0.00692110,0.02300000,0.56609120,0.21638044,0.85242592
95.17799997,0.01277556,0.00829368,0.01900000,0.56518044,0.22308897,0.85317007
95.27799988,0.01293333,0.00773233,0.02000000,0.57353300,0.21842618,0.83907231
95.37800002,0.01117544,0.00980355,0.02100000,0.55923134,0.22255350,0.85748693
95.47900009,0.01145816,0.00981176,0.02200000,0.56655476,0.22262786,0.85770367
95.57900000,0.01025042,0.00998894,0.01600000,0.59630174,0.22911680,0.81877120
95.67899990,0.01013666,0.01147119,0.01400000,0.56531354,0.24388993,0.79697823
95.77900004,0.01012849,0.01175388,0.01400000,0.59278495,0.24160091,0.81938419
95.87899995,0.01088341,0.01255394,0.01400000,0.59908232,0.23853586,0.81667525
95.97900009,0.01089981,0.01198850,0.01400000,0.60902237,0.23729972,0.85333063
96.07900000,0.01307878,0.00759509,0.01900000,0.61079865,0.21866233,0.85708608
96.17899990,0.01467365,0.00870253,0.02100000,0.64442622,0.22167997,0.84144494
96.27900004,0.01616001,0.00867491,0.02200000,0.70223020,0.21570895,0.86520742
96.37899995,0.01412464,0.00812063,0.01900000,0.67341641,0.20710291,0.85966092
96.47900009,0.01351519,0.00718330,0.01900000,0.66920968,0.19831229,0.82856860
96.57900000,0.01047796,0.00702441,0.01200000,0.67828990,0.19116932,0.79497535
96.68000007,0.01157901,0.01052267,0.01300000,0.67160265,0.19576515,0.77940532
96.77999997,0.01329997,0.00972373,0.01800000,0.64036587,0.19060547,0.77014528
96.87999988,0.01311158,0.00646424,0.02200000,0.64438367,0.19345891,0.78028251
96.98000002,0.01388703,0.00655747,0.02200000,0.65407392,0.18440825,0.76765634
97.07999992,0.01463377,0.00764020,0.02100000,0.63525279,0.17877914,0.76600247
97.18000007,0.01604739,0.00768122,0.01800000,0.68108638,0.17056485,0.75203537
97.27999997,0.01262898,0.01090682,0.02000000,0.66529055,0.17993526,0.78164033
97.37999988,0.01214334,0.01301496,0.01900000,0.64299269,0.17721216,0.74602786
97.48000002,0.01222016,0.01280499,0.01900000,0.65730384,0.17791199,0.72803078
97.57999992,0.01173975,0.01229586,0.01500000,0.66379570,0.18096992,0.73062478
97.68000007,0.01450581,0.00473617,0.02500000,0.65252093,0.16495258,0.72507298
97.77999997,0.01689257,0.00537132,0.02400000,0.71396767,0.16554433,0.72713939
97.88100004,0.01706675,0.00424452,0.02700000,0.71052069,0.17245262,0.75733215
97.98099995,0.01396388,0.00634745,0.02600000,0.66406707,0.17921515,0.68529683
98.08100009,0.01451291,0.00692931,0.02400000,0.65781954,0.17544643,0.67333981
98.18099999,0.01349930,0.01008657,0.02300000,0.71031119,0.19503457,0.65842383
98.28099990,0.01136602,0.00811133,0.02200000,0.69689656,0.17783062,0.66240601
98.38100004,0.01164877,0.00811950,0.01900000,0.70795861,0.17850801,0.67135805
98.48099995,0.00951193,0.00862341,0.01700000,0.70869952,0.17862368,0.65807693
98.58100009,0.00968686,0.01478292,0.01510000,0.70729759,0.19875003,0.65484479
98.68099999,0.01025119,0.01727521,0.01210000,0.65597049,0.20873322,0.67856445
98.78099990,0.01138840,0.01221492,0.01800000,0.67970718,0.20283319,0.70045903
98.88100004,0.01161072,0.01186766,0.01800000,0.68259323,0.20657985,0.69509915
98.98099995,0.01074837,0.00745670,0.02900000,0.69610358,0.19137308,0.69199287
99.08200002,0.00986328,0.00870435,0.02700000,0.69003588,0.20187529,0.69815713
99.18199992,0.00932244,0.00783978,0.02200000,0.68716200,0.19059725,0.69494488
99.28200006,0.00948021,0.00727844,0.02100000,0.70140943,0.18996142,0.74078252
99.38199997,0.00966969,0.00806208,0.02100000,0.70033806,0.19375620,0.73988162
99.48199987,0.00952879,0.01039481,0.01700000,0.69672784,0.21217469,0.72428758
99.58200002,0.01008447,0.01083298,0.02100000,0.68736722,0.21512539,0.73138830
99.68199992,0.01165287,0.00797814,0.03100000,0.69996579,0.21502759,0.74101916
99.78200006,0.01217019,0.00721502,0.03200000,0.70068521,0.20099898,0.74078142
99.88199997,0.01328579,0.00533741,0.03400000,0.72398615,0.20259670,0.76114744
99.98199987,0.01441709,0.00289782,0.03600000,0.74141217,0.19864213,0.77290569
100.08200002,0.01530699,0.00150536,0.03500000,0.73956166,0.20824874,0.77896784
100.18199992,0.01585082,0.00470442,0.03400000,0.74105969,0.21475748,0.71451040
100.28299999,0.01599517,0.00704304,0.02900000,0.72444190,0.22422530,0.71892859
100.38299990,0.01412576,0.00564472,0.02700000,0.70664693,0.22538631,0.71419374
100.48300004,0.01545869,0.00356497,0.02400000,0.73255192,0.22933679,0.72847607
100.58299994,0.01576209,0.00286647,0.02500000,0.73028684,0.23189770,0.71537611
100.68300009,0.01295606,0.00207378,0.03200000,0.73880378,0.22954977,0.71580871
100.78299999,0.01383097,0.00358808,0.02700000,0.75960140,0.23391738,0.73612136
100.88299990,0.01379603,0.00238109,0.03500000,0.73756968,0.23661051,0.74079556
100.98300004,0.01403884,0.00132703,0.03600000,0.73804628,0.22876404,0.73390130
101.08299994,0.01659542,0.00098082,0.04000000,0.76773458,0.22347026,0.80138747
101.18300009,0.01656283,0.00210774,0.03400000,0.75730669,0.22189141,0.74899520
101.28299999,0.01585795,0.00442555,0.03500000,0.71401085,0.22620505,0.76133651
101.38299990,0.01644498,0.00373132,0.03500000,0.73261757,0.22427545,0.76101438
101.48399997,0.01554980,0.00045126,0.03900000,0.72566571,0.21460930,0.76400932
101.58399987,0.01366585,0.00442883,0.04100000,0.72865330,0.22226250,0.76870783
101.68400002,0.01288191,0.00461913,0.03300000,0.72759675,0.22047501,0.76540337
101.78399992,0.01352185,0.00208794,0.03100000,0.76849359,0.20925762,0.76593718
101.88400006,0.01351438,0.00010757,0.03400000,0.74570590,0.20728158,0.74613429
101.98399997,0.01579886,0.00667054,0.03300000,0.72144432,0.23037775,0.75181803
102.08399987,0.01624942,0.00582722,0.03400000,0.72591462,0.21978558,0.76305696
102.18400002,0.01530404,0.00685538,0.03800000,0.71571427,0.23612214,0.73422693
102.28399992,0.01595046,0.00665002,0.04190000,0.73366930,0.23883218,0.72954983
102.38400006,0.01385973,0.00559534,0.04200000,0.70163445,0.22125351,0.68950679
102.48399997,0.01516069,0.00186645,0.03700000,0.69608512,0.21450422,0.72154088
102.58399987,0.01696931,0.00262539,0.04100000,0.74051638,0.22015186,0.74084782
102.68499994,0.01813491,0.00416834,0.04200000,0.73076395,0.21929013,0.75090773
102.78500009,0.01762212,0.00266101,0.04200000,0.70882047,0.22487937,0.77668798
102.88499999,0.01798259,0.00244057,0.04290000,0.71496728,0.22288758,0.78077403
102.98499990,0.01849120,0.00152491,0.04090000,0.74040717,0.22168112,0.76768591
103.08500004,0.01759674,0.00777718,0.03500000,0.74099778,0.23979735,0.78483409
103.18499994,0.01902445,0.00002137,0.03690000,0.74114918,0.21611828,0.78455568
103.28500009,0.01493015,0.00686882,0.03800000,0.66693257,0.23317104,0.78005568
103.38499999,0.01503213,0.00537912,0.03700000,0.69007202,0.22287360,0.76812006
103.48499990,0.01753487,0.00356350,0.03600000,0.71414052,0.21854657,0.76157385
103.58500004,0.01972534,0.00418222,0.03590000,0.72356812,0.21010545,0.77945106
103.68499994,0.01748192,0.00074318,0.04000000,0.70144652,0.20154498,0.80970879
103.78500009,0.01424927,0.00598400,0.04500000,0.66543134,0.20808329,0.81589795
103.88599992,0.01340711,0.00165810,0.04200000,0.63809961,0.20464484,0.83230246
103.98600006,0.01306759,0.00087642,0.04300000,0.64502014,0.19697466,0.84465277
104.08599997,0.01091169,0.00106542,0.04990000,0.65336016,0.20557070,0.90237995
104.18599987,0.01144982,0.00397388,0.04700000,0.63641720,0.21304966,0.86305780
104.28600001,0.01074817,0.00354499,0.04700000,0.66168263,0.21263485,0.86534718
104.38599992,0.01177070,0.00520294,0.04600000,0.68357187,0.21324455,0.84576058
104.48600006,0.01142558,0.00457231,0.04600000,0.67313328,0.21664900,0.80653233
104.58599997,0.00958510,0.00744083,0.05300000,0.68681028,0.22983033,0.85975092
104.68599987,0.00887177,0.00729464,0.04700000,0.68845004,0.22930845,0.86009189
104.78600001,0.01004572,0.01073236,0.04000000,0.70080050,0.24462152,0.80734017
104.88599992,0.00960335,0.01087547,0.04200000,0.72098697,0.24577307,0.79364180
104.98600006,0.01389408,0.01370016,0.03600000,0.73331225,0.24995509,0.78174918
105.08699989,0.01036096,0.01057263,0.04300000,0.74721216,0.24155148,0.77455827
105.18700004,0.00570134,0.00534647,0.05100000,0.74019924,0.21969256,0.82139409
105.28699994,0.01024090,0.00479728,0.04600000,0.74298038,0.22127096,0.77968863
105.38700008,0.01004930,0.00402637,0.04700000,0.71336960,0.21898343,0.77102940
105.48699999,0.01330988,0.00373191,0.04000000,0.74887635,0.22918168,0.79205142
105.58699989,0.01278655,0.00436741,0.04700000,0.76996455,0.23088525,0.74261932
105.68700004,0.01283910,0.00473683,0.04800000,0.75981267,0.22872933,0.76607183
105.78699994,0.00807801,0.00506318,0.04400000,0.78461704,0.23355948,0.72168868
105.88700008,0.00859380,0.01302139,0.03400000,0.77178123,0.24976592,0.70521024
105.98699999,0.00874991,0.01395991,0.03400000,0.77458169,0.24867097,0.69808524
106.08699989,0.01232199,0.01434359,0.03700000,0.76756417,0.25245351,0.68913361
106.18700004,0.01542729,0.01408008,0.04000000,0.75051849,0.25120538,0.68144859
106.28799987,0.01690786,0.01071001,0.03800000,0.81217588,0.24296827,0.67161714
106.38800001,0.01565316,0.00848696,0.03900000,0.77957999,0.22971557,0.67016081
106.48799992,0.01337623,0.00827324,0.03800000,0.80589069,0.23495584,0.68903993
106.58800006,0.01289150,0.00765175,0.03700000,0.82970009,0.24010873,0.68858626
106.68799996,0.01404564,0.00811726,0.03890000,0.82955164,0.24691539,0.66119576
106.78799987,0.01783775,0.01052922,0.02600000,0.89230151,0.26143752,0.64994427
106.88800001,0.01962088,0.00766819,0.02890000,0.87656233,0.23808487,0.65307182
106.98799992,0.02294680,0.01145315,0.02700000,0.89343929,0.25215989,0.63310522
107.08800006,0.02540428,0.01506594,0.03100000,0.91095505,0.25035907,0.61362361
107.18799996,0.02470716,0.01966104,0.03390000,0.87904050,0.25171962,0.61738372
107.28799987,0.02619376,0.01961599,0.03300000,0.87335673,0.24211903,0.61992423
107.38800001,0.02091534,0.01821533,0.02400000,0.83989731,0.23779756,0.62512916
107.48900008,0.02243608,0.01788497,0.02400000,0.81792616,0.23721343,0.63786779
107.58899999,0.01389326,0.00474526,0.03290000,0.75721974,0.21580710,0.66254978
107.68899989,0.01437947,0.00258667,0.03400000,0.75004450,0.21062215,0.65871225
107.78900003,0.00949358,0.00034925,0.04200000,0.72156074,0.21293965,0.69403140
107.88899994,0.01191744,0.00159832,0.03500000,0.70859778,0.21253093,0.67721136
107.98900008,0.01208527,0.00074582,0.03700000,0.70075321,0.20845863,0.68179475
108.08899999,0.01377055,0.00697294,0.03200000,0.73086536,0.21158413,0.71687504
108.18899989,0.01076662,0.00693757,0.03890000,0.74078023,0.21864669,0.73880907
108.28900003,0.01208170,0.00770211,0.04500000,0.73796440,0.22378401,0.74951563
108.38899994,0.01467860,0.00848461,0.04300000,0.81005768,0.22158061,0.74804880
108.48900008,0.01802634,0.01008272,0.04600000,0.81944624,0.23020694,0.76564009
108.58899999,0.01426490,0.00933181,0.03800000,0.77508509,0.20897106,0.73463661
108.69000006,0.01376289,0.01477170,0.03800000,0.75198907,0.23134293,0.74656853
108.78999996,0.01217750,0.01649601,0.04200000,0.70856475,0.23501023,0.77180940
108.88999987,0.00691833,0.01032166,0.05010000,0.69127681,0.22908782,0.81427421
108.99000001,0.00791627,0.01031177,0.05200000,0.70300389,0.22838025,0.82305016
109.08999991,0.01131620,0.01098151,0.03100000,0.71012012,0.22682591,0.79127364
109.19000006,0.00926099,0.00814887,0.03400000,0.71589659,0.21109986,0.80734768
109.28999996,0.00625360,0.00390673,0.04200000,0.72836018,0.20727545,0.84307612
109.38999987,0.00548585,0.00424682,0.04100000,0.71132050,0.21136203,0.84610359
109.49000001,0.00593472,0.00403845,0.04000000,0.71178094,0.21347560,0.84609622
109.58999991,0.00833022,0.00724828,0.04400000,0.70421471,0.20864148,0.84005822
109.69000006,0.01089289,0.00870890,0.04700000,0.68831271,0.21021618,0.82009473
109.78999996,0.01236048,0.00687521,0.04600000,0.68186542,0.20603037,0.82526945
109.89100003,0.01318299,0.00802114,0.03900000,0.69614497,0.19854045,0.80640345
109.99099994,0.01286791,0.00913383,0.03900000,0.68000120,0.21781546,0.80139530
110.09100008,0.00721394,0.00100453,0.04100000,0.66133706,0.19195039,0.82049061
110.19099998,0.00319503,0.00274259,0.04300000,0.67052814,0.19779570,0.82447029
110.29099989,0.00287446,0.00135184,0.03900000,0.71474822,0.19742485,0.80280964
110.39100003,0.00595515,0.00229263,0.04000000,0.70660763,0.20307057,0.78572355
110.49099994,0.00366444,0.00437628,0.03600000,0.70938586,0.21497792,0.78669331
110.59100008,0.00396531,0.00439731,0.03900000,0.72319095,0.21613432,0.80347340
110.69099998,0.00571902,0.00645080,0.03900000,0.75364631,0.21035415,0.79768346
110.79099989,0.00918925,0.00525334,0.04900000,0.73281731,0.20566180,0.88146093
110.89100003,0.00607411,0.00103689,0.04900000,0.75850130,0.20039543,0.85353189
110.99099994,0.00283439,0.00078500,0.04500000,0.74352115,0.20619738,0.80584278
111.09100008,0.00133034,0.00137120,0.04200000,0.72434364,0.20104606,0.79409918
111.19199991,0.00118602,0.00153732,0.04400000,0.69740609,0.20260299,0.78120989
111.29200006,0.00098266,0.00496431,0.04300000,0.66715694,0.19409902,0.77939564
111.39199996,0.00073927,0.00760615,0.04600000,0.67722505,0.19266803,0.78091258
111.49199986,0.00199542,0.00973798,0.04700000,0.66614029,0.20016516,0.77936578
111.59200001,0.00028927,0.00621581,0.04900000,0.66692624,0.18712030,0.83558850
111.69199991,0.00419005,0.00647252,0.04610000,0.66974429,0.19305065,0.79415532
111.79200006,0.01329815,0.00389606,0.04100000,0.71587809,0.18971218,0.81347218
111.89199996,0.01188981,0.00395380,0.04200000,0.70475509,0.18160798,0.80868218
111.99199986,0.01121833,0.00524968,0.04200000,0.71536919,0.18457884,0.80311276
112.09200001,0.01703379,0.00499399,0.03900000,0.76333239,0.18470589,0.80626317
112.19199991,0.01748614,0.00661172,0.03900000,0.77213027,0.18431325,0.80951554
112.29200006,0.01243471,0.00531959,0.03700000,0.69808733,0.18042147,0.80194586
112.39299989,0.01369177,0.00839198,0.04000000,0.68353396,0.18463783,0.78826410
112.49300003,0.01055936,0.00887411,0.03700000,0.67233801,0.18641559,0.77456030
112.59299994,0.01553762,0.00776353,0.03400000,0.75578721,0.18273018,0.77776064
112.69300008,0.01729980,0.00969158,0.03300000,0.74542646,0.18745804,0.78041544
112.79299998,0.01805266,0.00026706,0.03700000,0.74522577,0.17592272,0.80180800
112.89299989,0.01868937,0.00362592,0.03700000,0.73894289,0.17159012,0.81383343
112.99300003,0.02094894,0.00300029,0.03790000,0.71331105,0.17998931,0.80041765
113.09299994,0.02337457,0.00289299,0.03700000,0.72251207,0.18279550,0.80751338
113.19300008,0.02472243,0.00244370,0.03990000,0.75187781,0.18544571,0.78200986
113.29299998,0.02444651,0.00426828,0.03790000,0.72314991,0.18543560,0.76518994
113.39299989,0.02679630,0.00386763,0.03890000,0.70540036,0.18135638,0.75202508
113.49300003,0.02262320,0.00799441,0.03590000,0.72248541,0.19298347,0.77260604
113.59399986,0.02047402,0.01030506,0.03300000,0.71566000,0.19417246,0.77484717
113.69400001,0.02265260,0.01076056,0.03390000,0.71063895,0.18688634,0.75582880
113.79399991,0.02213209,0.01338732,0.03900000,0.67775023,0.19816488,0.77492442
113.89400005,0.01475362,0.01831231,0.03990000,0.64533827,0.20842171,0.72331051
113.99399996,0.01382899,0.01885521,0.03990000,0.63090874,0.20559582,0.71926233
114.09399986,0.01497412,0.01825913,0.04190000,0.62843488,0.19784203,0.73184854
114.19400001,0.01617397,0.01757989,0.04190000,0.63514775,0.21255793,0.75570875
114.29399991,0.01961167,0.01969854,0.04600000,0.69575247,0.21272896,0.78245672
114.39400005,0.01410694,0.02300966,0.04190000,0.67119503,0.21664652,0.70078539
114.49399996,0.01010863,0.02153824,0.04300000,0.64991099,0.21720901,0.71516593
114.59399986,0.01091229,0.02090196,0.04400000,0.65008720,0.22899699,0.71500559
114.69400001,0.01839024,0.01743930,0.04090000,0.72525098,0.22421095,0.71167871
114.79500008,0.01767033,0.05144181,0.03600000,0.71625495,0.26295878,0.70172214
114.89499998,0.01310165,0.01904512,0.03690000,0.66483077,0.20947423,0.67608401
114.99499989,0.01370134,0.02098126,0.03700000,0.66033182,0.22145513,0.67522068
115.09500003,0.01268432,0.04996437,0.03910000,0.65350720,0.25392333,0.69679098
115.19499993,0.01911926,0.02574828,0.03690000,0.71275189,0.21859463,0.67653285
115.29500008,0.01587951,0.04536531,0.03800000,0.69505067,0.25410628,0.64626896
115.39499998,0.01388109,0.03252561,0.03400000,0.66006194,0.24780535,0.67243662
115.49499989,0.01475709,0.03313485,0.03590000,0.67055009,0.25292747,0.66763977
115.59500003,0.01271496,0.04069017,0.03100000,0.67047348,0.25275444,0.65142298
115.69499993,0.01319999,0.03751387,0.02890000,0.67196113,0.24830739,0.64994824
115.79500008,0.01189671,0.04188936,0.02700000,0.66930835,0.24859910,0.62374008
115.89499998,0.01451156,0.03529950,0.02290000,0.71288723,0.24402629,0.63470704
115.99600005,0.01252896,0.04575396,0.02310000,0.68975162,0.25918980,0.60471875
116.09599996,0.01186808,0.04798050,0.03200000,0.71400463,0.26014907,0.63288727
116.19600010,0.00892753,0.04933659,0.03800000,0.72233783,0.26844716,0.63898388
116.29600000,0.01001693,0.04540640,0.03810000,0.69442132,0.26659116,0.64730485
116.39599991,0.00998690,0.04176496,0.03800000,0.69520893,0.26922461,0.67601437
116.49600005,0.01103614,0.04078190,0.03510000,0.69438780,0.27387130,0.68014342
116.59599996,0.01124499,0.04338064,0.04100000,0.70113339,0.26844350,0.71574815
116.69600010,0.01118296,0.04087226,0.03700000,0.72748125,0.27008612,0.65456284
116.79600000,0.01028584,0.04036250,0.03500000,0.72420222,0.27259759,0.66854258
116.89599991,0.00824240,0.04098039,0.03500000,0.71792117,0.26883373,0.64481522
116.99600005,0.00728622,0.04231656,0.03710000,0.71277834,0.26724093,0.72619631
117.09599996,0.00778606,0.03932972,0.03800000,0.72117077,0.26079794,0.72790494
117.19600010,0.00692879,0.03916480,0.03910000,0.72077680,0.26577168,0.76096198
117.29699993,0.00617260,0.03916719,0.03200000,0.71196198,0.26381903,0.67627229
117.39700007,0.00630329,0.04086402,0.03100000,0.70887330,0.26342730,0.69928314
117.49699998,0.00563546,0.03972835,0.03110000,0.68867547,0.26779983,0.71851791
117.59699988,0.00403434,0.03406324,0.03810000,0.70059808,0.26718513,0.76571579
117.69700003,0.00407047,0.03270843,0.03910000,0.69139834,0.26470927,0.75044355
117.79699993,0.00288245,0.03131488,0.04410000,0.68794124,0.27093714,0.74460570
117.89700007,0.00143261,0.02675346,0.03410000,0.70265832,0.25044016,0.66964440
117.99699998,0.00099050,0.02068016,0.02400000,0.70342900,0.25173273,0.66863105
118.09699988,0.00144969,0.02036856,0.02100000,0.70224505,0.24620323,0.67544170
118.19700003,0.00063801,0.02018423,0.02100000,0.71112051,0.24921676,0.67228024
118.29699993,0.00294689,0.01976249,0.02310000,0.71552997,0.24891571,0.64810234
118.39700007,0.00158355,0.01672998,0.02810000,0.73581299,0.24823889,0.63443369
118.49799991,0.00156568,0.01314529,0.02800000,0.73343454,0.24125432,0.61147667
118.59800005,0.00008884,0.01004003,0.02700000,0.74069683,0.23107053,0.61423357
118.69799995,0.00136537,0.01028862,0.01700000,0.72493707,0.23248819,0.64242592
118.79800010,0.00451661,0.00704345,0.01900000,0.70592028,0.23519140,0.66539574
118.89800000,0.00797529,0.00070337,0.01800000,0.67884323,0.23069365,0.69081276
118.99799991,0.00358628,0.00311747,0.01700000,0.70004806,0.23283013,0.69148991
119.09800005,0.00537212,0.01278711,0.02410000,0.70851601,0.24344086,0.69795861
119.19799995,0.00839089,0.01327113,0.02210000,0.70245341,0.24585036,0.69201789
119.29800010,0.01105967,0.01803257,0.01910000,0.69000930,0.24100133,0.66442836
119.39800000,0.01006271,0.01158412,0.01710000,0.70562992,0.23428346,0.66178224
119.49799991,0.01383290,0.01124059,0.01700000,0.73196242,0.23345281,0.65199971
119.59800005,0.01494729,0.00910597,0.01500000,0.71788835,0.22687606,0.65307009
119.69899988,0.01220481,0.01175426,0.01310000,0.71004134,0.23797067,0.65983402
119.79900002,0.01336821,0.00692683,0.01410000,0.71278721,0.22923276,0.64201550
119.89899993,0.01738900,0.00095526,0.01400000,0.73955538,0.22675374,0.62198535
119.99900007,0.01455725,0.00449182,0.01400000,0.76056322,0.23099977,0.64623260
120.09899998,0.01820525,0.00397228,0.01900000,0.77181420,0.22908645,0.64881549
120.19899988,0.03292782,0.00893301,0.03110000,0.78346862,0.24055138,0.68560940
120.29900002,0.03386127,0.01518467,0.02700000,0.80158332,0.24566289,0.65551927
120.39899993,0.03050511,0.00779026,0.02010000,0.79998702,0.24029630,0.68378543
120.49900007,0.03436892,0.00333877,0.02810000,0.79190472,0.24114377,0.68088799
120.59899998,0.03706869,0.00091229,0.03300000,0.80043814,0.23996706,0.67197045
120.69899988,0.04228838,0.00531724,0.03910000,0.79116755,0.23912199,0.67400549
120.79900002,0.04426735,0.00049125,0.03810000,0.79128531,0.22714665,0.67956141
120.89899993,0.03829961,0.00190775,0.04110000,0.75888161,0.22929448,0.67188129
121.00000000,0.04452465,0.00272128,0.04110000,0.78213597,0.23614487,0.70677527
121.09999990,0.04093724,0.00236478,0.04710000,0.75894765,0.23856030,0.72992034
121.20000005,0.04961309,0.00218898,0.05110000,0.83268991,0.24090967,0.70499606
121.29999995,0.04989218,0.00745252,0.05210000,0.81462160,0.24419104,0.69549747
121.40000010,0.06541399,0.01588268,0.04520000,0.80587621,0.25101291,0.71925103
121.50000000,0.07213654,0.01893990,0.04620000,0.79823171,0.25502642,0.75498031
121.59999990,0.08017497,0.02189780,0.04520000,0.82125761,0.25696057,0.74841899
121.70000005,0.08846258,0.02541773,0.04430000,0.81744573,0.26352675,0.72073978
121.79999995,0.09535189,0.03164534,0.04420000,0.84914706,0.28614049,0.68468730
121.90000010,0.09909182,0.03852960,0.04330000,0.85675860,0.28952268,0.66888927
122.00000000,0.09222722,0.04082131,0.04130000,0.87667692,0.29230938,0.60845625
122.09999990,0.09545223,0.04196810,0.04630000,0.88746561,0.29245577,0.63682033
122.20099998,0.10408878,0.04324599,0.04330000,0.85573391,0.29438890,0.61163581
122.30099988,0.09567688,0.04162481,0.04730000,0.82898005,0.29531495,0.66484119
122.40100002,0.10304976,0.06148029,0.05730000,0.84789923,0.31194686,0.67858167
122.50099993,0.10302697,0.06908490,0.06040000,0.83736322,0.32296003,0.65270261
122.60100007,0.10766213,0.07684442,0.06040000,0.83326577,0.33647913,0.67049408
122.70099998,0.10520937,0.07856614,0.06130000,0.84853196,0.33685415,0.69206766
122.80099988,0.09729946,0.07690321,0.06430000,0.82052181,0.33028692,0.66974857
122.90100002,0.07011982,0.07771191,0.05230000,0.77247288,0.33323163,0.67520462
123.00099993,0.07543663,0.08024198,0.04830000,0.73520803,0.33772580,0.69454481
123.10100007,0.06642414,0.07707895,0.05530000,0.73926365,0.32934480,0.70571579
123.20099998,0.06490513,0.06800385,0.05720000,0.73202205,0.30658842,0.70455383
123.30099988,0.06857255,0.06377935,0.05130000,0.74255259,0.29856456,0.68552005
123.40199995,0.00680210,0.00629137,0.03500000,0.63816025,0.23506345,0.61898778
123.50200009,0.00475959,0.00588526,0.03500000,0.65974414,0.23092832,0.59080456
123.60200000,0.00802290,0.00252846,0.02800000,0.64323028,0.22265530,0.59703398
123.70199990,0.01270729,0.00299077,0.02590000,0.67526015,0.21966984,0.57452237
123.80200005,0.00929866,0.00763839,0.02790000,0.69125422,0.22273826,0.55629473
123.90199995,0.01279943,0.00856881,0.02190000,0.72764365,0.22698355,0.55148002
124.00200009,0.01493178,0.00707263,0.01700000,0.74787226,0.22151314,0.55918302
124.10200000,0.00939239,0.00769370,0.02200000,0.75222031,0.22363784,0.58542601
124.20199990,0.00637364,0.00679608,0.02800000,0.72743749,0.21152708,0.58238531
124.30200005,0.00547927,0.01184515,0.03100000,0.72987935,0.20996661,0.59522635
124.40199995,0.00501739,0.01149242,0.03100000,0.72299785,0.20644015,0.59359771
124.50200009,0.00532291,0.01805316,0.03290000,0.73500845,0.21884883,0.60404632
124.60299993,0.00274723,0.01964008,0.03390000,0.74583612,0.22121841,0.58483611
124.70300007,0.00307332,0.01548272,0.03800000,0.72138635,0.21166405,0.61185290
124.80299997,0.00171571,0.00939289,0.04300000,0.75754470,0.20803038,0.66138544
124.90299988,0.00550287,0.00766279,0.03600000,0.76593556,0.20724800,0.63232018
125.00300002,0.00725467,0.00865447,0.03390000,0.76983321,0.20953594,0.62842171
125.10299993,0.01033651,0.00942797,0.04100000,0.78738046,0.21512483,0.69784100
125.20300007,0.00763635,0.01325316,0.04000000,0.78027815,0.22077387,0.72553473
125.30299997,0.00641101,0.01184859,0.04100000,0.79096763,0.22259551,0.69678475
125.40299988,0.00640572,0.01075949,0.03290000,0.81686060,0.21799725,0.63473831
125.50300002,0.00440144,0.01148596,0.03300000,0.80782539,0.21557846,0.64587117
125.60299993,0.00853219,0.01672996,0.03290000,0.82919090,0.21625755,0.71746065
125.70300007,0.00872060,0.01625304,0.02790000,0.82395931,0.21853046,0.63836721
125.80299997,0.00715174,0.01667011,0.02300000,0.80875873,0.22055527,0.63923359
125.90400004,0.00563166,0.01736820,0.02100000,0.81323281,0.22324808,0.63992905
126.00399995,0.00716620,0.01218054,0.02100000,0.79621522,0.21487358,0.62981950
126.10400009,0.00425533,0.00652244,0.01200000,0.82366919,0.21286011,0.59147050
126.20400000,0.00617459,0.01001221,0.00490000,0.81686143,0.22190063,0.58860042
126.30399990,0.00597143,0.01440111,0.00500000,0.81491489,0.22857429,0.59651076
126.40400004,0.00611856,0.01509348,0.00500000,0.81443659,0.23160199,0.59939151
126.50399995,0.00946969,0.01356853,0.00800000,0.87862858,0.22690207,0.57011674
126.60400009,0.00993563,0.01339601,0.01000000,0.88273756,0.22150048,0.59089989
126.70400000,0.00726657,0.01513694,0.00700000,0.87914148,0.21915109,0.57013997
126.80399990,0.00729751,0.01527470,0.01500000,0.84455459,0.21692252,0.60436391
126.90400004,0.00709341,0.01466777,0.01800000,0.83622377,0.22068669,0.63188046
127.00399995,0.00670588,0.01286978,0.01700000,0.80934621,0.21392656,0.65309272
127.10500002,0.00715034,0.04794291,0.01410000,0.81634822,0.26088101,0.64052936
127.20499992,0.00868021,0.01388142,0.01400000,0.85436803,0.21082999,0.66455167
127.30500007,0.00912326,0.04639026,0.01310000,0.85605276,0.25960931,0.65678414
127.40499997,0.00597410,0.01685586,0.01600000,0.81154281,0.23324102,0.68180079
127.50499988,0.00784741,0.01860721,0.01690000,0.82469831,0.24172690,0.69841706
127.60500002,0.00686553,0.04110796,0.01810000,0.81362437,0.26428582,0.70554713
127.70499992,0.00854061,0.01568783,0.01890000,0.81003648,0.22673922,0.73583191
127.80500007,0.00651337,0.03998132,0.01810000,0.82188720,0.26449567,0.74803228
127.90499997,0.00743647,0.01955374,0.01900000,0.81120467,0.22548829,0.75244291
128.00499988,0.00617038,0.01991297,0.01800000,0.82408559,0.22969174,0.76738920
128.10500002,0.00783156,0.03519470,0.01700000,0.81532002,0.25629872,0.78512666
128.20499992,0.00550409,0.02369356,0.01700000,0.80493823,0.23208585,0.78333785
128.30599999,0.00688476,0.03668637,0.01500000,0.79559733,0.25641228,0.76625484
128.40599990,0.00826760,0.03674638,0.01910000,0.84138425,0.25326344,0.78064551
128.50600004,0.00690461,0.03674093,0.01800000,0.83462275,0.25343757,0.79448912
128.60599995,0.01045805,0.03383133,0.01310000,0.89556046,0.25795861,0.80552215
128.70600009,0.00889833,0.03348238,0.01200000,0.84154877,0.26587482,0.79497690
128.80599999,0.00881226,0.03282170,0.01400000,0.82358424,0.25986257,0.80709995
128.90599990,0.00948484,0.03088248,0.01500000,0.87147708,0.24299008,0.79632582
129.00600004,0.00912413,0.03051230,0.01610000,0.87296743,0.23938046,0.77862003
129.10599995,0.01282318,0.03329468,0.01200000,0.88449812,0.24646253,0.78751947
129.20600009,0.01360933,0.03434292,0.00900000,0.84677614,0.25417305,0.78475120
129.30599999,0.01049665,0.03343756,0.01100000,0.86468571,0.23896167,0.78019016
129.40599990,0.00807439,0.03153053,0.01210000,0.79180349,0.23765603,0.79677528
129.50600004,0.01083057,0.03267046,0.01700000,0.84916818,0.23788478,0.79155940
129.60699987,0.00856834,0.03303564,0.01700000,0.79912575,0.23788407,0.83621694
129.70700002,0.00108806,0.03010077,0.01400000,0.76561896,0.24194667,0.81024893
129.80699992,0.00323695,0.03086895,0.01200000,0.74061003,0.23941851,0.82462467
129.90700006,0.01182348,0.02516993,0.01000000,0.81672726,0.23885450,0.83483550
130.00699997,0.00734745,0.02541525,0.01210000,0.79476321,0.24376820,0.83693151
130.10699987,0.00268521,0.03271100,0.01300000,0.81449161,0.26132692,0.84534982
130.20700002,0.00247700,0.03833477,0.01510000,0.79295316,0.27870122,0.86257052
130.30699992,0.00959665,0.04231258,0.01910000,0.81275337,0.28361461,0.87506682
130.40700006,0.00914686,0.04048487,0.01600000,0.80862655,0.28434161,0.89155854
130.50699997,0.00784615,0.04239160,0.01700000,0.81827924,0.28384256,0.90070814
130.60699987,0.00335208,0.02820308,0.01300000,0.83505826,0.25677752,0.89551204
130.70700002,0.00041983,0.02645758,0.01600000,0.85914649,0.25897055,0.89070153
130.80800009,0.00524166,0.03068183,0.02000000,0.83786895,0.27761242,0.91524303
130.90799999,0.00978707,0.03782517,0.02410000,0.87347960,0.28429124,0.92291861
131.00799990,0.01010876,0.04556120,0.02510000,0.83555209,0.29909164,0.89008760
131.10800004,0.00407015,0.03621662,0.02300000,0.77663093,0.28312714,0.87199116
131.20799994,0.00181429,0.02960065,0.02210000,0.77778339,0.28008164,0.86571114
131.30800009,0.00462655,0.02343598,0.02710000,0.78395113,0.25956941,0.84789516
131.40799999,0.00825182,0.02098279,0.03210000,0.78917538,0.25270097,0.85649031
131.50799990,0.01454514,0.02177266,0.03200000,0.82745374,0.25118949,0.89326024
131.60800004,0.01429519,0.02338242,0.02900000,0.83448040,0.24714489,0.88311703
131.70799994,0.00586118,0.02422533,0.03210000,0.77136596,0.25171247,0.85656959
131.80800009,0.00410721,0.02526778,0.03400000,0.80192260,0.25218348,0.87853418
131.90799999,0.00578566,0.02728197,0.03410000,0.80741094,0.27018907,0.87393229
132.00900006,0.01176062,0.02748687,0.02610000,0.86824439,0.26328118,0.86912075
132.10899997,0.01068393,0.02256333,0.02310000,0.80084003,0.24224744,0.90813286
132.20899987,0.00979487,0.02212940,0.02010000,0.83808650,0.23682246,0.89053753
132.30900002,0.00573118,0.02017929,0.02000000,0.84525746,0.23816608,0.90329988
132.40899992,0.00366097,0.01981129,0.01310000,0.83104311,0.23633421,0.84064818
132.50900006,0.01077129,0.02073040,0.00500000,0.86498759,0.23999647,0.81310133
132.60899997,0.01396489,0.01975151,0.00300000,0.90393072,0.24283096,0.81453134
132.70899987,0.01350745,0.02443049,0.00700000,0.88350695,0.24462100,0.81301807
132.80900002,0.00995386,0.01952359,0.00600000,0.83088008,0.23319467,0.83494185
132.90899992,0.00647487,0.01679661,0.00800000,0.84125579,0.24226751,0.80248910
133.00900006,0.00436394,0.00913214,0.00210000,0.82848798,0.22892221,0.80839255
133.10899997,0.00889786,0.00342462,0.00000000,0.77598248,0.22127296,0.79843357
133.20899987,0.01699481,0.00205582,0.00910000,0.80133972,0.21449181,0.78512717
133.30999994,0.01119307,0.00123901,0.01110000,0.74204065,0.20989420,0.74980935
133.41000009,0.00387805,0.00168842,0.01100000,0.70693247,0.21213638,0.73678419
133.50999999,0.00025444,0.00168975,0.01100000,0.75528402,0.21146282,0.69761405
133.60999990,0.00451270,0.00023576,0.00300000,0.75365985,0.20574851,0.64058754
133.71000004,0.01480422,0.00164164,0.00110000,0.74118452,0.21327929,0.63980572
133.80999994,0.01318169,0.00703229,0.00200000,0.72679925,0.21781457,0.65632713
133.91000009,0.01272113,0.00889173,0.00100000,0.73429652,0.22039816,0.66827439
134.00999999,0.01437905,0.01263498,0.00010000,0.72904049,0.22655212,0.64633356
134.10999990,0.01203367,0.01356026,0.00710000,0.73159898,0.22909075,0.66574873
134.21000004,0.01164399,0.01844444,0.01310000,0.73098052,0.23152402,0.65746347
134.30999994,0.01481319,0.02205310,0.00800000,0.73839573,0.23165410,0.65192009
134.41000009,0.01684105,0.02476992,0.01110000,0.73571167,0.23518626,0.65678303
134.51099992,0.01948060,0.02500812,0.01310000,0.75386746,0.24259015,0.66836705
134.61100006,0.01270079,0.01332291,0.01700000,0.73023693,0.22942932,0.65887645
134.71099997,0.01742921,0.01120145,0.02100000,0.72681079,0.23567546,0.71737521
134.81099987,0.01651369,0.00953458,0.02110000,0.73314197,0.22475473,0.72957569
134.91100001,0.01426987,0.00836784,0.01500000,0.70939772,0.21990188,0.66900619
135.01099992,0.01300997,0.00564895,0.00900000,0.69826736,0.21048738,0.67140933
135.11100006,0.01458533,0.01210653,0.00400000,0.70481144,0.22276541,0.64845184
135.21099997,0.01946507,0.00954207,0.00400000,0.74089491,0.22321708,0.63014284
135.31099987,0.01963413,0.01480509,0.00290000,0.71942321,0.22576614,0.62627792
135.41100001,0.01404398,0.02365199,0.00090000,0.74575846,0.23359832,0.62322672
135.51099992,0.00881909,0.02976564,0.00010000,0.73408386,0.24056078,0.63216999
135.61100006,0.01176458,0.03149039,0.00290000,0.72202173,0.24531242,0.63045583
135.71199989,0.02170285,0.02647482,0.00490000,0.70827976,0.23997315,0.63185905
135.81200004,0.01994416,0.03672207,0.00890000,0.72034944,0.25923144,0.63740847
135.91199994,0.02377303,0.04626946,0.01480000,0.75079855,0.28275524,0.64184053
136.01200008,0.02915462,0.05253587,0.02080000,0.76586335,0.30244778,0.68950636
136.11199999,0.03786754,0.04943106,0.01880000,0.76484911,0.29045085,0.66943769
136.21199989,0.03627172,0.05178168,0.01590000,0.78634003,0.29513812,0.67983959
136.31200004,0.03946451,0.05527977,0.01880000,0.81108270,0.30074872,0.69556600
136.41199994,0.04284618,0.05900563,0.02590000,0.85374458,0.30565279,0.72816794
136.51200008,0.04607421,0.05911402,0.02690000,0.84504134,0.30710401,0.71918749
136.61199999,0.05142766,0.06398262,0.02990000,0.82900235,0.32666418,0.73874037
136.71199989,0.06132855,0.06718831,0.03180000,0.83136396,0.32710998,0.76691851
136.81200004,0.05714780,0.06110048,0.02890000,0.84492674,0.29910226,0.75346850
136.91199994,0.06633003,0.03334932,0.03790000,0.82985145,0.28079559,0.73617254
137.01300001,0.07561746,0.03549224,0.04190000,0.86499154,0.27485867,0.75232197
137.11299992,0.06929655,0.03840623,0.04590000,0.87777337,0.28487435,0.76745640
137.21300006,0.07731589,0.04133839,0.04800000,0.91388537,0.28354068,0.78386336
137.31299996,0.06578422,0.04985636,0.02990000,0.89452612,0.29814401,0.78003085
137.41299987,0.05447052,0.05261115,0.03290000,0.86808001,0.29865717,0.78291989
137.51300001,0.06902624,0.05658497,0.03990000,0.88944052,0.30200718,0.78755624
137.61299992,0.06509887,0.05996154,0.04180000,0.87213681,0.30352731,0.77059530
137.71300006,0.09399702,0.06687271,0.04390000,0.92135845,0.31296044,0.73690572
137.81299996,0.07620886,0.06358474,0.05380000,0.90520422,0.30237235,0.73543956
137.91299987,0.08184985,0.06449420,0.05790000,0.90219004,0.31321028,0.75493278
138.01300001,0.08815085,0.07480132,0.05880000,0.88995596,0.32449431,0.76484925
138.11299992,0.11400395,0.08204973,0.05280000,0.93672176,0.34751648,0.75994434
138.21399999,0.12595911,0.08975613,0.05380000,0.94003718,0.35711003,0.75283002
138.31399989,0.14026203,0.09017340,0.05180000,0.97562645,0.35588588,0.74829653
138.41400003,0.15595968,0.08851146,0.05380000,1.03098540,0.35652525,0.73524321
138.51399994,0.17042859,0.08714251,0.05680000,1.06068289,0.33814085,0.75178055
138.61400008,0.18209215,0.09345614,0.06590000,1.05439308,0.35169224,0.77489765
138.71399999,0.19482066,0.10459164,0.07380000,1.07040556,0.35918814,0.80968764
138.81399989,0.20995879,0.11038535,0.08280000,1.10633913,0.36341909,0.81630673
138.91400003,0.22265636,0.11520085,0.08870000,1.13248951,0.35321195,0.79964139
139.01399994,0.23410304,0.11940490,0.09270000,1.10990228,0.34881748,0.80386909
139.11400008,0.25495035,0.11634144,0.11480000,1.11345452,0.34378042,0.79145209
139.21399999,0.27357874,0.12433242,0.12080000,1.13602037,0.35444763,0.79986049
139.31399989,0.28422856,0.12296167,0.13380000,1.15734571,0.34407684,0.80948625
139.41400003,0.29283701,0.11759373,0.14480000,1.15586418,0.33377437,0.87217306
139.51499987,0.31848428,0.13217997,0.14670000,1.16493595,0.35530805,0.88659797
139.61500001,0.29071687,0.01383122,0.17220000,1.11458976,0.22385359,0.90844566
139.71499991,0.31487586,0.09161660,0.17490000,1.14402651,0.28920818,0.91348559
139.81500006,0.27483571,0.06293974,0.20230000,1.10423862,0.26183550,0.94928806
139.91499996,0.27413727,0.01990698,0.21100000,1.08137643,0.22005897,0.95434362
140.01499987,0.22734275,0.00698303,0.19900000,1.06915137,0.20090417,0.95732894
140.11500001,0.19876877,0.10909678,0.19540000,1.00204006,0.31285945,0.93232481
140.21499991,0.21256763,0.00579428,0.19210000,1.00250987,0.19563928,0.93882976
140.31500006,0.16170499,0.12846290,0.19340000,0.93116822,0.32960793,0.92412138
140.41499996,0.19075218,0.01666746,0.19320000,0.96175202,0.20282827,0.91880827
140.51499987,0.13518740,0.02325653,0.21410000,0.88400046,0.21171420,0.92943300
140.61500001,0.11769288,0.12197227,0.21440000,0.85581364,0.32144193,0.92850072
140.71499991,0.13140673,0.01429797,0.21610000,0.85966803,0.19992923,0.92456511
140.81599998,0.12387738,0.11629378,0.21330000,0.83085476,0.30769703,0.94732428
140.91599989,0.09509701,0.13146592,0.22040000,0.82994813,0.33788038,0.96203313
141.01600003,0.08472730,0.12892309,0.21240000,0.81966652,0.32529061,0.96492667
141.11599994,0.07840927,0.12209958,0.20640000,0.82109499,0.31938558,0.92779145
141.21600008,0.08166095,0.11733026,0.20630000,0.80974851,0.32127074,0.94012401
141.31599998,0.06674187,0.11450962,0.18440000,0.78081506,0.31412838,0.94371330
141.41599989,0.04291911,0.11786624,0.15840000,0.72486544,0.32307149,0.92706895
141.51600003,0.03594588,0.11194974,0.14330000,0.71297130,0.31394029,0.93514280
141.61599994,0.02047540,0.10494140,0.13430000,0.66867388,0.30555610,0.89990478
141.71600008,0.01945859,0.09439181,0.13330000,0.67818393,0.29715903,0.88874619
141.81599998,0.00680782,0.10690605,0.11930000,0.69510630,0.31232060,0.81709543
141.91599989,0.01562194,0.11108395,0.11730000,0.70340972,0.32085612,0.82573195
142.01699996,0.01516714,0.10671180,0.11530000,0.67031698,0.31898464,0.82293784
142.11699986,0.01663342,0.10609500,0.10830000,0.70881706,0.31705018,0.79198885
142.21700001,0.01267903,0.10541946,0.09630000,0.70329548,0.31974044,0.79930401
142.31699991,0.00539037,0.10757873,0.07330000,0.70894314,0.33169997,0.76365776
142.41700006,0.00928571,0.10757725,0.06220000,0.71600386,0.32948829,0.76277634
142.51699996,0.00270603,0.01144890,0.00800000,0.71844910,0.21562859,0.69484850
142.61699986,0.00088149,0.00027013,0.00700000,0.72731299,0.20989317,0.68975176
142.71700001,0.00431478,0.00256957,0.02000000,0.73878638,0.20998631,0.70880583
142.81699991,0.00219406,0.00624789,0.02100000,0.74293806,0.21144914,0.73090966
142.91700006,0.00192189,0.00406280,0.01900000,0.70827887,0.21213476,0.70931180
143.01699996,0.00165622,0.00063003,0.01700000,0.70193982,0.21363516,0.70665964
143.11699986,0.00390319,0.00140540,0.00600000,0.69150629,0.22083911,0.69447197
143.21799994,0.00308238,0.00294600,0.00200000,0.71680030,0.21998099,0.73831005
143.31800008,0.00144868,0.00841376,0.00800000,0.70965945,0.22984562,0.76097414
143.41799998,0.00169657,0.00534524,0.00600000,0.73024608,0.22711922,0.76050858
143.51799989,0.00104675,0.00730098,0.00210000,0.72187586,0.22632081,0.77559737
143.61800003,0.00335328,0.00846968,0.01000000,0.69932261,0.23180293,0.78801600
143.71799994,0.00063377,0.00306077,0.01300000,0.68545421,0.22488254,0.80916100
143.81800008,0.00436210,0.00729192,0.01490000,0.69943719,0.22816987,0.83991633
143.91799998,0.00248022,0.00362333,0.01900000,0.68838738,0.23232292,0.83759310
144.01799989,0.00513142,0.00422711,0.02300000,0.68068175,0.24060365,0.82460442
144.11800003,0.00690808,0.00519793,0.01600000,0.69260480,0.24613775,0.80281324
144.21799994,0.00688269,0.00219285,0.01600000,0.70633580,0.23423272,0.80776156
144.31800008,0.01223142,0.00400154,0.02000000,0.77212692,0.22218705,0.80463639
144.41799998,0.01050068,0.00038181,0.02100000,0.79169754,0.21997814,0.79151772
144.51900005,0.00454768,0.00317153,0.01400000,0.73148634,0.22112732,0.75933595
144.61899996,0.00641966,0.00273277,0.01700000,0.73839761,0.22492950,0.74797829
144.71899986,0.00501568,0.00267823,0.02600000,0.74633993,0.23164333,0.78300883
144.81900001,0.00795609,0.00088921,0.01300000,0.80268522,0.23292150,0.76801783
144.91899991,0.00909155,0.00317550,0.00700000,0.80214213,0.24019699,0.74350849
145.01900005,0.00543524,0.00380896,0.00300000,0.74743065,0.23598266,0.73560649
145.11899996,0.00051202,0.00698125,0.01900000,0.77169642,0.23674390,0.77425376
145.21899986,0.00893930,0.00706675,0.02900000,0.79808793,0.23505005,0.83723593
145.31900001,0.00948229,0.00903417,0.03200000,0.81412143,0.22753121,0.83845246
145.41899991,0.00916951,0.00474554,0.03310000,0.84820225,0.21727051,0.84408191
145.51900005,0.00828547,0.00501209,0.03100000,0.85717273,0.22107002,0.82624990
145.61899996,0.00762250,0.00556305,0.02400000,0.83812404,0.21563081,0.82656494
145.72000003,0.00989630,0.00790653,0.02600000,0.83851359,0.23316632,0.82078947
145.81999993,0.01052675,0.00696258,0.02710000,0.84973792,0.21830968,0.80317337
145.92000008,0.00731035,0.00128015,0.02400000,0.84609254,0.21550243,0.80798252
146.01999998,0.00197249,0.00376952,0.01300000,0.77459151,0.21770582,0.78733604
146.11999989,0.00436214,0.00360440,0.01300000,0.77967164,0.21682259,0.80378512
146.22000003,0.00385422,0.00504826,0.01300000,0.76231529,0.20880753,0.81722120
146.31999993,0.00065124,0.00074557,0.01100000,0.75527070,0.19876308,0.77650720
146.42000008,0.00290619,0.00149802,0.00400000,0.76834018,0.19959074,0.75735926
146.51999998,0.00131326,0.00580132,0.00500000,0.78210893,0.20255776,0.74760769
146.61999989,0.00275887,0.00660217,0.00600000,0.79163784,0.21291785,0.75982428
146.72000003,0.00244124,0.00969022,0.00600000,0.81235676,0.23217641,0.77802644
146.81999993,0.00124880,0.01231627,0.00710000,0.82217557,0.23541299,0.77727583
146.92000008,0.00050434,0.01136335,0.00190000,0.81370746,0.23491399,0.76157381
147.02099991,0.00014266,0.01332327,0.00100000,0.82198111,0.23816017,0.77387453
147.12100005,0.00251942,0.00960482,0.00500000,0.82649838,0.23129269,0.79012341
147.22099996,0.00128575,0.00991901,0.00400000,0.84257335,0.22393905,0.79435424
147.32100010,0.00690597,0.00291163,0.00100000,0.83660106,0.20347062,0.79924293
147.42100000,0.00416573,0.00209921,0.00000000,0.82382084,0.21365992,0.77730701
147.52099991,0.00079226,0.00254801,0.00500000,0.81135636,0.21743894,0.79363522
147.62100005,0.00184920,0.00074194,0.00800000,0.83395685,0.20622887,0.81503095
147.72099996,0.00272519,0.00502228,0.00900000,0.85550981,0.20646763,0.83088200
147.82100010,0.00062009,0.01148153,0.01910000,0.86645221,0.22169266,0.87151658
147.92100000,0.00294941,0.01080329,0.02910000,0.85855710,0.21411645,0.90162524
148.02099991,0.00201084,0.01278149,0.03000000,0.86164716,0.21459274,0.88824892
148.12100005,0.00225226,0.00814723,0.01800000,0.86316124,0.20086288,0.82926456
148.22199988,0.00190422,0.00997968,0.01900000,0.86634669,0.21957768,0.83695946
148.32200003,0.00041551,0.01347729,0.02100000,0.86117404,0.21659276,0.90874806
148.42199993,0.00138940,0.01616662,0.02200000,0.86338391,0.22364522,0.90737754
148.52200007,0.00483409,0.01926218,0.01810000,0.83672773,0.22920856,0.87800178
148.62199998,0.01230309,0.00774171,0.01100000,0.84014379,0.20425698,0.86368618
148.72199988,0.00994810,0.01066374,0.00600000,0.85782104,0.22178463,0.86398680
148.82200003,0.03273749,0.00687800,0.02000000,0.92748972,0.20401912,0.91510169
148.92199993,0.03260481,0.00487301,0.02400000,0.90644903,0.19672310,0.92676110
149.02200007,0.00949809,0.00512701,0.00600000,0.86122570,0.19389015,0.84656414
149.12199998,0.00681140,0.00249295,0.01000000,0.88764353,0.19383805,0.82750363
149.22199988,0.00780376,0.00378436,0.01000000,0.89523341,0.19574822,0.82292182
149.32200003,0.00707956,0.00171166,0.00600000,0.89762869,0.19529102,0.81243699
149.42199993,0.00864908,0.00334118,0.00600000,0.89801223,0.19359790,0.81507043
149.52300000,0.01363098,0.00874336,0.01690000,0.89817099,0.20873027,0.83633168
149.62299991,0.01933609,0.00542361,0.02400000,0.92142217,0.19325920,0.91937350
149.72300005,0.02333889,0.00581346,0.02600000,0.90916601,0.18810564,0.88565894
149.82299995,0.02563247,0.00490167,0.02600000,0.91960233,0.17590560,0.86450074
149.92300010,0.02062586,0.00360193,0.01200000,0.89546996,0.17731109,0.79185679
150.02300000,0.01475344,0.00707362,0.00800000,0.86609035,0.18544441,0.80117772
150.12299991,0.01556860,0.00908343,0.00390000,0.86334656,0.20241916,0.77426497
150.22300005,0.01424806,0.00960691,0.00790000,0.82981505,0.20006940,0.77677580
150.32299995,0.01763024,0.00806316,0.01400000,0.81558537,0.19526014,0.77331217
150.42300010,0.02016884,0.01321734,0.01200000,0.80845704,0.21093394,0.78060561
150.52300000,0.01665205,0.01297726,0.01300000,0.80994352,0.20861163,0.79203016
150.62299991,0.01445483,0.01058762,0.01600000,0.81878567,0.20927548,0.79362778
150.72399998,0.01676642,0.01356087,0.01290000,0.82397877,0.21801171,0.81098213
150.82399988,0.01931202,0.00544938,0.02800000,0.79656503,0.19626452,0.80536612
150.92400002,0.02084853,0.00470200,0.03500000,0.78065780,0.19799638,0.84600567
151.02399993,0.02238968,0.00396386,0.04000000,0.76120221,0.19626418,0.82050414
151.12400007,0.02339455,0.00529860,0.04100000,0.75949987,0.19787212,0.85610092
151.22399998,0.02528964,0.00388512,0.04300000,0.77594246,0.19213034,0.83482124
151.32399988,0.01739612,0.00206519,0.02600000,0.74021423,0.18238989,0.75916908
151.42400002,0.02488652,0.00245380,0.03700000,0.76755120,0.19225068,0.79212762
151.52399993,0.02583549,0.00315713,0.03400000,0.74094751,0.18846648,0.77586781
151.62400007,0.02580904,0.00217799,0.03400000,0.72307213,0.18794038,0.77977658
151.72399998,0.02537045,0.00266090,0.03100000,0.70872265,0.18649847,0.71235145
151.82399988,0.02343906,0.00088920,0.02610000,0.69225950,0.18735016,0.69842549
151.92400002,0.02199083,0.00290744,0.02400000,0.69673341,0.18654240,0.70601264
152.02500010,0.01891642,0.01237009,0.02200000,0.71565518,0.21172627,0.71960227
152.12500000,0.01925425,0.01284538,0.03000000,0.70576606,0.21700984,0.72167565
152.22499990,0.02153833,0.00223617,0.03000000,0.67828918,0.18783630,0.71407457
152.32500005,0.01967622,0.01050173,0.02410000,0.69680385,0.21146342,0.70115437
152.42499995,0.01897785,0.00359043,0.02000000,0.71327494,0.19620448,0.69750414
152.52500010,0.01993062,0.00856858,0.02500000,0.69958338,0.21245019,0.68912405
152.62500000,0.02293685,0.01364921,0.02610000,0.67946132,0.23387178,0.67527778
152.72499990,0.02848295,0.00378570,0.03010000,0.69576821,0.21136842,0.65776608
152.82500005,0.02629052,0.01799579,0.03810000,0.68006278,0.23526536,0.67757716
152.92499995,0.02371496,0.00435095,0.03710000,0.66938849,0.21284051,0.69250151
153.02500010,0.02867941,0.01389070,0.04210000,0.68267825,0.22768555,0.74304313
153.12500000,0.03089107,0.01391121,0.04010000,0.69388310,0.22265838,0.67415880
153.22600007,0.03296073,0.01213632,0.04000000,0.70108577,0.22175682,0.68342183
153.32599998,0.03227462,0.01478645,0.03600000,0.69785428,0.22508233,0.66776785
153.42599988,0.03612861,0.01384281,0.03600000,0.71817380,0.21566686,0.66746844
153.52600002,0.04012725,0.00976954,0.04410000,0.71829008,0.20480261,0.67580154
153.62599993,0.04390678,0.01042135,0.04600000,0.77711967,0.20450463,0.68431730
153.72600007,0.04753738,0.00806768,0.04600000,0.77768506,0.20126217,0.69361984
153.82599998,0.04419125,0.00749220,0.02810000,0.73456136,0.20145717,0.64716513
153.92599988,0.04579116,0.01083279,0.02600000,0.79922767,0.20940434,0.66841734
154.02600002,0.03953911,0.00571653,0.03400000,0.75217154,0.19932616,0.68277440
154.12599993,0.04034706,0.00573102,0.03510000,0.78398655,0.20397514,0.69109491
154.22600007,0.04345300,0.00335361,0.03600000,0.76288013,0.20030290,0.68169717
154.32599998,0.04443055,0.00538573,0.04300000,0.72180970,0.19800824,0.72109989
154.42700005,0.04223320,0.00790992,0.04500000,0.74293604,0.20356249,0.72954754
154.52699995,0.04186132,0.00716450,0.05000000,0.72421101,0.19968633,0.72330384
154.62700009,0.04036566,0.00851312,0.04500000,0.72720684,0.20690566,0.72012811
154.72700000,0.04286147,0.00720727,0.04400000,0.74252330,0.20156113,0.71334735
154.82699990,0.03907167,0.00754549,0.04110000,0.76281893,0.20371944,0.72708405
154.92700005,0.03917129,0.00995440,0.04800000,0.78943840,0.20663995,0.73043402
155.02699995,0.04242792,0.01168767,0.04610000,0.76696372,0.21042858,0.71689553
155.12700009,0.04366492,0.01088049,0.04700000,0.75863782,0.21589127,0.70042043
155.22700000,0.04774638,0.01055571,0.04910000,0.73449779,0.21570955,0.70460880
155.32699990,0.03510172,0.02014346,0.04210000,0.73603952,0.23686421,0.69323736
155.42700005,0.03598568,0.01877261,0.04410000,0.70782522,0.23039372,0.68448296
155.52699995,0.03868865,0.01875630,0.04310000,0.71009092,0.22846022,0.67897847
155.62700009,0.04389221,0.01742881,0.04200000,0.71227104,0.20719931,0.65468420
155.72799993,0.04943650,0.01777954,0.04300000,0.74837367,0.21785667,0.66331604
155.82800007,0.04655546,0.01943885,0.04910000,0.73664402,0.22222791,0.67350983
155.92799997,0.04441693,0.02020732,0.05110000,0.77663928,0.21765967,0.66799356
156.02799988,0.04948951,0.02209633,0.05610000,0.78455248,0.21451993,0.64130927
156.12800002,0.05026916,0.01835025,0.04600000,0.78582575,0.22438639,0.62303727
156.22799993,0.05469318,0.01357263,0.04700000,0.77328118,0.20809610,0.61044981
156.32800007,0.05977484,0.01435855,0.04810000,0.75657719,0.20421276,0.64173139
156.42799997,0.06049577,0.01713101,0.05700000,0.78050054,0.21994278,0.67716158
156.52799988,0.06738911,0.01676867,0.06000000,0.81728847,0.22473270,0.69230554
156.62800002,0.06703128,0.01982139,0.06210000,0.83948155,0.23448169,0.69074090
156.72799993,0.07042174,0.02086332,0.05900000,0.82680077,0.22990395,0.71391660
156.82800007,0.06029958,0.01606892,0.04810000,0.79817207,0.22735644,0.69939346
156.92799997,0.05581084,0.01644538,0.04810000,0.81118775,0.23175125,0.72054361
157.02900004,0.06323674,0.01776274,0.05610000,0.78885861,0.23289633,0.73239197
157.12899995,0.05606756,0.02346996,0.05800000,0.78146615,0.23616992,0.74810512
157.22900009,0.06193238,0.02411266,0.06110000,0.76978318,0.23503248,0.73631919
157.32900000,0.05870149,0.02650105,0.05810000,0.77440547,0.23776544,0.73493970
157.42899990,0.05973989,0.02583884,0.06510000,0.78471635,0.23967033,0.72209504
157.52900004,0.06990616,0.02515510,0.06910000,0.84399698,0.23883336,0.73861586
157.62899995,0.06675630,0.02352395,0.06910000,0.81518734,0.23949775,0.76895698
157.72900009,0.07318987,0.02384750,0.07210000,0.87169876,0.23160317,0.75908177
157.82900000,0.06734170,0.02232723,0.07310000,0.88418544,0.23672747,0.75903026
157.92899990,0.07028517,0.02162300,0.07710000,0.88638517,0.23420341,0.81527771
158.02900004,0.07123861,0.02118914,0.08410000,0.88882201,0.23093138,0.81424331
158.12899995,0.07021428,0.01980441,0.08910000,0.90979957,0.22059737,0.81317809
158.23000002,0.07592719,0.02002977,0.09310000,0.92491584,0.21571175,0.84616453
158.32999992,0.06857501,0.01452302,0.08610000,0.94089680,0.20287114,0.85053118
158.43000007,0.06589778,0.01248250,0.07300000,0.89889575,0.20790620,0.80529717
158.52999997,0.06489316,0.00990142,0.06410000,0.88213573,0.20715193,0.81766545
158.62999988,0.06356809,0.01115116,0.06200000,0.87204547,0.20756057,0.82355941
158.73000002,0.06782881,0.00917894,0.06510000,0.93883420,0.21129420,0.87081378
158.82999992,0.06336292,0.00993731,0.07210000,0.86861539,0.21131954,0.87836367
158.93000007,0.05286856,0.00478801,0.07900000,0.85921811,0.20164511,0.93241648
159.02999997,0.05510839,0.00104156,0.08310000,0.83951317,0.20585635,0.94121001
159.12999988,0.05950909,0.00235768,0.08300000,0.84404270,0.21059371,0.97665175
159.23000002,0.06332517,0.00040381,0.08600000,0.86395684,0.20603349,0.99318715
159.32999992,0.07109285,0.00111637,0.08700000,0.91066835,0.20794767,1.01711155
159.43000007,0.04820287,0.00128204,0.06700000,0.87117080,0.20587819,0.94452986
159.53099990,0.05009809,0.00116245,0.06700000,0.87148145,0.20663682,0.93217469
159.63100004,0.05758012,0.00067076,0.07700000,0.86754781,0.20391366,0.99309863
159.73099995,0.06043100,0.00158251,0.07700000,0.85817075,0.19656629,1.01292502
159.83100009,0.05149829,0.00324442,0.07100000,0.86333515,0.20179032,0.95334083
159.93099999,0.05132684,0.00732502,0.07000000,0.83564217,0.20240600,0.94158138
160.03099990,0.05108847,0.00947302,0.06600000,0.81682120,0.20870101,0.93956446
160.13100004,0.04768478,0.00943882,0.06100000,0.83019356,0.20462202,0.93465606
160.23099995,0.05049208,0.00942126,0.06290000,0.82117609,0.20820008,0.93769317
160.33100009,0.05367803,0.00670144,0.06900000,0.84494981,0.19974774,0.97018271
160.43099999,0.05502964,0.00749056,0.07300000,0.85181404,0.19728207,1.01199485
160.53099990,0.05024622,0.00245912,0.06600000,0.85414543,0.19914580,0.98372855
160.63100004,0.04359298,0.00151732,0.05700000,0.84838586,0.20666270,0.95317039
160.73199987,0.04298778,0.00157817,0.05100000,0.83267977,0.20304847,0.93976703
160.83200002,0.04468772,0.00008521,0.05500000,0.83121327,0.20615757,0.95848594
160.93199992,0.04040685,0.00274707,0.05200000,0.81273612,0.20618075,0.96709892
161.03200006,0.03687792,0.00456501,0.05000000,0.78970740,0.20766781,0.94708652
161.13199997,0.03720482,0.00562684,0.04990000,0.76679581,0.20713633,0.94448427
161.23199987,0.03697337,0.00604233,0.04600000,0.77541974,0.20959827,0.96277212
161.33200002,0.03740364,0.00701198,0.04700000,0.77459171,0.21266302,0.94200318
161.43199992,0.03710557,0.00833227,0.04700000,0.79926118,0.20078180,0.90219170
161.53200006,0.03208678,0.00831856,0.04800000,0.79348004,0.19748645,0.91094421
161.63199997,0.03322558,0.01184993,0.05100000,0.83015337,0.20330906,0.91056770
161.73199987,0.03258460,0.01355374,0.05190000,0.82922477,0.20476068,0.89763105
161.83200002,0.03277575,0.01350704,0.05700000,0.81359812,0.19822209,0.90296392
161.93199992,0.03163247,0.01386026,0.05300000,0.85709579,0.19952626,0.88478979
162.03299999,0.02961741,0.01505288,0.04900000,0.83968719,0.19960657,0.87845207
162.13299990,0.02553722,0.01065365,0.05000000,0.82556969,0.19273566,0.85161302
162.23300004,0.02406672,0.01136499,0.05200000,0.82919777,0.19458616,0.81421083
162.33299994,0.02216161,0.01123491,0.03790000,0.81881945,0.18558466,0.79816894
162.43300009,0.02444635,0.01264501,0.03500000,0.84261122,0.19006339,0.78368005
162.53299999,0.02379149,0.01320777,0.03400000,0.84031038,0.19302334,0.76103824
162.63299990,0.02340203,0.01427884,0.03800000,0.82963483,0.19322205,0.75740593
162.73300004,0.02228490,0.01568673,0.03700000,0.83533124,0.20138999,0.74428593
162.83299994,0.02437775,0.01585955,0.04090000,0.82310452,0.20131094,0.71922344
162.93300009,0.02673681,0.01645548,0.04290000,0.83841225,0.20019590,0.70922033
163.03299999,0.02796309,0.01865786,0.04090000,0.83269779,0.20120417,0.70794706
163.13299990,0.02689510,0.01826318,0.04100000,0.82301349,0.20129454,0.68969682
163.23399997,0.02461804,0.02037847,0.03900000,0.83798159,0.20163055,0.67050740
163.33399987,0.02316442,0.02235127,0.03900000,0.84182639,0.20135706,0.69007625
163.43400002,0.02239154,0.02467689,0.03690000,0.81813880,0.21131215,0.67115780
163.53399992,0.02271338,0.02709580,0.03890000,0.79771617,0.21464513,0.69672700
163.63400006,0.02256361,0.02917556,0.03890000,0.82224207,0.20917975,0.67806763
163.73399997,0.01786930,0.03011126,0.03690000,0.80902014,0.20132025,0.71150142
163.83399987,0.01376974,0.03239636,0.03200000,0.84005835,0.21381748,0.69673128
163.93400002,0.01325355,0.03226753,0.02990000,0.85504452,0.21309384,0.68855911
164.03399992,0.01685721,0.03337206,0.03790000,0.86062527,0.21974799,0.66161453
164.13400006,0.01642548,0.03595752,0.03890000,0.88123359,0.22163540,0.66324346
164.23399997,0.01758623,0.03987799,0.04190000,0.89357041,0.23234055,0.67880470
164.33399987,0.01318645,0.04202758,0.04090000,0.87828002,0.24024329,0.67953511
164.43400002,0.01205647,0.04435506,0.04090000,0.85005644,0.24218368,0.67745665
164.53500009,0.01257213,0.02894757,0.03110000,0.82016472,0.23532486,0.70801756
164.63499999,0.00993844,0.03428159,0.02410000,0.79714014,0.24161488,0.70610666
164.73499990,0.01278042,0.03712521,0.02490000,0.79935761,0.23533992,0.69646052
164.83500004,0.00505350,0.03198503,0.02910000,0.78026584,0.22946257,0.70934488
164.93499994,0.00169371,0.04008967,0.02590000,0.76928928,0.23809832,0.68977827
165.03500009,0.00714725,0.02820314,0.02700000,0.72512077,0.22765327,0.68247148
165.13499999,0.00539609,0.02654510,0.03010000,0.74545894,0.23567830,0.66729199
165.23499990,0.00179139,0.04781706,0.03590000,0.76857107,0.25810506,0.71174053
165.33500004,0.00354037,0.02377553,0.03710000,0.74874704,0.23195173,0.71293723
165.43499994,0.00205975,0.05014217,0.03780000,0.75360679,0.27293134,0.72796499
165.53500009,0.00123172,0.01856160,0.03700000,0.73238632,0.22576652,0.73076947
165.63499999,0.00269000,0.01804006,0.03700000,0.70584400,0.22356555,0.74269708
165.73499990,0.00310352,0.05393392,0.03580000,0.71671592,0.26891954,0.75424116
165.83599997,0.00110387,0.01594307,0.03300000,0.74345472,0.21410687,0.71966497
165.93599987,0.00253103,0.01816601,0.03400000,0.77162594,0.21635516,0.71306467
166.03600001,0.00209327,0.01742723,0.03500000,0.73774586,0.22674188,0.70542631
166.13599992,0.00393724,0.01205812,0.03200000,0.74923755,0.23163066,0.71874496
166.23600006,0.00523777,0.00965431,0.03100000,0.75139351,0.21959463,0.72818859
166.33599997,0.00733773,0.00851867,0.03200000,0.72379482,0.22604187,0.74203178
166.43599987,0.00918651,0.00676004,0.03100000,0.77981901,0.22108122,0.70440624
166.53600001,0.01193662,0.00627432,0.02400000,0.78051093,0.22127980,0.70162288
166.63599992,0.00864393,0.00861292,0.02810000,0.80204157,0.22828382,0.66468449
166.73600006,0.00507609,0.00812486,0.02610000,0.74674442,0.23390673,0.66731636
166.83599997,0.00582393,0.00888211,0.02700000,0.76106404,0.23872586,0.66361898
166.93599987,0.00739158,0.00940290,0.02900000,0.77952710,0.23469499,0.65660019
167.03699994,0.00817999,0.00835570,0.02600000,0.75093305,0.23512009,0.67476504
167.13700008,0.00374495,0.01131969,0.03000000,0.70325467,0.23473839,0.69074247
167.23699999,0.00411722,0.01044359,0.03000000,0.69625699,0.24572135,0.69002528
167.33699989,0.00422974,0.00373085,0.02800000,0.69640479,0.23651469,0.67902961
167.43700004,0.00347215,0.00447483,0.03000000,0.69405804,0.23462817,0.66637858
167.53699994,0.00225905,0.00729018,0.03200000,0.71994373,0.23656058,0.65087135
167.63700008,0.00051744,0.00958813,0.03400000,0.72060088,0.24431532,0.63711199
167.73699999,0.00103660,0.00985015,0.03200000,0.73809286,0.23782356,0.60212909
167.83699989,0.00489987,0.01229802,0.02900000,0.71396604,0.25068858,0.58539146
167.93700004,0.01328079,0.01151871,0.02210000,0.77750781,0.25799341,0.57422005
168.03699994,0.00215724,0.00605610,0.03300000,0.72296746,0.25422203,0.55419318
168.13700008,0.00235376,0.00609178,0.03100000,0.74192542,0.25027468,0.58380368
168.23699999,0.00264131,0.00491055,0.03010000,0.73629171,0.24324388,0.62515499
168.33800006,0.00699006,0.00172887,0.02300000,0.76801878,0.23727402,0.61518934
168.43799996,0.00338142,0.00436647,0.04100000,0.74063375,0.22675380,0.66530216
168.53799987,0.00492378,0.00649048,0.03910000,0.70338302,0.23154782,0.67348159
168.63800001,0.00348397,0.00698226,0.03800000,0.69158287,0.23011796,0.67187085
168.73799992,0.00431575,0.00393628,0.03800000,0.72675592,0.23177956,0.68039993
168.83800006,0.00046234,0.00184017,0.04700000,0.71041002,0.22589282,0.73152023
168.93799996,0.00152759,0.00232303,0.04800000,0.67446216,0.22323962,0.76329915
169.03799987,0.00158724,0.00152665,0.05100000,0.65868055,0.22810112,0.78781333
169.13800001,0.00137630,0.00291647,0.05500000,0.69117411,0.21798340,0.78329999
169.23799992,0.00100951,0.00118359,0.05600000,0.67577175,0.20253763,0.77948030
169.33800006,0.00171530,0.00136665,0.05700000,0.66287611,0.20739669,0.77746546
169.43799996,0.00210559,0.00243649,0.05700000,0.68582883,0.20063708,0.78653330
169.53900003,0.00136274,0.00309725,0.06000000,0.67486355,0.20785600,0.78315299
169.63899994,0.00216024,0.00413078,0.05600000,0.66150636,0.22303446,0.79934912
169.73900008,0.00114661,0.00522066,0.04400000,0.65224446,0.22111608,0.79073926
169.83899999,0.00193180,0.00529510,0.03500000,0.64170837,0.22095445,0.73145077
169.93899989,0.00244232,0.00183168,0.02600000,0.62912039,0.21555129,0.70584339
170.03900003,0.00052307,0.00085229,0.02890000,0.62841175,0.20548207,0.71705456
170.13899994,0.00177794,0.00458682,0.03000000,0.67891705,0.20683665,0.67838931
170.23900008,0.00643721,0.00430957,0.03700000,0.67937255,0.19943646,0.69144120
170.33899999,0.00888792,0.00467064,0.04000000,0.69169795,0.18814588,0.70102345
170.43899989,0.00783091,0.00717613,0.04290000,0.67324527,0.20371007,0.77164892
170.53900003,0.01297589,0.00525701,0.04300000,0.71344215,0.19090319,0.78404986
170.63899994,0.01330233,0.00641078,0.03800000,0.70265060,0.18983226,0.77127791
170.73900008,0.01405012,0.00570649,0.03490000,0.69896820,0.17930012,0.78680132
170.83999991,0.01337281,0.00484232,0.03700000,0.69517967,0.18668323,0.81354268
170.94000006,0.01285056,0.00355432,0.03600000,0.73493399,0.19093380,0.85531367
171.03999996,0.01667357,0.00429093,0.03390000,0.71913909,0.18366280,0.85894097
171.13999987,0.01434716,0.00477587,0.02900000,0.71519646,0.18396953,0.87899409
171.24000001,0.01835967,0.00589769,0.02400000,0.72580897,0.19648610,0.84625190
171.33999991,0.02029369,0.00398572,0.01490000,0.71203834,0.19151300,0.80704302
171.44000006,0.02081077,0.00293121,0.01590000,0.70625657,0.19822958,0.79814364
171.53999996,0.02156372,0.00354063,0.01900000,0.68006537,0.20235348,0.78863000
171.63999987,0.02073394,0.00428878,0.02000000,0.72177959,0.20312726,0.77956155
171.74000001,0.02277721,0.00396594,0.01890000,0.72972345,0.20403578,0.77943067
171.83999991,0.02149567,0.00663521,0.03200000,0.73166575,0.20337738,0.78072061
171.94000006,0.01893366,0.00552146,0.03400000,0.73047552,0.20475744,0.78435410
172.04099989,0.01780892,0.00356264,0.03300000,0.71956084,0.20202295,0.79296454
172.14100003,0.02203332,0.00452360,0.03090000,0.73555626,0.20414869,0.80120424
172.24099994,0.02344848,0.00368358,0.03000000,0.70262002,0.20784929,0.82471650
172.34100008,0.01227265,0.00524233,0.04500000,0.64860048,0.20950883,0.87559352
172.44099998,0.01482542,0.00503756,0.04200000,0.73022606,0.20650168,0.82477492
172.54099989,0.02075518,0.00530305,0.02890000,0.73110155,0.20442657,0.81118686
172.64100003,0.01696865,0.00609876,0.03100000,0.72996929,0.20319545,0.83298560
172.74099994,0.01753110,0.00664684,0.03000000,0.73140596,0.19826151,0.80669706
172.84100008,0.00984836,0.00705832,0.02700000,0.67778247,0.20024195,0.82883424
172.94099998,0.01245490,0.00715300,0.01900000,0.68783531,0.19876884,0.81988323
173.04099989,0.01066515,0.00910135,0.02200000,0.66835731,0.20524112,0.82525285
173.14100003,0.00656978,0.01129283,0.02590000,0.64976984,0.21301632,0.87342896
173.24099994,0.00260950,0.01233047,0.03200000,0.62177708,0.21647613,0.90335262
173.34200001,0.00073771,0.01225870,0.02700000,0.60890096,0.22077216,0.87883126
173.44199991,0.00091297,0.01221419,0.02300000,0.58334723,0.21693754,0.88922526
173.54200006,0.00316180,0.00894500,0.02590000,0.59212326,0.21230730,0.88061590
173.64199996,0.00045437,0.00871800,0.02800000,0.61588794,0.20584143,0.85607820
173.74199986,0.00136765,0.00850703,0.02700000,0.61480481,0.20469114,0.84841354
173.84200001,0.00436816,0.01826935,0.03000000,0.62478680,0.23427425,0.84336271
173.94199991,0.00581788,0.01526605,0.03100000,0.63172561,0.21283863,0.84267197
174.04200006,0.00751812,0.01485388,0.03400000,0.62849779,0.20237032,0.82721045
174.14199996,0.00756333,0.01449745,0.04100000,0.62637483,0.20543129,0.82234504
174.24199986,0.00931706,0.01427033,0.04700000,0.65403610,0.20891396,0.84135487
174.34200001,0.01387926,0.01587218,0.03990000,0.64603144,0.20373371,0.86581238
174.44199991,0.01823248,0.01920669,0.04300000,0.69587276,0.21272337,0.88803624
174.54200006,0.02159197,0.02088149,0.04290000,0.69623886,0.20511768,0.89358712
174.64299989,0.01316212,0.02213162,0.05600000,0.65712785,0.20647280,0.92850150
174.74300003,0.01052656,0.02211790,0.05490000,0.63387662,0.20356113,0.91090634
174.84299994,0.01032274,0.01949592,0.05400000,0.63342386,0.21040464,0.91365781
174.94300008,0.00879866,0.01991767,0.05090000,0.61753132,0.20906260,0.88597857
175.04299998,0.01318904,0.02075426,0.05390000,0.69382547,0.21108914,0.93083726
175.14299989,0.00558701,0.02541191,0.04800000,0.69124099,0.22172120,0.88412589
175.24300003,0.01065570,0.02733050,0.05090000,0.67891890,0.23489644,0.85642321
175.34299994,0.00694123,0.02441617,0.05190000,0.69453771,0.21798870,0.82954960
175.44300008,0.00692574,0.02164080,0.05300000,0.72031839,0.21923381,0.81730856
175.54299998,0.00883965,0.02226119,0.05500000,0.69968632,0.21950697,0.83674145
175.64299989,0.00404918,0.02321323,0.05000000,0.68946690,0.22733519,0.82623873
175.74300003,0.00585785,0.02382301,0.04990000,0.70873905,0.23076722,0.81172018
175.84399986,0.01200768,0.02658694,0.05600000,0.77672949,0.23593322,0.87108585
175.94400001,0.01488706,0.02712923,0.06090000,0.79095222,0.23323312,0.86254319
176.04399991,0.01361839,0.02453730,0.06600000,0.79291481,0.23352998,0.87802640
176.14400005,0.00955715,0.02413008,0.06000000,0.74304046,0.22836021,0.86872747
176.24399996,0.01108993,0.02410360,0.06100000,0.81637151,0.22902943,0.84757927
176.34399986,0.01239206,0.03009663,0.06000000,0.82001712,0.23420525,0.86566996
176.44400001,0.01325541,0.02807551,0.06590000,0.81542007,0.23890873,0.89571714
176.54399991,0.01358733,0.02296224,0.06100000,0.81262262,0.24024107,0.86426546
176.64400005,0.01646879,0.02186387,0.05290000,0.83718832,0.24285350,0.79913367
176.74399996,0.01857217,0.02145983,0.05390000,0.81232911,0.24610649,0.81282007
176.84399986,0.01241292,0.03279267,0.05490000,0.82565577,0.25807106,0.81118291
176.94400001,0.01547996,0.02936973,0.05600000,0.81881065,0.25126747,0.80931580
177.04399991,0.01118287,0.02594828,0.05690000,0.80603301,0.25248039,0.82146560
177.14499998,0.01437596,0.02766174,0.05890000,0.79749350,0.25556547,0.81662544
177.24499989,0.01405138,0.02839734,0.05690000,0.79725929,0.25208567,0.82776800
177.34500003,0.01057724,0.05340198,0.04310000,0.79122404,0.28679006,0.79201828
177.44499993,0.01311708,0.03721119,0.04190000,0.80355833,0.26317988,0.77604808
177.54500008,0.01491935,0.04664615,0.05110000,0.77881281,0.28043920,0.77068811
177.64499998,0.01370945,0.03804026,0.05090000,0.78269943,0.25932189,0.76497230
177.74499989,0.01383316,0.03904681,0.04990000,0.78806775,0.27551273,0.78968846
177.84500003,0.00527044,0.04349325,0.04810000,0.73726393,0.27889270,0.77127811
177.94499993,0.00375346,0.04377387,0.04990000,0.73265690,0.27410199,0.76028299
178.04500008,0.00186957,0.04201601,0.04910000,0.72177692,0.27540103,0.73968051
178.14499998,0.00376570,0.04728213,0.04880000,0.70727641,0.27522896,0.74254291
178.24499989,0.00366862,0.04857398,0.04890000,0.66135168,0.27681434,0.71109981
178.34599996,0.00547812,0.04367700,0.05010000,0.65564824,0.26166309,0.73649666
178.44600010,0.00322662,0.04449437,0.05110000,0.64646716,0.26634909,0.75186722
178.54600000,0.00417157,0.04309870,0.05310000,0.64556676,0.26524243,0.76109159
178.64599991,0.00297796,0.04029804,0.04710000,0.64095830,0.26385535,0.74093332
178.74600005,0.00052954,0.03741069,0.04310000,0.63860957,0.24333894,0.73481782
178.84599996,0.00319773,0.03695382,0.04310000,0.63328511,0.24445472,0.76519067
178.94600010,0.00016474,0.03958248,0.04810000,0.63191990,0.25767529,0.78511329
179.04600000,0.00177840,0.04231474,0.05220000,0.62416487,0.26010615,0.79616415
179.14599991,0.00127367,0.04356510,0.05210000,0.61541102,0.25734519,0.79764741
179.24600005,0.00436771,0.03142568,0.04310000,0.64105691,0.22936372,0.78887007
179.34599996,0.00113869,0.02952344,0.04310000,0.63100338,0.22804193,0.77564287
179.44600010,0.00028600,0.02979544,0.03500000,0.63509640,0.22894175,0.72645291
179.54600000,0.00117420,0.02871012,0.03410000,0.64266752,0.22056585,0.69647556
179.64700007,0.00259402,0.03229738,0.03600000,0.65031923,0.22660297,0.71221221
179.74699998,0.00343310,0.03172040,0.03510000,0.64541099,0.22580943,0.70469804
179.84699988,0.00131952,0.03632573,0.04110000,0.65037489,0.23639762,0.72931764
179.94700003,0.00247410,0.03471713,0.04310000,0.62757702,0.23700541,0.72981364
180.04699993,0.00353030,0.03311777,0.04810000,0.65389168,0.23723062,0.71461571
180.14700007,0.00102571,0.03323850,0.04010000,0.67370985,0.23855372,0.67724324
180.24699998,0.00016015,0.03251191,0.03910000,0.65627421,0.23941948,0.68706123
180.34699988,0.00484450,0.02858375,0.03910000,0.73467676,0.24262023,0.68859887
180.44700003,0.00181330,0.02704592,0.03900000,0.70260078,0.24420583,0.72452411
180.54699993,0.00010380,0.02689831,0.03900000,0.66309599,0.24420909,0.72631697
180.64700007,0.00081451,0.02989442,0.04410000,0.70458554,0.25479875,0.72861356
180.74699998,0.00078831,0.02888994,0.04410000,0.68481933,0.25849316,0.72653331
180.84800005,0.00029562,0.02854615,0.03600000,0.68848965,0.25452604,0.70361255
180.94799995,0.00201506,0.02719926,0.03600000,0.72751598,0.25699910,0.71296168
181.04800010,0.00519166,0.02639028,0.03600000,0.75972937,0.24911209,0.72768116
181.14800000,0.00063094,0.02456363,0.03710000,0.69073709,0.25060174,0.71348023
181.24799991,0.00046915,0.02404745,0.03810000,0.66656428,0.24691049,0.73054973
181.34800005,0.00256229,0.02303942,0.03600000,0.69533346,0.24636394,0.74862544
181.44799995,0.00590343,0.02255570,0.03400000,0.75489996,0.25524106,0.73295743
181.54800010,0.00347469,0.02076479,0.03600000,0.69546570,0.24851471,0.73633787
181.64800000,0.00524802,0.02150135,0.03710000,0.69074980,0.25129561,0.73789724
181.74799991,0.00502686,0.02021635,0.03710000,0.69332159,0.25576381,0.73455762
181.84800005,0.00450190,0.01785533,0.03210000,0.71977702,0.25495383,0.71967218
181.94799995,0.00685781,0.01854159,0.03410000,0.73298203,0.25333883,0.71424236
182.04800010,0.00685977,0.01764153,0.03300000,0.72030247,0.24746789,0.71533295
182.14899993,0.00831596,0.01289243,0.03510000,0.72565281,0.24259649,0.70166449
182.24900007,0.00593421,0.00889692,0.03100000,0.72222791,0.23394798,0.70579023
182.34899998,0.00815428,0.01793649,0.04010000,0.71214247,0.24922704,0.71004122
182.44899988,0.00389562,0.01752011,0.04200000,0.71885794,0.25048163,0.71864729
182.54900002,0.00236187,0.01836196,0.04000000,0.65581587,0.24932852,0.75690758
182.64899993,0.00192000,0.01569088,0.03400000,0.66916965,0.24269850,0.78928728
182.74900007,0.00035215,0.01499253,0.03400000,0.64120872,0.23526962,0.81674785
182.84899998,0.00084975,0.01387977,0.04210000,0.63656517,0.23666886,0.83872551
182.94899988,0.00506303,0.01180109,0.04400000,0.68470102,0.22790061,0.84423833
183.04900002,0.00838437,0.00838286,0.04300000,0.70615205,0.22048834,0.84524877
183.14899993,0.01175176,0.00778113,0.04210000,0.67952389,0.21666520,0.86835003
183.24900007,0.00010891,0.00774068,0.03510000,0.58393455,0.21219991,0.89554822
183.34899998,0.00121710,0.01023224,0.03300000,0.58617743,0.21656596,0.89259273
183.45000005,0.00112844,0.01094425,0.03200000,0.56747464,0.21667049,0.86994678
183.54999995,0.00341965,0.01004420,0.03100000,0.54728032,0.21329249,0.83444997
183.65000010,0.00548451,0.01052997,0.04000000,0.63012980,0.20642236,0.85346940
183.75000000,0.00363493,0.00765293,0.04010000,0.57438870,0.20356900,0.84499418
183.84999990,0.00252336,0.00775388,0.03900000,0.61744179,0.20209171,0.85925307
183.95000005,0.00676165,0.00752662,0.03800000,0.67358326,0.20147636,0.90060890
184.04999995,0.01049826,0.00956225,0.03600000,0.64812346,0.20529646,0.90373959
184.15000010,0.00067845,0.00767005,0.02800000,0.62240962,0.21165621,0.87946293
184.25000000,0.00124224,0.00753836,0.02700000,0.66618233,0.19982815,0.89635090
184.34999990,0.00375580,0.01071139,0.03200000,0.69447892,0.21013467,0.87171617
184.45000005,0.00290300,0.01128861,0.03600000,0.68108614,0.20790298,0.86099991
184.54999995,0.00403969,0.00938141,0.03700000,0.71667716,0.20271670,0.86716056
184.65000010,0.00313582,0.00825692,0.04010000,0.70457097,0.20300624,0.87444552
184.75000000,0.00251049,0.00801108,0.04010000,0.72828759,0.20057553,0.86776785
184.85100007,0.00239422,0.00362184,0.03900000,0.73595547,0.19424214,0.87013065
184.95099998,0.00250091,0.00242394,0.04200000,0.72284937,0.18841017,0.91818645
185.05099988,0.00013131,0.00081410,0.04300000,0.72301135,0.18475714,0.88731424
185.15100002,0.00025821,0.00068068,0.04300000,0.74600611,0.19245709,0.85838094
185.25099993,0.00289839,0.00254938,0.04200000,0.72996932,0.19942015,0.85823592
185.35100007,0.00161486,0.00595334,0.03800000,0.72203424,0.21342532,0.85562958
185.45099998,0.00361044,0.00982724,0.03890000,0.71288778,0.22410058,0.85103736
185.55099988,0.00362307,0.00972591,0.03700000,0.70035213,0.21954364,0.83614860
185.65100002,0.00578522,0.01280864,0.03500000,0.70238052,0.21942513,0.82484204
185.75099993,0.00629148,0.01544918,0.03300000,0.68369715,0.22783119,0.79883806
185.85200000,0.01108602,0.01861827,0.03600000,0.75713072,0.24788482,0.77722010
185.95199990,0.01198362,0.02046687,0.03490000,0.75269714,0.24134689,0.76876273
186.05200005,0.00942505,0.01484010,0.03900000,0.74818021,0.22453959,0.77066555
186.15199995,0.00954723,0.01614003,0.03990000,0.72268384,0.22461771,0.77499895
186.25200009,0.00803970,0.01622847,0.03500000,0.66094490,0.22409424,0.76035479
186.35200000,0.00842233,0.01515138,0.03990000,0.73280214,0.22426335,0.76180642
186.45199990,0.00736194,0.01326582,0.04300000,0.69390928,0.22925569,0.83279144
186.55200005,0.00631025,0.01399002,0.04090000,0.70205296,0.22470573,0.85286811
186.65199995,0.00407304,0.01443019,0.03500000,0.70474882,0.22545222,0.84571324
186.75200009,0.00328671,0.01417383,0.03100000,0.68813273,0.22340748,0.84099534
186.85200000,0.00067901,0.01829697,0.03000000,0.67618226,0.22051215,0.85274702
186.95199990,0.00258502,0.01823534,0.02900000,0.65913636,0.21972233,0.85520855
187.05200005,0.00616554,0.01579133,0.03600000,0.64669382,0.21137146,0.81989673
187.15299988,0.00860280,0.01536788,0.03590000,0.66252208,0.20651265,0.83468323
187.25300002,0.00747333,0.01568819,0.03400000,0.66240726,0.20584193,0.85097010
187.35299993,0.00552536,0.01895601,0.02900000,0.63039746,0.21096470,0.86286755
187.45300007,0.00898573,0.01820979,0.02890000,0.63482309,0.20732204,0.85728435
187.55299997,0.01068823,0.01683365,0.03100000,0.67943814,0.21017218,0.88261274
187.65299988,0.01201448,0.01783682,0.03300000,0.63608487,0.21543105,0.89023711
187.75300002,0.01267535,0.01969354,0.03390000,0.66190160,0.21809899,0.90053911
187.85299993,0.01360536,0.02057071,0.03200000,0.67092192,0.21729445,0.91314767
187.95300007,0.01734504,0.02136258,0.03200000,0.66529631,0.21469033,0.89274450
188.05299997,0.01680778,0.02564524,0.03200000,0.64824428,0.22995735,0.83918678
188.15299988,0.01803974,0.02514494,0.03190000,0.61993692,0.22549202,0.83641916
188.25300002,0.01352289,0.02761778,0.02590000,0.60612695,0.22876507,0.84541388
188.35400009,0.01084325,0.02962640,0.02390000,0.63844059,0.22833037,0.83135646
188.45400000,0.00563105,0.02942637,0.02490000,0.60164000,0.22898686,0.81902254
188.55399990,0.00534351,0.03031133,0.02590000,0.59058690,0.22382252,0.81192262
188.65400004,0.00466175,0.03116357,0.01990000,0.57930232,0.21935828,0.80246109
188.75399995,0.00348108,0.03187683,0.01890000,0.58081281,0.22785048,0.79994783
188.85400009,0.00604638,0.03850534,0.02190000,0.57373690,0.23245920,0.78927394
188.95400000,0.01273776,0.03965866,0.02490000,0.60861940,0.23970900,0.80490561
189.05399990,0.01867621,0.03794442,0.02690000,0.61393647,0.24000359,0.86147676
189.15400004,0.01467960,0.03661092,0.02690000,0.60824924,0.23818544,0.85417629
189.25399995,0.01153414,0.03845626,0.02590000,0.64352382,0.24328613,0.83841350
189.35400009,0.01148378,0.03934683,0.02590000,0.68523240,0.24759887,0.85520598
189.45400000,0.01431034,0.04066724,0.02590000,0.68850788,0.25020615,0.81674798
189.55399990,0.01075186,0.03776675,0.02090000,0.68744739,0.23841999,0.74176131
189.65499997,0.00972816,0.03567426,0.01690000,0.61758612,0.23372708,0.72098353
189.75499988,0.01062175,0.03734151,0.01690000,0.67902096,0.22850959,0.70842789
189.85500002,0.00769750,0.06800786,0.01710000,0.62714253,0.27226104,0.68956075
189.95499992,0.01048025,0.04213424,0.01690000,0.68043787,0.24580524,0.67678990
190.05500007,0.00287161,0.06467035,0.01120000,0.63400570,0.26973723,0.66804801
190.15499997,0.00575202,0.04146003,0.01680000,0.63332251,0.26215720,0.67333992
190.25499988,0.00625254,0.04420436,0.01790000,0.61780631,0.26718279,0.68306620
190.35500002,0.00481926,0.05800151,0.01520000,0.59145799,0.27746608,0.68190385
190.45499992,0.00761586,0.04842498,0.01290000,0.61609132,0.27486067,0.65984397
190.55500007,0.00984031,0.05721161,0.01320000,0.59027063,0.28950533,0.68406452
190.65499997,0.01154365,0.04633405,0.01190000,0.64592418,0.27922435,0.65794103
190.75499988,0.00986931,0.04290497,0.00990000,0.60763315,0.27509168,0.63668270
190.85599995,0.00357721,0.06271366,0.00920000,0.57605302,0.28681312,0.63608534
190.95600009,0.00550274,0.06105547,0.01410000,0.57715568,0.28181912,0.66384693
191.05599999,0.00515792,0.06128365,0.01320000,0.55711693,0.28544657,0.70365742
191.15599990,0.00598820,0.05730263,0.01120000,0.55212672,0.27707485,0.71400804
191.25600004,0.00440865,0.05351872,0.00810000,0.54673718,0.27365215,0.72008530
191.35599995,0.00616428,0.04394021,0.01010000,0.53939973,0.26141616,0.72726263
191.45600009,0.00174465,0.03768562,0.00910000,0.51592489,0.23976819,0.74115842
191.55599999,0.00179069,0.03356849,0.00810000,0.52715816,0.22732696,0.74562420
191.65599990,0.00277514,0.03244932,0.00010000,0.54202335,0.21674852,0.74558819
191.75600004,0.00800504,0.02737827,0.00290000,0.53381842,0.22196554,0.74999662
191.85599995,0.00345737,0.03231248,0.00110000,0.52501774,0.22607890,0.75025539
191.95600009,0.00231956,0.03131485,0.00410000,0.56229276,0.23041234,0.78171745
192.05599999,0.00484166,0.02992789,0.00510000,0.57669921,0.22536985,0.78254908
192.15700006,0.00606946,0.02823423,0.00110000,0.58713478,0.22085943,0.77892455
192.25699997,0.00806958,0.02590332,0.00310000,0.57650628,0.21628793,0.77215533
192.35699987,0.01097427,0.02586205,0.00410000,0.61190622,0.21808258,0.78323459
192.45700002,0.00997344,0.02798733,0.00610000,0.61217751,0.21384719,0.76100479
192.55699992,0.00896423,0.02679818,0.00300000,0.56487805,0.21694748,0.77876829
192.65700006,0.00694009,0.02461413,0.00290000,0.56405620,0.21884382,0.77786101
192.75699997,0.00588577,0.02171193,0.00690000,0.59192811,0.21801149,0.80458424
192.85699987,0.00792739,0.02119803,0.00700000,0.55414678,0.22160669,0.78763745
192.95700002,0.00845199,0.01863904,0.00300000,0.56515752,0.21566658,0.78774938
193.05699992,0.00768093,0.01596413,0.00100000,0.56140060,0.22531742,0.81512386
193.15700006,0.01034586,0.01199680,0.00400000,0.59096546,0.21875191,0.80805741
193.25699997,0.01141822,0.01230099,0.00500000,0.61220088,0.21185503,0.83392722
193.35800004,0.01154247,0.00980925,0.00090000,0.64035297,0.20758549,0.79115828
193.45799994,0.00972299,0.00883875,0.00100000,0.65765659,0.21256341,0.80452041
193.55800009,0.01580518,0.00820587,0.00400000,0.63459568,0.20869017,0.80981500
193.65799999,0.01366613,0.00851099,0.00400000,0.63023563,0.20831286,0.80539787
193.75799990,0.01105213,0.00957656,0.00200000,0.63316929,0.21415748,0.82496097
193.85800004,0.01087434,0.01357972,0.00010000,0.64540173,0.21287436,0.82946802
193.95799994,0.01568128,0.01474237,0.00100000,0.65728176,0.21852365,0.80260796
194.05800009,0.00044854,0.01752053,0.00600000,0.59135599,0.22404097,0.77349675
194.15799999,0.00294403,0.01830363,0.00400000,0.60932294,0.22459203,0.77725753
194.25799990,0.00710006,0.01760651,0.00310000,0.62146191,0.22282880,0.77760308
194.35800004,0.00597618,0.01741222,0.00600000,0.63408591,0.22519146,0.80261678
194.45799994,0.00313533,0.01918905,0.00800000,0.62413079,0.22762711,0.79316428
194.55900002,0.00123601,0.02171664,0.00610000,0.62609822,0.24320638,0.79998390
194.65899992,0.00645326,0.02228644,0.00310000,0.61600472,0.23969777,0.80310529
194.75900006,0.00828083,0.01929735,0.00000000,0.61189911,0.23351087,0.82190560
194.85899997,0.01119621,0.02032179,0.00400000,0.67571224,0.24944913,0.82676121
194.95899987,0.01006414,0.02203481,0.00410000,0.65495913,0.24561990,0.82390177
195.05900002,0.01153256,0.01646997,0.01210000,0.68559764,0.22550233,0.85119819
195.15899992,0.00476508,0.01511403,0.01010000,0.64815259,0.22122701,0.85047440
195.25900006,0.00376537,0.01631631,0.00900000,0.64371160,0.23189620,0.84650340
195.35899997,0.00763411,0.01484622,0.01700000,0.67779240,0.23231487,0.88862750
195.45899987,0.00977801,0.01424642,0.01600000,0.68668387,0.22816050,0.88416465
195.55900002,0.00979090,0.01444950,0.01400000,0.65606759,0.23267911,0.84397449
195.65899992,0.00900710,0.01472692,0.01010000,0.63307665,0.23263022,0.85397115
195.75900006,0.01084180,0.01616649,0.01310000,0.68429692,0.23786483,0.85896600
195.85999990,0.01254970,0.01621095,0.02000000,0.69073814,0.24264968,0.89913609
195.96000004,0.01409000,0.01778291,0.01400000,0.70722533,0.24244930,0.84340889
196.05999994,0.01304874,0.01527254,0.01710000,0.71631501,0.24721734,0.89024557
196.16000009,0.01115907,0.01444559,0.02100000,0.73178915,0.22462626,0.88155286
196.25999999,0.01149973,0.01612967,0.02100000,0.76674198,0.23317788,0.91159763
196.35999990,0.01029206,0.01845328,0.02700000,0.75580326,0.22874769,0.89858002
196.46000004,0.01046391,0.01713816,0.02300000,0.75064576,0.22902634,0.92226451
196.55999994,0.01161466,0.02005342,0.02100000,0.76113885,0.22613163,0.89649680
196.66000009,0.01664332,0.01569873,0.02210000,0.79218861,0.22838629,0.88650856
196.75999999,0.01637018,0.01833568,0.02300000,0.81770049,0.23407925,0.88793668
196.85999990,0.01606448,0.01946952,0.02610000,0.81156616,0.22710159,0.86334045
196.96000004,0.01504938,0.01594729,0.02610000,0.78469802,0.22165559,0.88681403
197.06099987,0.01641508,0.01552917,0.03010000,0.80961740,0.22038698,0.91386765
197.16100001,0.01413561,0.00669661,0.03100000,0.83141193,0.20111054,0.91625780
197.26099992,0.00959406,0.00163829,0.02400000,0.83843000,0.19136428,0.89530169
197.36100006,0.00822091,0.00242210,0.02300000,0.83003581,0.18928628,0.89053551
197.46099997,0.00870668,0.00376746,0.02000000,0.80134971,0.19170000,0.86504313
197.56099987,0.00882900,0.00467962,0.01900000,0.80596181,0.18819059,0.84781352
197.66100001,0.00609986,0.00374055,0.01800000,0.75973618,0.18684807,0.86138345
197.76099992,0.00473495,0.00211665,0.01900000,0.76543072,0.19542852,0.86605919
197.86100006,0.00315819,0.00177929,0.02100000,0.76846634,0.19703547,0.85457622
197.96099997,0.00223029,0.00141272,0.02300000,0.77142330,0.18697038,0.83261688
198.06099987,0.00117375,0.00080144,0.02000000,0.75146554,0.18713426,0.82129294
198.16100001,0.00579594,0.00431359,0.02100000,0.74750723,0.19309254,0.80049906
198.26200008,0.00230608,0.00572119,0.01800000,0.73911415,0.19613786,0.78173629
198.36199999,0.00000475,0.00923472,0.01200000,0.70443956,0.18945252,0.78036888
198.46199989,0.00092323,0.01122353,0.01400000,0.68889434,0.19270965,0.78893846
198.56200004,0.00182990,0.01168467,0.02100000,0.66988164,0.20025640,0.78487123
198.66199994,0.00178533,0.01229075,0.02000000,0.67249146,0.20908591,0.78199455
198.76200008,0.00146332,0.01091369,0.01610000,0.69449719,0.19315094,0.78183622
198.86199999,0.00112556,0.00933719,0.01210000,0.68945355,0.19511951,0.76387722
198.96199989,0.00023190,0.00985881,0.01110000,0.70134487,0.19795737,0.76335722
199.06200004,0.00268591,0.00879749,0.01900000,0.71955715,0.19639504,0.76489115
199.16199994,0.00253324,0.00710512,0.01800000,0.71128480,0.19531156,0.78252508
199.26200008,0.00146799,0.00760099,0.01710000,0.70009272,0.19727150,0.75656953
199.36199999,0.00186857,0.00535896,0.02100000,0.69043852,0.20093547,0.73652384
199.46300006,0.00217023,0.00774274,0.01910000,0.72210200,0.20834744,0.74025528
199.56299996,0.00047405,0.01029686,0.01800000,0.69545626,0.20293451,0.76160222
199.66299987,0.00221104,0.01195664,0.01610000,0.68206027,0.20255899,0.75168557
199.76300001,0.00096089,0.01266399,0.01900000,0.69936074,0.21348949,0.78725739
199.86299992,0.00151206,0.01091209,0.03010000,0.72316658,0.19717930,0.83861983
199.96300006,0.00040244,0.01087051,0.01700000,0.73834173,0.20026154,0.79490197
200.06299996,0.00139534,0.01105229,0.01610000,0.76274637,0.20826399,0.78531033
200.16299987,0.00311993,0.01108134,0.02510000,0.76492697,0.21049996,0.76932158
200.26300001,0.00267650,0.01182059,0.02600000,0.75077057,0.20863912,0.79782392
200.36299992,0.00465440,0.00784707,0.02910000,0.77025388,0.20711108,0.79566527
200.46300006,0.00602206,0.00743672,0.02800000,0.76792246,0.21849989,0.77684918
200.56299996,0.00733483,0.01004043,0.02800000,0.79877062,0.22326691,0.74522021
200.66400003,0.00810585,0.00967860,0.03110000,0.80482368,0.22148190,0.83467241
200.76399994,0.00918685,0.01069822,0.02810000,0.80480735,0.22122920,0.78167408
200.86400008,0.01055256,0.01149319,0.02900000,0.84922574,0.22267970,0.75908288
200.96399999,0.01414430,0.00749325,0.02700000,0.85656897,0.22358528,0.74969198
201.06399989,0.01600472,0.00694614,0.02800000,0.85770596,0.22369918,0.75664366
201.16400003,0.01457572,0.00666246,0.02900000,0.84049162,0.22950665,0.76919856
201.26399994,0.01299514,0.00699187,0.03400000,0.85148197,0.22295823,0.80831890
201.36400008,0.01327561,0.00295941,0.03700000,0.84658919,0.21762316,0.83053912
201.46399999,0.01528174,0.00169955,0.03400000,0.87479843,0.22057732,0.81909589
201.56399989,0.01796784,0.00269384,0.03600000,0.88008684,0.22148437,0.82957922
201.66400003,0.01704052,0.00617420,0.03800000,0.90003525,0.22801919,0.83663551
201.76399994,0.01933234,0.00468088,0.04200000,0.90012716,0.23302422,0.84423632
201.86500001,0.01593788,0.04256670,0.03910000,0.90134361,0.27526207,0.85338562
201.96499991,0.01543435,0.00645219,0.03600000,0.89244446,0.23468995,0.85334649
202.06500006,0.01228514,0.03432733,0.02810000,0.86906637,0.27712856,0.79385665
202.16499996,0.01715419,0.01121489,0.03100000,0.87064786,0.24952035,0.80787200
202.26499987,0.01842722,0.01774591,0.02200000,0.87806707,0.25667611,0.78498764
202.36500001,0.01674125,0.03194966,0.02310000,0.86073751,0.28540544,0.81361103
202.46499991,0.01996376,0.01727710,0.03090000,0.85523190,0.26103980,0.81384022
202.56500006,0.02153067,0.03636867,0.03310000,0.82141350,0.29130033,0.89122004
202.66499996,0.01923169,0.01020305,0.03000000,0.82303024,0.25937566,0.83195899
202.76499987,0.01736478,0.01336541,0.02900000,0.82487484,0.25864672,0.83574353
202.86500001,0.01258175,0.04080722,0.02910000,0.72949045,0.29584908,0.82723442
202.96499991,0.01366223,0.02179136,0.03690000,0.75312872,0.26143807,0.87054529
203.06599998,0.01305209,0.03675504,0.03710000,0.65882619,0.29007021,0.87383493
203.16599989,0.01165060,0.03566796,0.03310000,0.64502563,0.28646960,0.85479810
203.26600003,0.00933538,0.03435259,0.03410000,0.63831098,0.28323130,0.85084764
203.36599994,0.00808548,0.03265004,0.03010000,0.65130570,0.28766854,0.77949059
203.46600008,0.00792703,0.03316462,0.02510000,0.61278216,0.29294108,0.76382078
203.56599998,0.00578279,0.03524669,0.02710000,0.64548593,0.28574838,0.80011384
203.66599989,0.00629901,0.03550623,0.02610000,0.61905583,0.28125931,0.79457498
203.76600003,0.00726128,0.03623057,0.02910000,0.62089795,0.28789511,0.81603296
203.86599994,0.00821987,0.03444697,0.02410000,0.61725616,0.29190240,0.76329253
203.96600008,0.00911426,0.03186582,0.01510000,0.62519424,0.28290769,0.77661183
204.06599998,0.00965364,0.03362896,0.02010000,0.59798771,0.27221220,0.80081012
204.16599989,0.01028146,0.03277654,0.02310000,0.59446866,0.27822872,0.82596085
204.26600003,0.01045828,0.03246081,0.02210000,0.62106067,0.27051667,0.84202300
204.36699986,0.01631725,0.03048077,0.02710000,0.66936859,0.27429536,0.92117377
204.46700001,0.00987195,0.03020123,0.02810000,0.62497738,0.27824114,0.90824510
204.56699991,0.00618717,0.03039817,0.02910000,0.62328932,0.27893783,0.91359793
204.66700006,0.00298042,0.02805079,0.02610000,0.62301912,0.26550522,0.89787144
204.76699996,0.00219474,0.02701098,0.02410000,0.59114655,0.26002452,0.91496407
204.86699986,0.01042072,0.02684043,0.02410000,0.62306437,0.25908744,0.90165810
204.96700001,0.00901039,0.02424506,0.02410000,0.60812304,0.26209704,0.89042846
205.06699991,0.00220268,0.02309715,0.02710000,0.59874306,0.26486976,0.88543779
205.16700006,0.00118394,0.01786332,0.02100000,0.58691510,0.25712135,0.83896692
205.26699996,0.00241066,0.01435126,0.02010000,0.56153065,0.25290504,0.85659609
205.36699986,0.00343800,0.01042498,0.01910000,0.55350949,0.24253135,0.85434344
205.46700001,0.00499470,0.01095961,0.01900000,0.57221097,0.23966583,0.83957804
205.56800008,0.00913700,0.01292150,0.01210000,0.55824909,0.23918993,0.80875389
205.66799998,0.01471994,0.01210179,0.01200000,0.56610523,0.24395166,0.77960644
205.76799989,0.02027120,0.00929130,0.01000000,0.62511759,0.24822579,0.78555925
205.86800003,0.01236390,0.00772619,0.00500000,0.56305553,0.26283177,0.78737720
205.96799994,0.01704865,0.00569242,0.00300000,0.57675269,0.25702379,0.76493559
206.06800008,0.01291907,0.00860684,0.00090000,0.58741540,0.26799544,0.76800345
206.16799998,0.01038711,0.01015224,0.00100000,0.59431849,0.26748715,0.77711773
206.26799989,0.01123978,0.01157399,0.00400000,0.59097443,0.27467318,0.76847490
206.36800003,0.01022904,0.01755952,0.00610000,0.57963723,0.28239239,0.76914068
206.46799994,0.00838306,0.02365279,0.00510000,0.55974955,0.30171627,0.77574246
206.56800008,0.00876140,0.03193255,0.00410000,0.58141493,0.30885176,0.76632787
206.66799998,0.00838511,0.03774997,0.00610000,0.53917131,0.31547445,0.74761398
206.76900005,0.00709878,0.04520937,0.00610000,0.56312127,0.31905592,0.75105804
206.86899996,0.00835958,0.04296658,0.00410000,0.57795368,0.31643836,0.73025787
206.96899986,0.00513509,0.03592814,0.00010000,0.56820581,0.30428571,0.73398380
207.06900001,0.00009518,0.03180001,0.00710000,0.54926489,0.29814303,0.72458096
207.16899991,0.00104462,0.03504096,0.00510000,0.56076752,0.30052767,0.69867256
207.26900005,0.00618567,0.02030732,0.00500000,0.55310969,0.28723954,0.70909823
207.36899996,0.00694111,0.01682709,0.00910000,0.55241802,0.27164227,0.70817705
207.46899986,0.00897360,0.01824841,0.00600000,0.54842148,0.27933799,0.67221259
207.56900001,0.01507308,0.02087899,0.00510000,0.54500101,0.27955319,0.68356752
207.66899991,0.02492649,0.02347765,0.00310000,0.60516161,0.28172581,0.68022200
207.76900005,0.02779858,0.02502077,0.00210000,0.59837973,0.28214084,0.70861448
207.86899996,0.03442045,0.01561643,0.01610000,0.61135671,0.25878412,0.73419990
207.97000003,0.03673932,0.01387632,0.02110000,0.61215616,0.26293085,0.80907467
208.06999993,0.03844110,0.01480817,0.02310000,0.63861295,0.26004774,0.78167326
208.17000008,0.03803814,0.00982343,0.02100000,0.65473576,0.24206888,0.79861324
208.26999998,0.04167735,0.01087421,0.02210000,0.65709393,0.23681420,0.79815800
208.36999989,0.04030528,0.00310880,0.02300000,0.67461714,0.22453606,0.78733619
208.47000003,0.04152189,0.00436038,0.02600000,0.67269461,0.22931017,0.79883143
208.56999993,0.04288924,0.00486962,0.02600000,0.69854771,0.22588231,0.79074178
208.67000008,0.04224249,0.00528228,0.02310000,0.73562150,0.22838179,0.80648433
208.76999998,0.03707484,0.00502951,0.02510000,0.74772763,0.23195790,0.80274901
208.86999989,0.04138120,0.00539315,0.03000000,0.71641355,0.22929011,0.79473309
208.97000003,0.03212916,0.00188866,0.01900000,0.69647495,0.21318789,0.80338085
209.06999993,0.03542038,0.00151547,0.02000000,0.70450323,0.21669431,0.79748515
209.17100000,0.02411361,0.00443324,0.01610000,0.66345482,0.21114125,0.76068456
209.27099991,0.02904976,0.00360573,0.01700000,0.67537473,0.21319310,0.75439552
209.37100005,0.02631526,0.00476625,0.02410000,0.68347880,0.21001086,0.80801570
209.47099996,0.02996992,0.00613544,0.01700000,0.67885590,0.21699823,0.78170544
209.57100010,0.02688627,0.00690857,0.00600000,0.68227002,0.21821977,0.75907337
209.67100000,0.02887788,0.00569107,0.00800000,0.68412908,0.21401382,0.78009933
209.77099991,0.03085674,0.00472354,0.01100000,0.72059701,0.21048319,0.81542490
209.87100005,0.03030619,0.00427839,0.01200000,0.74293541,0.21576727,0.81763778
209.97099996,0.01956972,0.00032588,0.01100000,0.67191297,0.21690027,0.82730083
210.07100010,0.01686361,0.00087093,0.01700000,0.67625908,0.22440429,0.84434313
210.17100000,0.02073127,0.00232692,0.01500000,0.69869598,0.23258460,0.84891618
210.27099991,0.02231486,0.00530536,0.01700000,0.71968419,0.23186485,0.85422049
210.37199998,0.01587982,0.00751540,0.01600000,0.70575144,0.23648375,0.86733397
210.47199988,0.01394300,0.00470029,0.01600000,0.68136526,0.23321207,0.85497474
210.57200003,0.01419554,0.00175116,0.01500000,0.66736077,0.22954626,0.87534282
210.67199993,0.01523183,0.00003858,0.01700000,0.68818559,0.22559206,0.85047790
210.77200007,0.01066751,0.00067391,0.01700000,0.69100584,0.22083239,0.87722388
210.87199998,0.01069504,0.00277599,0.01400000,0.71916582,0.22473915,0.83746615
210.97199988,0.00945075,0.00629789,0.01900000,0.74191220,0.22532584,0.80970290
211.07200003,0.00146218,0.00628188,0.02410000,0.74481091,0.22289559,0.80067155
211.17199993,0.00309489,0.00481577,0.03000000,0.70959735,0.22349439,0.85442312
211.27200007,0.00385509,0.00866823,0.02210000,0.69313884,0.23020636,0.80030069
211.37199998,0.00304785,0.00563654,0.01200000,0.71696897,0.22165772,0.79042736
211.47199988,0.00552266,0.00001452,0.01800000,0.70629553,0.22240077,0.80493594
211.57299995,0.00508930,0.00073417,0.03800000,0.71829411,0.22549433,0.87887570
211.67300010,0.00290027,0.00314777,0.03000000,0.70070567,0.23031566,0.88515115
211.77300000,0.00492869,0.00446856,0.02700000,0.69530421,0.23336687,0.89705716
211.87299991,0.01015859,0.00238809,0.01810000,0.68039151,0.22574668,0.84753441
211.97300005,0.01332694,0.00411009,0.01900000,0.70816386,0.22736086,0.83345671
212.07299995,0.01395900,0.00445940,0.02410000,0.75380924,0.23437815,0.82338759
212.17300010,0.01320823,0.00171834,0.02800000,0.76967174,0.23232685,0.90183831
212.27300000,0.01141693,0.00032208,0.02900000,0.79628170,0.23097477,0.87412316
212.37299991,0.01132602,0.00472243,0.02600000,0.79871934,0.22944011,0.85423670
212.47300005,0.01403645,0.01047034,0.02490000,0.86180362,0.23888687,0.81579413
212.57299995,0.01447739,0.01471242,0.02500000,0.86360779,0.23554069,0.80417575
212.67300010,0.01595240,0.01984543,0.02600000,0.87990782,0.23153087,0.85535483
212.77399993,0.01332103,0.01910419,0.02500000,0.86819870,0.23259546,0.80319867
212.87400007,0.01565041,0.01658628,0.02890000,0.86373579,0.22701205,0.83256924
212.97399998,0.01704979,0.01438592,0.03390000,0.88130634,0.22621967,0.81422579
213.07399988,0.01660186,0.01374621,0.03400000,0.88950301,0.22151132,0.80301983
213.17400002,0.01721603,0.01359810,0.03490000,0.87707286,0.21994891,0.77068675
213.27399993,0.00702524,0.01664950,0.03100000,0.81882683,0.21992476,0.75885975
213.37400007,0.00644402,0.01639984,0.03300000,0.79653191,0.22575274,0.76451987
213.47399998,0.01017227,0.01741651,0.03700000,0.81153380,0.21534845,0.73839567
213.57399988,0.00322276,0.01652918,0.03400000,0.82394576,0.20817797,0.73425237
213.67400002,0.00046684,0.01973099,0.02690000,0.81816779,0.21785503,0.66717823
213.77399993,0.00090177,0.02466651,0.02290000,0.81448497,0.22326718,0.68912336
213.87400007,0.00694599,0.02669070,0.02490000,0.79174462,0.22872128,0.65414759
213.97499990,0.00743040,0.02683448,0.02490000,0.78814124,0.22549013,0.67499661
214.07500005,0.00461520,0.04998830,0.02210000,0.79513466,0.25926211,0.68201463
214.17499995,0.00612810,0.02662717,0.02200000,0.79654812,0.22070816,0.70631454
214.27500010,0.00339683,0.05190059,0.02310000,0.80897187,0.25247043,0.73117591
214.37500000,0.00569324,0.05059730,0.02210000,0.80005666,0.25166910,0.71373315
214.47499990,0.00617438,0.02853501,0.01990000,0.80816369,0.22420538,0.70344347
214.57500005,0.00328410,0.05120659,0.01910000,0.81421880,0.25640739,0.68164191
214.67499995,0.00547534,0.02987492,0.01990000,0.83646476,0.21832284,0.66692292
214.77500010,0.00306425,0.05122490,0.01410000,0.82719956,0.24887666,0.68695032
214.87500000,0.00255223,0.05227223,0.01310000,0.82108429,0.24414445,0.69399039
214.97499990,0.00913878,0.03530230,0.01690000,0.82951929,0.21546563,0.71101593
215.07500005,0.00685925,0.05110235,0.01620000,0.83240890,0.23455036,0.71634390
215.17499995,0.00783520,0.03168075,0.01590000,0.80558144,0.20225430,0.70316243
215.27600002,0.00677378,0.05351790,0.01510000,0.82021677,0.23007687,0.68182568
215.37599993,0.00425033,0.05323143,0.01510000,0.82668956,0.22800736,0.70665717
215.47600007,0.00360085,0.05489302,0.01610000,0.83095155,0.23226278,0.72055922
215.57599998,0.00500060,0.05015620,0.01220000,0.81476003,0.21908179,0.71720490
215.67599988,0.01002829,0.05002413,0.01720000,0.85406841,0.21991210,0.71472055
215.77600002,0.01185488,0.05257672,0.02320000,0.84774813,0.22171926,0.72007879
215.87599993,0.00982951,0.05455668,0.02320000,0.86085549,0.22655385,0.72464650
215.97600007,0.00996237,0.05133226,0.02220000,0.84276572,0.23236198,0.71815115
216.07599998,0.00965042,0.05226174,0.02210000,0.82152438,0.23537258,0.73422225
216.17599988,0.00909539,0.05050321,0.02320000,0.80253594,0.22936319,0.74665997
216.27600002,0.00930898,0.04496513,0.02720000,0.79495394,0.22054352,0.82781310
216.37599993,0.01179821,0.04133863,0.02620000,0.80897503,0.20515987,0.83084469
216.47700000,0.01146648,0.04116953,0.02520000,0.82539603,0.20350387,0.83063798
216.57699990,0.00848410,0.04393586,0.02410000,0.81860873,0.21442339,0.83597376
216.67700005,0.00681560,0.04438004,0.02210000,0.74739128,0.22366208,0.78269768
216.77699995,0.00631452,0.04321859,0.02110000,0.77413402,0.20951166,0.79290711
216.87700009,0.00792225,0.03856433,0.02310000,0.79180478,0.20049384,0.82943776
216.97700000,0.00833633,0.03762653,0.02710000,0.85220403,0.20453149,0.85079660
217.07699990,0.00709343,0.03843609,0.02610000,0.80564669,0.20475587,0.84508732
217.17700005,0.01018271,0.03727348,0.02610000,0.81541097,0.21026731,0.82725677
217.27699995,0.01039910,0.03535292,0.02810000,0.79503194,0.20006921,0.79588062
217.37700009,0.00699082,0.03453894,0.02410000,0.76912109,0.20105345,0.77055675
217.47700000,0.00604174,0.03431949,0.02410000,0.81048535,0.20484123,0.77667279
217.57699990,0.00483050,0.03211334,0.01910000,0.80275196,0.20231119,0.74668540
217.67799997,0.00309578,0.03456293,0.01910000,0.78409096,0.20367681,0.74870397
217.77799988,0.00623157,0.03391029,0.01410000,0.76744053,0.20368264,0.73117721
217.87800002,0.00546775,0.03457461,0.01510000,0.77606607,0.20898509,0.69725579
217.97799993,0.00506088,0.03330327,0.01010000,0.75423900,0.19873769,0.66816622
218.07800007,0.00287864,0.02876254,0.00410000,0.73690023,0.20273285,0.65527728
218.17799997,0.00740600,0.02900709,0.00700000,0.74893012,0.20429444,0.67619389
218.27799988,0.00960528,0.03164552,0.01110000,0.79967266,0.21142277,0.67304202
218.37800002,0.01009772,0.03291270,0.01510000,0.77333484,0.22198025,0.70075828
218.47799993,0.00971111,0.03053562,0.01310000,0.77118657,0.21950674,0.68995684
218.57800007,0.00894721,0.02467868,0.01210000,0.77383263,0.21101350,0.68321679
218.67799997,0.01046433,0.02355733,0.01210000,0.77147205,0.20782481,0.71040847
218.77799988,0.01161154,0.02798164,0.00900000,0.79278189,0.21124492,0.72401760
218.87899995,0.01121999,0.02931436,0.01310000,0.76749794,0.23457825,0.73569671
218.97900009,0.01105643,0.02962441,0.01210000,0.75464211,0.22975257,0.75534580
219.07900000,0.00118261,0.02498482,0.02210000,0.70722214,0.21175249,0.81099695
219.17899990,0.00038095,0.02474884,0.02010000,0.69026096,0.21054401,0.79496297
219.27900004,0.00550001,0.02824801,0.01410000,0.71996859,0.22957109,0.74305940
219.37899995,0.00737215,0.02638752,0.01300000,0.77065978,0.23159586,0.71357145
219.47900009,0.00630018,0.02657287,0.01210000,0.71820683,0.23174514,0.69907663
219.57900000,0.00022334,0.01667543,0.01000000,0.72836230,0.21188375,0.69929908
219.67899990,0.00111034,0.01554629,0.01100000,0.71468110,0.21107931,0.69859483
219.77900004,0.00003631,0.01725684,0.01110000,0.72725143,0.21058459,0.72481379
219.87899995,0.00146455,0.01633478,0.01310000,0.71484059,0.21942216,0.70529430
219.97900009,0.00000886,0.01314610,0.00910000,0.69300515,0.22373270,0.67642276
220.07999992,0.00255822,0.01145188,0.00910000,0.70545011,0.21866689,0.65659229
220.18000007,0.00051182,0.00738296,0.00900000,0.68916642,0.21561925,0.63508595
220.27999997,0.00281135,0.00488532,0.01200000,0.71657383,0.20725210,0.64797951
220.37999988,0.00446719,0.00555466,0.00900000,0.72942988,0.21244326,0.65891246
220.48000002,0.00975191,0.00643275,0.00810000,0.78039447,0.21107342,0.67100586
220.57999992,0.00975568,0.00402823,0.00900000,0.73539860,0.20723520,0.69150463
220.68000007,0.00859677,0.00212029,0.00200000,0.71647213,0.19809848,0.68487659
220.77999997,0.00631399,0.00371128,0.00600000,0.67680243,0.20428633,0.71415625
220.87999988,0.00878301,0.00452314,0.01000000,0.71373454,0.21241848,0.73798836
220.98000002,0.00656451,0.00439968,0.01500000,0.65284439,0.20613735,0.78955411
221.07999992,0.00950366,0.00096464,0.00900000,0.72136108,0.20980877,0.72630228
221.18000007,0.01073681,0.00123328,0.00000000,0.74894760,0.20477619,0.69958741
221.28099990,0.01069923,0.00172522,0.00200000,0.73683773,0.21405727,0.69593490
221.38100004,0.00735654,0.00216593,0.00300000,0.75376743,0.20904255,0.67852145
221.48099995,0.00709663,0.00294751,0.00500000,0.71217609,0.20205770,0.65512138
221.58100009,0.00667147,0.00592128,0.00600000,0.68335802,0.21351872,0.64564695
221.68099999,0.00021022,0.00793762,0.00800000,0.66337919,0.21434830,0.66275563
221.78099990,0.00060245,0.00677400,0.01300000,0.65031861,0.21928528,0.65640537
221.88100004,0.00251755,0.00422634,0.00900000,0.66622760,0.22043692,0.64195397
221.98099995,0.00053612,0.00597684,0.01100000,0.69328754,0.21760308,0.62232680
222.08100009,0.00160801,0.01111280,0.01200000,0.67885925,0.22208421,0.60950158
222.18099999,0.00083499,0.01209102,0.01100000,0.65349630,0.22156667,0.60926063
222.28099990,0.00282977,0.01092897,0.01200000,0.62337648,0.21293101,0.61198358
222.38100004,0.00137873,0.00741614,0.00910000,0.60981937,0.21407889,0.64960330
222.48099995,0.00181373,0.01150089,0.00910000,0.63516838,0.21818778,0.65594010
222.58200002,0.00098395,0.01256192,0.00100000,0.61351709,0.21936543,0.67020887
222.68199992,0.00004403,0.01202656,0.00800000,0.60616284,0.22081397,0.68419035
222.78200006,0.00114994,0.01064555,0.00400000,0.63200399,0.21352915,0.69060153
222.88199997,0.00126085,0.01364516,0.00400000,0.62621309,0.23422917,0.65294582
222.98199987,0.00234140,0.01520124,0.00400000,0.63958789,0.23778736,0.67468855
223.08200002,0.00488588,0.01960582,0.01500000,0.62846717,0.24267684,0.69840222
223.18199992,0.00534654,0.02037436,0.02290000,0.60451013,0.24144881,0.77797164
223.28200006,0.00624026,0.01740400,0.02590000,0.59327009,0.24373649,0.80924950
223.38199997,0.00771479,0.01710240,0.02290000,0.58977014,0.24315827,0.82424780
223.48199987,0.01165474,0.01633484,0.02090000,0.63231732,0.24385223,0.80293755
223.58200002,0.01463212,0.02356165,0.02200000,0.62778125,0.24275130,0.80910415
223.68199992,0.01450114,0.02218844,0.02490000,0.66144995,0.24334598,0.80551078
223.78299999,0.01491887,0.02137680,0.02190000,0.65114783,0.25116980,0.79658325
223.88299990,0.01168305,0.02150433,0.02190000,0.66430987,0.24400308,0.77815350
223.98300004,0.01567986,0.02368421,0.02100000,0.70159660,0.23888755,0.78847400
224.08299994,0.00773413,0.00886077,0.03400000,0.64560668,0.22135300,0.79400868
224.18300009,0.01091587,0.00709816,0.03490000,0.68874458,0.22083958,0.83662317
224.28299999,0.00682968,0.01535726,0.03790000,0.60759199,0.22562557,0.84737717
224.38299990,0.00555808,0.02464970,0.03490000,0.62353146,0.24418452,0.82849541
224.48300004,0.00903551,0.02149348,0.02290000,0.65736989,0.22831512,0.84802729
224.58299994,0.01115020,0.01472966,0.01800000,0.62999454,0.22623228,0.83981654
224.68300009,0.00164277,0.01274172,0.01600000,0.57495981,0.21652164,0.81453565
224.78299999,0.00035936,0.01572771,0.00990000,0.57602965,0.22311501,0.79076006
224.88299990,0.00746650,0.01952387,0.01690000,0.60089342,0.23112371,0.81829962
224.98399997,0.00628885,0.01547354,0.01690000,0.56715638,0.22237038,0.83253622
225.08399987,0.00315950,0.00942112,0.01100000,0.55366981,0.21409448,0.79607648
225.18400002,0.01144785,0.00169905,0.00300000,0.60686168,0.20487154,0.78514801
225.28399992,0.00514019,0.00777808,0.01110000,0.60065315,0.21263238,0.78938774
225.38400006,0.00395373,0.01103032,0.01100000,0.61718991,0.21806724,0.80053987
225.48399997,0.00491423,0.00994637,0.01700000,0.62605355,0.21535166,0.83089107
225.58399987,0.01117348,0.00499332,0.02100000,0.61293085,0.20868063,0.84032181
225.68400002,0.01696263,0.00609667,0.01300000,0.63089941,0.20421147,0.78734513
225.78399992,0.01901381,0.00919539,0.01000000,0.64112488,0.20196732,0.76729206
225.88400006,0.01782490,0.00982462,0.01300000,0.65966379,0.20341752,0.75798581
225.98399997,0.01437858,0.00802162,0.00900000,0.67918849,0.20389407,0.77599734
226.08399987,0.01281338,0.00676662,0.00600000,0.66467545,0.20574047,0.76610063
226.18499994,0.01182758,0.00692520,0.00600000,0.63755654,0.20076206,0.78121421
226.28500009,0.00816380,0.05853719,0.00690000,0.65315203,0.26521374,0.77527085
226.38499999,0.00684489,0.05665940,0.00480000,0.66922832,0.25397929,0.76656926
226.48499990,0.00923115,0.01354717,0.00300000,0.65659133,0.20298538,0.75000608
226.58500004,0.00962588,0.05466070,0.00690000,0.64798697,0.25512478,0.76308368
226.68499994,0.01255402,0.01294475,0.01200000,0.63610030,0.21452033,0.77097153
226.78500009,0.00825538,0.05577722,0.01380000,0.64467232,0.26039193,0.82858965
226.88499999,0.00742962,0.05948395,0.01280000,0.65954627,0.26364639,0.79093025
226.98499990,0.00858534,0.00821535,0.00910000,0.64708356,0.21185701,0.78731728
227.08500004,0.00658065,0.05639065,0.00880000,0.62977305,0.26859633,0.74639254
227.18499994,0.00708937,0.01200629,0.01000000,0.63277399,0.21048583,0.75511757
227.28500009,0.00572657,0.05319715,0.01280000,0.63870536,0.26126262,0.79199768
227.38599992,0.00923672,0.05629399,0.00480000,0.66122704,0.26009694,0.75069348
227.48600006,0.00987035,0.05798807,0.00080000,0.62422514,0.25712224,0.74970784
227.58599997,0.01029640,0.05998353,0.00380000,0.62512600,0.25320747,0.73563153
227.68599987,0.00982496,0.05597821,0.00190000,0.64137254,0.24745887,0.76531798
227.78600001,0.01315582,0.05126026,0.00080000,0.65533208,0.25325859,0.74279443
227.88599992,0.01288568,0.05125368,0.00210000,0.65520050,0.25526918,0.75819482
227.98600006,0.01290241,0.05084907,0.00420000,0.66197729,0.24653455,0.77237881
228.08599997,0.01454393,0.05363445,0.00510000,0.73703932,0.25166944,0.76789814
228.18599987,0.01549391,0.05311515,0.00310000,0.72381306,0.25531997,0.74888916
228.28600001,0.01781791,0.05149109,0.00610000,0.74588262,0.25443059,0.76128590
228.38599992,0.01583274,0.04879328,0.01010000,0.70547564,0.24880295,0.82146848
228.48600006,0.01326724,0.04689766,0.00720000,0.66882124,0.24682201,0.77062756
228.58599997,0.01249759,0.04629450,0.00610000,0.65907827,0.23414767,0.76038060
228.68700004,0.01176258,0.04658564,0.00610000,0.65797884,0.23581287,0.73942854
228.78699994,0.00940538,0.04479686,0.00710000,0.70019495,0.23961197,0.75596517
228.88700008,0.00915937,0.04418773,0.00310000,0.68127318,0.24436991,0.75979124
228.98699999,0.00951180,0.04236727,0.00610000,0.68873912,0.25411240,0.76655773
229.08699989,0.01356665,0.04148790,0.01010000,0.68605408,0.25267665,0.80677703
229.18700004,0.01492391,0.04453231,0.00510000,0.68534309,0.25068972,0.76804266
229.28699994,0.01608623,0.04374989,0.00510000,0.73293761,0.25544485,0.75261441
229.38700008,0.01656836,0.03987267,0.00190000,0.74583333,0.24830948,0.75478275
229.48699999,0.01668854,0.03799990,0.00290000,0.73195105,0.25011021,0.74421965
229.58699989,0.01600416,0.03365333,0.00410000,0.70034438,0.23126385,0.76180519
229.68700004,0.01666609,0.02906168,0.00410000,0.77389228,0.22836924,0.77797772
229.78699994,0.01245490,0.02607922,0.00910000,0.73472901,0.23393760,0.79666658
229.88800001,0.00938184,0.02648020,0.01410000,0.72575264,0.23439517,0.78931784
229.98799992,0.01039901,0.02679833,0.00900000,0.70029320,0.23615583,0.77289077
230.08800006,0.01544204,0.02578960,0.00710000,0.72830873,0.23221134,0.72293462
230.18799996,0.01603206,0.02782127,0.00210000,0.71068354,0.22572622,0.71772839
230.28799987,0.01432224,0.03020138,0.01000000,0.74604528,0.22885730,0.76436901
230.38800001,0.00975596,0.03156060,0.01410000,0.71664407,0.24656613,0.76563557
230.48799992,0.01171790,0.02991807,0.01810000,0.71003458,0.23937163,0.75390813
230.58800006,0.01362789,0.02627357,0.01910000,0.73480016,0.23809490,0.74654133
230.68799996,0.01387740,0.02182814,0.01310000,0.73963969,0.24721279,0.73835425
230.78799987,0.01489227,0.02056016,0.00810000,0.76703023,0.25059208,0.66649776
230.88800001,0.01533756,0.01993914,0.00710000,0.76260559,0.24259906,0.68546688
230.98799992,0.01551634,0.02144325,0.00190000,0.76644657,0.23393076,0.68631793
231.08899999,0.01903339,0.01893621,0.00410000,0.81467840,0.23125585,0.67642186
231.18899989,0.01820211,0.01912389,0.00100000,0.79213985,0.23089808,0.66633744
231.28900003,0.01855329,0.01552724,0.00190000,0.79548281,0.22810595,0.68603061
231.38899994,0.01876599,0.01295522,0.00800000,0.79964538,0.22989828,0.67533573
231.48900008,0.01915191,0.00956684,0.00900000,0.82653398,0.22583820,0.66055331
231.58899999,0.01712405,0.00772120,0.01300000,0.84010553,0.22281743,0.65201391
231.68899989,0.01787721,0.00734134,0.00800000,0.84826304,0.23375601,0.68026467
231.78900003,0.01404661,0.00517424,0.00300000,0.81938865,0.23396475,0.69533222
231.88899994,0.01275916,0.00117639,0.01100000,0.81387140,0.22693053,0.70092377
231.98900008,0.01234343,0.00175777,0.00900000,0.82370152,0.22666269,0.69680924
232.08899999,0.01786254,0.00448772,0.00400000,0.83119462,0.21680385,0.70153861
232.18899989,0.01932666,0.00293261,0.00500000,0.81327261,0.20942810,0.71438321
232.28999996,0.01680996,0.00436295,0.01100000,0.83027250,0.20871072,0.68183391
232.38999987,0.01696374,0.00264415,0.00300000,0.82818488,0.20428999,0.67830636
232.49000001,0.01408578,0.00209781,0.00600000,0.82556614,0.20568603,0.64703054
232.58999991,0.01349503,0.00332027,0.00000000,0.81255126,0.20782869,0.65452573
232.69000006,0.01629308,0.00084588,0.01100000,0.88276147,0.20919697,0.66746424
232.78999996,0.01678565,0.00098586,0.00910000,0.85544899,0.21439457,0.65085911
232.88999987,0.01920648,0.00003084,0.00900000,0.83823019,0.19676432,0.67223286
232.99000001,0.02314898,0.00115954,0.01200000,0.83744455,0.20180434,0.65934856
233.08999991,0.01869558,0.00206769,0.01200000,0.85536305,0.19700406,0.64653370
233.19000006,0.01085702,0.00100749,0.01500000,0.78539026,0.19438162,0.65514190
233.28999996,0.00880323,0.00375542,0.01700000,0.79901496,0.20877747,0.72013456
233.38999987,0.00820795,0.00705122,0.01900000,0.77112726,0.20638794,0.73043131
233.49000001,0.00806449,0.00923602,0.02100000,0.79067220,0.20243237,0.73132413
233.59100008,0.00225582,0.00887701,0.03100000,0.81400450,0.20131599,0.74322750
233.69099998,0.00141974,0.00901079,0.02890000,0.82769334,0.20580351,0.73437961
233.79099989,0.00319732,0.00913384,0.02600000,0.81419688,0.19378367,0.72951671
233.89100003,0.00545599,0.01119429,0.02900000,0.81157958,0.19613341,0.71950475
233.99099994,0.00350971,0.00885731,0.03300000,0.82832327,0.19266439,0.70568959
234.09100008,0.00342208,0.00865155,0.02900000,0.84390879,0.19967467,0.71317076
234.19099998,0.00289981,0.00601008,0.02200000,0.82335408,0.20843927,0.72930300
234.29099989,0.00382809,0.00566972,0.01800000,0.82601479,0.20529270,0.73435535
234.39100003,0.00264281,0.00548685,0.01100000,0.84936291,0.19609771,0.68332200
234.49099994,0.00042497,0.00583947,0.00700000,0.82714770,0.18956595,0.67822726
234.59100008,0.00247134,0.00696724,0.01100000,0.81203990,0.18764160,0.69451157
234.69099998,0.00691609,0.00993316,0.01700000,0.82522725,0.19459940,0.77576736
234.79200006,0.00853733,0.01171298,0.01800000,0.81840392,0.19274140,0.74251253
234.89199996,0.00801142,0.01275920,0.01390000,0.77503354,0.19396672,0.71658862
234.99199986,0.00731176,0.01320523,0.01100000,0.78479863,0.19814499,0.68793159
235.09200001,0.00723182,0.01147827,0.01800000,0.78755489,0.19039295,0.73025865
235.19199991,0.00450696,0.01243130,0.02300000,0.80839813,0.19843942,0.72635711
235.29200006,0.00187716,0.01810432,0.01400000,0.78912114,0.20359321,0.67008164
235.39199996,0.00451439,0.02051512,0.01590000,0.76123340,0.20605153,0.69313551
235.49199986,0.00654981,0.02299217,0.01300000,0.75829822,0.20798630,0.68917531
235.59200001,0.00999392,0.02311323,0.00690000,0.79385885,0.20515765,0.71798949
235.69199991,0.00425882,0.02237661,0.00890000,0.71798673,0.20037207,0.73812531
235.79200006,0.00668743,0.02005189,0.00790000,0.68911453,0.19244193,0.75211752
235.89199996,0.00577508,0.01860560,0.01000000,0.70242941,0.18739760,0.75540811
235.99300003,0.00385507,0.01733028,0.01890000,0.72735046,0.19949223,0.79457506
236.09299994,0.00425110,0.02203516,0.01990000,0.73618431,0.20378518,0.79151560
236.19300008,0.00032381,0.02610106,0.01790000,0.72417914,0.21176366,0.80714545
236.29299998,0.00171982,0.02625342,0.01490000,0.72823425,0.21110927,0.75589938
236.39299989,0.00282192,0.02767755,0.00990000,0.71467277,0.20583151,0.76760686
236.49300003,0.00014174,0.03311193,0.00590000,0.69514700,0.21195767,0.76487291
236.59299994,0.00132048,0.03663641,0.00490000,0.68151815,0.23385238,0.73574697
236.69300008,0.00416434,0.03778834,0.00690000,0.66412929,0.22749033,0.76175083
236.79299998,0.00827701,0.03485385,0.00990000,0.69931441,0.20180939,0.75564087
236.89299989,0.01262589,0.03570822,0.00390000,0.67861070,0.20398382,0.77652816
236.99300003,0.01155064,0.03896707,0.00690000,0.66073706,0.20172799,0.77395746
237.09299994,0.00922976,0.03951280,0.01490000,0.64991593,0.20523485,0.82767266
237.19300008,0.00554642,0.03575664,0.01890000,0.58365355,0.19942854,0.82914187
237.29399991,0.00665329,0.03295078,0.01590000,0.58299421,0.19184303,0.78597212
237.39400005,0.00854925,0.03194073,0.01390000,0.65202088,0.19401082,0.78034143
237.49399996,0.01593691,0.03592805,0.01090000,0.62291350,0.21120548,0.72340774
237.59399986,0.01414496,0.03608241,0.01390000,0.62955051,0.21478675,0.73260361
237.69400001,0.01217259,0.03544119,0.01390000,0.64554368,0.21406631,0.74623833
237.79399991,0.00690991,0.03564131,0.01190000,0.57871172,0.21406275,0.73764214
237.89400005,0.01178169,0.03725107,0.00890000,0.66946862,0.22369424,0.74154093
237.99399996,0.01114555,0.03721272,0.00690000,0.68813039,0.21932566,0.72325730
238.09399986,0.00739426,0.03554399,0.00990000,0.60789673,0.22001316,0.76793675
238.19400001,0.00181564,0.03696408,0.01490000,0.59778307,0.23114275,0.80283649
238.29399991,0.00364661,0.03824032,0.01690000,0.57687735,0.23502523,0.80389489
238.39400005,0.00726463,0.03750673,0.01790000,0.62304217,0.23718255,0.82974086
238.49499989,0.00459484,0.04094310,0.01090000,0.64291674,0.24259955,0.77220572
238.59500003,0.00120035,0.07315442,0.00720000,0.65148553,0.28338794,0.79182691
238.69499993,0.00102760,0.05102141,0.00010000,0.67953334,0.25408846,0.74172606
238.79500008,0.00838566,0.06653007,0.00120000,0.67514153,0.29095073,0.70321050
238.89499998,0.00935933,0.05050359,0.00790000,0.74200475,0.26891863,0.68357408
238.99499989,0.00549979,0.05294905,0.00990000,0.68623735,0.26125165,0.68030700
239.09500003,0.00114030,0.06839064,0.00820000,0.66979243,0.28025379,0.65715144
239.19499993,0.00695651,0.05294844,0.00990000,0.66042821,0.25458426,0.66974966
239.29500008,0.00719136,0.07074273,0.00920000,0.66635811,0.28015206,0.65872933
239.39499998,0.00494918,0.05257524,0.00790000,0.66261708,0.25280185,0.67558220
239.49499989,0.00683603,0.05694136,0.00590000,0.67560301,0.25527452,0.66511026
239.59500003,0.00572525,0.06645571,0.01010000,0.70548113,0.27708317,0.68519363
239.69499993,0.02032241,0.05777577,0.01290000,0.76234450,0.25095261,0.70865307
239.79600000,0.02089908,0.06968212,0.01420000,0.77600000,0.27647093,0.69667238
239.89599991,0.01285155,0.07121887,0.01120000,0.76120432,0.28508438,0.73096169
239.99600005,0.01237128,0.07206269,0.00720000,0.80926530,0.29017876,0.70015015
240.09599996,0.01169910,0.07171702,0.00820000,0.82117440,0.29069689,0.72425557
240.19600010,0.01089372,0.06827171,0.01020000,0.82399973,0.28609694,0.73494068
240.29600000,0.01124726,0.06433863,0.01120000,0.81258307,0.28510732,0.74434601
240.39599991,0.01033256,0.05959940,0.01320000,0.83417904,0.26763706,0.77238283
240.49600005,0.00734995,0.06092683,0.01120000,0.76328146,0.28265787,0.76565047
240.59599996,0.00462117,0.06463501,0.02220000,0.77194665,0.27972038,0.78151348
240.69600010,0.01036444,0.07084983,0.04420000,0.83494603,0.29403870,0.84142803
240.79600000,0.00673238,0.07050479,0.04620000,0.78186009,0.30020076,0.82393110
240.89700007,0.00603355,0.06303750,0.03720000,0.75763625,0.29439622,0.82445860
240.99699998,0.00565662,0.05695132,0.03610000,0.72092227,0.26792847,0.83083984
241.09699988,0.00760948,0.05813395,0.03720000,0.77382978,0.27139647,0.83720014
241.19700003,0.00561055,0.05826467,0.03420000,0.72751962,0.26545323,0.78585118
241.29699993,0.00757642,0.05474576,0.03610000,0.77553149,0.25915226,0.76664214
241.39700007,0.00467114,0.05161696,0.03810000,0.74698211,0.24709661,0.75271331
241.49699998,0.00509917,0.04879302,0.03920000,0.72902711,0.23707975,0.78423623
241.59699988,0.00111198,0.05102954,0.03720000,0.72597741,0.23713056,0.77774519
241.69700003,0.00285514,0.04850596,0.04710000,0.71435267,0.23213218,0.77970826
241.79699993,0.00413385,0.04725327,0.04820000,0.68743973,0.22799973,0.79201342
241.89700007,0.00439886,0.04374769,0.04010000,0.72743769,0.22162368,0.81152030
241.99699998,0.00632938,0.04692610,0.03910000,0.71194402,0.22110533,0.81672081
242.09699988,0.00658058,0.05022346,0.04320000,0.70941288,0.23085428,0.83378384
242.19799995,0.00614336,0.04789185,0.04710000,0.72358270,0.23664815,0.87376755
242.29800010,0.00333171,0.04456759,0.04610000,0.73035761,0.23387970,0.89790874
242.39800000,0.00311159,0.04345398,0.04620000,0.74395859,0.23341563,0.91208697
242.49799991,0.00377644,0.04527691,0.04610000,0.75882224,0.23152113,0.87679985
242.59800005,0.00433373,0.04179221,0.04510000,0.75087933,0.22743593,0.85872151
242.69799995,0.00122680,0.03357075,0.04610000,0.74360125,0.22645496,0.85183686
242.79800010,0.00059528,0.03404784,0.04210000,0.75869204,0.23200127,0.85954186
242.89800000,0.00131470,0.03837970,0.03510000,0.74649682,0.24586706,0.79094093
242.99799991,0.00134310,0.03688192,0.03610000,0.76147593,0.24948665,0.77096455
243.09800005,0.00413405,0.03265868,0.03510000,0.75541410,0.24146272,0.79601117
243.19799995,0.00806383,0.02718151,0.02510000,0.82490001,0.23130765,0.78517438
243.29800010,0.00789311,0.02637193,0.02000000,0.83025752,0.23107990,0.80993605
243.39899993,0.00647156,0.02811919,0.02010000,0.86869699,0.23246709,0.78823748
243.49900007,0.00653676,0.02699205,0.01900000,0.84289615,0.23266463,0.77358135
243.59899998,0.00267937,0.02739126,0.01810000,0.79740041,0.22846873,0.76452602
243.69899988,0.00015528,0.02495748,0.01710000,0.77046481,0.22839872,0.75383003
243.79900002,0.00138332,0.02075395,0.02100000,0.73437136,0.21530308,0.76821315
243.89899993,0.00391553,0.02117519,0.02810000,0.74039712,0.21270778,0.77893347
243.99900007,0.00274853,0.02305831,0.03110000,0.74627518,0.21657537,0.73347281
244.09899998,0.00245585,0.02307745,0.02910000,0.73971376,0.21778194,0.71341738
244.19899988,0.00130090,0.02126612,0.03410000,0.72605220,0.21340649,0.70394790
244.29900002,0.00065028,0.02304945,0.03300000,0.74473566,0.21416262,0.71594309
244.39899993,0.00173918,0.02394212,0.03610000,0.74806330,0.21398407,0.71992216
244.49900007,0.00393979,0.02393069,0.03510000,0.76787602,0.21567092,0.72541221
244.59999990,0.00768953,0.02535510,0.03600000,0.83668837,0.22452315,0.74505188
244.70000005,0.00498558,0.02652535,0.03810000,0.77452462,0.22730912,0.76214133
244.79999995,0.00988358,0.02538533,0.03810000,0.79632715,0.23240664,0.76691903
244.90000010,0.01045028,0.02248225,0.04210000,0.79045921,0.23156549,0.76182617
245.00000000,0.00133720,0.02490927,0.04310000,0.72396840,0.23246404,0.74732006
245.09999990,0.00453880,0.02318381,0.04510000,0.73808760,0.23079112,0.77031112
245.20000005,0.00169378,0.02205700,0.04310000,0.71596463,0.23326015,0.71567488
245.29999995,0.00752886,0.01963380,0.04210000,0.72183362,0.22925973,0.70735763
245.40000010,0.00901658,0.01339221,0.04500000,0.70834385,0.22575862,0.74636804
245.50000000,0.00464090,0.01443302,0.04500000,0.64505527,0.22990673,0.76130326
245.59999990,0.00536204,0.01352843,0.04610000,0.63817307,0.22933311,0.78876534
245.70000005,0.00688705,0.01342455,0.05100000,0.64972935,0.23590687,0.80299369
245.79999995,0.00711974,0.01267751,0.05510000,0.64670807,0.22752938,0.79772777
245.90100002,0.00561283,0.00954076,0.05000000,0.65894563,0.22528612,0.78634940
246.00099993,0.00533733,0.00664552,0.04900000,0.66629860,0.20455950,0.79759729
246.10100007,0.00469351,0.00480947,0.04900000,0.65548048,0.19402249,0.81081776
246.20099998,0.00630640,0.00326793,0.05000000,0.65973842,0.19723226,0.81521156
246.30099988,0.01032131,0.00087779,0.04900000,0.68764289,0.20589211,0.80687468
246.40100002,0.01015360,0.00037996,0.04800000,0.71436610,0.20668242,0.76943812
246.50099993,0.00957419,0.00015750,0.04600000,0.71728768,0.20194893,0.77270405
246.60100007,0.01023408,0.00400044,0.04600000,0.74669336,0.20805141,0.79197269
246.70099998,0.01038467,0.00989639,0.04100000,0.73965862,0.21599045,0.79265901
246.80099988,0.00534784,0.01179875,0.03800000,0.70145655,0.21915447,0.77107651
246.90100002,0.00146272,0.01133448,0.03800000,0.69592855,0.22016026,0.76581055
247.00099993,0.00423472,0.01640083,0.04000000,0.71128143,0.22518942,0.79538462
247.10200000,0.01291317,0.02448469,0.03790000,0.76369171,0.23251256,0.78495373
247.20199990,0.01167629,0.02583146,0.03500000,0.77074075,0.23258773,0.79628551
247.30200005,0.01131007,0.02275703,0.03200000,0.80739249,0.22900263,0.79886766
247.40199995,0.01223438,0.02514219,0.03190000,0.81871691,0.23977013,0.78368969
247.50200009,0.00979775,0.03024986,0.02890000,0.78817764,0.24119031,0.75840418
247.60200000,0.00772304,0.02973945,0.02290000,0.70391598,0.23846180,0.77418327
247.70199990,0.00752104,0.02952006,0.01990000,0.68145160,0.23308133,0.75545820
247.80200005,0.01031912,0.02825537,0.01800000,0.72930861,0.22983830,0.76048986
247.90199995,0.01210331,0.02511434,0.01990000,0.75888717,0.23137132,0.76425039
248.00200009,0.00999571,0.02357829,0.02390000,0.77338189,0.22738445,0.80475380
248.10200000,0.00416671,0.03275437,0.01890000,0.71425203,0.23180803,0.80052475
248.20199990,0.00769998,0.03430933,0.01690000,0.73464596,0.23500437,0.84446611
248.30299997,0.01015696,0.03420886,0.01590000,0.79905987,0.23832716,0.83274711
248.40299988,0.00890231,0.03248459,0.02090000,0.80224232,0.23842662,0.82695957
248.50300002,0.00643635,0.03329555,0.02090000,0.82631388,0.23467594,0.79356390
248.60299993,0.00028051,0.03228810,0.01890000,0.83057042,0.23276889,0.75283193
248.70300007,0.00670865,0.03385623,0.01390000,0.83105215,0.23881669,0.74020859
248.80299997,0.01060276,0.03380283,0.01090000,0.88202628,0.23385643,0.73910693
248.90299988,0.00707311,0.03724072,0.01990000,0.81652073,0.24078978,0.74279866
249.00300002,0.00100807,0.03534096,0.03090000,0.80472670,0.23572685,0.75866226
249.10299993,0.00734545,0.04003366,0.02380000,0.79005192,0.25054882,0.74650007
249.20300007,0.00823071,0.03967613,0.01990000,0.79814636,0.25695599,0.74295906
249.30299997,0.00995543,0.03947467,0.02190000,0.82860873,0.26024101,0.74239021
249.40299988,0.01276372,0.04080561,0.02290000,0.84439461,0.25563623,0.74172549
249.50300002,0.00869283,0.04284081,0.02490000,0.75702143,0.25527717,0.74926096
249.60400009,0.00577536,0.04508487,0.02180000,0.76618129,0.27419590,0.77897949
249.70400000,0.00620880,0.04612701,0.02290000,0.74665893,0.27042591,0.79064332
249.80399990,0.00995481,0.04748802,0.02090000,0.83020011,0.27290702,0.80507809
249.90400004,0.00488903,0.04393071,0.02990000,0.81366304,0.25316226,0.83771726
250.00399995,0.00578168,0.04295884,0.02490000,0.84520684,0.25651234,0.80772746
250.10400009,0.00990375,0.04352799,0.02290000,0.84665100,0.25406954,0.80427445
250.20400000,0.01295595,0.03767378,0.02480000,0.91713411,0.25054339,0.80715602
250.30399990,0.00833795,0.03933851,0.02580000,0.86194292,0.25391405,0.79161492
250.40400004,0.00029625,0.03901387,0.03290000,0.82915132,0.25544792,0.83791252
250.50399995,0.00332550,0.03967255,0.03190000,0.81571516,0.25506488,0.83342979
250.60400009,0.00826186,0.03914565,0.03790000,0.84250253,0.25313110,0.86574919
250.70400000,0.00776461,0.04107263,0.03890000,0.87352000,0.26106372,0.86614837
250.80500007,0.00609590,0.06605134,0.03310000,0.87024771,0.29623394,0.85306893
250.90499997,0.00522783,0.04370492,0.03580000,0.86685849,0.28041435,0.85077738
251.00499988,0.00905299,0.04479535,0.03390000,0.87124009,0.26760199,0.86143454
251.10500002,0.01134929,0.06093737,0.02910000,0.81829562,0.27943500,0.82516639
251.20499992,0.00757594,0.04396561,0.02890000,0.82009398,0.26300620,0.81525774
251.30500007,0.00819249,0.05821935,0.03320000,0.79588315,0.28376742,0.76331829
251.40499997,0.00925934,0.04322343,0.03190000,0.83150812,0.26451999,0.78401096
251.50499988,0.00930996,0.04270251,0.03090000,0.80353364,0.26023798,0.77614645
251.60500002,0.00663967,0.05083035,0.02810000,0.78058242,0.26617827,0.80226449
251.70499992,0.00646357,0.04777104,0.02190000,0.77329479,0.26084349,0.77546787
251.80500007,0.00482859,0.04866030,0.02610000,0.77195164,0.25665057,0.81816798
251.90499997,0.00463178,0.04284585,0.02590000,0.76519526,0.25865874,0.81455562
252.00600004,0.00763657,0.04354977,0.02510000,0.77581156,0.26467882,0.79994430
252.10599995,0.00932559,0.04259006,0.02810000,0.75714687,0.26284115,0.77300418
252.20600009,0.01116845,0.04136261,0.02610000,0.76474863,0.25980911,0.77608672
252.30599999,0.01141011,0.03519630,0.01710000,0.77096038,0.25157096,0.72325574
252.40599990,0.01075032,0.02996215,0.01510000,0.79152444,0.22916660,0.70532848
252.50600004,0.00882764,0.02732349,0.01510000,0.77010143,0.22605065,0.69569183
252.60599995,0.00758745,0.03065013,0.01010000,0.76923112,0.22921930,0.68584312
252.70600009,0.01643654,0.02692843,0.00510000,0.75043909,0.22782175,0.64490857
252.80599999,0.01766187,0.02158839,0.00800000,0.80591789,0.22265771,0.63198820
252.90599990,0.02338037,0.01730919,0.00500000,0.81165808,0.21775515,0.61328899
253.00600004,0.02710130,0.01660632,0.01010000,0.82534247,0.22045241,0.62022479
253.10599995,0.01448531,0.01624117,0.00600000,0.79043095,0.21386878,0.59126801
253.20600009,0.02002053,0.01193098,0.01000000,0.82099222,0.21267919,0.59968289
253.30699992,0.02774287,0.01874309,0.00890000,0.82234615,0.20873159,0.63000568
253.40700006,0.02125336,0.01468143,0.01000000,0.83714843,0.20253758,0.61643992
253.50699997,0.02723635,0.00371234,0.01000000,0.84390046,0.19360253,0.61496427
253.60699987,0.02451526,0.00445221,0.00700000,0.82105207,0.19043484,0.65133517
253.70700002,0.03406193,0.00266181,0.01010000,0.82614337,0.19063945,0.65799539
253.80699992,0.03449883,0.00603995,0.01200000,0.82157106,0.19561875,0.65979729
253.90700006,0.03519345,0.00639227,0.01410000,0.85191090,0.20319599,0.65325186
254.00699997,0.03384342,0.00954896,0.01410000,0.86565703,0.19968653,0.64177880
254.10699987,0.02329927,0.00490653,0.00610000,0.84609304,0.19923740,0.62301428
254.20700002,0.02975523,0.00911737,0.01100000,0.87892280,0.20723675,0.64550450
254.30699992,0.03906787,0.00675213,0.00190000,0.87598140,0.20827855,0.64648837
254.40700006,0.02633067,0.00239495,0.01200000,0.85850939,0.18946556,0.70397402
254.50799990,0.02105585,0.00156876,0.01600000,0.81695000,0.18707957,0.69917176
254.60800004,0.02317968,0.00028690,0.01390000,0.82049063,0.18146217,0.69896782
254.70799994,0.02055586,0.00523322,0.02000000,0.80765960,0.19157568,0.69570073
254.80800009,0.02145220,0.00348326,0.02300000,0.80509496,0.19214531,0.73921232
254.90799999,0.01070111,0.00164509,0.02500000,0.74185730,0.19135716,0.75222178
255.00799990,0.00710650,0.00074003,0.02400000,0.72565887,0.18809246,0.74795917
255.10800004,0.01096344,0.00097104,0.02200000,0.73590497,0.17960654,0.76123358
255.20799994,0.00429197,0.00329833,0.00700000,0.73646288,0.18045113,0.71213475
255.30800009,0.00343372,0.00812770,0.00610000,0.74513407,0.18480918,0.70808213
255.40799999,0.00288457,0.01107968,0.01410000,0.72966862,0.19348265,0.69906890
255.50799990,0.00412201,0.01288949,0.02210000,0.72419237,0.20405913,0.76655774
255.60800004,0.00064786,0.00804924,0.02300000,0.72316195,0.19132713,0.77963673
255.70899987,0.00298271,0.00005877,0.01900000,0.72731091,0.17818944,0.73074893
255.80900002,0.00107839,0.00300285,0.01900000,0.72243786,0.18297579,0.73096878
255.90899992,0.00369848,0.00840008,0.02100000,0.72537899,0.20219008,0.71642679
256.00900006,0.00219185,0.00760630,0.01900000,0.70683623,0.19351723,0.72172639
256.10899997,0.00068763,0.00496862,0.00600000,0.70384135,0.18557277,0.71387443
256.20899987,0.00110055,0.00382737,0.00400000,0.68717780,0.18255458,0.72140387
256.30900002,0.00497513,0.00258806,0.02500000,0.69716705,0.17810226,0.77429552
256.40899992,0.00442091,0.00332499,0.03000000,0.70919525,0.18131673,0.79812582
256.50900006,0.00702046,0.00582350,0.02700000,0.67827014,0.18218601,0.82892620
256.60899997,0.00578608,0.00486634,0.02300000,0.70081840,0.18508340,0.78743738
256.70899987,0.01115315,0.00644571,0.02500000,0.74028708,0.18580552,0.77156008
256.80900002,0.01211150,0.01217381,0.02610000,0.73563179,0.20035777,0.75355332
256.91000009,0.01316203,0.01368251,0.02410000,0.72747760,0.19417860,0.73982348
257.00999999,0.01368044,0.02114818,0.02610000,0.71078242,0.19545423,0.74767829
257.10999990,0.01631204,0.01636848,0.03710000,0.71198202,0.19739948,0.81321173
257.21000004,0.01328688,0.00914871,0.03800000,0.71117931,0.19730293,0.78778372
257.30999994,0.01300500,0.00000351,0.03600000,0.72124890,0.17207466,0.80157934
257.41000009,0.01556285,0.00137758,0.03400000,0.73232218,0.16871264,0.79941635
257.50999999,0.02014590,0.00497419,0.02500000,0.79673009,0.18013681,0.72697562
257.60999990,0.01735507,0.00855696,0.01600000,0.80667533,0.19346593,0.72254739
257.71000004,0.02090167,0.00746995,0.01800000,0.80299839,0.19102888,0.74941929
257.80999994,0.01697914,0.00546525,0.02200000,0.82852181,0.16944372,0.76330635
257.91000009,0.01922386,0.00589094,0.02300000,0.83685425,0.16699917,0.75620058
258.00999999,0.01942551,0.00820545,0.02000000,0.86675615,0.18373575,0.75358658
258.11100006,0.02226911,0.00808558,0.02000000,0.86329612,0.18371919,0.78196008
258.21099997,0.02053639,0.00580574,0.02500000,0.84021551,0.17707551,0.80493986
258.31099987,0.01777384,0.00303657,0.03200000,0.84413096,0.17888849,0.84595594
258.41100001,0.01881721,0.00126983,0.03500000,0.84730237,0.17694785,0.85315308
258.51099992,0.01650378,0.00332043,0.03000000,0.82073199,0.17524137,0.79942657
258.61100006,0.01777193,0.00396214,0.02800000,0.85432635,0.16845428,0.80093316
258.71099997,0.01986532,0.00462266,0.03000000,0.85779871,0.16406707,0.82745167
258.81099987,0.01963610,0.00498433,0.03200000,0.84643279,0.16638591,0.83000192
258.91100001,0.01635012,0.00539941,0.03200000,0.81364036,0.16100567,0.82959694
259.01099992,0.01933395,0.00453526,0.03200000,0.86329429,0.15699032,0.85130143
259.11100006,0.02244636,0.00426154,0.03200000,0.86747605,0.14615785,0.81898491
259.21099997,0.02151504,0.00374607,0.03700000,0.84212503,0.14851152,0.86208446
259.31099987,0.01753610,0.00196605,0.03600000,0.76704446,0.15204221,0.85341398
259.41199994,0.01420414,0.00403019,0.03200000,0.77981636,0.16050576,0.80156320
259.51200008,0.01518059,0.00381442,0.03400000,0.74774216,0.16332992,0.77557873
259.61199999,0.01619683,0.00564115,0.03400000,0.76813587,0.16362839,0.77711898
259.71199989,0.01371592,0.00413807,0.03300000,0.73473592,0.15261154,0.79796801
259.81200004,0.01435628,0.00379175,0.03500000,0.71947643,0.15210741,0.81292302
259.91199994,0.01548547,0.00241874,0.03600000,0.73713403,0.15760861,0.82513436
260.01200008,0.01779735,0.00129393,0.03500000,0.73063311,0.15958369,0.82169083
260.11199999,0.02004344,0.00079405,0.03500000,0.76857437,0.15355926,0.81766781
260.21199989,0.01577889,0.00235086,0.02900000,0.72850056,0.15294097,0.81185623
260.31200004,0.01477867,0.00431288,0.02700000,0.72498207,0.15394372,0.82850312
260.41199994,0.01375948,0.00341421,0.02700000,0.74905269,0.15973652,0.82145814
260.51200008,0.01581010,0.00296152,0.02600000,0.70693853,0.16239819,0.83460669
260.61299992,0.01753539,0.00288444,0.02300000,0.68108482,0.16103388,0.81502694
260.71300006,0.01605939,0.00362024,0.02300000,0.68910652,0.16812592,0.82313384
260.81299996,0.01668508,0.00553337,0.02300000,0.68985063,0.18515376,0.78720965
260.91299987,0.01863909,0.00509845,0.02300000,0.66818836,0.18375119,0.77264041
261.01300001,0.01868375,0.00345363,0.02800000,0.65760124,0.17061469,0.76389393
261.11299992,0.01635232,0.00355551,0.02900000,0.63942329,0.17225079,0.77314155
261.21300006,0.01490009,0.00254504,0.03000000,0.64793850,0.17949758,0.75801976
261.31299996,0.01447729,0.00202685,0.03200000,0.64571653,0.17445441,0.74501412
261.41299987,0.01527933,0.00287089,0.03200000,0.62309853,0.17485486,0.75508862
261.51300001,0.01679802,0.00233380,0.03200000,0.63194947,0.18180654,0.75559266
261.61299992,0.01618081,0.00185240,0.03400000,0.63860350,0.18737847,0.77824959
261.71300006,0.01547352,0.00374969,0.03300000,0.62936183,0.18179021,0.76610447
261.81399989,0.01089468,0.00435385,0.03800000,0.62991984,0.18670471,0.79239620
261.91400003,0.01212179,0.00387585,0.03800000,0.62633236,0.18868169,0.80435804
262.01399994,0.01365169,0.00292596,0.03900000,0.62817573,0.19458071,0.79381582
262.11400008,0.01237157,0.00361583,0.03800000,0.62072046,0.20329656,0.80308443
262.21399999,0.01325037,0.00342164,0.03700000,0.62131123,0.20998413,0.82160862
262.31399989,0.01272090,0.00149292,0.03700000,0.64016114,0.20386172,0.83674885
262.41400003,0.01218982,0.00140292,0.03500000,0.67427432,0.20658779,0.79329704
262.51399994,0.01295744,0.00348637,0.03600000,0.65935878,0.20607039,0.77822043
262.61400008,0.01481269,0.00307642,0.03700000,0.68023494,0.20841512,0.83097928
262.71399999,0.01563810,0.00217714,0.04100000,0.68574262,0.21083180,0.81841425
262.81399989,0.01516231,0.00095092,0.04000000,0.70120856,0.21667385,0.77125504
262.91400003,0.01460716,0.00260977,0.03700000,0.68800352,0.22415657,0.76582743
263.01499987,0.01439833,0.00490899,0.03200000,0.68633325,0.23046441,0.73057805
263.11500001,0.01550313,0.00620105,0.03300000,0.68640882,0.24150793,0.75730551
263.21499991,0.01441187,0.00265293,0.03000000,0.67902577,0.23075952,0.75368105
263.31500006,0.01485694,0.00234976,0.02600000,0.69250775,0.22598562,0.75586689
263.41499996,0.01718687,0.00408798,0.02800000,0.69399634,0.21996940,0.73956998
263.51499987,0.01718687,0.00408798,0.02600000,0.68714395,0.21841523,0.74411727
263.61500001,0.01779101,0.00682203,0.02500000,0.76042627,0.23794866,0.73913985
263.71499991,0.01684637,0.00764524,0.02300000,0.77087811,0.24007374,0.77204325
263.81500006,0.01627185,0.00736254,0.02300000,0.76526339,0.23282167,0.75474680
263.91499996,0.01638886,0.00928252,0.02000000,0.77509876,0.24140857,0.77796000
264.01499987,0.01810221,0.00962081,0.02000000,0.79290287,0.24581665,0.78374612
264.11500001,0.01746185,0.00996713,0.02600000,0.83120516,0.24447217,0.79101453
264.21600008,0.01712577,0.00983657,0.02700000,0.81298726,0.24689665,0.77480153
264.31599998,0.01438589,0.00624310,0.02600000,0.82982719,0.23208073,0.78968380
264.41599989,0.01599135,0.00609316,0.02400000,0.83734544,0.23626689,0.75580412
264.51600003,0.01780234,0.00640988,0.02400000,0.84842038,0.23459453,0.76629656
264.61599994,0.01836553,0.00710473,0.02300000,0.88316498,0.23399719,0.76648885
264.71600008,0.01822253,0.00877492,0.02300000,0.81530994,0.23218984,0.77761837
264.81599998,0.01777857,0.00815614,0.02500000,0.82328377,0.23263498,0.79290554
264.91599989,0.01812819,0.00603064,0.02200000,0.80327540,0.22939627,0.77650012
265.01600003,0.01608900,0.00607159,0.02700000,0.80718849,0.23511526,0.78627910
265.11599994,0.01456763,0.00845601,0.03300000,0.78944296,0.23414235,0.77534128
265.21600008,0.01612884,0.00903274,0.03300000,0.77822017,0.23310297,0.72285601
265.31599998,0.01422131,0.00781565,0.03000000,0.76429518,0.23590229,0.72445001
265.41700006,0.01579386,0.00798022,0.03000000,0.73666448,0.24022079,0.72976458
265.51699996,0.01612081,0.00667903,0.02600000,0.72500743,0.23583652,0.71781069
265.61699986,0.01495931,0.00744775,0.02700000,0.73155854,0.23553182,0.69022038
265.71700001,0.01541682,0.00581047,0.03400000,0.71191949,0.23557462,0.72644175
265.81699991,0.01528737,0.00522460,0.04100000,0.70419638,0.22848418,0.77991642
265.91700006,0.01509428,0.00342385,0.04100000,0.65740583,0.22863874,0.77533108
266.01699996,0.01477757,0.00523484,0.03900000,0.68300392,0.23165644,0.76726949
266.11699986,0.01332534,0.00422438,0.03800000,0.67860068,0.22556147,0.76044998
266.21700001,0.01453219,0.00180704,0.03600000,0.67160242,0.22229668,0.70173412
266.31699991,0.01315493,0.00159931,0.03600000,0.70035318,0.22313424,0.70169590
266.41700006,0.01444699,0.00049451,0.03700000,0.69991739,0.22808042,0.75605275
266.51699996,0.01452306,0.00037529,0.03700000,0.72388312,0.22911353,0.75529868
266.61800003,0.01328108,0.00495104,0.03000000,0.70820821,0.23453292,0.69429381
266.71799994,0.01513743,0.00361913,0.03300000,0.66668384,0.23286411,0.67502698
266.81800008,0.01646241,0.00219982,0.03100000,0.66476108,0.23419829,0.61315120
266.91799998,0.01823135,0.00139929,0.03000000,0.71334507,0.23780018,0.63726015
267.01799989,0.01354551,0.00151301,0.03200000,0.65041389,0.23027028,0.64515336
267.11800003,0.01507601,0.00056034,0.03200000,0.62546957,0.22758798,0.62730601
267.21799994,0.01494324,0.00274033,0.03400000,0.61514170,0.22926433,0.63989750
267.31800008,0.01342408,0.00328085,0.03300000,0.63130690,0.22433644,0.66477526
267.41799998,0.01429595,0.00018900,0.02900000,0.61753192,0.22258767,0.66034148
267.51799989,0.01467409,0.00105880,0.02600000,0.62698830,0.22049720,0.68118258
267.61800003,0.01495458,0.00232818,0.02700000,0.64585689,0.22690211,0.68730767
267.71799994,0.01691881,0.00148450,0.02800000,0.63091685,0.22220327,0.70248929
267.81900001,0.01474796,0.00278349,0.03200000,0.64003506,0.22241546,0.69841837
267.91899991,0.01315493,0.00159931,0.04000000,0.65041589,0.22892768,0.72167519
268.01900005,0.01497726,0.00150387,0.03800000,0.67027271,0.22870032,0.72916284
268.11899996,0.01570613,0.00029578,0.03800000,0.67228345,0.22327813,0.70314325
268.21899986,0.01446746,0.00151411,0.03600000,0.66475249,0.22726810,0.69332870
268.31900001,0.01417343,0.00250079,0.03300000,0.65236430,0.21934713,0.72287158
268.41899991,0.01203879,0.00071941,0.02800000,0.67159436,0.20746337,0.71008323
268.51900005,0.01345007,0.00030933,0.02800000,0.68632024,0.21114963,0.68782523
268.61899996,0.01209911,0.00470016,0.03000000,0.68767595,0.21602331,0.66386209
268.71899986,0.01391121,0.00409492,0.02900000,0.68217913,0.21265608,0.67386061
268.81900001,0.01371702,0.00321612,0.02700000,0.68659559,0.20518628,0.62756997
268.91899991,0.01451975,0.00314115,0.03100000,0.70177880,0.19543181,0.62983232
269.01999998,0.01402019,0.00366119,0.03100000,0.75049131,0.19310688,0.64969678
269.11999989,0.01478780,0.00574464,0.03300000,0.75071234,0.20409943,0.63985833
269.22000003,0.01624113,0.00583315,0.03300000,0.75515573,0.20452066,0.63144470
269.31999993,0.01376821,0.00576511,0.03000000,0.74419762,0.21792646,0.62370788
269.42000008,0.01306202,0.00674046,0.02900000,0.73783031,0.22264630,0.62327241
269.51999998,0.01286673,0.00678361,0.03000000,0.70769710,0.21616457,0.59513575
269.61999989,0.01181531,0.00619664,0.02900000,0.68770964,0.22249711,0.63001018
269.72000003,0.01242276,0.00616483,0.02700000,0.68389723,0.22618697,0.62780315
269.81999993,0.01107731,0.00656454,0.02400000,0.69318536,0.22264293,0.65912932
269.92000008,0.01226842,0.00824718,0.02400000,0.71410556,0.22334802,0.69849749
270.01999998,0.01254891,0.00951655,0.02700000,0.69992065,0.22827308,0.68477956
270.11999989,0.01430762,0.00820623,0.02600000,0.71087070,0.22988804,0.69764952
270.22099996,0.01372175,0.00833568,0.02700000,0.73838020,0.23352155,0.70555281
270.32100010,0.01409185,0.00722978,0.02800000,0.70911914,0.23950093,0.72594539
270.42100000,0.01434163,0.00696976,0.03000000,0.71077662,0.24312737,0.71534037
270.52099991,0.01572913,0.00768729,0.03100000,0.70706573,0.24493619,0.69373540
270.62100005,0.01207423,0.00736837,0.02900000,0.69841533,0.24503975,0.69336571
270.72099996,0.01158491,0.00839821,0.03000000,0.66642894,0.23829585,0.71083142
270.82100010,0.01257489,0.00592638,0.02900000,0.69465863,0.22788742,0.68954428
270.92100000,0.01375687,0.00617727,0.02900000,0.70045439,0.23142957,0.67501780
271.02099991,0.01334251,0.00800984,0.03400000,0.66910694,0.24652190,0.71347528
271.12100005,0.01420083,0.00679605,0.03400000,0.65194921,0.24584214,0.71370525
271.22099996,0.01392727,0.00880233,0.03500000,0.64270095,0.25147013,0.72336153
271.32200003,0.01268167,0.00733656,0.03300000,0.63594148,0.24803362,0.71032645
271.42199993,0.01335495,0.00667573,0.03400000,0.66278383,0.24996561,0.73909975
271.52200007,0.01143828,0.00402688,0.03100000,0.66141762,0.24104740,0.76667634
271.62199998,0.01195611,0.00637035,0.03200000,0.68144490,0.23953055,0.75994506
271.72199988,0.01204242,0.00676093,0.03300000,0.66365342,0.24726192,0.78807152
271.82200003,0.01326864,0.00628515,0.03500000,0.67967542,0.23984020,0.80509482
271.92199993,0.01439833,0.00490899,0.03900000,0.69025551,0.24074542,0.88833522
272.02200007,0.01505806,0.00650422,0.03700000,0.69104519,0.24134223,0.85383542
272.12199998,0.01555872,0.00506223,0.03700000,0.68834791,0.23313833,0.84954160
272.22199988,0.01587323,0.00509514,0.03500000,0.69410598,0.22999028,0.84476911
272.32200003,0.01404982,0.00611249,0.03200000,0.69415618,0.22932891,0.82424009
272.42199993,0.01531808,0.00675400,0.03300000,0.69966293,0.23352233,0.82092428
272.52300000,0.01490482,0.00766461,0.03400000,0.70289095,0.23286704,0.82813539
272.62299991,0.01483096,0.00593993,0.03400000,0.70721801,0.22388648,0.83337277
272.72300005,0.01434273,0.00604781,0.03300000,0.72571772,0.22021200,0.80151342
272.82299995,0.01380002,0.00637256,0.03100000,0.73633502,0.22587577,0.82376079
272.92300010,0.01536233,0.00602733,0.03300000,0.74807764,0.21285556,0.84373525
273.02300000,0.01347527,0.00582984,0.03200000,0.72882899,0.21562086,0.83614671
273.12299991,0.01472307,0.00545170,0.03200000,0.73158292,0.20512654,0.83905701
273.22300005,0.01311178,0.00140402,0.03200000,0.72204831,0.21262555,0.82664169
273.32299995,0.01125653,0.00181397,0.03000000,0.71845452,0.21091419,0.81264009
273.42300010,0.01541793,0.00488851,0.02600000,0.73025067,0.21142062,0.77384215
273.52300000,0.01337983,0.00400751,0.02700000,0.71974263,0.20638041,0.75190972
273.62299991,0.01570976,0.00574574,0.02500000,0.75141678,0.21054102,0.72547338
273.72399998,0.01386695,0.00482158,0.02800000,0.74471797,0.20520340,0.69775086
273.82399988,0.01248276,0.00133819,0.03300000,0.76332210,0.21062284,0.66892335
273.92400002,0.01311178,0.00140402,0.03400000,0.75243579,0.21087475,0.66011576
274.02399993,0.01425170,0.00053766,0.03400000,0.74174344,0.21209918,0.64777248
274.12400007,0.01527130,0.00051719,0.03300000,0.75648381,0.20843153,0.63239960
274.22399998,0.01370898,0.00086241,0.03300000,0.77478041,0.20456462,0.62134664
274.32399988,0.01255552,0.00398483,0.03000000,0.78163923,0.20750147,0.62033484
274.42400002,0.01127590,0.00375553,0.03000000,0.79078595,0.20465435,0.64142019
274.52399993,0.01231818,0.00291074,0.03100000,0.78438010,0.19960870,0.61323307
274.62400007,0.01354441,0.00243496,0.03100000,0.76132474,0.19656896,0.56429109
274.72399998,0.01206950,0.00224881,0.03000000,0.74635111,0.19255203,0.59907496
274.82399988,0.01259867,0.00418012,0.02700000,0.74247291,0.20122324,0.57871335
274.92499995,0.01123275,0.00356024,0.02900000,0.73508777,0.19376160,0.57183703
275.02500010,0.01430068,0.00493057,0.03000000,0.72567329,0.19478470,0.56486622
275.12500000,0.01207864,0.00368056,0.03300000,0.71536452,0.19335120,0.55618334
275.22499990,0.01168806,0.00376686,0.03300000,0.69260369,0.20114078,0.58693750
275.32500005,0.01347637,0.00490789,0.03100000,0.69111081,0.20440368,0.60262340
275.42499995,0.01272813,0.00476599,0.02900000,0.67067886,0.20440956,0.62006114
275.52500010,0.01382380,0.00462629,0.02900000,0.71009202,0.20975479,0.60503560
275.62500000,0.01361827,0.00415965,0.02800000,0.69854055,0.20965836,0.58628308
275.72499990,0.01477867,0.00431288,0.02800000,0.70962563,0.21357307,0.61473058
275.82500005,0.01015646,0.00564148,0.03100000,0.69801381,0.23392854,0.62898497
275.92499995,0.01329936,0.00781455,0.02800000,0.69496512,0.23878583,0.57664231
276.02500010,0.01408272,0.00579803,0.02300000,0.68948125,0.23944316,0.54267523
276.12599993,0.01117606,0.00562101,0.02700000,0.68209807,0.23695648,0.54138746
276.22600007,0.01175059,0.00590371,0.02700000,0.67810594,0.24667267,0.54026600
276.32599998,0.01208667,0.00603427,0.02700000,0.69432793,0.24413323,0.51766734
276.42599988,0.01293256,0.00615459,0.02700000,0.66360931,0.24212704,0.54008775
276.52600002,0.00983391,0.00325486,0.02800000,0.67058158,0.22585575,0.56309543
276.62599993,0.01257379,0.00684834,0.02900000,0.67337748,0.23906251,0.58792642
276.72600007,0.01067539,0.00706300,0.03000000,0.65509463,0.23947260,0.63193893
276.82599998,0.01225015,0.00538367,0.02800000,0.67531447,0.24084346,0.66101040
276.92599988,0.00895401,0.00437100,0.02900000,0.68426103,0.22062486,0.68386229
277.02600002,0.01159041,0.00378844,0.03000000,0.66787196,0.21432464,0.70312633
277.12599993,0.01270656,0.00466834,0.03200000,0.65303234,0.21619628,0.73633966
277.22600007,0.01113290,0.00542572,0.03100000,0.68366556,0.22849017,0.74970216
277.32699990,0.01011441,0.00452424,0.03000000,0.66903950,0.21654759,0.75736274
277.42700005,0.01280530,0.00372481,0.02900000,0.70158057,0.20831178,0.75237312
277.52699995,0.01084217,0.00364654,0.03000000,0.68423609,0.20931986,0.72628429
277.62700009,0.01294500,0.00482048,0.02600000,0.71379297,0.21450602,0.73139719
277.72700000,0.01401909,0.00458314,0.02600000,0.78102073,0.21446518,0.75326207
277.82699990,0.01107951,0.00472063,0.02400000,0.75724704,0.21519916,0.73192467
277.92700005,0.01075587,0.00325596,0.02400000,0.78601359,0.21356112,0.78037238
278.02699995,0.00963973,0.00237606,0.02700000,0.78203378,0.21267906,0.76643398
278.12700009,0.01075697,0.00233401,0.02800000,0.80438348,0.21174125,0.74398079
278.22700000,0.01026875,0.00244189,0.03100000,0.81910057,0.21651675,0.74929197
278.32699990,0.01070138,0.00347283,0.03200000,0.84968069,0.21333139,0.70345758
278.42700005,0.01064578,0.00461165,0.03000000,0.82732077,0.21409117,0.67082568
278.52799988,0.00884613,0.00388278,0.02900000,0.84784951,0.21447798,0.65823212
278.62800002,0.00968178,0.00349330,0.02900000,0.82830630,0.20556403,0.67262818
278.72799993,0.01075697,0.00233401,0.03100000,0.82705599,0.20043420,0.69855513
278.82800007,0.01186067,0.00454802,0.02900000,0.81309556,0.19237372,0.66955952
278.92799997,0.00961374,0.00596623,0.03100000,0.81200708,0.20574405,0.68375483
279.02799988,0.00785614,0.00635461,0.03100000,0.82063913,0.20796990,0.73060980
279.12800002,0.00728382,0.00422800,0.03100000,0.80510751,0.19429277,0.73359936
279.22799993,0.00915150,0.00248394,0.03100000,0.81327635,0.18613748,0.74422355
279.32800007,0.00867352,0.00310162,0.03200000,0.81749839,0.19078763,0.74060130
279.42799997,0.00917891,0.00677920,0.03400000,0.83774617,0.19906205,0.75247629
279.52799988,0.00821491,0.00566086,0.03200000,0.87726598,0.19860762,0.77298369
279.62899995,0.00774826,0.00586638,0.03100000,0.87477895,0.19806062,0.79834482
279.72900009,0.00855099,0.00579142,0.03200000,0.86815892,0.20376130,0.80303610
279.82900000,0.01020071,0.00491482,0.03500000,0.86705313,0.18583009,0.78253347
279.92899990,0.00937530,0.00581410,0.03300000,0.85815032,0.20494256,0.76632625
280.02900004,0.01108975,0.00523043,0.03500000,0.85126819,0.18962978,0.76798412
280.12899995,0.01039490,0.00579362,0.03200000,0.88079833,0.20257953,0.78398969
280.22900009,0.01140316,0.00618530,0.03200000,0.93210525,0.19760565,0.77321986
280.32900000,0.00831365,0.00471733,0.02800000,0.84415043,0.18590290,0.73129207
280.42899990,0.00952854,0.00465370,0.02800000,0.83544582,0.18757493,0.74423486
280.52900004,0.00862486,0.00751610,0.02900000,0.82946125,0.20610738,0.76054535
280.62899995,0.00872360,0.00657257,0.02400000,0.84337071,0.20942983,0.74534960
280.72900009,0.00672756,0.00680881,0.02700000,0.83241056,0.20778525,0.74363361
280.82999992,0.00740083,0.00614798,0.02300000,0.83640393,0.21173470,0.76735397
280.93000007,0.00805143,0.00631145,0.02300000,0.82626952,0.21395269,0.75813497
281.02999997,0.00800828,0.00611617,0.02900000,0.81651127,0.21198355,0.75392973
281.12999988,0.01088533,0.00384183,0.03200000,0.85836598,0.20278423,0.75946795
281.23000002,0.01205706,0.00358291,0.03300000,0.84459245,0.20784508,0.80288403
281.32999992,0.01029946,0.00397129,0.02800000,0.78474660,0.20845064,0.79513542
281.43000007,0.00742572,0.00347976,0.02700000,0.77246474,0.21032355,0.82047754
281.52999997,0.00660251,0.00253513,0.02600000,0.79534011,0.20743651,0.84855027
281.62999988,0.00742572,0.00347976,0.02700000,0.76952790,0.21364712,0.85906870
281.73000002,0.00719751,0.00383743,0.02900000,0.79191463,0.21412926,0.84528807
281.82999992,0.00982147,0.00458897,0.03100000,0.80763965,0.22233148,0.82781454
281.93000007,0.00949673,0.00404626,0.03500000,0.80695528,0.23020399,0.84822324
282.03099990,0.00973737,0.00235449,0.03600000,0.80829556,0.22528180,0.87088571
282.13100004,0.01004054,0.00279956,0.03600000,0.80889396,0.22284180,0.85949283
282.23099995,0.01056168,0.00237716,0.03600000,0.85913082,0.22271363,0.86320211
282.33100009,0.00665370,0.00508413,0.03200000,0.82464132,0.23217563,0.82610559
282.43099999,0.00844421,0.00438124,0.03300000,0.83677440,0.22668942,0.82245973
282.53099990,0.00761990,0.00435856,0.03200000,0.83150072,0.22370816,0.83555786
282.63100004,0.00746777,0.00459701,0.03100000,0.80731049,0.22262845,0.81459757
282.73099995,0.00645841,0.00512728,0.03100000,0.78456185,0.22441097,0.77928801
282.83100009,0.00843067,0.00663730,0.03000000,0.80295248,0.22288103,0.75986631
282.93099999,0.00797757,0.00458677,0.02900000,0.79809297,0.22773508,0.77007336
283.03099990,0.00683985,0.00360922,0.02900000,0.78966428,0.22051262,0.78357776
283.13100004,0.00788212,0.00276444,0.02800000,0.78667640,0.22301033,0.74713814
283.23199987,0.00796513,0.00592088,0.03000000,0.76224617,0.22700948,0.72573883
283.33200002,0.00830121,0.00605144,0.03000000,0.75030352,0.23293667,0.74482039
283.43199992,0.00649022,0.00573472,0.02900000,0.74193641,0.22749413,0.75937864
283.53200006,0.00619618,0.00672141,0.02800000,0.77364625,0.22750546,0.75358081
283.63199997,0.00911418,0.00648627,0.02800000,0.74580645,0.22603420,0.73430629
283.73199987,0.00863730,0.00618200,0.02900000,0.74702707,0.22254889,0.74531921
283.83200002,0.00833303,0.00665888,0.03200000,0.72695486,0.23175623,0.75299130
283.93199992,0.00780165,0.00657147,0.03200000,0.71383680,0.22317792,0.72255673
284.03200006,0.00682520,0.00678724,0.03000000,0.69784197,0.22709662,0.72455355
284.13199997,0.00717263,0.00650564,0.02800000,0.69141816,0.22949438,0.70754420
284.23199987,0.00739973,0.00706993,0.02800000,0.69899621,0.22941229,0.72972299
284.33299994,0.00926522,0.00716978,0.02800000,0.73616208,0.22640192,0.67923381
284.43300009,0.00980903,0.00592308,0.02600000,0.75893819,0.22903376,0.68144302
284.53299999,0.00823648,0.00575850,0.02600000,0.71058858,0.23114488,0.67159800
284.63299990,0.00886220,0.00859019,0.02400000,0.71459056,0.25532077,0.67599701
284.73300004,0.00937090,0.00950191,0.02400000,0.71950178,0.24970534,0.66269004
284.83299994,0.00930727,0.00828702,0.02400000,0.72409059,0.24488640,0.68128409
284.93300009,0.00989314,0.00815757,0.02500000,0.75503889,0.23825615,0.69558572
285.03299999,0.00734414,0.00820875,0.02500000,0.73906598,0.24005849,0.67064163
285.13299990,0.00904725,0.00803724,0.02800000,0.72332852,0.22564078,0.70463295
285.23300004,0.00963202,0.00882974,0.02800000,0.76653050,0.24317158,0.67599054
285.33299994,0.00953547,0.00792936,0.02700000,0.75853899,0.23245724,0.67433306
285.43300009,0.01006575,0.00893872,0.02700000,0.75514631,0.24091721,0.66766627
285.53399992,0.00875432,0.00810197,0.02500000,0.68083767,0.22145242,0.65746136
285.63400006,0.00794024,0.00858909,0.02200000,0.70906411,0.23233356,0.68561297
285.73399997,0.00811286,0.00937025,0.02200000,0.73190603,0.23765900,0.68647279
285.83399987,0.00576828,0.01081004,0.02900000,0.77030766,0.24397371,0.69839745
285.93400002,0.00602027,0.00870611,0.03000000,0.76988234,0.24339372,0.70683118
286.03399992,0.00631210,0.00956334,0.03000000,0.78168114,0.23679616,0.72119998
286.13400006,0.00734304,0.00913071,0.03000000,0.80682720,0.23930836,0.72488063
286.23399997,0.00774496,0.00863225,0.02800000,0.80652638,0.24203084,0.74483774
286.33399987,0.00668331,0.00753548,0.02700000,0.81532801,0.22872809,0.73569034
286.43400002,0.00701939,0.00766604,0.02700000,0.84321763,0.22207054,0.73734247
286.53399992,0.00848296,0.00826435,0.02900000,0.85880590,0.23041264,0.76164534
286.63400006,0.00822294,0.00801456,0.02400000,0.80881351,0.23313346,0.73907024
286.73499990,0.00651983,0.00818607,0.02300000,0.83384145,0.23819231,0.74109752
286.83500004,0.00872140,0.00841648,0.02400000,0.82372872,0.23614856,0.72836123
286.93499994,0.00943673,0.00887289,0.02400000,0.88853780,0.24274729,0.72776824
287.03500009,0.00784370,0.00768872,0.02600000,0.83866085,0.23730352,0.73063877
287.13499999,0.00803899,0.00764556,0.02700000,0.83436874,0.23778743,0.72940250
287.23499990,0.00736682,0.00738444,0.02800000,0.84226688,0.23522518,0.73130660
287.33500004,0.00850894,0.00467417,0.02800000,0.83997612,0.23113359,0.73244482
287.43499994,0.00665370,0.00508413,0.02700000,0.79023628,0.23347799,0.76088515
287.53500009,0.00760636,0.00661463,0.02800000,0.83639681,0.23235484,0.74470285
287.63499999,0.00686836,0.00698253,0.02700000,0.84910189,0.23502378,0.74637028
287.73499990,0.00702049,0.00674408,0.02800000,0.83118561,0.22807799,0.72304726
287.83599997,0.00802072,0.00478206,0.03100000,0.85873255,0.22806174,0.74096266
287.93599987,0.00850784,0.00559613,0.03200000,0.87210343,0.24281079,0.73260117
288.03600001,0.00538432,0.00536462,0.02800000,0.83543737,0.24544098,0.73323534
288.13599992,0.00531959,0.00507169,0.02900000,0.81408625,0.24154608,0.74486803
288.23600006,0.00479845,0.00549408,0.03200000,0.84104476,0.24589695,0.71941173
288.33599997,0.00591459,0.00637398,0.03100000,0.85724240,0.24002797,0.72844824
288.43599987,0.00768463,0.00465150,0.03000000,0.89101751,0.23558504,0.75301199
288.53600001,0.00615634,0.00376026,0.03000000,0.89109703,0.24028370,0.75580233
288.63599992,0.00610074,0.00489907,0.02600000,0.90579584,0.24617553,0.76072503
288.73600006,0.00548416,0.00349914,0.02600000,0.87376750,0.24767108,0.73094385
288.83599997,0.00619618,0.00672141,0.02600000,0.85803180,0.25326209,0.72366084
288.93599987,0.00639147,0.00667825,0.02600000,0.85474122,0.24710225,0.71551778
289.03699994,0.00818089,0.00689732,0.02500000,0.88858954,0.24597949,0.68696814
289.13700008,0.00643683,0.00502963,0.02600000,0.83567051,0.24498327,0.68215454
289.23699999,0.00643683,0.00502963,0.02600000,0.82582795,0.23866723,0.69536268
289.33699989,0.00579537,0.00629791,0.02500000,0.84057343,0.23688066,0.71507600
289.43700004,0.00556716,0.00665558,0.02600000,0.85332820,0.24206342,0.72462605
289.53699994,0.00360293,0.00749926,0.02500000,0.85302582,0.25595240,0.69348340
289.63700008,0.00266964,0.00791031,0.02400000,0.85100404,0.24974272,0.66973087
289.73699999,0.00236537,0.00838719,0.02500000,0.89418871,0.26199799,0.69653462
289.83699989,0.00589081,0.00812024,0.02800000,0.88458368,0.24369693,0.71484482
289.93700004,0.00554338,0.00840184,0.02900000,0.89607366,0.25836510,0.73688506
290.03699994,0.00417636,0.00870391,0.02800000,0.87537716,0.25887045,0.72436645
290.13700008,0.00622580,0.00917276,0.02900000,0.88567023,0.25232412,0.73607188
290.23799992,0.00460792,0.01065678,0.02800000,0.88037953,0.24741933,0.75279059
290.33800006,0.00735658,0.00687464,0.02700000,0.87638394,0.23104149,0.74956963
290.43799996,0.00843067,0.00663730,0.02600000,0.91133761,0.23114697,0.74211494
290.53799987,0.00796514,0.00592085,0.02900000,0.94705367,0.23058599,0.73691916
290.63800001,0.00741000,0.00757971,0.02800000,0.88082270,0.23531098,0.75858993
290.73799992,0.00441370,0.00977800,0.02500000,0.86167994,0.24527388,0.76024422
290.83800006,0.00469530,0.01012542,0.02600000,0.86145067,0.24465702,0.77864929
290.93799996,0.00808107,0.00876278,0.03100000,0.89442274,0.23846007,0.80047273
291.03799987,0.00590217,0.00770807,0.03000000,0.86459001,0.21694406,0.81351150
291.13800001,0.00672646,0.00773077,0.02900000,0.86764894,0.21241300,0.79964509
291.23799992,0.00651983,0.00818607,0.02900000,0.86036253,0.21678658,0.81472765
291.33899999,0.00894850,0.00898077,0.02700000,0.88487455,0.23228330,0.78664672
291.43899989,0.00939468,0.00775565,0.02800000,0.84347141,0.22816798,0.77158892
291.53900003,0.01071855,0.00725829,0.03200000,0.84201677,0.22737357,0.73590263
291.63899994,0.00880771,0.00880706,0.03300000,0.81747305,0.23049917,0.73090078
291.73900008,0.00601917,0.00962806,0.03100000,0.76766244,0.24020035,0.73768649
291.83899999,0.00619729,0.00579945,0.03100000,0.77047030,0.22861638,0.72747032
291.93899989,0.00605759,0.00470379,0.03000000,0.77301361,0.22410770,0.73552995
292.03900003,0.00449638,0.00412705,0.02900000,0.74807375,0.22596633,0.73588866
292.13899994,0.00678315,0.00566999,0.03000000,0.74546831,0.22973065,0.74142584
292.23900008,0.00448174,0.00730507,0.02900000,0.77035825,0.22982795,0.73404015
292.33899999,0.00292966,0.00816009,0.02900000,0.75297820,0.24374538,0.72122442
292.43899989,0.00503579,0.00656817,0.02800000,0.74343389,0.23966897,0.67831796
292.53999996,0.00215181,0.00556684,0.02800000,0.74950985,0.23799947,0.69336819
292.63999987,0.00636076,0.00514886,0.03100000,0.71347212,0.22987768,0.70747079
292.74000001,0.00575222,0.00610262,0.03000000,0.72283760,0.22944904,0.71214558
292.83999991,0.00777094,0.00504208,0.03300000,0.77070182,0.22610323,0.69667187
292.94000006,0.00665370,0.00508413,0.03200000,0.72334780,0.23065216,0.69746160
293.03999996,0.00761990,0.00435856,0.03200000,0.76807507,0.22725275,0.68299435
293.13999987,0.00792307,0.00480363,0.03000000,0.78557217,0.23065336,0.69840127
293.24000001,0.00624044,0.00599474,0.03000000,0.72777344,0.23478505,0.68062189
293.33999991,0.00659810,0.00622295,0.02900000,0.76149641,0.23464575,0.65890725
293.44000006,0.00771569,0.00710128,0.03000000,0.79741567,0.23401186,0.65016190
293.53999996,0.00593396,0.00831553,0.03000000,0.76868055,0.24059656,0.65404371
293.63999987,0.00487287,0.00813973,0.02800000,0.73910812,0.24179761,0.65766714
293.74099994,0.00455744,0.00902883,0.02800000,0.74573540,0.23674885,0.65168569
293.84100008,0.00684636,0.00872739,0.02400000,0.74162826,0.23862262,0.63242905
293.94099998,0.00855886,0.00998729,0.02400000,0.78590840,0.24395818,0.64138039
294.04099989,0.00528320,0.00999489,0.02500000,0.75804021,0.25357103,0.61519480
294.14100003,0.00679922,0.01037741,0.02400000,0.75331033,0.26321597,0.60553031
294.24099994,0.00689810,0.01127636,0.02400000,0.71494525,0.26212880,0.61677660
294.34100008,0.00725945,0.00781667,0.02700000,0.77742849,0.24234634,0.62187068
294.44099998,0.00804055,0.00764393,0.02800000,0.77661090,0.23823770,0.64957236
294.54099989,0.00530574,0.00917056,0.02700000,0.77258980,0.23493820,0.68021879
294.64100003,0.00627086,0.00936677,0.02800000,0.76995369,0.23469593,0.68652207
294.74099994,0.00617230,0.01031032,0.02900000,0.77492171,0.24137229,0.68114626
294.84200001,0.00662005,0.00724120,0.03200000,0.83019604,0.23235107,0.69586706
294.94199991,0.00603330,0.00829273,0.02800000,0.75732451,0.23686790,0.70369826
295.04200006,0.00392749,0.00988508,0.02800000,0.74038137,0.23778621,0.69571125
295.14199996,0.00583619,0.01017983,0.03000000,0.75123776,0.24276972,0.72523770
295.24199986,0.00695434,0.00921560,0.02900000,0.79664408,0.24395874,0.74619656
295.34200001,0.00599010,0.00809745,0.03100000,0.72657154,0.25004749,0.74194280
295.44199991,0.00597885,0.00850960,0.02900000,0.75808934,0.24110469,0.71231757
295.54200006,0.00454527,0.01036294,0.02800000,0.75377093,0.24567532,0.72234567
295.64199996,0.00593383,0.01015823,0.02500000,0.75682837,0.24623101,0.71748386
295.74199986,0.00384111,0.00949452,0.02600000,0.78991036,0.24962434,0.71171583
295.84200001,0.00426452,0.00909362,0.02800000,0.78380902,0.25346764,0.71852267
295.94199991,0.00627086,0.00936677,0.03300000,0.78020489,0.25595137,0.73647496
296.04299998,0.00312295,0.01180412,0.02900000,0.76893040,0.26486775,0.74609745
296.14299989,0.00485039,0.00896402,0.02900000,0.75939390,0.25381240,0.76122849
296.24300003,0.00397072,0.01008035,0.02800000,0.75414639,0.25367496,0.72720755
296.34299994,0.00266942,0.00975367,0.02800000,0.77525451,0.25494334,0.76109672
296.44300008,0.00357921,0.01108870,0.02900000,0.74270665,0.27247530,0.75576844
296.54299998,0.00464108,0.01218525,0.03100000,0.76676683,0.27204811,0.77365124
296.64299989,0.00522692,0.01205567,0.03200000,0.76171647,0.26906682,0.77480645
296.74300003,0.00338484,0.01020994,0.02900000,0.77030094,0.25155971,0.76581342
296.84299994,0.00206107,0.01070757,0.02900000,0.74868936,0.25638445,0.76074663
296.94300008,0.00422133,0.00889834,0.02800000,0.76286194,0.24788162,0.77958043
297.04299998,0.00345055,0.00958090,0.02900000,0.75785815,0.24805708,0.77057258
297.14400005,0.00625960,0.00977893,0.03100000,0.79628983,0.24685555,0.76996450
297.24399996,0.00564091,0.01022302,0.03300000,0.74840997,0.25083324,0.77258811
297.34399986,0.00582676,0.00874808,0.03100000,0.79164384,0.25480726,0.75101101
297.44400001,0.00578073,0.00947593,0.03400000,0.76255336,0.25690418,0.74562595
297.54399991,0.00578265,0.00947475,0.03300000,0.76081064,0.26125940,0.76284483
297.64400005,0.00574038,0.00835752,0.03100000,0.75767620,0.26245241,0.74553631
297.74399996,0.00423349,0.00756423,0.03100000,0.75473500,0.26144745,0.73695044
297.84399986,0.00613185,0.00734918,0.03300000,0.80653138,0.27036695,0.74559459
297.94400001,0.00790956,0.00705967,0.03200000,0.78426908,0.27168264,0.72787106
298.04399991,0.00527471,0.00764117,0.02900000,0.73727132,0.26863671,0.73261344
298.14400005,0.00555544,0.00891051,0.03100000,0.75457994,0.27202281,0.74668193
298.24399996,0.00523804,0.00980066,0.03200000,0.74439438,0.25666619,0.73660770
298.34500003,0.00639194,0.00759888,0.03500000,0.81154942,0.25368844,0.73439611
298.44499993,0.00613038,0.00735041,0.03400000,0.82376687,0.25119624,0.73644728
298.54500008,0.00375655,0.00726005,0.03100000,0.75761042,0.24845560,0.78375145
298.64499998,0.00273695,0.00728073,0.03000000,0.76331956,0.25438534,0.78283563
298.74499989,0.00241986,0.00817033,0.03000000,0.73911436,0.25212318,0.76618237
298.84500003,0.00394149,0.00670706,0.02800000,0.74703613,0.24938168,0.78596089
298.94499993,0.00583893,0.00741397,0.03000000,0.75130659,0.24659248,0.75437701
299.04500008,0.00453676,0.00800923,0.03100000,0.75346189,0.24765025,0.74299842
299.14499998,0.00224875,0.00738871,0.03000000,0.74361363,0.24296856,0.71360795
299.24499989,0.00179084,0.00810450,0.03000000,0.75509907,0.23549803,0.70859662
299.34500003,0.00556761,0.00757640,0.03200000,0.76178367,0.23765272,0.72220915
299.44600010,0.00790154,0.00562633,0.03400000,0.80011127,0.23151352,0.72424797
299.54600000,0.00654401,0.00736043,0.03200000,0.82944531,0.22800576,0.72939909
299.64599991,0.00433022,0.00846458,0.03000000,0.79341409,0.23685607,0.71303182
299.74600005,0.00403639,0.00945133,0.03000000,0.80366599,0.23915562,0.71308935
299.84599996,0.00632622,0.00822794,0.03300000,0.83464337,0.23610693,0.74569723
299.94600010,0.00565308,0.00888891,0.03200000,0.79269593,0.23876869,0.73974424
300.04600000,0.00604364,0.00880252,0.03100000,0.78501462,0.24179564,0.74952095
300.14599991,0.00599010,0.00809745,0.03000000,0.77928854,0.23670640,0.74098734
300.24600005,0.00593474,0.00923628,0.03000000,0.76155624,0.23091050,0.76117485
300.34599996,0.00487287,0.00813973,0.02900000,0.76580871,0.22197108,0.74605546
300.44600010,0.00397068,0.01008036,0.02800000,0.75286084,0.22064590,0.77524062
300.54600000,0.00273239,0.01189050,0.02900000,0.77305471,0.23222303,0.77595615
300.64700007,0.00470679,0.01155622,0.02900000,0.78957779,0.22321317,0.78466606
300.74699998,0.00449934,0.01293352,0.02900000,0.78107015,0.21668775,0.78712090
300.84699988,0.00477432,0.00908328,0.02800000,0.77729527,0.19868636,0.79342683
300.94700003,0.00545962,0.00708819,0.03000000,0.77614882,0.18644758,0.79300126
301.04699993,0.00316979,0.00831158,0.02800000,0.80105516,0.17914704,0.78109258
301.14700007,0.00480717,0.00876876,0.03100000,0.81046737,0.17258054,0.77584766
301.24699998,0.00594691,0.00790217,0.03400000,0.80866949,0.16995029,0.77713120
301.34699988,0.00715053,0.00825045,0.03300000,0.85270476,0.18411425,0.79645645
301.44700003,0.00514145,0.01074316,0.03100000,0.79201270,0.18985793,0.79190352
301.54699993,0.00556395,0.01126421,0.03000000,0.76122251,0.18988235,0.77972780
301.64700007,0.00547665,0.01179560,0.02800000,0.76277735,0.19575660,0.76453490
301.74799991,0.00423167,0.00940813,0.03100000,0.74682851,0.17604276,0.77278196
301.84800005,0.00594691,0.00790217,0.03200000,0.73443526,0.17965148,0.77007573
301.94799995,0.00857194,0.00773122,0.03400000,0.77029839,0.17552940,0.76292638
302.04800010,0.00635724,0.00975733,0.03300000,0.73374726,0.19510239,0.79009722
302.14800000,0.00487378,0.00721777,0.03100000,0.71423810,0.17246387,0.79094484
302.24799991,0.00449356,0.00781395,0.03100000,0.73562733,0.17952415,0.78398874
302.34800005,0.00508792,0.01003808,0.02800000,0.74937342,0.19727219,0.76425335
302.44799995,0.00635724,0.00975733,0.02700000,0.74053341,0.19108321,0.78930396
302.54800010,0.00461097,0.00973391,0.02900000,0.71682641,0.19613757,0.77751062
302.64800000,0.00627177,0.00844482,0.02800000,0.71152100,0.18757746,0.77437161
302.74799991,0.00599102,0.00717549,0.02900000,0.67806055,0.17984944,0.77855927
302.84800005,0.00574038,0.00835752,0.02900000,0.65350674,0.17393400,0.74974258
302.94899988,0.00675997,0.00833683,0.03200000,0.70670350,0.17663220,0.71762152
303.04900002,0.00541735,0.00597096,0.03400000,0.64917793,0.17226821,0.71202017
303.14899993,0.00605855,0.00470255,0.03300000,0.67727188,0.17531639,0.70402042
303.24900007,0.00576563,0.00476734,0.03300000,0.67806161,0.17586513,0.70703512
303.34899998,0.00636941,0.00842322,0.03300000,0.70512135,0.18402123,0.69916846
303.44899988,0.00561080,0.00777168,0.03300000,0.70026997,0.19219786,0.73805648
303.54900002,0.00357435,0.00504718,0.03000000,0.68547052,0.19981810,0.68868801
303.64899993,0.00606889,0.00521235,0.03200000,0.68359076,0.19601753,0.67421093
303.74900007,0.00576471,0.00568929,0.03200000,0.68360075,0.19883130,0.68278066
303.84899998,0.00727251,0.00556063,0.03600000,0.67942216,0.19772048,0.68607317
303.94899988,0.00809591,0.00650510,0.03700000,0.67415351,0.20237525,0.69011537
304.04999995,0.00712042,0.00579910,0.03500000,0.68089007,0.20857973,0.67342839
304.15000010,0.00571027,0.00590617,0.03200000,0.59192857,0.21214612,0.67154286
304.25000000,0.00548213,0.00626388,0.03200000,0.58682095,0.21695050,0.64835362
304.34999990,0.00603330,0.00829273,0.03300000,0.58933299,0.21470933,0.63488103
304.45000005,0.00684544,0.00964935,0.03200000,0.62549577,0.23113410,0.60466139
304.54999995,0.00543437,0.01067837,0.03000000,0.58303816,0.23206114,0.60840996
304.65000010,0.00311717,0.00668455,0.02900000,0.59839172,0.21199392,0.60730574
304.75000000,0.00273695,0.00728073,0.02900000,0.55872137,0.21062749,0.59254579
304.84999990,0.00494131,0.00474483,0.02800000,0.56348390,0.21282903,0.60498663
304.95000005,0.00406164,0.00586115,0.02700000,0.58451767,0.21976564,0.60098062
305.04999995,0.00171736,0.00730142,0.02600000,0.56629529,0.22262502,0.61927720
305.15000010,0.00742277,0.00716607,0.03400000,0.61614176,0.22156915,0.63510215
305.25099993,0.00476489,0.00765153,0.03100000,0.59487964,0.22980511,0.63922701
305.35100007,0.00897284,0.00815464,0.03500000,0.64814846,0.23998250,0.66777017
305.45099998,0.00833347,0.00757914,0.03000000,0.64594634,0.23857291,0.67670741
305.55099988,0.00580608,0.00772848,0.02800000,0.59068253,0.24143336,0.65980044
305.65100002,0.00685761,0.00831524,0.02500000,0.60893980,0.24647640,0.64775047
305.75099993,0.00569718,0.00816224,0.02900000,0.57935931,0.24153399,0.66380447
305.85100007,0.00709517,0.00938928,0.03300000,0.58010107,0.24799176,0.67021484
305.95099998,0.00697776,0.00746933,0.03600000,0.58307100,0.25305774,0.71390732
306.05099988,0.00546054,0.00616624,0.03200000,0.60112642,0.24034992,0.70941823
306.15100002,0.00693457,0.00727405,0.03400000,0.59994667,0.24793270,0.70890577
306.25099993,0.00574129,0.00743556,0.03200000,0.60094644,0.24715255,0.69812048
306.35100007,0.00530754,0.00732667,0.03400000,0.61123355,0.24741447,0.69269336
306.45199990,0.00628394,0.00711070,0.03300000,0.58699557,0.24457737,0.69186074
306.55200005,0.00472170,0.00745625,0.03100000,0.57292623,0.24399157,0.66687864
306.65199995,0.00552533,0.00645916,0.02900000,0.57287283,0.23678261,0.70045537
306.75200009,0.00444003,0.00710888,0.03100000,0.55837001,0.24029721,0.70944149
306.85200000,0.00362697,0.00667421,0.03100000,0.55606496,0.24417316,0.69349843
306.95199990,0.00611208,0.00540763,0.03400000,0.59086674,0.23862736,0.72149907
307.05200005,0.00485493,0.00435427,0.03900000,0.58577726,0.24477982,0.72852725
307.15199995,0.00602570,0.00501707,0.03800000,0.61032615,0.24684496,0.75476060
307.25200009,0.00589521,0.00535318,0.03800000,0.62420706,0.25042317,0.75828094
307.35200000,0.00413951,0.00389801,0.03600000,0.63003558,0.25025318,0.76784066
307.45199990,0.00509614,0.00174050,0.03800000,0.61145342,0.24793519,0.79401511
307.55299997,0.00688560,0.00195920,0.03800000,0.63911004,0.24023698,0.79835230
307.65299988,0.00799067,0.00325103,0.03700000,0.63480827,0.24343475,0.81559793
307.75300002,0.00727525,0.00279477,0.03800000,0.61568065,0.25072447,0.84066664
307.85299993,0.00603787,0.00368296,0.03800000,0.66653249,0.25580645,0.86895441
307.95300007,0.00757943,0.00231782,0.04100000,0.64770276,0.24904701,0.90234021
308.05299997,0.00857468,0.00496536,0.04300000,0.62500128,0.24124765,0.91633265
308.15299988,0.00813150,0.00342472,0.04000000,0.63115479,0.24235968,0.89111742
308.25300002,0.00842442,0.00335993,0.03900000,0.62125027,0.24069665,0.81299230
308.35299993,0.00824131,0.00206901,0.03800000,0.60389633,0.24180886,0.81395565
308.45300007,0.00667815,0.00333650,0.03600000,0.59391849,0.24786683,0.79197065
308.55299997,0.00658051,0.00335810,0.03700000,0.57491110,0.25069803,0.79832093
308.65299988,0.00866198,0.00443397,0.03700000,0.60271922,0.24497107,0.79052434
308.75399995,0.01027959,0.00294960,0.03500000,0.65558953,0.24029644,0.79373213
308.85400009,0.01042133,0.00220133,0.03600000,0.66778318,0.24143665,0.77972785
308.95400000,0.00837089,0.00265485,0.03500000,0.62804768,0.23927768,0.77611627
309.05399990,0.00877176,0.00307836,0.03800000,0.64588573,0.23577557,0.76013272
309.15400004,0.00840275,0.00326249,0.03900000,0.65634787,0.23548691,0.81918469
309.25399995,0.00775212,0.00309914,0.03600000,0.67983696,0.23951011,0.78550822
309.35400009,0.00801405,0.00150499,0.03600000,0.67347389,0.24154860,0.79859930
309.45400000,0.00674472,0.00178572,0.03200000,0.69079914,0.23904618,0.78042624
309.55399990,0.00752679,0.00069098,0.03100000,0.70605129,0.24110869,0.77754434
309.65400004,0.00910124,0.00098864,0.03100000,0.73331941,0.23834309,0.76558894
309.75399995,0.00779999,0.00131533,0.03100000,0.73945623,0.23116250,0.76929886
309.85500002,0.01015182,0.00052013,0.03100000,0.72278607,0.22892656,0.78004109
309.95499992,0.01087569,0.00333007,0.03500000,0.69518581,0.23869571,0.76198115
310.05500007,0.00973592,0.00419664,0.03500000,0.68570984,0.23941294,0.72889281
310.15499997,0.01093108,0.00219125,0.03600000,0.69211501,0.21828972,0.72973993
310.25499988,0.01057244,0.00288506,0.03100000,0.67328694,0.21219900,0.70139451
310.35500002,0.00904305,0.00291605,0.02700000,0.70687720,0.22179262,0.71232799
310.45499992,0.01059310,0.00390465,0.02700000,0.71377944,0.21892414,0.71958049
310.55500007,0.01177605,0.00323337,0.02400000,0.72698619,0.22628126,0.70001608
310.65499997,0.01147280,0.00278835,0.02400000,0.73967085,0.21830979,0.68042593
310.75499988,0.01140802,0.00249543,0.02200000,0.73931589,0.22123596,0.65711236
310.85500002,0.00912003,0.00187486,0.02100000,0.74958761,0.21685825,0.61742191
310.95600009,0.01128691,0.00426329,0.02100000,0.72171069,0.22752243,0.57834747
311.05599999,0.00901019,0.00323056,0.02200000,0.75417112,0.22724027,0.58469911
311.15599990,0.00988989,0.00211426,0.02300000,0.77360856,0.22116840,0.58748868
311.25600004,0.01006638,0.00079243,0.02400000,0.81319919,0.21268574,0.59591524
311.35599995,0.01108411,0.00103082,0.02300000,0.83692029,0.21327505,0.62561734
311.45600009,0.01114515,0.00501156,0.02400000,0.83322082,0.22358226,0.62155218
311.55599999,0.01110196,0.00481628,0.02400000,0.81988673,0.21573495,0.64914532
311.65599990,0.01194034,0.00166079,0.02200000,0.80906873,0.19679048,0.64585091
311.75600004,0.00971807,0.00041118,0.02400000,0.78808432,0.20003843,0.66544119
311.85599995,0.01052360,0.00242979,0.02200000,0.77334296,0.19626566,0.64926821
311.95600009,0.01362183,0.00139133,0.02700000,0.81328759,0.19931131,0.67347121
312.05599999,0.01206051,0.00081488,0.02600000,0.78083408,0.20292909,0.68053089
312.15700006,0.01337209,0.00165140,0.02700000,0.81213511,0.19957277,0.68052008
312.25699997,0.01278625,0.00178096,0.02900000,0.77168610,0.19155835,0.69695395
312.35699987,0.01357958,0.00027410,0.03100000,0.82005839,0.19267092,0.70244179
312.45700002,0.01264636,0.00068532,0.02800000,0.76713600,0.19054409,0.69504998
312.55699992,0.01376359,0.00064307,0.02300000,0.80039226,0.19142706,0.72753782
312.65700006,0.01381711,0.00134814,0.02600000,0.78697575,0.19483178,0.74225863
312.75699997,0.01272053,0.00240999,0.02800000,0.74516097,0.20401656,0.73914104
312.85699987,0.01257876,0.00315830,0.03000000,0.75760444,0.22212303,0.73242425
312.95700002,0.01278531,0.00270291,0.03100000,0.78243666,0.21017386,0.70762042
313.05699992,0.01045414,0.00188706,0.03000000,0.81147223,0.21781699,0.71617835
313.15700006,0.01033490,0.00181101,0.02900000,0.81278035,0.21318055,0.71980545
313.25799990,0.01030298,0.00120357,0.03000000,0.80266623,0.21506303,0.70614687
313.35800004,0.01219008,0.00140073,0.02900000,0.77520165,0.21654494,0.71117795
313.45799994,0.01112729,0.00122610,0.02700000,0.75886472,0.21483277,0.68104793
313.55800009,0.01127845,0.00190959,0.02500000,0.74491221,0.21664992,0.67954843
313.65799999,0.00959603,0.00310100,0.02300000,0.76065831,0.21408800,0.70374605
313.75799990,0.00843654,0.00202602,0.02600000,0.73865867,0.20650669,0.72571383
313.85800004,0.01213469,0.00253956,0.02800000,0.76239862,0.20856132,0.74582368
313.95799994,0.01348287,0.00062626,0.03000000,0.80582747,0.20872135,0.76462848
314.05800009,0.01212810,0.00165806,0.02900000,0.77464612,0.21035888,0.78592461
314.15799999,0.01165869,0.00131341,0.02900000,0.74489055,0.21193370,0.78193229
314.25799990,0.01181078,0.00107495,0.03000000,0.73266969,0.20466446,0.78177231
314.35800004,0.01098553,0.00197437,0.02900000,0.71740833,0.20563835,0.76270629
314.45899987,0.01232903,0.00341832,0.02700000,0.71980560,0.20605280,0.74218407
314.55900002,0.01082217,0.00262500,0.02900000,0.72933783,0.20710236,0.74800759
314.65899992,0.01289609,0.00042526,0.02600000,0.72720954,0.21738485,0.71996897
314.75900006,0.01008423,0.00299303,0.02600000,0.76026577,0.22894664,0.72076467
314.85899997,0.00858770,0.00270950,0.02600000,0.77948851,0.23049836,0.70355464
314.95899987,0.01036402,0.00518431,0.02500000,0.78288017,0.24352906,0.71228797
315.05900002,0.01143900,0.00402482,0.02600000,0.80304374,0.22646674,0.73262689
315.15899992,0.01173193,0.00396004,0.02600000,0.76492250,0.22323752,0.70704475
315.25900006,0.01154791,0.00359107,0.02400000,0.75487653,0.23341594,0.69828087
315.35899997,0.01027764,0.00479375,0.02500000,0.72440890,0.23682747,0.68726405
315.45899987,0.01070107,0.00439286,0.02700000,0.70648055,0.23163310,0.68500965
315.55999994,0.00913881,0.00473836,0.02700000,0.70298012,0.22622587,0.68034638
315.66000009,0.00941108,0.00365398,0.02700000,0.68644538,0.22631819,0.65969624
315.75999999,0.01068041,0.00337326,0.02700000,0.71818088,0.22214221,0.65271760
315.85999990,0.01089633,0.00434970,0.02700000,0.70911540,0.21671271,0.66856017
315.96000004,0.01238443,0.00227944,0.03100000,0.70305878,0.21715912,0.67495770
316.05999994,0.01024759,0.00234240,0.02800000,0.71087129,0.21592704,0.71239051
316.16000009,0.01020440,0.00214712,0.02800000,0.68448653,0.21585245,0.68902586
316.25999999,0.01007203,0.00432714,0.02900000,0.70497704,0.21932800,0.69597720
316.35999990,0.00959416,0.00494492,0.02700000,0.72395123,0.21904820,0.70882135
316.46000004,0.00961484,0.00596447,0.02600000,0.75961447,0.22116532,0.70214627
316.55999994,0.00831265,0.00655971,0.02600000,0.75150035,0.24166787,0.75708277
316.66000009,0.00743480,0.00583213,0.02500000,0.75588916,0.22559953,0.74255240
316.76099992,0.00747799,0.00602741,0.02500000,0.74799996,0.22816160,0.71101772
316.86100006,0.01043066,0.00363336,0.02800000,0.74903671,0.22953008,0.70938833
316.96099997,0.01066823,0.00470733,0.02900000,0.75719609,0.23119152,0.71157765
317.06099987,0.00856236,0.00629968,0.02700000,0.74276044,0.22891243,0.71324937
317.16100001,0.01015560,0.00748356,0.02900000,0.74861315,0.23855008,0.70043359
317.26099992,0.00922145,0.00881674,0.03000000,0.78122015,0.23332339,0.72776973
317.36100006,0.00869099,0.00780747,0.02900000,0.77054056,0.23170574,0.71554110
317.46099997,0.01022226,0.00593258,0.02800000,0.78451992,0.21961170,0.72486104
317.56099987,0.01015560,0.00748356,0.02600000,0.75836793,0.21767889,0.73039636
317.66100001,0.00760474,0.00937912,0.02500000,0.75248509,0.23267589,0.73893012
317.76099992,0.00748457,0.01022503,0.02500000,0.77219002,0.23017917,0.75043307
317.86199999,0.00879050,0.00594197,0.02600000,0.77482714,0.20611809,0.77694754
317.96199989,0.01108974,0.00615042,0.02600000,0.77014946,0.20742137,0.77345528
318.06200004,0.01087101,0.00793984,0.02500000,0.74868689,0.20934195,0.77933000
318.16199994,0.00911441,0.00740658,0.02300000,0.70866720,0.21371592,0.75992096
318.26200008,0.00922238,0.00789479,0.02300000,0.75215019,0.21566705,0.77760670
318.36199999,0.00877737,0.00819804,0.02200000,0.77736823,0.21021576,0.77735836
318.46199989,0.01013307,0.00830788,0.02600000,0.79020763,0.21881803,0.77322972
318.56200004,0.00929562,0.01054141,0.02500000,0.80552467,0.23938207,0.76592819
318.66199994,0.01011239,0.00728831,0.02300000,0.80925826,0.23089827,0.80016758
318.76200008,0.01004673,0.00791727,0.02400000,0.82774242,0.22788897,0.79586002
318.86199999,0.01309609,0.00642359,0.02800000,0.85756687,0.21976667,0.80783929
318.96199989,0.01303131,0.00613067,0.03200000,0.83790025,0.21627566,0.86823754
319.06299996,0.01141460,0.00669305,0.02900000,0.79192631,0.22408888,0.81947472
319.16299987,0.01071892,0.00817831,0.02700000,0.79314046,0.22725575,0.79797219
319.26300001,0.01201075,0.00707332,0.02700000,0.80228464,0.22067838,0.79640412
319.36299992,0.01342000,0.00788819,0.02800000,0.82035253,0.21954891,0.78566605
319.46300006,0.01306229,0.00766006,0.02700000,0.77957172,0.22204164,0.79562323
319.56299996,0.01038281,0.00804781,0.02600000,0.73386604,0.22410726,0.80122517
319.66299987,0.01190187,0.00750703,0.02500000,0.73875664,0.22149539,0.75572239
319.76300001,0.01271398,0.00886367,0.02700000,0.71641917,0.22111559,0.76789194
319.86299992,0.01295152,0.00993772,0.02800000,0.68621922,0.23245590,0.77817713
319.96300006,0.01300688,0.00879893,0.02700000,0.69423993,0.21847184,0.77931207
320.06299996,0.01255343,0.00674843,0.02300000,0.67148229,0.21330302,0.74920045
320.16400003,0.01297592,0.00726950,0.02300000,0.68527820,0.21328931,0.75429949
320.26399994,0.01230276,0.00793045,0.02500000,0.69494729,0.22251766,0.76371406
320.36400008,0.01263887,0.00806095,0.02700000,0.66108083,0.23194208,0.73519601
320.46399999,0.01220510,0.00795208,0.03100000,0.68154958,0.22838936,0.76623136
320.56399989,0.01163900,0.01002316,0.02700000,0.66110783,0.25039129,0.71461825
320.66400003,0.01087007,0.00886180,0.02300000,0.66927399,0.25603810,0.72574504
320.76399994,0.01067573,0.00798303,0.02300000,0.67368571,0.23529824,0.70711112
320.86400008,0.00968806,0.00861113,0.02100000,0.66591962,0.25219081,0.68272006
320.96399999,0.01300690,0.00879889,0.02800000,0.66691465,0.25769839,0.66251599
321.06399989,0.01205300,0.00819055,0.02800000,0.66443501,0.23683360,0.67586293
321.16400003,0.01222582,0.00897159,0.02800000,0.70156304,0.25452137,0.68996836
321.26499987,0.01184555,0.00956781,0.02600000,0.74963326,0.25298164,0.67183576
321.36500001,0.01132729,0.00722444,0.02900000,0.72563602,0.23181353,0.68675865
321.46499991,0.01135828,0.00875383,0.02500000,0.71164661,0.24942984,0.66896645
321.56500006,0.01268206,0.00825623,0.02500000,0.71492954,0.24116648,0.68594405
321.66499996,0.01276844,0.00864679,0.02400000,0.69012539,0.24254707,0.70375623
321.76499987,0.01092356,0.00956691,0.02300000,0.67166339,0.24110248,0.65949727
321.86500001,0.01043632,0.00875289,0.02500000,0.66518711,0.24596466,0.66605458
321.96499991,0.01290174,0.00554482,0.03000000,0.66839535,0.23360958,0.64814298
322.06500006,0.01153477,0.00584714,0.02700000,0.67006833,0.24014243,0.60381117
322.16499996,0.01294587,0.00481815,0.02900000,0.63599347,0.22760233,0.59218270
322.26499987,0.01329418,0.00361454,0.02800000,0.63685488,0.22378069,0.59984356
322.36500001,0.01409782,0.00261752,0.02800000,0.64275329,0.22495988,0.61812290
322.46600008,0.01319560,0.00455809,0.02800000,0.67051153,0.23736607,0.62707936
322.56599998,0.01050391,0.00627995,0.02600000,0.65399868,0.23054166,0.64238947
322.66599989,0.00989460,0.00815578,0.02500000,0.69220830,0.24343953,0.65272448
322.76600003,0.01169907,0.00427456,0.02500000,0.70208705,0.22386761,0.66795715
322.86599994,0.01090761,0.00393751,0.02400000,0.73042247,0.22633064,0.67459351
322.96600008,0.01389035,0.00399477,0.02300000,0.76225392,0.21949084,0.65523215
323.06599998,0.01159016,0.00470831,0.02300000,0.74569449,0.21968555,0.68176966
323.16599989,0.00912661,0.00607247,0.02300000,0.75050909,0.22130600,0.69093436
323.26600003,0.00898579,0.00589878,0.02300000,0.74023937,0.22287534,0.66751770
323.36599994,0.01191407,0.00617292,0.02500000,0.72327113,0.21884852,0.67768982
323.46600008,0.01458042,0.00804123,0.02600000,0.72948556,0.22696793,0.68832085
323.56699991,0.01407252,0.00620759,0.02700000,0.75232943,0.21696005,0.70043250
323.66700006,0.01340308,0.00318079,0.02600000,0.76084757,0.20532468,0.69355824
323.76699996,0.01135263,0.00363426,0.02600000,0.75562522,0.20455169,0.69455856
323.86699986,0.01245861,0.00400413,0.02700000,0.77780048,0.20693706,0.69589830
323.96700001,0.01471373,0.00493926,0.02900000,0.77359595,0.20454905,0.73670528
324.06699991,0.01446399,0.00519932,0.02800000,0.82074075,0.20107180,0.73750537
324.16700006,0.01432318,0.00502557,0.03100000,0.81016606,0.21091620,0.74342815
324.26699996,0.01502072,0.00169646,0.02700000,0.84745132,0.20841391,0.72339422
324.36699986,0.01322659,0.00608748,0.02600000,0.78051774,0.20888643,0.75168743
324.46700001,0.01518034,0.00473365,0.02600000,0.83820526,0.20671005,0.73908284
324.56699991,0.01514748,0.00504816,0.02900000,0.83779119,0.20891724,0.77351082
324.66700006,0.01348946,0.00357135,0.03100000,0.78967290,0.21354399,0.78139233
324.76799989,0.01166527,0.00551103,0.02700000,0.79746008,0.21301356,0.75477919
324.86800003,0.01142682,0.00535889,0.03100000,0.79756930,0.21638622,0.74137566
324.96799994,0.01348852,0.00449330,0.03300000,0.79432199,0.21570944,0.80444573
325.06800008,0.01421426,0.00545938,0.02700000,0.81446895,0.21567400,0.74387926
325.16799998,0.01384342,0.00748731,0.02700000,0.82047183,0.21090750,0.77850871
325.26799989,0.01250085,0.00512140,0.02800000,0.85696768,0.22181323,0.79119168
325.36800003,0.01387815,0.00532888,0.02700000,0.85157254,0.22572442,0.78470755
325.46799994,0.01401898,0.00550257,0.02200000,0.87112109,0.22654459,0.77848446
325.56800008,0.01449404,0.00765066,0.02200000,0.91738283,0.23058395,0.80021062
325.66799998,0.01258442,0.00827783,0.02200000,0.89492227,0.23797091,0.74740675
325.76799989,0.01135828,0.00875383,0.02300000,0.88630328,0.24108353,0.73312567
325.86899996,0.01171692,0.00806001,0.02400000,0.87763172,0.23907946,0.73743862
325.96899986,0.01346319,0.00808348,0.02500000,0.88130212,0.24675803,0.74330618
326.06900001,0.01258348,0.00919978,0.02300000,0.86182172,0.25384239,0.75331054
326.16899991,0.01204087,0.00952458,0.02500000,0.86835061,0.25867590,0.73609226
326.26900005,0.01165120,0.00868905,0.02700000,0.85624357,0.26641280,0.73607980
326.36899996,0.01070672,0.00951242,0.02500000,0.87710905,0.26678518,0.75177112
326.46899986,0.01077243,0.00888339,0.02500000,0.88074168,0.27062406,0.73557684
326.56900001,0.00994719,0.00978282,0.02400000,0.90045669,0.27031158,0.74515939
326.66899991,0.01169439,0.00888433,0.02400000,0.91407753,0.26978921,0.77202047
326.76900005,0.01259572,0.00786562,0.02600000,0.88441264,0.27762255,0.77524021
326.86899996,0.01144465,0.00914439,0.02400000,0.87996719,0.27872594,0.75827787
326.97000003,0.01190093,0.00842898,0.02500000,0.87622122,0.28443145,0.76447138
327.06999993,0.01174978,0.00774550,0.02500000,0.88114773,0.28149185,0.74707437
327.17000008,0.01194506,0.00770231,0.02900000,0.82515565,0.26319936,0.74316581
327.26999998,0.01177231,0.00692119,0.02700000,0.83402593,0.25400332,0.74738708
327.36999989,0.01018846,0.00716905,0.02500000,0.83734118,0.25296497,0.73981253
327.47000003,0.01004763,0.00699536,0.02800000,0.84009623,0.24765394,0.73057172
327.56999993,0.00947212,0.00763472,0.02600000,0.83497769,0.25126239,0.74418500
327.67000008,0.00973499,0.00511859,0.02700000,0.81383448,0.23916090,0.74580067
327.76999998,0.01002791,0.00505381,0.02900000,0.82392632,0.23553027,0.72034752
327.86999989,0.00948525,0.00537866,0.02700000,0.82775109,0.24064250,0.76208596
327.97000003,0.00902804,0.00701602,0.02500000,0.84181567,0.22711051,0.78635448
328.06999993,0.00873512,0.00708080,0.02500000,0.83538502,0.23016010,0.79215720
328.17100000,0.00863841,0.00618044,0.02600000,0.83461667,0.23324933,0.84190294
328.27099991,0.00842341,0.00428208,0.02600000,0.85098942,0.23559131,0.85548991
328.37100005,0.00857456,0.00496557,0.02900000,0.81802365,0.23164138,0.86422552
328.47099996,0.00772866,0.00484539,0.02900000,0.81383093,0.23293833,0.85327223
328.57100010,0.00759911,0.00425952,0.02700000,0.80608203,0.22880662,0.84868982
328.67100000,0.00778124,0.00647243,0.02600000,0.78170934,0.23296949,0.82142001
328.77099991,0.00839901,0.00695030,0.02500000,0.75091411,0.22663021,0.81275636
328.87100005,0.00922332,0.00697283,0.02500000,0.73223527,0.22564482,0.81088809
328.97099996,0.01144840,0.00545658,0.03100000,0.73511061,0.22332151,0.78802880
329.07100010,0.01034055,0.00693058,0.02900000,0.72523240,0.22134217,0.77532649
329.17100000,0.00972185,0.00737466,0.02800000,0.73698010,0.23831894,0.78511454
329.27200007,0.00910502,0.00597483,0.02800000,0.73494276,0.22312977,0.78717754
329.37199998,0.01060155,0.00625836,0.03000000,0.74685536,0.20868343,0.77141164
329.47199988,0.01274778,0.00762720,0.03200000,0.78622028,0.22156864,0.81506043
329.57200003,0.01156482,0.00829848,0.03100000,0.74007019,0.20730448,0.79868184
329.67199993,0.01075365,0.00601989,0.03000000,0.72044631,0.19211698,0.80444026
329.77200007,0.01182863,0.00486040,0.03100000,0.69475950,0.18329068,0.79278659
329.87199998,0.01256659,0.00449232,0.03200000,0.76105771,0.17996135,0.80551117
329.97199988,0.01278531,0.00270291,0.03400000,0.77327445,0.17657625,0.85978788
330.07200003,0.01088789,0.00199596,0.03000000,0.72023319,0.17228244,0.82499906
330.17199993,0.01002885,0.00413186,0.02900000,0.73181891,0.17220299,0.83250455
330.27200007,0.01005983,0.00566125,0.03100000,0.71031381,0.17697553,0.83219151
330.37199998,0.00929091,0.00449989,0.03100000,0.71491544,0.16901613,0.82550938
330.47300005,0.00849100,0.00180914,0.03100000,0.71466420,0.16098293,0.85677963
330.57299995,0.00824126,0.00206920,0.02800000,0.71034496,0.16327026,0.85438325
330.67300010,0.00811828,0.00568097,0.02900000,0.72437460,0.17433854,0.84464292
330.77300000,0.00972372,0.00553075,0.03300000,0.75826614,0.18453622,0.86307724
330.87299991,0.00870506,0.00462946,0.03300000,0.73030170,0.18716864,0.89769891
330.97300005,0.01105969,0.00369908,0.03300000,0.75646796,0.17728846,0.87216691
331.07299995,0.01357490,0.00488387,0.02900000,0.80980941,0.18902362,0.88818598
331.17300010,0.01449592,0.00580676,0.02800000,0.84203568,0.18095695,0.88644297
331.27300000,0.01029737,0.00673530,0.02600000,0.76508839,0.20084158,0.84402082
331.37299991,0.00907123,0.00721130,0.02600000,0.76317516,0.20684836,0.82930176
331.47300005,0.00962702,0.00463039,0.02500000,0.75404236,0.18475577,0.83439378
331.57399988,0.00959603,0.00310100,0.02500000,0.74831525,0.18895997,0.84355185
331.67400002,0.00974719,0.00378448,0.02300000,0.73016709,0.19161525,0.85442330
331.77399993,0.01018000,0.00481534,0.02400000,0.73835273,0.18799109,0.85230248
331.87400007,0.01149252,0.00472990,0.02300000,0.78914335,0.19061230,0.87955168
331.97399998,0.01053677,0.00596544,0.02200000,0.76219944,0.20273761,0.89580682
332.07399988,0.00747892,0.00510546,0.02400000,0.79555361,0.18998628,0.92061592
332.17400002,0.00690434,0.00482287,0.02400000,0.80531468,0.19510825,0.91573990
332.27399993,0.00789202,0.00419477,0.02200000,0.80129251,0.19612011,0.92579753
332.37400007,0.00973592,0.00419664,0.02400000,0.79737259,0.19424439,0.92293755
332.47399998,0.01154791,0.00359107,0.02600000,0.84157919,0.20166938,0.94116855
332.57399988,0.00991148,0.00221190,0.02700000,0.79210806,0.20205868,0.91582072
332.67499995,0.00974719,0.00378448,0.02800000,0.79260991,0.21621421,0.92817299
332.77500010,0.00880270,0.00460786,0.02600000,0.80025374,0.22373282,0.91450595
332.87500000,0.01027858,0.00387179,0.02400000,0.85411365,0.23110368,0.90351898
332.97499990,0.00972372,0.00553075,0.02300000,0.85728166,0.23041190,0.91330783
333.07500005,0.00843561,0.00294797,0.02500000,0.78992603,0.22923589,0.91813295
333.17499995,0.01041941,0.00404548,0.02900000,0.82368023,0.23241519,0.91769364
333.27500010,0.00869286,0.00596357,0.02900000,0.78019783,0.23366382,0.90010326
333.37500000,0.00773146,0.00207953,0.02900000,0.76932891,0.23123437,0.90972661
333.47499990,0.00781784,0.00247010,0.02800000,0.75078028,0.24395762,0.91210686
333.57500005,0.00792394,0.00480221,0.02600000,0.75392245,0.24823851,0.90874441
333.67499995,0.00807697,0.00364178,0.02400000,0.75844203,0.24713258,0.87932337
333.77500010,0.00822906,0.00340331,0.02900000,0.74720135,0.23596290,0.87019301
333.87599993,0.00524352,0.00611192,0.02700000,0.73054936,0.22753375,0.84695273
333.97600007,0.00698978,0.00613538,0.02600000,0.73402389,0.22335761,0.82691475
334.07599998,0.00528671,0.00630720,0.02600000,0.70454592,0.22364437,0.85064938
334.17599988,0.00502758,0.00513551,0.02600000,0.67750376,0.21211880,0.82389287
334.27600002,0.00426805,0.00540590,0.02700000,0.65724234,0.21480928,0.80537772
334.37599993,0.00598145,0.00574388,0.02800000,0.68359187,0.21117773,0.82146282
334.47600007,0.00545006,0.00565657,0.02600000,0.67184393,0.20064793,0.82112769
334.57599998,0.00534116,0.00609032,0.02500000,0.69839901,0.20753205,0.82848043
334.67599988,0.00296679,0.00507919,0.02400000,0.70720151,0.19908559,0.83303193
334.77600002,0.00281377,0.00623961,0.02100000,0.71383368,0.20207344,0.83056731
334.87599993,0.00183829,0.00553360,0.02100000,0.70527990,0.20879765,0.83709610
334.97700000,0.00329258,0.00469989,0.02300000,0.71447737,0.20935750,0.84530135
335.07699990,0.00309823,0.00382112,0.02300000,0.72506971,0.20822101,0.81216903
335.17700005,0.00547166,0.00575421,0.02500000,0.70315149,0.20918234,0.84432877
335.27699995,0.00654290,0.00828254,0.02500000,0.70076679,0.20019026,0.86067818
335.37700009,0.00760662,0.00753521,0.02500000,0.71613043,0.19635612,0.86073654
335.47700000,0.00565380,0.00796709,0.02200000,0.73544773,0.19027841,0.85165650
335.57699990,0.00389627,0.00835578,0.02000000,0.72188900,0.19325019,0.86018309
335.67700005,0.00402958,0.00525381,0.02000000,0.73100900,0.18834357,0.87023038
335.77699995,0.00437695,0.00497215,0.02400000,0.72337711,0.19186617,0.89922806
335.87700009,0.00555616,0.00798868,0.02700000,0.73468721,0.18487666,0.89012977
335.97700000,0.00568760,0.00673062,0.02800000,0.72379099,0.18168884,0.91279126
336.07800007,0.00509236,0.00542843,0.02800000,0.72249605,0.18147596,0.90111554
336.17799997,0.00521253,0.00458252,0.02800000,0.74285311,0.17519151,0.91503399
336.27799988,0.00473270,0.00704426,0.02500000,0.74323825,0.17826049,0.88366165
336.37800002,0.00411476,0.00656649,0.02300000,0.74451522,0.17944372,0.90520554
336.47799993,0.00351113,0.00291067,0.03200000,0.78095991,0.17228007,0.94482739
336.57800007,0.00341345,0.00293230,0.02700000,0.79608987,0.16434114,0.89553043
336.67799997,0.00547316,0.00391082,0.02510000,0.78747513,0.16677784,0.85600690
336.77799988,0.00729618,0.00381389,0.02910000,0.81733849,0.16877682,0.88254908
336.87800002,0.00855554,0.01367489,0.02210000,0.80701281,0.17717906,0.91361105
336.97799993,0.01082848,0.01747410,0.02410000,0.82418640,0.19609835,0.90052788
337.07800007,0.01300340,0.02129510,0.02410000,0.83627251,0.19941359,0.92133960
337.17899990,0.01903999,0.02497936,0.02410000,0.89421365,0.20162849,0.87964425
337.27900004,0.01546522,0.02546030,0.01700000,0.86824883,0.21455297,0.83945120
337.37899995,0.01684669,0.02750798,0.02010000,0.85826085,0.21957202,0.83755913
337.47900009,0.01507264,0.03056199,0.01910000,0.83849126,0.22064096,0.82575131
337.57900000,0.01475824,0.02920093,0.02210000,0.82697956,0.22458434,0.82718623
337.67899990,0.01746306,0.03034553,0.02210000,0.82891921,0.21906720,0.77601152
337.77900004,0.02231383,0.02457200,0.02500000,0.86408976,0.21533435,0.77563401
337.87899995,0.02288773,0.01985578,0.02600000,0.86045857,0.20897696,0.78234078
337.97900009,0.02380641,0.01906790,0.03010000,0.86856408,0.20656820,0.80610282
338.07900000,0.01777779,0.01836001,0.03700000,0.82511959,0.20869620,0.86142289
338.17899990,0.02338932,0.02320991,0.03810000,0.85853367,0.20923548,0.88848918
338.27900004,0.02321869,0.02592725,0.03800000,0.80938080,0.21093563,0.85815593
338.37999988,0.03088620,0.02267714,0.02600000,0.89068780,0.21812277,0.81591176
338.48000002,0.02933133,0.02169338,0.02610000,0.88446928,0.21601805,0.81876753
338.57999992,0.02633721,0.02305105,0.02910000,0.86662028,0.21955514,0.80735022
338.68000007,0.02455960,0.02189351,0.03400000,0.79358875,0.21663734,0.84743709
338.77999997,0.02919956,0.02111671,0.02300000,0.83652127,0.21571913,0.77825524
338.87999988,0.02616136,0.02124766,0.02010000,0.80286555,0.20935727,0.75384830
338.98000002,0.03377695,0.02393507,0.01610000,0.85076652,0.22068997,0.75275206
339.07999992,0.02329084,0.01982087,0.02210000,0.79362715,0.21798794,0.74013177
339.18000007,0.03511171,0.01968521,0.01810000,0.85529681,0.21580759,0.71455738
339.27999997,0.03304762,0.01767356,0.01910000,0.84083191,0.21620204,0.68554103
339.37999988,0.03643779,0.01778475,0.02110000,0.83273387,0.21132510,0.71697461
339.48099995,0.04256912,0.01873819,0.02200000,0.79439889,0.21163468,0.69857263
339.58100009,0.03333350,0.01412295,0.03200000,0.75670796,0.20053081,0.77118790
339.68099999,0.03066284,0.01108693,0.02910000,0.76856762,0.20767017,0.78505388
339.78099990,0.02652009,0.00836749,0.02910000,0.71385589,0.21153033,0.77604816
339.88100004,0.02690847,0.01061811,0.02700000,0.70679199,0.21426346,0.73154497
339.98099995,0.02912400,0.01135088,0.02610000,0.73603901,0.22037259,0.70117291
340.08100009,0.02902060,0.01032884,0.02600000,0.71618166,0.22203311,0.70605860
340.18099999,0.02722483,0.00905863,0.02600000,0.71911270,0.21915550,0.67144925
340.28099990,0.02399100,0.00871505,0.02700000,0.71865395,0.22646776,0.67481267
340.38100004,0.02207340,0.00737395,0.03200000,0.70952946,0.22511859,0.76287278
340.48099995,0.02241843,0.00656538,0.03100000,0.69945716,0.22531314,0.77533010
340.58100009,0.02486438,0.00601687,0.02600000,0.70389680,0.22504266,0.75552078
340.68199992,0.02672577,0.00558419,0.02200000,0.73629711,0.22184660,0.75628802
340.78200006,0.02608351,0.00171767,0.02300000,0.73947903,0.22580346,0.79551163
340.88199997,0.02450346,0.00174088,0.02300000,0.75987970,0.22572640,0.79157339
340.98199987,0.02746309,0.00088805,0.02300000,0.78713529,0.22232498,0.76818285
341.08200002,0.02471794,0.00082055,0.02300000,0.79928042,0.22235307,0.74898815
341.18199992,0.02746128,0.00094225,0.02400000,0.79274359,0.22048362,0.75982431
341.28200006,0.02860873,0.00184402,0.01810000,0.78089926,0.22604694,0.75098954
341.38199997,0.02584401,0.00183774,0.01800000,0.79285142,0.23266279,0.76109928
341.48199987,0.02592563,0.00261562,0.02400000,0.75081267,0.22996573,0.75482178
341.58200002,0.02882231,0.00135808,0.02200000,0.74419995,0.22921933,0.74439384
341.68199992,0.03197594,0.00775301,0.02100000,0.73877395,0.23315490,0.76626162
341.78299999,0.02752953,0.00789525,0.02500000,0.78450508,0.23751454,0.79258615
341.88299990,0.02657424,0.00625377,0.02300000,0.77463840,0.23648469,0.76972996
341.98300004,0.02970382,0.00515590,0.02400000,0.79266963,0.24116767,0.79751897
342.08299994,0.02680263,0.00747656,0.01900000,0.79719878,0.23410387,0.79512451
342.18300009,0.02985261,0.00760407,0.02000000,0.79728363,0.23662219,0.78081674
342.28299999,0.03111007,0.00618573,0.01700000,0.78062223,0.23581541,0.79111384
342.38299990,0.02740563,0.00708388,0.02200000,0.79251859,0.23939257,0.80352902
342.48300004,0.02907200,0.01089353,0.01700000,0.79980561,0.24681408,0.79549888
342.58299994,0.03114394,0.01211713,0.01290000,0.84688184,0.24868680,0.78141123
342.68300009,0.03108179,0.01756195,0.01300000,0.86837927,0.24808902,0.79671679
342.78299999,0.02720265,0.01871539,0.01590000,0.83719493,0.24615804,0.80596000
342.88299990,0.02371022,0.01995809,0.01800000,0.83548220,0.24269097,0.84591909
342.98399997,0.01943463,0.02657057,0.02690000,0.79812693,0.25558456,0.90145877
343.08399987,0.02072921,0.02544641,0.03090000,0.79714553,0.25696273,0.91484959
343.18400002,0.02729711,0.01778111,0.02200000,0.80502077,0.24637252,0.85881810
343.28399992,0.03001187,0.01928387,0.01890000,0.80278970,0.25063497,0.88862329
343.38400006,0.03226389,0.02611764,0.01600000,0.85619023,0.25562184,0.89729733
343.48399997,0.02932364,0.02932310,0.01200000,0.81404633,0.25576024,0.89874704
343.58399987,0.02780600,0.03223393,0.00990000,0.83955422,0.25942589,0.88310788
343.68400002,0.02787219,0.03368354,0.00600000,0.84419835,0.26527728,0.86093684
343.78399992,0.03160575,0.03487888,0.01590000,0.85880307,0.27065043,0.86093885
343.88400006,0.03262604,0.03624006,0.01990000,0.88403523,0.26533435,0.83562269
343.98399997,0.03132032,0.04043572,0.02090000,0.86450577,0.26793880,0.88743804
344.08399987,0.02954446,0.04235062,0.01690000,0.79575224,0.26900841,0.85007966
344.18499994,0.02761402,0.04403222,0.02090000,0.79064890,0.26793124,0.90212883
344.28500009,0.02372948,0.08964091,0.01830000,0.77421371,0.32646125,0.85164596
344.38499999,0.02445510,0.08926611,0.01320000,0.76586380,0.32458560,0.85393691
344.48499990,0.02574665,0.05067110,0.01390000,0.75950994,0.27237023,0.83683922
344.58500004,0.02391574,0.08303142,0.01820000,0.77230836,0.31107680,0.81476042
344.68499994,0.02833638,0.05490045,0.01390000,0.77856374,0.26952718,0.80104101
344.78500009,0.02452882,0.08566620,0.01720000,0.78511921,0.31905194,0.79911929
344.88499999,0.02319489,0.08618374,0.01730000,0.75481808,0.31020420,0.78932748
344.98499990,0.02631931,0.05799124,0.01480000,0.77324148,0.27430091,0.80121774
345.08500004,0.01939585,0.08224409,0.02130000,0.75405452,0.29918799,0.85634649
345.18499994,0.02191067,0.06438333,0.01690000,0.73773274,0.28924477,0.80511089
345.28500009,0.01733343,0.08211195,0.01420000,0.73630797,0.30012725,0.81747694
345.38599992,0.01917543,0.08198752,0.01320000,0.74244901,0.29846022,0.81897982
345.48600006,0.02287495,0.08306736,0.01520000,0.74061034,0.29954729,0.82295704
345.58599997,0.02209963,0.08530432,0.01930000,0.74630480,0.29991161,0.83544154
345.68599987,0.02430516,0.08478018,0.02220000,0.76192427,0.29114706,0.87293974
345.78600001,0.02370673,0.08204201,0.02130000,0.70535692,0.29268581,0.83894253
345.88599992,0.02167120,0.07543129,0.01520000,0.72088597,0.28408767,0.77103918
345.98600006,0.01618519,0.07170146,0.01320000,0.74200665,0.28186161,0.74983370
346.08599997,0.01337236,0.07134697,0.00220000,0.74531941,0.27210251,0.74463117
346.18599987,0.01677631,0.07125227,0.00820000,0.72758858,0.26349074,0.74826356
346.28600001,0.02632925,0.07821062,0.01530000,0.77691365,0.27113499,0.76759142
346.38599992,0.02433439,0.07570428,0.01220000,0.78398548,0.27420538,0.74329790
346.48600006,0.02356005,0.07187547,0.01320000,0.76473801,0.27022470,0.74457537
346.58699989,0.02408179,0.06711660,0.01520000,0.76407510,0.26322584,0.73617154
346.68700004,0.02414488,0.06689398,0.01720000,0.75202994,0.25733278,0.75372983
346.78699994,0.02189884,0.06599561,0.01420000,0.72820046,0.24994921,0.73184431
346.88700008,0.01991263,0.06411027,0.01420000,0.74459058,0.23261360,0.72218407
346.98699999,0.01805922,0.06404588,0.01210000,0.68575766,0.23017004,0.74533841
347.08699989,0.01615027,0.06296673,0.01120000,0.68275681,0.22895181,0.71636538
347.18700004,0.01201820,0.05862118,0.01920000,0.68178814,0.22870653,0.71148848
347.28699994,0.01094801,0.05342650,0.02110000,0.64275309,0.22474947,0.70920557
347.38700008,0.01410488,0.05070209,0.02210000,0.67535302,0.21843475,0.69816324
347.48699999,0.01798849,0.05016746,0.02310000,0.71870904,0.22029723,0.72331879
347.58699989,0.00879295,0.04664433,0.02120000,0.63791973,0.22289535,0.67482534
347.68700004,0.00479316,0.04082482,0.01810000,0.62516489,0.21765691,0.68808397
347.78799987,0.00338744,0.04054942,0.01910000,0.63681860,0.22253418,0.69143937
347.88800001,0.00768573,0.04217843,0.02320000,0.65802452,0.22179662,0.70892439
347.98799992,0.00500383,0.03922769,0.02310000,0.65275999,0.22106662,0.69554581
348.08800006,0.00466173,0.03745675,0.02320000,0.63808655,0.22195119,0.67742277
348.18799996,0.00544611,0.03777962,0.02210000,0.66725724,0.22191903,0.58736702
348.28799987,0.00913981,0.03914836,0.02210000,0.67140869,0.22574965,0.62144384
348.38800001,0.01339310,0.03935765,0.02210000,0.68369847,0.22689822,0.64116345
348.48799992,0.01021626,0.03559758,0.02610000,0.68689136,0.23028502,0.67605169
348.58800006,0.00852752,0.03291871,0.02310000,0.68009442,0.22619065,0.61391614
348.68799996,0.00727152,0.03157491,0.02110000,0.68699498,0.22550090,0.58062876
348.78799987,0.00912953,0.03380313,0.02210000,0.67820475,0.23302242,0.60146897
348.88800001,0.00923626,0.03388084,0.01710000,0.66651453,0.23725256,0.62232138
348.98900008,0.00761356,0.03231538,0.01910000,0.64201002,0.23495020,0.59950951
349.08899999,0.00684901,0.03342321,0.00910000,0.64852513,0.22946336,0.59168877
349.18899989,0.00463633,0.02932498,0.01110000,0.64715288,0.22657081,0.55311189
349.28900003,0.00426730,0.02478629,0.02310000,0.67298063,0.22403656,0.56736821
349.38899994,0.01069303,0.02500118,0.02600000,0.66816291,0.22645731,0.57679349
349.48900008,0.01114668,0.02479217,0.01810000,0.65662629,0.21775845,0.58393028
349.58899999,0.01194836,0.02470398,0.01610000,0.71232571,0.21210493,0.57207106
349.68899989,0.01112826,0.02428254,0.01700000,0.71344772,0.21454822,0.58863105
349.78900003,0.00482813,0.02156824,0.02810000,0.67841627,0.21981123,0.63881517
349.88899994,0.00705602,0.01754259,0.03210000,0.68371385,0.21640831,0.66106946
349.98900008,0.00599357,0.01522521,0.03300000,0.66400954,0.21928999,0.66551607
350.08899999,0.00444438,0.01518313,0.03200000,0.65303582,0.22817651,0.65946073
350.19000006,0.00437798,0.01489038,0.02610000,0.64146474,0.23558001,0.67635738
350.28999996,0.00339793,0.01378782,0.02000000,0.63137857,0.22878640,0.65309253
350.38999987,0.00234665,0.01455312,0.01610000,0.65434386,0.23506411,0.64291008
350.49000001,0.00427729,0.01316643,0.01700000,0.63450297,0.22884016,0.62871523
350.58999991,0.00499929,0.01186200,0.01900000,0.65157213,0.22785979,0.64151620
350.69000006,0.00294109,0.00926984,0.01910000,0.68913344,0.21581629,0.65297438
350.78999996,0.00487796,0.00746763,0.01900000,0.69337579,0.21375733,0.64009973
350.88999987,0.00407942,0.00498381,0.01900000,0.71330451,0.20975575,0.62554629
350.99000001,0.00830505,0.00458106,0.02100000,0.70206916,0.20922625,0.64958363
351.08999991,0.01034738,0.00408677,0.02900000,0.70898868,0.20859493,0.72864058
351.19000006,0.00969217,0.00434417,0.03200000,0.72730426,0.20470721,0.75282935
351.28999996,0.00648127,0.00254621,0.03000000,0.69211730,0.20448656,0.75483884
351.39100003,0.00727755,0.00327678,0.02110000,0.69361266,0.19723428,0.65823967
351.49099994,0.00677080,0.00329185,0.01900000,0.70402259,0.19849435,0.64260341
351.59100008,0.00969639,0.00092734,0.02500000,0.70616516,0.19332641,0.65625334
351.69099998,0.01269611,0.00238931,0.02700000,0.71677879,0.19591020,0.72204217
351.79099989,0.01364239,0.00315045,0.02500000,0.74555061,0.19630164,0.73499565
351.89100003,0.01454002,0.00410462,0.02700000,0.79270463,0.19557124,0.70989508
351.99099994,0.01437037,0.00478984,0.03500000,0.81716467,0.19169114,0.69620423
352.09100008,0.00927973,0.00579711,0.03600000,0.75909259,0.18981203,0.70746994
352.19099998,0.00879497,0.00650373,0.03100000,0.75764444,0.19737385,0.69993117
352.29099989,0.00816643,0.00737831,0.02990000,0.75417991,0.19666647,0.73175896
352.39100003,0.00768135,0.00808436,0.02600000,0.72103390,0.20708259,0.72821063
352.49099994,0.00814579,0.01201566,0.02490000,0.76886104,0.21320345,0.73291048
352.59200001,0.01085585,0.01517236,0.01790000,0.78680841,0.22029159,0.66007902
352.69199991,0.01156459,0.01681072,0.01690000,0.79362756,0.22520723,0.65317959
352.79200006,0.01272912,0.01702291,0.01090000,0.81193076,0.22692985,0.64834889
352.89199996,0.01335435,0.01772460,0.00790000,0.82783314,0.22126621,0.66316197
352.99199986,0.01477969,0.01729539,0.00300000,0.82647721,0.22165659,0.63406160
353.09200001,0.01571460,0.01839297,0.00200000,0.82744837,0.22472131,0.64665207
353.19199991,0.01474287,0.02086020,0.00500000,0.83246751,0.21866778,0.64913286
353.29200006,0.01056080,0.02052972,0.01500000,0.85638850,0.21130297,0.65977315
353.39199996,0.01116115,0.02557985,0.02790000,0.87336995,0.22237326,0.70754727
353.49199986,0.01259639,0.02899191,0.02390000,0.85528554,0.22190169,0.66978552
353.59200001,0.01434716,0.03001348,0.02190000,0.86122552,0.23161239,0.67799704
353.69199991,0.01742171,0.03076628,0.01890000,0.87797795,0.23030970,0.66656158
353.79200006,0.01743501,0.03132907,0.01590000,0.84734252,0.23647510,0.66504093
353.89299989,0.01951636,0.03421055,0.01590000,0.89007559,0.24383314,0.68614973
353.99300003,0.02030932,0.03758446,0.01690000,0.87384425,0.24850245,0.67900205
354.09299994,0.01904863,0.04082009,0.01390000,0.89478585,0.25301577,0.69106526
354.19300008,0.01976895,0.04365683,0.01290000,0.89278775,0.25785780,0.69156605
354.29299998,0.02121744,0.04315820,0.01490000,0.88920743,0.25993193,0.68104803
354.39299989,0.02043555,0.04026820,0.02290000,0.88743881,0.26362290,0.70075849
354.49300003,0.02018114,0.04187149,0.02190000,0.90999846,0.27057239,0.72674936
354.59299994,0.01929857,0.04942606,0.02390000,0.86093912,0.27699408,0.72407231
354.69300008,0.01910522,0.05301972,0.02090000,0.87409635,0.28245908,0.72877011
354.79299998,0.02037824,0.05140990,0.01590000,0.90250802,0.28223578,0.72753531
354.89299989,0.02386546,0.05042232,0.00790000,0.91475700,0.28499556,0.71811099
354.99300003,0.02344305,0.05195838,0.00980000,0.88486459,0.29127146,0.73198754
355.09399986,0.02114359,0.05503888,0.02080000,0.87962125,0.29433457,0.77484085
355.19400001,0.01945505,0.05672619,0.02180000,0.87810431,0.29914798,0.78076565
355.29399991,0.01835136,0.05848716,0.02290000,0.86422548,0.30537916,0.77862109
355.39400005,0.02005200,0.05842711,0.02090000,0.86234684,0.30979061,0.77249646
355.49399996,0.01709913,0.05904405,0.02180000,0.87217231,0.30861758,0.77622183
355.59399986,0.01826944,0.05977021,0.02790000,0.86530661,0.29990447,0.75062933
355.69400001,0.01823803,0.06150394,0.02780000,0.85835621,0.30152601,0.75410434
355.79399991,0.01490176,0.06356821,0.02580000,0.86004765,0.30437285,0.78211251
355.89400005,0.01549530,0.06568330,0.02780000,0.82882464,0.30251517,0.77846735
355.99399996,0.01118512,0.06603236,0.02690000,0.81918279,0.30515032,0.73621422
356.09399986,0.01579112,0.06790118,0.02980000,0.81057198,0.30520485,0.75805374
356.19400001,0.02056205,0.07073395,0.02980000,0.87724326,0.30421005,0.74383873
356.29500008,0.01426595,0.09343625,0.03130000,0.80728648,0.34157272,0.72354808
356.39499998,0.02001293,0.07042452,0.03480000,0.86133278,0.30725741,0.72482956
356.49499989,0.01978124,0.07147015,0.03380000,0.85297308,0.29985297,0.70562781
356.59500003,0.01393454,0.09090560,0.02820000,0.81072302,0.32832134,0.69608562
356.69499993,0.02135493,0.07665812,0.02980000,0.86138889,0.31512665,0.69090712
356.79500008,0.01567671,0.09020693,0.03020000,0.80340289,0.33708716,0.73193272
356.89499998,0.02015151,0.07538333,0.02780000,0.87527116,0.30696625,0.72948004
356.99499989,0.02222197,0.07658815,0.02280000,0.87285029,0.30445744,0.72764149
357.09500003,0.02092292,0.08683295,0.02820000,0.83253922,0.32710805,0.76355158
357.19499993,0.01943174,0.08063906,0.03280000,0.80799795,0.31970126,0.75996945
357.29500008,0.01558516,0.08108608,0.03020000,0.79051512,0.31840995,0.73117940
357.39499998,0.02156506,0.08447430,0.02680000,0.82762328,0.32006653,0.73759082
357.49499989,0.02115966,0.08574584,0.02380000,0.81311310,0.31065541,0.73010156
357.59599996,0.02263302,0.07864627,0.03430000,0.77964247,0.29480703,0.73305954
357.69600010,0.02468783,0.07616798,0.03530000,0.74929337,0.27543411,0.72345919
357.79600000,0.01664920,0.07727641,0.03630000,0.73044875,0.27728207,0.72706160
357.89599991,0.01486607,0.07741408,0.02930000,0.71223518,0.27279161,0.71098325
357.99600005,0.01985020,0.07399304,0.02620000,0.78454576,0.26644941,0.70618410
358.09599996,0.01940633,0.07276465,0.03120000,0.81514535,0.26447485,0.70258954
358.19600010,0.01533690,0.07151671,0.03620000,0.80238629,0.26183530,0.68904481
358.29600000,0.01284629,0.06997301,0.03920000,0.73319863,0.25885293,0.71378298
358.39599991,0.01500006,0.06675416,0.04420000,0.78216000,0.25217918,0.73223343
358.49600005,0.01127759,0.06747752,0.04420000,0.75118089,0.25412282,0.69705772
358.59599996,0.00467176,0.06727834,0.04320000,0.76766100,0.24787538,0.68821203
358.69600010,0.00393299,0.06417174,0.04820000,0.74325255,0.25644650,0.69872268
358.79699993,0.00453976,0.06103876,0.05020000,0.72663449,0.25260847,0.76077860
358.89700007,0.00365809,0.06178850,0.05320000,0.69877447,0.25055350,0.76965629
358.99699998,0.00160120,0.05912467,0.05220000,0.69154738,0.25061116,0.73341699
359.09699988,0.00160741,0.06088461,0.05020000,0.69324541,0.25806012,0.71337261
359.19700003,0.00119184,0.05945317,0.05410000,0.72761094,0.26292687,0.76713033
359.29699993,0.00006056,0.05835586,0.05710000,0.71288877,0.26034524,0.78605468
359.39700007,0.00402128,0.05669858,0.05910000,0.74669060,0.25604191,0.79695061
359.49699998,0.00121832,0.05681739,0.05220000,0.72982386,0.26323139,0.79980802
359.59699988,0.00271199,0.05692983,0.04420000,0.70538344,0.27394145,0.74218325
359.69700003,0.00210391,0.05823619,0.04320000,0.71177447,0.27945373,0.75278047
359.79699993,0.00491807,0.05733012,0.05410000,0.69676857,0.27161239,0.84855033
359.89700007,0.00247866,0.05570769,0.05510000,0.71829462,0.26794903,0.81208721
359.99699998,0.00423416,0.05432377,0.05820000,0.72342719,0.27312842,0.82116761
360.09800005,0.00235343,0.05318290,0.05920000,0.75083565,0.27183066,0.79762789
360.19799995,0.00573915,0.05053120,0.05510000,0.78400093,0.26683903,0.77832072
360.29800010,0.00680051,0.04652841,0.05210000,0.79685134,0.26545140,0.80503389
360.39800000,0.00189047,0.04838291,0.05210000,0.77245741,0.27451165,0.79822843
360.49799991,0.00386877,0.05003881,0.05120000,0.75342190,0.27365344,0.80059966
360.59800005,0.00472310,0.04722650,0.05510000,0.77624600,0.28355107,0.81822041
360.69799995,0.00719897,0.04697089,0.05510000,0.82750369,0.28536241,0.80835498
360.79800010,0.00667633,0.04629467,0.04810000,0.86880286,0.28582828,0.76249933
360.89800000,0.00648455,0.04345194,0.03920000,0.87627743,0.27700128,0.75243840
360.99799991,0.00805344,0.04426988,0.03510000,0.83948983,0.28121757,0.77119220
361.09800005,0.00430656,0.04284231,0.03810000,0.82138296,0.27525522,0.75588644
361.19799995,0.00289082,0.04169428,0.04710000,0.79254647,0.27340768,0.83647237
361.29900002,0.00362660,0.04108452,0.05210000,0.79544463,0.26974686,0.82127696
361.39899993,0.00312945,0.03998370,0.05310000,0.79274991,0.26805208,0.82399653
361.49900007,0.00265212,0.03949109,0.05010000,0.76506884,0.26457795,0.81732954
361.59899998,0.00744977,0.03749294,0.04810000,0.76255855,0.25958586,0.83059684
361.69899988,0.00752303,0.03642944,0.04710000,0.74215119,0.25717623,0.83040297
361.79900002,0.00818708,0.03821285,0.04410000,0.72141603,0.25560595,0.84198377
361.89899993,0.00902752,0.03921931,0.04710000,0.72324795,0.25901234,0.83029632
361.99900007,0.00795020,0.03443028,0.04820000,0.74426104,0.25771918,0.79642628
362.09899998,0.01132433,0.03587770,0.04320000,0.74683949,0.25850840,0.82561703
362.19899988,0.01368095,0.03657324,0.03910000,0.77092910,0.25458771,0.79233928
362.29900002,0.01217815,0.03564117,0.04010000,0.75060587,0.25060457,0.80233414
362.39899993,0.01166639,0.02820772,0.04810000,0.71040226,0.24605313,0.79280356
362.50000000,0.01282338,0.02830355,0.04610000,0.74449065,0.25269241,0.80650258
362.59999990,0.01410902,0.03334420,0.04010000,0.75326508,0.25297258,0.81361025
362.70000005,0.01397970,0.03628633,0.04510000,0.77798716,0.25338420,0.83886560
362.79999995,0.01211231,0.03369083,0.04810000,0.72767404,0.24283414,0.83637572
362.90000010,0.01625169,0.02051176,0.03210000,0.79770870,0.23144532,0.74702313
363.00000000,0.02179489,0.00714722,0.00500000,0.78166309,0.21606757,0.72067047
363.09999990,0.02123472,0.00698617,0.00010000,0.76725685,0.20894210,0.68655881
363.20000005,0.02362060,0.01224447,0.00200000,0.73747421,0.20881100,0.69567681
363.29999995,0.02258582,0.01192018,0.00290000,0.73988082,0.20730144,0.69528093
363.40000010,0.01627926,0.00527594,0.00110000,0.72811611,0.19351747,0.67923472
363.50000000,0.01520779,0.00331708,0.00100000,0.73692208,0.18758614,0.65226104
363.59999990,0.01417692,0.00187213,0.00300000,0.73891613,0.18722899,0.62711580
363.70000005,0.01433906,0.00020339,0.00690000,0.73145689,0.17737250,0.62437197
363.80099988,0.01271502,0.00035812,0.01100000,0.69245550,0.17970211,0.61878283
363.90100002,0.01535817,0.00174831,0.00100000,0.72950582,0.17856846,0.62774124
364.00099993,0.02001274,0.00250002,0.00000000,0.71913627,0.18096035,0.63170184
364.10100007,0.02452301,0.00783338,0.00300000,0.72372415,0.18651239,0.61110639
364.20099998,0.01903746,0.00710317,0.00200000,0.70087276,0.19108442,0.62013747
364.30099988,0.01186646,0.01061872,0.00000000,0.66073932,0.19277047,0.60965957
364.40100002,0.01630164,0.01149158,0.00500000,0.69385000,0.19703236,0.63925760
364.50099993,0.01226833,0.01704254,0.00400000,0.63708948,0.20759436,0.60774898
364.60100007,0.01075214,0.02333241,0.00110000,0.61517246,0.21391411,0.59854288
364.70099998,0.01018897,0.02202714,0.00110000,0.62025896,0.21326364,0.62881812
364.80099988,0.00946909,0.01708615,0.00810000,0.60874827,0.21407195,0.63858483
364.90100002,0.00482077,0.01728989,0.01310000,0.62797873,0.21207878,0.65673541
365.00200009,0.00108009,0.02358757,0.00800000,0.62623587,0.21121007,0.66347289
365.10200000,0.00853366,0.03158270,0.00710000,0.63848105,0.21748731,0.67560715
365.20199990,0.01328850,0.03496950,0.01710000,0.65959928,0.21744395,0.68368124
365.30200005,0.00533144,0.03492300,0.01710000,0.65348085,0.21025922,0.72522363
365.40199995,0.00465025,0.03715784,0.01610000,0.65678746,0.22696037,0.72822661
365.50200009,0.00698630,0.04061283,0.02310000,0.68579717,0.22934216,0.79207560
365.60200000,0.01124515,0.03996257,0.02610000,0.67444040,0.23214725,0.79521694
365.70199990,0.01032825,0.03626882,0.02410000,0.67336439,0.21538812,0.76710581
365.80200005,0.00982375,0.03256845,0.02310000,0.67846271,0.21179145,0.75543533
365.90199995,0.00682802,0.03193350,0.01600000,0.67312693,0.21319099,0.72396599
366.00200009,0.00864967,0.03403224,0.01210000,0.69324921,0.21818655,0.70639156
366.10200000,0.01953057,0.03595159,0.01810000,0.75095662,0.21519915,0.75762799
366.20199990,0.02449688,0.03562237,0.02620000,0.76228037,0.21254513,0.78569615
366.30299997,0.02251934,0.03350849,0.02310000,0.77805009,0.22110566,0.78060033
366.40299988,0.02023784,0.03750840,0.01220000,0.77533004,0.22554879,0.74014715
366.50300002,0.01849757,0.04055046,0.01020000,0.77149380,0.23082753,0.72775466
366.60299993,0.01446833,0.03839163,0.01320000,0.76880306,0.23065916,0.75948735
366.70300007,0.00797904,0.03922289,0.01310000,0.69512158,0.22906449,0.76201460
366.80299997,0.00749156,0.04015017,0.01710000,0.67305713,0.23694596,0.78070651
366.90299988,0.00237950,0.04184110,0.01720000,0.66801291,0.24611137,0.78000708
367.00300002,0.00103040,0.04106712,0.02220000,0.65737225,0.24733113,0.76979799
367.10299993,0.00279284,0.04125397,0.02010000,0.66563478,0.24527618,0.77920824
367.20300007,0.00179884,0.04471660,0.01610000,0.67947106,0.24901654,0.76380500
367.30299997,0.00461843,0.04503676,0.01210000,0.68210911,0.25165088,0.77354394
367.40299988,0.00639593,0.04751307,0.00910000,0.65740595,0.26267905,0.76588573
367.50399995,0.00097212,0.05062159,0.02120000,0.67273035,0.26389295,0.79525351
367.60400009,0.00079976,0.05040358,0.02820000,0.67688117,0.25843344,0.84604474
367.70400000,0.00092069,0.05163993,0.03010000,0.70851668,0.26341038,0.86536263
367.80399990,0.00774586,0.04917094,0.02010000,0.70869213,0.26970735,0.79754491
367.90400004,0.00500005,0.05573921,0.01720000,0.73424752,0.28713408,0.79212523
368.00399995,0.00702232,0.05743045,0.01920000,0.73971827,0.28447330,0.77900585
368.10400009,0.00614883,0.05984958,0.01810000,0.75919554,0.29611913,0.76537245
368.20400000,0.00546292,0.06170743,0.02120000,0.75282514,0.29870696,0.78493081
368.30399990,0.00514298,0.06555669,0.02220000,0.74900749,0.31075948,0.79278499
368.40400004,0.00170894,0.06556584,0.02720000,0.75812240,0.31312325,0.77310882
368.50399995,0.00344794,0.06752579,0.02810000,0.78615967,0.31333676,0.76140116
368.60400009,0.00240389,0.06763299,0.02920000,0.75517554,0.30865740,0.77094328
368.70400000,0.00149373,0.07049049,0.02420000,0.75224579,0.30683211,0.78316115
368.80500007,0.00651518,0.03951458,0.02290000,0.76648289,0.27156055,0.77486943
368.90499997,0.00335996,0.07365813,0.02320000,0.77499193,0.30918165,0.80920531
369.00499988,0.00700018,0.07325133,0.02420000,0.80793391,0.30657731,0.80286982
369.10500002,0.00946030,0.03616839,0.02690000,0.79942123,0.25168515,0.79695878
369.20499992,0.00384426,0.07316845,0.02520000,0.80108035,0.29143203,0.80520699
369.30500007,0.01107473,0.03379586,0.02690000,0.77910705,0.24910923,0.79294935
369.40499997,0.00909150,0.07372601,0.02820000,0.77749730,0.29799818,0.77972424
369.50499988,0.01130152,0.07480411,0.03120000,0.79477478,0.29723215,0.76024193
369.60500002,0.01545228,0.02758835,0.03190000,0.79237524,0.24357823,0.74901388
369.70499992,0.01590255,0.07209687,0.03430000,0.81450708,0.29358134,0.73747231
369.80500007,0.02087304,0.02780155,0.03600000,0.86468534,0.24040171,0.76572225
369.90499997,0.01635849,0.07239427,0.03930000,0.83837204,0.28544722,0.78117992
370.00600004,0.02005294,0.02532449,0.04490000,0.86949730,0.22259609,0.78545560
370.10599995,0.01660962,0.02466861,0.04290000,0.81365011,0.22057895,0.78012232
370.20600009,0.01610588,0.02628993,0.04200000,0.81311709,0.22729483,0.74716694
370.30599999,0.01708195,0.02735337,0.03890000,0.80673570,0.22841076,0.74992526
370.40599990,0.01593814,0.02540031,0.03990000,0.80445869,0.22164558,0.73998192
370.50600004,0.01699593,0.02203788,0.04290000,0.83273478,0.21081936,0.72798125
370.60599995,0.01531171,0.02222614,0.04490000,0.84023945,0.21317180,0.70026628
370.70600009,0.01730718,0.02002777,0.04800000,0.84573180,0.21768095,0.70324523
370.80599999,0.02162270,0.01633888,0.04800000,0.89604666,0.20977299,0.68644444
370.90599990,0.01941793,0.01402797,0.04990000,0.85387318,0.20121729,0.68667467
371.00600004,0.01629026,0.01211311,0.04900000,0.81810185,0.19565331,0.68568363
371.10599995,0.01514745,0.01006999,0.04500000,0.83402712,0.19958065,0.68756922
371.20600009,0.01930565,0.00652856,0.04500000,0.82407183,0.18790320,0.68533614
371.30699992,0.02646774,0.00072009,0.04800000,0.88943557,0.18199943,0.67738547
371.40700006,0.02847560,0.00252193,0.05200000,0.87453266,0.17371709,0.68323813
371.50699997,0.03131289,0.00238178,0.05300000,0.87071547,0.17397702,0.68277230
371.60699987,0.03180613,0.00068553,0.05800000,0.83230908,0.17129209,0.71467513
371.70700002,0.02860301,0.00246328,0.06100000,0.83404126,0.18163170,0.70073962
371.80699992,0.02708815,0.00320186,0.06100000,0.85149764,0.17551957,0.68226736
371.90700006,0.02741609,0.00048795,0.06100000,0.85056020,0.16578685,0.70311578
372.00699997,0.02379538,0.00496287,0.05000000,0.82471012,0.16982457,0.61799770
372.10699987,0.02927435,0.00305657,0.05200000,0.80431567,0.16408946,0.60694638
372.20700002,0.02789857,0.00191830,0.05700000,0.77202445,0.17197913,0.66939779
372.30699992,0.02537797,0.00039856,0.05710000,0.77054569,0.17347129,0.65799446
372.40700006,0.01973086,0.00092373,0.05210000,0.76905000,0.16704303,0.62955492
372.50799990,0.02178031,0.00177435,0.05100000,0.78030186,0.16277172,0.64293452
372.60800004,0.02647445,0.00426422,0.05700000,0.80462906,0.16524341,0.71731727
372.70799994,0.02545432,0.00430318,0.05700000,0.81456787,0.16143866,0.71810309
372.80800009,0.01965368,0.00453352,0.06400000,0.75873695,0.16176044,0.75344960
372.90799999,0.01628949,0.00553377,0.06300000,0.74979398,0.16369585,0.72133361
373.00799990,0.01812969,0.00726322,0.05800000,0.75203908,0.16988514,0.69744700
373.10800004,0.02064595,0.01058465,0.05300000,0.76090542,0.18021271,0.65372990
373.20799994,0.02091835,0.01135352,0.05010000,0.75387834,0.18489281,0.64859773
373.30800009,0.01695778,0.00848550,0.04310000,0.75224024,0.17650242,0.66385078
373.40799999,0.01594146,0.00944828,0.04900000,0.78057122,0.17014402,0.66883371
373.50799990,0.01766174,0.01069874,0.05000000,0.77997713,0.17535060,0.69314334
373.60800004,0.01804705,0.01195006,0.05610000,0.75273247,0.19426245,0.73296380
373.70799994,0.01877406,0.01198769,0.05400000,0.76227144,0.19464829,0.73199308
373.80900002,0.01853347,0.01450656,0.05210000,0.77940590,0.19724322,0.73083082
373.90899992,0.01496586,0.01194291,0.04310000,0.79557026,0.19691625,0.73451746
374.00900006,0.01683945,0.01294770,0.04400000,0.80169214,0.19596248,0.73296493
374.10899997,0.01784322,0.01641066,0.04300000,0.81624980,0.20041616,0.72727119
374.20899987,0.02199538,0.01617199,0.04700000,0.85070900,0.20365362,0.70326397
374.30900002,0.02224226,0.01591043,0.05100000,0.83260783,0.20615993,0.70807950
374.40899992,0.01678896,0.00916028,0.04300000,0.77222654,0.18676050,0.71196439
374.50900006,0.01866438,0.00882728,0.04510000,0.77135265,0.18929915,0.70745221
374.60899997,0.01534735,0.00866423,0.04310000,0.75091702,0.19127429,0.72124261
374.70899987,0.01303672,0.01063127,0.03910000,0.76895930,0.19077910,0.74226369
374.80900002,0.01184751,0.00812937,0.03400000,0.76896317,0.18249258,0.74576035
374.90899992,0.01329582,0.00727469,0.03510000,0.77207147,0.18345627,0.73144745
375.00999999,0.01033834,0.00734362,0.03510000,0.77962863,0.18726804,0.74540068
375.10999990,0.01584001,0.00625972,0.03310000,0.79400235,0.18910383,0.75233610
375.21000004,0.01745327,0.00566775,0.03500000,0.84526786,0.19463581,0.74155527
375.30999994,0.01479698,0.00659541,0.03610000,0.81872329,0.20026056,0.74922602
375.41000009,0.01128946,0.00782484,0.04110000,0.82932715,0.20354527,0.78781415
375.50999999,0.00824124,0.01100418,0.04510000,0.80845561,0.21422271,0.78387665
375.60999990,0.01141730,0.00963614,0.04200000,0.77307431,0.21332483,0.76663095
375.71000004,0.01456184,0.00858387,0.04300000,0.77873828,0.21850718,0.74577578
375.80999994,0.01476915,0.01161259,0.04200000,0.80778749,0.23086788,0.73498992
375.91000009,0.01545556,0.01103928,0.04510000,0.80286091,0.22900837,0.74054882
376.00999999,0.01325049,0.01515336,0.04200000,0.75922625,0.24911958,0.76578259
376.10999990,0.00960545,0.01796845,0.03900000,0.76388155,0.24754100,0.73491595
376.21000004,0.01163248,0.01913075,0.04210000,0.77165912,0.25122302,0.76095103
376.31099987,0.01436038,0.01848133,0.04000000,0.83345583,0.25083646,0.77491781
376.41100001,0.01194024,0.02039119,0.04000000,0.74969615,0.25725337,0.76698096
376.51099992,0.01126324,0.02055090,0.04310000,0.73756157,0.26517179,0.79203335
376.61100006,0.00726108,0.01841947,0.04700000,0.73149256,0.25893483,0.77456704
376.71099997,0.00755637,0.01403108,0.04910000,0.72889916,0.24512956,0.75344497
376.81099987,0.00948487,0.00873884,0.05400000,0.72320155,0.22846987,0.80675968
376.91100001,0.00888764,0.01011484,0.04200000,0.70962309,0.22200669,0.74222052
377.01099992,0.01158126,0.01019041,0.05210000,0.72584421,0.22362006,0.78922080
377.11100006,0.01027573,0.01204406,0.04710000,0.65961960,0.22994642,0.76806267
377.21099997,0.00742280,0.01344440,0.04410000,0.65280967,0.24014532,0.76136864
377.31099987,0.00407205,0.01403811,0.04710000,0.66167619,0.24506652,0.79588516
377.41100001,0.00510127,0.00844613,0.04900000,0.69360908,0.22368938,0.79932529
377.51200008,0.00541629,0.00847371,0.05100000,0.70154808,0.22137706,0.82547613
377.61199999,0.00601436,0.00925622,0.04500000,0.72470581,0.21956041,0.75527782
377.71199989,0.00478614,0.00841860,0.04000000,0.75165916,0.21657426,0.74860707
377.81200004,0.00697222,0.00810235,0.04200000,0.74963366,0.22907638,0.74189463
377.91199994,0.00828291,0.00799521,0.04300000,0.79388436,0.22513744,0.73393069
378.01200008,0.00761078,0.00733321,0.04500000,0.76143581,0.22469627,0.74280035
378.11199999,0.00642349,0.00494357,0.04100000,0.75475959,0.22219733,0.71972183
378.21199989,0.00672715,0.00147833,0.04400000,0.74732635,0.21855170,0.73309116
378.31200004,0.00607259,0.00083287,0.03800000,0.74991225,0.22596532,0.73898278
378.41199994,0.00356380,0.00243913,0.03500000,0.73473195,0.21921826,0.72180332
378.51200008,0.00212671,0.00072601,0.03500000,0.71475618,0.21825262,0.71572879
378.61199999,0.00047579,0.00543816,0.03700000,0.68664770,0.22291726,0.70478887
378.71300006,0.00042887,0.01213203,0.04200000,0.72825265,0.22713843,0.71314878
378.81299996,0.00441237,0.01159228,0.03500000,0.70947274,0.21855963,0.71242637
378.91299987,0.00411055,0.01032780,0.03500000,0.74000446,0.20677733,0.73575182
379.01300001,0.00224803,0.00984715,0.03500000,0.73708902,0.21092533,0.72420380
379.11299992,0.00043906,0.00935774,0.03600000,0.74087565,0.20636910,0.72061577
379.21300006,0.00005000,0.00926485,0.04000000,0.72079134,0.21234632,0.75905713
379.31299996,0.00102835,0.00775065,0.04400000,0.76262553,0.20451618,0.77306838
379.41299987,0.00102397,0.00733836,0.04300000,0.73226924,0.20204416,0.76568600
379.51300001,0.00379825,0.00820630,0.04300000,0.76376932,0.20011729,0.75042943
379.61299992,0.00306218,0.00741371,0.04300000,0.73959092,0.19552578,0.74108288
379.71300006,0.00555036,0.00646556,0.04200000,0.80470336,0.19680573,0.76042046
379.81299996,0.00281114,0.00889593,0.03800000,0.76337911,0.20779332,0.77540666
379.91400003,0.00527917,0.01061604,0.03700000,0.81298084,0.20447649,0.76854982
380.01399994,0.00476962,0.01059720,0.03700000,0.81296063,0.20992075,0.77318452
380.11400008,0.00209698,0.01016478,0.03800000,0.78245069,0.20221144,0.78874540
380.21399999,0.00205054,0.01035931,0.03600000,0.79055129,0.20334848,0.75629813
380.31399989,0.00149015,0.01012272,0.03400000,0.78497199,0.20938827,0.78939001
380.41400003,0.00158743,0.01014594,0.03600000,0.76211745,0.20541549,0.78292346
380.51399994,0.00061334,0.01075146,0.04500000,0.74569441,0.21992761,0.80845043
380.61400008,0.00116507,0.01148445,0.04300000,0.73238488,0.22609633,0.82229013
380.71399999,0.00209699,0.01016477,0.04500000,0.74511819,0.23311822,0.83408739
380.81399989,0.00303330,0.00925738,0.04400000,0.77027003,0.23016360,0.83030211
380.91400003,0.00358925,0.00908170,0.04600000,0.79730393,0.22361006,0.83525467
381.01399994,0.00080785,0.01070502,0.04600000,0.75598108,0.24575613,0.82977750
381.11400008,0.00213322,0.01151952,0.04600000,0.75820570,0.24862377,0.84548917
381.21499991,0.00007193,0.01132629,0.04600000,0.73309049,0.24338086,0.84773361
381.31500006,0.00060899,0.01116374,0.04300000,0.75805753,0.24025621,0.82000531
381.41499996,0.00291573,0.01092147,0.05000000,0.80974779,0.22712651,0.82006269
381.51499987,0.00149311,0.01013018,0.05100000,0.77366027,0.21389409,0.82198813
381.61500001,0.00115193,0.01024759,0.04900000,0.75925582,0.21480220,0.81225142
381.71499991,0.00276910,0.00950274,0.04800000,0.81104995,0.21066466,0.83479034
381.81500006,0.00106035,0.00847795,0.05100000,0.73966475,0.21530303,0.86946541
381.91499996,0.00103880,0.00951898,0.04600000,0.75871611,0.22060752,0.88521380
382.01499987,0.00009808,0.00902388,0.04900000,0.71769491,0.22266224,0.86948562
382.11500001,0.00350208,0.00772434,0.04700000,0.77149926,0.21451191,0.85032650
382.21499991,0.00331632,0.00850247,0.04700000,0.76767515,0.22205115,0.85804946
382.31500006,0.00078333,0.00844905,0.04900000,0.72945508,0.21902764,0.84393463
382.41599989,0.00057872,0.00716136,0.05300000,0.69677947,0.21894276,0.81969069
382.51600003,0.00102398,0.00733836,0.05300000,0.73023521,0.22373690,0.83478484
382.61599994,0.00064401,0.00786545,0.05300000,0.71852144,0.22680707,0.85036750
382.71600008,0.00185327,0.00819362,0.05200000,0.73395236,0.23137967,0.83516018
382.81599998,0.00157592,0.00918512,0.04700000,0.71337863,0.23372533,0.82439133
382.91599989,0.00026501,0.00929246,0.04600000,0.73351569,0.22810594,0.82595048
383.01600003,0.00020412,0.00817608,0.05000000,0.71724308,0.23414623,0.83909800
383.11599994,0.00170046,0.00708861,0.05000000,0.72789823,0.22894043,0.82675942
383.21600008,0.00093581,0.00779578,0.05100000,0.73511418,0.23506598,0.81869997
383.31599998,0.00054235,0.00830096,0.05100000,0.75281188,0.22983193,0.83162351
383.41599989,0.00150592,0.00704217,0.05100000,0.77240418,0.22457285,0.81212437
383.51600003,0.00253946,0.00615802,0.05300000,0.84594629,0.21633863,0.80841230
383.61699986,0.00245667,0.00521294,0.05400000,0.82978741,0.21498857,0.80311000
383.71700001,0.00464298,0.00552926,0.04800000,0.81525225,0.20870260,0.77836730
383.81699991,0.00132049,0.00811519,0.04900000,0.76307407,0.20931008,0.78527870
383.91700006,0.00033872,0.00676352,0.04900000,0.76533049,0.19900894,0.78060362
384.01699996,0.00181656,0.00660228,0.04700000,0.78190284,0.19981345,0.76779925
384.11699986,0.00324666,0.00879427,0.04300000,0.76890933,0.19957791,0.78107907
384.21700001,0.00512801,0.00780407,0.04300000,0.77505564,0.19776912,0.79047336
384.31699991,0.00073689,0.00825451,0.04400000,0.72600825,0.20300507,0.78692120
384.41700006,0.00073214,0.00726870,0.04300000,0.70463601,0.20609751,0.78550199
384.51699996,0.00253380,0.00790442,0.04400000,0.76412843,0.21919643,0.79927927
384.61699986,0.00230289,0.00671838,0.04500000,0.78818754,0.22250519,0.79199145
384.71700001,0.00392006,0.00597353,0.04400000,0.79427862,0.22370320,0.81096106
384.81800008,0.00084828,0.00678236,0.04900000,0.74205129,0.23006166,0.80977900
384.91799998,0.00123296,0.00646296,0.04500000,0.74749281,0.22379530,0.78329233
385.01799989,0.00120097,0.00573565,0.04600000,0.75606111,0.22102139,0.75803661
385.11800003,0.00260915,0.00586620,0.04200000,0.81525870,0.22572831,0.76426664
385.21799994,0.00056395,0.00969598,0.04400000,0.74949376,0.24411234,0.77704277
385.31800008,0.00038387,0.00872769,0.04300000,0.74954651,0.24283672,0.78105311
385.41799998,0.00138885,0.00624829,0.04500000,0.73852012,0.22685401,0.76680369
385.51799989,0.00184758,0.00644720,0.04600000,0.77887078,0.21709547,0.76059392
385.61800003,0.00234398,0.00766523,0.04200000,0.76519083,0.21251767,0.75986022
385.71799994,0.00257489,0.00647919,0.04400000,0.77492275,0.21311883,0.77502915
385.81800008,0.00202767,0.00547892,0.04100000,0.78637906,0.21186187,0.77484677
385.91799998,0.00008767,0.00824575,0.04400000,0.75009535,0.22164072,0.80070317
386.01900005,0.00058880,0.00849549,0.04500000,0.73308866,0.22835953,0.80345752
386.11899996,0.00039832,0.00780585,0.04500000,0.72121711,0.21453943,0.81283831
386.21899986,0.00035188,0.00800039,0.04400000,0.69539375,0.22949955,0.82314834
386.31900001,0.00170922,0.00791319,0.03900000,0.67278460,0.22843426,0.81902292
386.41899991,0.00094115,0.00639330,0.04500000,0.64024213,0.21197657,0.84099281
386.51900005,0.00161764,0.00614355,0.04600000,0.64108534,0.21445354,0.83366335
386.61899996,0.00168731,0.00585175,0.04200000,0.65078360,0.21634673,0.82640412
386.71899986,0.00050565,0.00649495,0.04600000,0.67211447,0.22096306,0.82586413
386.81900001,0.00112158,0.00857392,0.04200000,0.68520372,0.24144425,0.82449627
386.91899991,0.00097752,0.00753289,0.04400000,0.64280066,0.22788519,0.81903552
387.01900005,0.00103407,0.00600422,0.04400000,0.63144728,0.22435332,0.82030667
387.11899996,0.00110371,0.00571243,0.04100000,0.63803896,0.21575327,0.82514370
387.21899986,0.00330447,0.00510691,0.04300000,0.70240876,0.21383201,0.81722782
387.31999993,0.00124741,0.00554112,0.04300000,0.63379320,0.21366003,0.80173233
387.42000008,0.00035318,0.00584168,0.04600000,0.64467914,0.21430291,0.80601428
387.51999998,0.00158127,0.00500396,0.04700000,0.66297043,0.20570515,0.82926678
387.61999989,0.00130392,0.00401245,0.04500000,0.64989294,0.19856503,0.83968961
387.72000003,0.00131578,0.00740802,0.04900000,0.59843956,0.19505461,0.85199763
387.81999993,0.00066155,0.00621630,0.04100000,0.61083026,0.19443379,0.81592563
387.92000008,0.00051133,0.00474853,0.04000000,0.60170613,0.18719891,0.79067777
388.01999998,0.00019714,0.00427096,0.03900000,0.61067004,0.18169668,0.77525718
388.11999989,0.00050565,0.00649495,0.04200000,0.58804907,0.18525945,0.77897497
388.22000003,0.00116768,0.00716704,0.04600000,0.60283310,0.18343588,0.76672072
388.31999993,0.00036195,0.00666626,0.04500000,0.62241121,0.18682136,0.76584270
388.42000008,0.00039962,0.00564715,0.04300000,0.62812156,0.17880523,0.74062035
388.52099991,0.00174381,0.00432309,0.04300000,0.63652104,0.17944120,0.75329139
388.62100005,0.00220124,0.00628288,0.04400000,0.69531318,0.19289890,0.77161697
388.72099996,0.00364271,0.00498204,0.04400000,0.72380792,0.19997839,0.75829520
388.82100010,0.00234934,0.00652385,0.04800000,0.73208156,0.19852984,0.72014497
388.92100000,0.00178019,0.00546269,0.04500000,0.70087827,0.19976931,0.74657347
389.02099991,0.00240585,0.00499519,0.04300000,0.74029815,0.19937737,0.70445084
389.12100005,0.00269638,0.00722354,0.04600000,0.73926372,0.19981175,0.68014535
389.22099996,0.00406815,0.00621451,0.04500000,0.75968376,0.18992821,0.65043965
389.32100010,0.00062744,0.00426220,0.04700000,0.71749249,0.19154201,0.65049736
389.42100000,0.00006138,0.00577202,0.04600000,0.73342185,0.18947525,0.64764737
389.52099991,0.00161764,0.00614355,0.04500000,0.76560606,0.20205516,0.61377771
389.62100005,0.00332202,0.00675605,0.04200000,0.81810299,0.20701758,0.60566575
389.72199988,0.00265120,0.00525938,0.04400000,0.77515851,0.20886227,0.63927147
389.82200003,0.00239578,0.00632932,0.04600000,0.76439809,0.20074558,0.62815564
389.92199993,0.00206760,0.00512006,0.04600000,0.69984831,0.19400082,0.63808863
390.02200007,0.00168291,0.00543947,0.04600000,0.71878351,0.19166358,0.63454180
390.12199998,0.00280936,0.00416623,0.04600000,0.78589521,0.19341453,0.62679835
390.22199988,0.00147396,0.00631486,0.04000000,0.73448732,0.19783381,0.61241899
390.32200003,0.00306658,0.00782599,0.04100000,0.72831103,0.19942174,0.62213547
390.42199993,0.00211713,0.00749652,0.04200000,0.72886358,0.20344348,0.61067524
390.52200007,0.00000960,0.00822252,0.04400000,0.73843377,0.21257488,0.60684665
390.62199998,0.00033338,0.00742555,0.04400000,0.69971116,0.21206351,0.56884916
390.72199988,0.00055648,0.00671270,0.04400000,0.69569643,0.20977138,0.56128106
390.82200003,0.00216360,0.00730197,0.04300000,0.72273924,0.22089531,0.56540449
390.92300010,0.00215350,0.00863611,0.04000000,0.73272670,0.22938238,0.58177971
391.02300000,0.00342804,0.00760385,0.04200000,0.75547715,0.21504040,0.60347179
391.12299991,0.00325541,0.00961885,0.03800000,0.76334880,0.23852729,0.63832947
391.22300005,0.00027218,0.00962631,0.03600000,0.76547327,0.23711796,0.64199661
391.32299995,0.00027504,0.01062659,0.04100000,0.73312861,0.23882113,0.66462970
391.42300010,0.00171669,0.01089647,0.04200000,0.71612096,0.23682918,0.66485634
391.52300000,0.00096747,0.00886702,0.04400000,0.71051429,0.22926032,0.69710147
391.62299991,0.00106034,0.00847795,0.04300000,0.71662563,0.22716334,0.71954486
391.72300005,0.00209390,0.00759379,0.04300000,0.73795417,0.22312515,0.71245917
391.82299995,0.00313936,0.01010517,0.04100000,0.74307835,0.22502773,0.70729961
391.92300010,0.00352275,0.01194446,0.03900000,0.73259445,0.23884152,0.73918383
392.02300000,0.00408460,0.01002228,0.04400000,0.70384981,0.21735590,0.71413506
392.12400007,0.00340844,0.01027193,0.04000000,0.69297447,0.21499842,0.73279435
392.22399998,0.00317337,0.00867351,0.04400000,0.70415508,0.21162635,0.76690221
392.32399988,0.00003770,0.00802799,0.04300000,0.69917970,0.20843922,0.77323721
392.42400002,0.00064019,0.00765769,0.04210000,0.70121777,0.19978709,0.79188160
392.52399993,0.00228931,0.00548170,0.04200000,0.70860406,0.19376003,0.78370993
392.62400007,0.00451918,0.00303265,0.04400000,0.72227022,0.18209167,0.83623462
392.72399998,0.00643762,0.00370500,0.04490000,0.68563637,0.17692634,0.83954817
392.82399988,0.00499394,0.00024603,0.04300000,0.69416533,0.17357327,0.81229797
392.92400002,0.00654589,0.00444425,0.04200000,0.70306144,0.18484633,0.77725136
393.02399993,0.00921205,0.00189424,0.04100000,0.73598478,0.18546066,0.76547179
393.12400007,0.01246756,0.00246981,0.03600000,0.78993485,0.17717903,0.76337241
393.22399998,0.01257243,0.00332024,0.04200000,0.76777423,0.17405299,0.82084796
393.32500005,0.01217003,0.01600189,0.03790000,0.71854814,0.20562074,0.76687684
393.42499995,0.01406857,0.00265617,0.03700000,0.78539067,0.17618147,0.71663258
393.52500010,0.01735849,0.01958527,0.03490000,0.76899556,0.19474000,0.71391847
393.62500000,0.01144143,0.01164705,0.03590000,0.70736173,0.17949234,0.70470609
393.72499990,0.01577715,0.00709376,0.03400000,0.78272090,0.16726968,0.72037662
393.82500005,0.01791068,0.01666186,0.02990000,0.77890301,0.19142363,0.72403931
393.92499995,0.02563025,0.00547909,0.02600000,0.79687451,0.17136420,0.72734128
394.02500010,0.01757719,0.01395609,0.03100000,0.78426122,0.19423004,0.73462041
394.12500000,0.01784914,0.01975495,0.03000000,0.79848696,0.20696374,0.74694966
394.22499990,0.02324135,0.00727252,0.02700000,0.77081855,0.18631401,0.72651128
394.32500005,0.01498742,0.01602583,0.02790000,0.78363041,0.20591352,0.71031124
394.42499995,0.02353044,0.01545376,0.02600000,0.81553689,0.20468233,0.71982222
394.52600002,0.01884345,0.01459090,0.02790000,0.82315069,0.20209945,0.72017885
394.62599993,0.02117861,0.01321198,0.02790000,0.80702003,0.20147049,0.72700997
394.72600007,0.02561669,0.01503680,0.02500000,0.81813880,0.20318391,0.72747833
394.82599998,0.02463596,0.02001498,0.02590000,0.79283453,0.21112483,0.74142403
394.92599988,0.01939286,0.01963076,0.02190000,0.77432521,0.20820877,0.75289796
395.02600002,0.01803051,0.01738852,0.01990000,0.78727681,0.20718166,0.73168882
395.12599993,0.01726887,0.01551890,0.02090000,0.79973376,0.20446272,0.75406063
395.22600007,0.02607232,0.02010184,0.01290000,0.84336446,0.21809589,0.73258999
395.32599998,0.01190260,0.02060117,0.02300000,0.79947564,0.21564793,0.73903674
395.42599988,0.01411102,0.01606516,0.02290000,0.82802883,0.21845255,0.74827425
395.52600002,0.01541187,0.01462444,0.02090000,0.80455183,0.22848735,0.74028002
395.62599993,0.01459991,0.01594687,0.01890000,0.80040672,0.23334283,0.73383851
395.72700000,0.01982513,0.01716811,0.01390000,0.78195180,0.23425104,0.73082785
395.82699990,0.01348525,0.01127866,0.02600000,0.81169153,0.21755389,0.76201300
395.92700005,0.01139417,0.01157337,0.02790000,0.78858313,0.22291798,0.78039156
396.02699995,0.01582668,0.01637792,0.01890000,0.85796860,0.24257057,0.76957570
396.12700009,0.00860780,0.01326672,0.02800000,0.78813588,0.23547084,0.79471745
396.22700000,0.01051089,0.01394708,0.02700000,0.79350559,0.24411542,0.80809556
396.32699990,0.01102100,0.01136255,0.02600000,0.80706604,0.23070108,0.79864541
396.42700005,0.00854450,0.01133497,0.03200000,0.80657710,0.21936492,0.82456472
396.52699995,0.01172201,0.01305046,0.02990000,0.81482679,0.23826858,0.85281882
396.62700009,0.00395809,0.00153086,0.03300000,0.83511289,0.21790834,0.84999563
396.72700000,0.00606382,0.00000569,0.03000000,0.83972905,0.21490960,0.86431903
396.82699990,0.00655044,0.00010839,0.03000000,0.85840646,0.21752506,0.85397690
396.92799997,0.00967998,0.00706739,0.02900000,0.85119925,0.21483239,0.84337132
397.02799988,0.01024745,0.00816638,0.02590000,0.82048448,0.20202863,0.81726972
397.12800002,0.00347949,0.00955736,0.03200000,0.79090569,0.20659448,0.78817346
397.22799993,0.00103786,0.01187657,0.03600000,0.74885845,0.21456068,0.80512574
397.32800007,0.00254072,0.00757791,0.03000000,0.77776558,0.18507059,0.76710703
397.42799997,0.00153063,0.00662323,0.02700000,0.75658773,0.18531266,0.80283467
397.52799988,0.00090741,0.00884006,0.02200000,0.75883345,0.19455150,0.76228529
397.62800002,0.00051345,0.01316345,0.02600000,0.74088268,0.21332832,0.77505022
397.72799993,0.00015990,0.01516260,0.02390000,0.74126273,0.21658224,0.76812386
397.82800007,0.00402576,0.00648947,0.03300000,0.73293295,0.19687977,0.83399756
397.92799997,0.00334081,0.00941058,0.03400000,0.71904985,0.19744422,0.83061093
398.02799988,0.00274649,0.01194223,0.02890000,0.70412743,0.19155657,0.77901001
398.12800002,0.00068701,0.00774778,0.02600000,0.66885672,0.18698395,0.78188461
398.22900009,0.00134631,0.00923674,0.02500000,0.66138847,0.19659876,0.78160484
398.32900000,0.00105805,0.00231960,0.02600000,0.63217848,0.18966639,0.78114355
398.42899990,0.00277504,0.00263613,0.02500000,0.60758077,0.19187494,0.77142913
398.52900004,0.00416945,0.00149186,0.02800000,0.62596876,0.19275346,0.75303717
398.62899995,0.00296693,0.00398463,0.03100000,0.65042246,0.18925494,0.79831959
398.72900009,0.00405487,0.00372666,0.03000000,0.65895044,0.19205994,0.74293599
398.82900000,0.00025779,0.00283435,0.03610000,0.66702869,0.19333991,0.78985900
398.92899990,0.00042887,0.00297760,0.03600000,0.65411811,0.19083743,0.80313867
399.02900004,0.00124159,0.00214207,0.03800000,0.64001956,0.18896665,0.79110615
399.12899995,0.00057189,0.00105969,0.03300000,0.61489137,0.19293512,0.77844780
399.22900009,0.00129528,0.00113236,0.02800000,0.63837430,0.20202994,0.70667990
399.32900000,0.00408917,0.00078017,0.02400000,0.65983891,0.20526515,0.69056895
399.43000007,0.00281492,0.00755488,0.03010000,0.66912396,0.21052039,0.70567490
399.52999997,0.00689781,0.00915588,0.03400000,0.68423963,0.21693335,0.74792778
399.62999988,0.01079249,0.00607390,0.03300000,0.66054386,0.21588687,0.76497252
399.73000002,0.01085104,0.00543920,0.03300000,0.64931495,0.21604689,0.77373340
399.82999992,0.00776398,0.00020166,0.02610000,0.66862051,0.20650710,0.70276891
399.93000007,0.00281597,0.00190008,0.02600000,0.65199944,0.20607179,0.71741329
400.02999997,0.00094033,0.00049577,0.02600000,0.66792469,0.21188920,0.71909316
400.12999988,0.00018493,0.00138051,0.02310000,0.69073912,0.21664061,0.73207892
400.23000002,0.00066755,0.00107442,0.02100000,0.70171480,0.22094696,0.72780427
400.32999992,0.00079711,0.00032344,0.01900000,0.72560767,0.21656465,0.75651617
400.43000007,0.00214900,0.00339290,0.01400000,0.69163490,0.22531249,0.73834626
400.52999997,0.00271907,0.00023803,0.00900000,0.71249555,0.22870622,0.70666980
400.63100004,0.02250705,0.03538478,0.01510000,0.75551432,0.25613824,0.75909739
400.73099995,0.01800926,0.03615905,0.01310000,0.75694632,0.24842224,0.76427431
400.83100009,0.01798390,0.03974568,0.01110000,0.77936740,0.24298633,0.73447507
400.93099999,0.02393257,0.04322467,0.01310000,0.76839478,0.24661652,0.70662294
401.03099990,0.02561938,0.04733357,0.01710000,0.79292256,0.24383970,0.70463290
401.13100004,0.02902101,0.04939191,0.01910000,0.79402380,0.24829353,0.69260878
401.23099995,0.02938312,0.05555828,0.02120000,0.81306319,0.25501558,0.70701738
401.33100009,0.02918443,0.05841463,0.02110000,0.82093639,0.25483965,0.70268825
401.43099999,0.02940361,0.05943474,0.02020000,0.82079317,0.25776152,0.72168337
401.53099990,0.03041805,0.06187529,0.02220000,0.83848199,0.26154941,0.72831111
401.63100004,0.03090628,0.06223449,0.02220000,0.83208048,0.25937717,0.76879745
401.73099995,0.02821904,0.06676201,0.02220000,0.82464662,0.26679870,0.77122304
401.83200002,0.02665140,0.07052165,0.02420000,0.80721186,0.26869595,0.77860974
401.93199992,0.02721520,0.07388791,0.02610000,0.78537325,0.27142034,0.79543381
402.03200006,0.02717200,0.07844605,0.02820000,0.76393490,0.28503063,0.76401289
402.13199997,0.02470569,0.08180977,0.02820000,0.75471581,0.28403289,0.75121243
402.23199987,0.02279108,0.08728944,0.02520000,0.77064771,0.28226372,0.74774234
402.33200002,0.02300729,0.09146275,0.02720000,0.77789073,0.27884538,0.76932691
402.43199992,0.02027345,0.09472184,0.03020000,0.72870551,0.28326199,0.77664369
402.53200006,0.01819456,0.09823303,0.03130000,0.71610959,0.29259919,0.79509433
402.63199997,0.01409731,0.10425237,0.03230000,0.70445235,0.30335593,0.78141618
402.73199987,0.00802483,0.10811439,0.03530000,0.73454136,0.31005759,0.77145928
402.83200002,0.00641156,0.11274281,0.03830000,0.75897203,0.31961372,0.77733916
402.93199992,0.00128865,0.11620094,0.03930000,0.74136862,0.33161102,0.80192371
403.03200006,0.00713916,0.11932616,0.04030000,0.75469764,0.33569786,0.85460957
403.13299990,0.00940350,0.12395069,0.04440000,0.75147030,0.34611558,0.86708799
403.23300004,0.01812769,0.12944523,0.05240000,0.75549207,0.34948671,0.87009349
403.33299994,0.02171163,0.13172815,0.05440000,0.75328027,0.34822816,0.90569497
403.43300009,0.02116522,0.13737465,0.05340000,0.74508646,0.36988387,0.89272450
403.53299999,0.02019145,0.15031861,0.08850000,0.77374443,0.39606429,0.92648928
403.63299990,0.01354484,0.15705922,0.08550000,0.77606682,0.39898075,0.91647180
403.73300004,0.01843836,0.16246759,0.08750000,0.76044680,0.40760109,0.92645932
403.83299994,0.01223230,0.16313452,0.07750000,0.73039640,0.41105724,0.90818324
403.93300009,0.02235350,0.16448204,0.07650000,0.73390734,0.41846991,0.87525965
404.03299999,0.02690525,0.15053095,0.07340000,0.76315514,0.39375183,0.87658907
404.13299990,0.01590165,0.13747417,0.06940000,0.74175475,0.37419070,0.86461329
404.23399997,0.01821998,0.13587043,0.07030000,0.75480219,0.37401936,0.87026517
404.33399987,0.01535198,0.10936072,0.05630000,0.74594673,0.32297740,0.85586327
404.43400002,0.00638445,0.06455570,0.02520000,0.73955750,0.26326377,0.78543552
404.53399992,0.02419579,0.04462212,0.02810000,0.77155878,0.24234706,0.77942380
404.63400006,0.02102035,0.03649664,0.02810000,0.76607209,0.22494636,0.74992112
404.73399997,0.01910566,0.03600380,0.03010000,0.79426544,0.22663081,0.71915353
404.83399987,0.01649537,0.00431194,0.01600000,0.80183373,0.19797939,0.69875854
404.93400002,0.02377297,0.00122711,0.01390000,0.80062787,0.19422599,0.70710661
405.03399992,0.02580743,0.00211105,0.00900000,0.83348776,0.19314587,0.69505897
405.13400006,0.03934010,0.00574512,0.00690000,0.92242177,0.20084624,0.69443514
405.23399997,0.03818969,0.00587775,0.00590000,0.92667863,0.19706882,0.69962663
405.33399987,0.02817378,0.00571038,0.00900000,0.88990221,0.19543634,0.71722846
405.43400002,0.02923418,0.00653169,0.01610000,0.85498431,0.19933861,0.72187246
405.53500009,0.03144957,0.05968906,0.02280000,0.84144864,0.24504768,0.73845578
405.63499999,0.03271871,0.05639934,0.02790000,0.86832836,0.23731544,0.73452474
405.73499990,0.02999394,0.01263858,0.03200000,0.88352867,0.19481462,0.74483826
405.83500004,0.02776760,0.06550496,0.03790000,0.85393404,0.24101979,0.73487651
405.93499994,0.02814495,0.00758365,0.04000000,0.82923075,0.19052937,0.74295744
406.03500009,0.03218150,0.05697474,0.03580000,0.80826156,0.23863320,0.74628603
406.13499999,0.03209275,0.05604949,0.03680000,0.78998933,0.24498257,0.75153992
406.23499990,0.03465678,0.01817767,0.03600000,0.79959246,0.21298033,0.72803294
406.33500004,0.03560173,0.05913880,0.04190000,0.79480115,0.26139172,0.70756055
406.43499994,0.03077780,0.01421185,0.05010000,0.78770638,0.21698535,0.74933449
406.53500009,0.03119777,0.06542522,0.05380000,0.80886868,0.27283412,0.74651057
406.63499999,0.02982016,0.06603641,0.04980000,0.82233498,0.27633443,0.75411897
406.73600006,0.00753224,0.06197359,0.04880000,0.72903052,0.27856606,0.76890501
406.83599997,0.01811551,0.04471765,0.02620000,0.75983803,0.24445480,0.66167107
406.93599987,0.02301173,0.04005696,0.04520000,0.78795265,0.23872499,0.74732095
407.03600001,0.02361657,0.03901778,0.04510000,0.78463909,0.23706945,0.79374273
407.13599992,0.02633199,0.04182901,0.03310000,0.82728148,0.24339144,0.71893550
407.23600006,0.02963278,0.04815805,0.02720000,0.82660965,0.26266795,0.73630939
407.33599997,0.02236683,0.05243334,0.03020000,0.75511305,0.26725104,0.72543039
407.43599987,0.02025317,0.04830175,0.04220000,0.75946850,0.26263599,0.78755838
407.53600001,0.02064540,0.04879977,0.04110000,0.74879469,0.26596232,0.72456312
407.63599992,0.02331172,0.03753510,0.04220000,0.78521349,0.24138820,0.72414580
407.73600006,0.02396755,0.03576991,0.04110000,0.79242487,0.24574294,0.75191165
407.83599997,0.02218108,0.03743647,0.03810000,0.72523703,0.24462641,0.73879665
407.93700004,0.01574969,0.03807673,0.03920000,0.70236325,0.24228625,0.75145629
408.03699994,0.01674709,0.03569026,0.03710000,0.70369992,0.24207795,0.74214468
408.13700008,0.01670906,0.03337615,0.03710000,0.67597233,0.24056004,0.74405505
408.23699999,0.01685771,0.03368423,0.03610000,0.66844465,0.23712200,0.75042478
408.33699989,0.00978753,0.03379015,0.03610000,0.65727589,0.24087458,0.74386001
408.43700004,0.01465054,0.03392140,0.02810000,0.65803989,0.24607642,0.73802072
408.53699994,0.01283215,0.03278698,0.02710000,0.67488735,0.24536185,0.73673711
408.63700008,0.01499148,0.03302765,0.02610000,0.69861066,0.25086353,0.73414979
408.73699999,0.01303505,0.03096349,0.02610000,0.66806517,0.24732959,0.74431043
408.83699989,0.01379378,0.03291659,0.03110000,0.63746740,0.24758187,0.73224072
408.93700004,0.01609682,0.03772045,0.03310000,0.63066406,0.26111036,0.75972471
409.03699994,0.01581513,0.04448743,0.04120000,0.63283704,0.26318111,0.76084063
409.13800001,0.01437541,0.04420484,0.04810000,0.66178269,0.25450541,0.80334178
409.23799992,0.01046764,0.04128497,0.04920000,0.65667959,0.24349462,0.79092787
409.33800006,0.01063470,0.03713843,0.04410000,0.63924302,0.23785277,0.74499000
409.43799996,0.00788064,0.03329122,0.04010000,0.64312613,0.23197101,0.79872507
409.53799987,0.00503766,0.03058467,0.04010000,0.66292160,0.21060184,0.78867112
409.63800001,0.00212812,0.03135046,0.04010000,0.64603372,0.22066102,0.79533556
409.73799992,0.00097527,0.02869754,0.04000000,0.62272739,0.20423117,0.78382952
409.83800006,0.00349680,0.02962722,0.03910000,0.64515112,0.21594565,0.77942560
409.93799996,0.00601413,0.02727508,0.04210000,0.66293195,0.21450467,0.80418233
410.03799987,0.00439396,0.02217438,0.04610000,0.67352143,0.20216799,0.82129780
410.13800001,0.00933615,0.01885965,0.04800000,0.67477021,0.19516605,0.84051602
410.23799992,0.00635015,0.01389804,0.04100000,0.68820918,0.18823852,0.79921435
410.33800006,0.00608253,0.01231596,0.04000000,0.67690699,0.19066356,0.77993824
410.43899989,0.01072910,0.01258040,0.04500000,0.68832974,0.18556962,0.82150650
410.53900003,0.01471461,0.00967524,0.04710000,0.74467938,0.17957704,0.81630617
410.63899994,0.01286274,0.01189622,0.04800000,0.69683867,0.18464126,0.83968637
410.73900008,0.01005564,0.01002667,0.04500000,0.69267590,0.17680741,0.83498735
410.83899999,0.00875959,0.00766548,0.03910000,0.68452871,0.17587999,0.75301793
410.93899989,0.00878155,0.00911507,0.03810000,0.68073048,0.18112359,0.74222137
411.03900003,0.01396711,0.00564800,0.04100000,0.70033291,0.17574862,0.79320060
411.13899994,0.00604526,0.00848439,0.03500000,0.70306423,0.17950159,0.74227252
411.23900008,0.00508003,0.00392597,0.03400000,0.69921038,0.17870739,0.74151520
411.33899999,0.00865713,0.00306498,0.03210000,0.71768168,0.18024731,0.74779621
411.43899989,0.00463865,0.01030402,0.03110000,0.71696511,0.19115274,0.77319847
411.53900003,0.00807505,0.00898852,0.03010000,0.73124357,0.18534642,0.77117179
411.63999987,0.00669750,0.00999718,0.02900000,0.71707942,0.18402932,0.76147001
411.74000001,0.00889787,0.00694895,0.02900000,0.70663499,0.18092188,0.76585590
411.83999991,0.01375418,0.00175286,0.02300000,0.73305306,0.18065386,0.75011992
411.94000006,0.00419748,0.00974172,0.03400000,0.73194196,0.18848899,0.79271504
412.03999996,0.00344219,0.00982656,0.03200000,0.76101601,0.19099053,0.79255674
412.13999987,0.00564004,0.00434511,0.02500000,0.75658390,0.19669692,0.79943454
412.24000001,0.00913595,0.00088563,0.02400000,0.75045618,0.19810815,0.80046124
412.33999991,0.00861031,0.00077627,0.03300000,0.74998834,0.20842657,0.84789893
412.44000006,0.01050954,0.00251986,0.03900000,0.75289700,0.21205953,0.84089637
412.53999996,0.01408323,0.00095525,0.03500000,0.75715024,0.21317186,0.80270807
412.63999987,0.01567963,0.00206138,0.03100000,0.74596134,0.22560347,0.81075223
412.74000001,0.02018803,0.00566156,0.03100000,0.81453300,0.22510656,0.82161165
412.83999991,0.01724146,0.00092309,0.02800000,0.78388377,0.22349611,0.76290676
412.94099998,0.02202768,0.00400767,0.02900000,0.82217020,0.22914257,0.83521212
413.04099989,0.01260429,0.00536952,0.02900000,0.77644003,0.23412240,0.80561554
413.14100003,0.01294912,0.00358333,0.02500000,0.77627833,0.22812274,0.76750536
413.24099994,0.01725996,0.00321617,0.02100000,0.78516050,0.23580639,0.74828607
413.34100008,0.01921234,0.00274698,0.02110000,0.77399971,0.23459627,0.75238340
413.44099998,0.02107538,0.00069177,0.01800000,0.78993481,0.22776873,0.73877631
413.54099989,0.02282374,0.00290463,0.01300000,0.85385550,0.23317856,0.74205877
413.64100003,0.02630021,0.00724560,0.01500000,0.84654470,0.23987801,0.74098395
413.74099994,0.03264609,0.01185931,0.01400000,0.85821171,0.24882582,0.71876311
413.84100008,0.02764183,0.01330674,0.00800000,0.86572169,0.25440381,0.71045569
413.94099998,0.03508648,0.01650300,0.00500000,0.87732189,0.26441755,0.72406075
414.04099989,0.01967486,0.00872925,0.01500000,0.82109745,0.25887867,0.75579335
414.14199996,0.02465908,0.01040431,0.01210000,0.89213440,0.26369788,0.74270113
414.24199986,0.02553792,0.01723644,0.00400000,0.89441464,0.26841319,0.75206724
414.34200001,0.02751347,0.01637740,0.00300000,0.90819832,0.26904502,0.75211197
414.44199991,0.02068854,0.00373556,0.00510000,0.82419575,0.24665690,0.74135789
414.54200006,0.01531390,0.00030739,0.00600000,0.82413262,0.24038014,0.74421581
414.64199996,0.01581194,0.00032048,0.01400000,0.84165635,0.23455324,0.73645188
414.74199986,0.01939725,0.00200913,0.01600000,0.84900505,0.23837268,0.74807895
414.84200001,0.02329838,0.00882755,0.01600000,0.83651891,0.25190450,0.73890578
414.94199991,0.02055878,0.00610547,0.01300000,0.82537926,0.23003207,0.72735946
415.04200006,0.02587160,0.00753393,0.00500000,0.86773493,0.23083048,0.73074452
415.14199996,0.02063017,0.00226183,0.00610000,0.80948809,0.23212559,0.72255822
415.24199986,0.02486307,0.00406053,0.00510000,0.80892723,0.22145603,0.70346751
415.34299994,0.02595673,0.00639515,0.00610000,0.83744531,0.22707223,0.69522415
415.44300008,0.03346890,0.01136365,0.00300000,0.85328213,0.23861952,0.68636107
415.54299998,0.03021731,0.01171811,0.00810000,0.86482664,0.23803165,0.69174110
415.64299989,0.02184806,0.01017557,0.01100000,0.83663396,0.22144516,0.72010482
415.74300003,0.02824006,0.01303798,0.00710000,0.89358191,0.23816301,0.72602274
415.84299994,0.02623289,0.01082431,0.01000000,0.86763566,0.22367650,0.70832174
415.94300008,0.03278008,0.01362007,0.00900000,0.87693461,0.23108400,0.71660544
416.04299998,0.02099645,0.00926871,0.01900000,0.82379043,0.21206735,0.74875753
416.14299989,0.02217330,0.00893950,0.02000000,0.81436503,0.20185614,0.78297761
416.24300003,0.02745186,0.01038823,0.01900000,0.86904250,0.20701414,0.77120269
416.34299994,0.02010895,0.01256226,0.02200000,0.81945918,0.20053574,0.74276920
416.44300008,0.02011425,0.01219291,0.02300000,0.78462090,0.20000200,0.74338953
416.54299998,0.02124391,0.00851741,0.02110000,0.77519130,0.19684420,0.76727671
416.64400005,0.02093600,0.00664107,0.02110000,0.72436204,0.19772021,0.76985300
416.74399996,0.02598474,0.00808043,0.01900000,0.77390276,0.20126806,0.77851461
416.84399986,0.01999968,0.00984037,0.01600000,0.72333786,0.20879080,0.77285061
416.94400001,0.01368250,0.00669322,0.01800000,0.71536102,0.20969975,0.78349030
417.04399991,0.01954367,0.00562271,0.01800000,0.70378044,0.19749362,0.79541346
417.14400005,0.02578146,0.00702612,0.01600000,0.76682528,0.19518093,0.77487447
417.24399996,0.02790763,0.00627728,0.01700000,0.74136104,0.18417392,0.75911202
417.34399986,0.02112529,0.00913521,0.01600000,0.72430809,0.18994436,0.77653262
417.44400001,0.01409680,0.00746861,0.01400000,0.67431135,0.19013997,0.73426741
417.54399991,0.01529088,0.00575144,0.01500000,0.67884214,0.18446444,0.75096158
417.64400005,0.01760092,0.00389970,0.01200000,0.66831918,0.18386684,0.73585997
417.74399996,0.02272251,0.00504457,0.00900000,0.70348063,0.19283628,0.74685161
417.84500003,0.02133839,0.02635893,0.00810000,0.70155608,0.22508875,0.74486023
417.94499993,0.01565595,0.01006038,0.00700000,0.64605775,0.19666664,0.74507087
418.04500008,0.01326728,0.02433268,0.01010000,0.64492881,0.23682142,0.73925207
418.14499998,0.01258417,0.00879878,0.00600000,0.63520352,0.21279556,0.71274805
418.24499989,0.01667533,0.00870997,0.00200000,0.67488751,0.21175893,0.72470991
418.34500003,0.01345338,0.02971694,0.01210000,0.64805901,0.25379261,0.73415548
418.44499993,0.01212206,0.00018893,0.01310000,0.66797671,0.20987733,0.73525697
418.54500008,0.01341139,0.03345766,0.01110000,0.65321033,0.25449261,0.76158664
418.64499998,0.00919741,0.00403208,0.01500000,0.63468179,0.20866459,0.79927895
418.74499989,0.01250784,0.00503328,0.01210000,0.64621165,0.20863854,0.79306345
418.84500003,0.00342293,0.03647881,0.02110000,0.64960776,0.25243921,0.82693042
418.94499993,0.00208989,0.00466180,0.02000000,0.66756331,0.21838109,0.82562264
419.04600000,0.00348707,0.03434444,0.01910000,0.68401775,0.25580419,0.82138278
419.14599991,0.00193016,0.03490522,0.01710000,0.68012880,0.24946369,0.85181738
419.24600005,0.00193883,0.03387744,0.01410000,0.67860475,0.26023469,0.78353071
419.34599996,0.00061862,0.03308878,0.01610000,0.66416292,0.26568302,0.79656165
419.44600010,0.00024094,0.03229399,0.01600000,0.66063241,0.25824976,0.83456212
419.54600000,0.00072833,0.03259524,0.01610000,0.68504218,0.25813602,0.84394469
419.64599991,0.00060831,0.03165738,0.01510000,0.68671608,0.25563675,0.84079245
419.74600005,0.00089374,0.03151906,0.01210000,0.74050415,0.25186178,0.82148838
419.84599996,0.00056255,0.03192622,0.00700000,0.74586571,0.25174042,0.80824967
419.94600010,0.00029135,0.03005187,0.00610000,0.74632982,0.23287338,0.80121153
420.04600000,0.00179754,0.03119069,0.00510000,0.73777976,0.22948003,0.79068891
420.14599991,0.00121339,0.02981305,0.00900000,0.76161088,0.23600864,0.77539018
420.24600005,0.00284638,0.02750324,0.00710000,0.75052093,0.23512091,0.78060134
420.34699988,0.00328001,0.02637691,0.00600000,0.77904792,0.24669973,0.80373114
420.44700003,0.00363822,0.02856157,0.01110000,0.76870059,0.24504122,0.77843469
420.54699993,0.00445313,0.03118509,0.01210000,0.75899966,0.24710979,0.75143916
420.64700007,0.00515676,0.03296146,0.01310000,0.76253468,0.24915796,0.74228181
420.74699998,0.00606434,0.03451295,0.01310000,0.79740814,0.24859825,0.73166329
420.84699988,0.00422849,0.03647218,0.01710000,0.81899485,0.26067461,0.77962373
420.94700003,0.00496969,0.04169931,0.01810000,0.82170616,0.26741621,0.77667048
421.04699993,0.00915575,0.04411510,0.01610000,0.87028587,0.26429188,0.71895676
421.14700007,0.00844412,0.04298275,0.01820000,0.87070903,0.25277329,0.76416020
421.24699998,0.00748207,0.04073510,0.02010000,0.86906094,0.24845832,0.76109707
421.34699988,0.00522102,0.03790700,0.01610000,0.80150658,0.24727799,0.69730581
421.44700003,0.00483014,0.03949443,0.01610000,0.78898318,0.25147017,0.70680719
421.54800010,0.00338714,0.04035910,0.01610000,0.78222384,0.25203107,0.71687386
421.64800000,0.00590329,0.04004936,0.01320000,0.79839285,0.24922177,0.72686863
421.74799991,0.00476254,0.03885844,0.00810000,0.82175024,0.25751644,0.72019557
421.84800005,0.00288125,0.03701389,0.01010000,0.80731991,0.24686835,0.72589967
421.94799995,0.00174485,0.03646691,0.01410000,0.78297766,0.24291221,0.72649672
422.04800010,0.00119571,0.03574927,0.01610000,0.80535994,0.23922468,0.79414290
422.14800000,0.00077362,0.03237347,0.01110000,0.79884632,0.24110690,0.76607794
422.24799991,0.00053969,0.03238871,0.01110000,0.81150676,0.24495425,0.75085091
422.34800005,0.00091487,0.03125609,0.00700000,0.86104559,0.24556620,0.74336162
422.44799995,0.00545955,0.03537744,0.01810000,0.86552441,0.24532723,0.77700855
422.54800010,0.00976427,0.03703659,0.03010000,0.89042172,0.25251731,0.77402172
422.64800000,0.00996862,0.03476991,0.01810000,0.89678804,0.25943261,0.74994207
422.74900007,0.00989149,0.03476390,0.02010000,0.91881437,0.25586984,0.74598002
422.84899998,0.01167150,0.02507162,0.01600000,0.92795528,0.25049746,0.70971627
422.94899988,0.00801229,0.02500026,0.01510000,0.88998449,0.25124664,0.68527032
423.04900002,0.00677219,0.02823805,0.01510000,0.85811008,0.25504368,0.71514632
423.14899993,0.00535991,0.02567102,0.01110000,0.86843062,0.25353692,0.69152906
423.24900007,0.00586638,0.02712389,0.01310000,0.86657514,0.24983523,0.70909275
423.34899998,0.00632929,0.03079205,0.01010000,0.85907686,0.25148414,0.72207844
423.44899988,0.00861991,0.03498624,0.01110000,0.82575051,0.25100153,0.68954779
423.54900002,0.01155249,0.03357142,0.01710000,0.90050471,0.24519424,0.69575723
423.64899993,0.01231552,0.03479121,0.01710000,0.88294797,0.23760114,0.71155799
423.74900007,0.01364982,0.03619644,0.01610000,0.89856120,0.25414315,0.70003892
423.84899998,0.00708900,0.02693169,0.01310000,0.81031783,0.23053678,0.66365469
423.94899988,0.00890715,0.02673654,0.01610000,0.79038085,0.22961337,0.67266437
424.04999995,0.01104966,0.02644060,0.01900000,0.77757873,0.22262276,0.73473069
424.15000010,0.01436047,0.02545087,0.01500000,0.83045481,0.22859725,0.68048304
424.25000000,0.01432443,0.02275568,0.00310000,0.81799565,0.22534083,0.67265556
424.34999990,0.01106940,0.02629198,0.00300000,0.80004256,0.22423201,0.67153795
424.45000005,0.01075570,0.02750427,0.00710000,0.81198225,0.22719127,0.68959531
424.54999995,0.01181849,0.02967041,0.00810000,0.80867949,0.22077353,0.67012570
424.65000010,0.01153105,0.03183606,0.01010000,0.76296412,0.23430286,0.65207363
424.75000000,0.01127875,0.03005478,0.01010000,0.77471302,0.23711798,0.63410219
424.84999990,0.00796478,0.02526227,0.00900000,0.77074595,0.21374158,0.63245179
424.95000005,0.00966529,0.02250583,0.01100000,0.76070448,0.21339222,0.62921982
425.04999995,0.01117531,0.02354214,0.01600000,0.78958073,0.21076983,0.61419297
425.15000010,0.01270276,0.02520893,0.01400000,0.77871954,0.21618341,0.62179617
425.25099993,0.00771196,0.02673548,0.01110000,0.76799699,0.23363289,0.62306954
425.35100007,0.00698636,0.02795444,0.01110000,0.76481275,0.23987527,0.57716788
425.45099998,0.00912248,0.02969479,0.01910000,0.73597612,0.24285858,0.63423399
425.55099988,0.01432188,0.03054315,0.02010000,0.73974459,0.24560944,0.63824701
425.65100002,0.01503958,0.02812581,0.01710000,0.75524324,0.24302351,0.58912464
425.75099993,0.01784185,0.03004710,0.01810000,0.80044453,0.23644621,0.62772288
425.85100007,0.01258092,0.02488334,0.01610000,0.75724279,0.23576317,0.56762933
425.95099998,0.01600047,0.02167776,0.01110000,0.80749764,0.21562647,0.56171472
426.05099988,0.01908493,0.02002537,0.01210000,0.80296789,0.21733081,0.57762367
426.15100002,0.01963208,0.02068795,0.01810000,0.84172180,0.21655219,0.62101323
426.25099993,0.02214978,0.02170799,0.02010000,0.82420179,0.22828429,0.63398715
426.35100007,0.01867592,0.01708596,0.01910000,0.79301516,0.21016431,0.63192360
426.45199990,0.02205025,0.01396555,0.01800000,0.79887820,0.20887796,0.57611775
426.55200005,0.02393937,0.01354091,0.01810000,0.81545237,0.21269173,0.60591112
426.65199995,0.02311309,0.00944644,0.01600000,0.78782755,0.22358659,0.62976119
426.75200009,0.02479411,0.00937935,0.01800000,0.81569917,0.22589679,0.62237138
426.85200000,0.02839092,0.01586838,0.02600000,0.82125041,0.23946681,0.70552581
426.95199990,0.02451191,0.01562869,0.02300000,0.81195369,0.24328789,0.73883461
427.05200005,0.02232050,0.01305202,0.02510000,0.81941605,0.24149311,0.71845354
427.15199995,0.02054416,0.01048128,0.02600000,0.83634136,0.23988687,0.71438099
427.25200009,0.02125097,0.00943167,0.02800000,0.86884913,0.23918754,0.75199650
427.35200000,0.01983757,0.00966233,0.01800000,0.84309190,0.24240908,0.69718066
427.45199990,0.02149146,0.00669756,0.01100000,0.83405822,0.24431472,0.69457359
427.55200005,0.02098197,0.00293207,0.01100000,0.81682010,0.23045780,0.67752252
427.65199995,0.01966189,0.00127282,0.00790000,0.81340495,0.22860889,0.69643108
427.75300002,0.02001044,0.00252636,0.00790000,0.83801526,0.22994744,0.72372847
427.85299993,0.01816345,0.00147961,0.00800000,0.83670375,0.22955868,0.73991869
427.95300007,0.01338844,0.00072772,0.00900000,0.79663469,0.23781645,0.71688519
428.05299997,0.00964520,0.00041238,0.01400000,0.79884552,0.23882474,0.73739215
428.15299988,0.00689155,0.00171948,0.01500000,0.79925524,0.23829206,0.76959243
428.25300002,0.00630525,0.00270072,0.01900000,0.76691421,0.23673863,0.80723517
428.35299993,0.00196478,0.00262671,0.01500000,0.74581154,0.22495331,0.73764985
428.45300007,0.00039454,0.00549676,0.01610000,0.74299815,0.21985194,0.78193710
428.55299997,0.00215321,0.00957359,0.02010000,0.74796529,0.21885621,0.83877459
428.65299988,0.00242263,0.01167822,0.01800000,0.74403258,0.21876292,0.80913338
428.75300002,0.00700237,0.01061069,0.01800000,0.74711685,0.21529451,0.78432252
428.85299993,0.00303165,0.00787459,0.01700000,0.74524797,0.21220061,0.79266920
428.95400000,0.00099648,0.00543204,0.01700000,0.71373954,0.21024972,0.78304596
429.05399990,0.00213996,0.00423209,0.01500000,0.70954664,0.21559362,0.77710043
429.15400004,0.00427024,0.00514345,0.01700000,0.70883896,0.21623365,0.79162107
429.25399995,0.00383343,0.00595691,0.01700000,0.70827546,0.21925357,0.78248290
429.35400009,0.00694714,0.00226214,0.01800000,0.70902246,0.45283808,0.77535701
429.45400000,0.00469895,0.00028257,0.01700000,0.72383971,0.49857127,0.77207192
429.55399990,0.00817342,0.00012349,0.02100000,0.75694284,0.52345228,0.77355012
429.65400004,0.00962562,0.00132946,0.02000000,0.76635628,0.49318712,0.78441836
429.75399995,0.01147738,0.00308541,0.01600000,0.85620944,0.48052010,0.77491592
429.85400009,0.00751442,0.01179379,0.00190000,0.79015525,0.45481913,0.73869637
429.95400000,0.00875609,0.01102229,0.00890000,0.78607624,0.41239198,0.70853848
430.05399990,0.00796405,0.00604764,0.01890000,0.78493955,1.24052675,0.72450674
430.15499997,0.00292354,0.00478152,0.02090000,0.76674239,1.24449631,0.73846519
430.25499988,0.00326789,0.00489090,0.02100000,0.74366502,1.25912311,0.73227189
430.35500002,0.00137058,0.05431244,0.01420000,0.72015296,1.29617944,0.69394407
430.45499992,0.00361366,0.00936757,0.01100000,0.74724029,1.29817886,0.68312704
430.55500007,0.00516121,0.05649798,0.00810000,0.74895252,1.45707458,0.69454492
430.65499997,0.00468475,0.00874947,0.01290000,0.77147747,1.41802186,0.70009341
430.75499988,0.00485129,0.00859738,0.01200000,0.77918827,1.39601897,0.72640243
430.85500002,0.00389949,0.05359621,0.01610000,0.81039116,1.46167644,0.71010799
430.95499992,0.00343970,0.01159562,0.01000000,0.78606845,1.45814450,0.65719928
431.05500007,0.00933731,0.04860725,0.00720000,0.81965976,1.48840036,0.66314909
431.15499997,0.00670347,0.01908412,0.00990000,0.75809214,1.48741908,0.65442664
431.25499988,0.00742133,0.02022310,0.01100000,0.74028084,1.47187039,0.64047588
431.35500002,0.00533186,0.04049360,0.01610000,0.76107391,1.47417562,0.62326436
431.45600009,0.00002665,0.03526045,0.01710000,0.72523596,1.43402218,0.61167700
431.55599999,0.00971604,0.03230168,0.02310000,0.79262993,1.43942204,0.58213570
431.65599990,0.01399643,0.02862656,0.02310000,0.78495582,1.44441988,0.58795184
431.75600004,0.01452924,0.02824945,0.02210000,0.80149221,1.46711917,0.59384432
431.85599995,0.01051892,0.01858473,0.03000000,0.79773516,1.42138101,0.60368725
431.95600009,0.00629478,0.01551469,0.03500000,0.74825458,1.41035412,0.62169771
432.05599999,0.00770842,0.01456538,0.03510000,0.77819508,1.36017945,0.65486793
432.15599990,0.01079359,0.00993319,0.03510000,0.74823931,1.44694365,0.68494090
432.25600004,0.01235425,0.00517904,0.03700000,0.78616747,1.48693647,0.66011013
432.35599995,0.01237147,0.00438140,0.02100000,0.77043645,1.42233834,0.64039572
432.45600009,0.00962876,0.01264781,0.02090000,0.75022679,1.32359363,0.67865610
432.55599999,0.00788249,0.02187844,0.02690000,0.75695668,1.31093721,0.68118759
432.65700006,0.00643590,0.02998231,0.03300000,0.72360539,1.25485213,0.70781651
432.75699997,0.00483100,0.04083223,0.03990000,0.72152154,1.25209994,0.69085788
432.85699987,0.00000710,0.05238941,0.04690000,0.67521795,1.27955144,0.69397281
432.95700002,0.00236634,0.06500777,0.05180000,0.69953580,1.33395744,0.72874913
433.05699992,0.00127362,0.08028448,0.05980000,0.68701832,1.37870901,0.74956171
433.15700006,0.00215330,0.09683328,0.06770000,0.71869268,1.37328270,0.75648792
433.25699997,0.00204240,0.10750664,0.07270000,0.71470733,1.40593739,0.76551464
433.35699987,0.00591341,0.11960987,0.08470000,0.72726331,1.38412272,0.81512823
433.45700002,0.00287783,0.13475640,0.08960000,0.70638969,1.48910715,0.83395906
433.55699992,0.00023331,0.13244299,0.08760000,0.71445327,1.55184208,0.79850372
433.65700006,0.00577117,0.02448538,0.06610000,0.72128975,1.49624434,0.77611307
433.75699997,0.00374418,0.04313144,0.06120000,0.71580419,1.50512195,0.76888065
433.85800004,0.00954855,0.03728546,0.05810000,0.71119828,1.47338018,0.71860504
433.95799994,0.01034256,0.03303394,0.06110000,0.68925664,1.50432838,0.74816251
434.05800009,0.01640347,0.02922852,0.05210000,0.71310961,1.52961107,0.78451766
434.15799999,0.01455334,0.17332989,0.08850000,0.72221796,1.64965673,0.80177522
434.25799990,0.01675396,0.25891882,0.10330000,0.72851452,1.77696378,0.80638503
434.35800004,0.01679491,0.27718826,0.10620000,0.70864037,1.85107330,0.81994673
434.45799994,0.02268279,0.29432131,0.09420000,0.70452944,1.95250829,0.78727944
434.55800009,0.02251155,0.31024616,0.10900000,0.71791851,1.93921077,0.81004441
434.65799999,0.02634457,0.33170748,0.11200000,0.73640428,1.92798503,0.83306693
434.75799990,0.02885837,0.35020149,0.11690000,0.73053566,1.92639922,0.82724792
434.85800004,0.02280911,0.38043706,0.11980000,0.66498329,1.99128882,0.83566888
434.95799994,0.02513444,0.40211180,0.12080000,0.72695394,1.93858570,0.84421837
435.05800009,0.02789996,0.42127511,0.11780000,0.73403581,1.97054328,0.83254648
435.15899992,0.02509576,0.43551540,0.11870000,0.72514504,2.00236986,0.85020786
435.25900006,0.02738957,0.45242006,0.12160000,0.76079467,2.12275820,0.83994951
435.35899997,0.02528677,0.46724797,0.12470000,0.75021834,2.11283178,0.86449161
435.45899987,0.02892749,0.48388971,0.12160000,0.75889474,2.10987986,0.87061424
435.55900002,0.02753319,0.50020420,0.12750000,0.76272329,2.08639080,0.86086153
435.65899992,0.02805305,0.51260494,0.13150000,0.76569967,2.15339039,0.85687802
435.75900006,0.02261883,0.52845987,0.13650000,0.72184091,2.08436416,0.86972415
435.85899997,0.01976201,0.54202380,0.13740000,0.69778691,2.11911546,0.86847594
435.95899987,0.02077238,0.55528764,0.14140000,0.72700814,2.07482795,0.84021617
436.05900002,0.02540440,0.57354681,0.14340000,0.76816624,2.08253442,0.85932625
436.15899992,0.03157001,0.59089753,0.14820000,0.77808296,2.10513241,0.84940591
436.25900006,0.03300152,0.60365611,0.15220000,0.74529080,2.12778280,0.87232127
436.35999990,0.02761924,0.60918170,0.15320000,0.73543599,2.14945941,0.86469452
436.46000004,0.02998750,0.61712427,0.15220000,0.76070327,2.14230751,0.86527167
436.55999994,0.03620570,0.62506773,0.15120000,0.79397225,2.13963256,0.85298324
436.66000009,0.03709352,0.62862080,0.16010000,0.77857547,2.09931510,0.85667366
436.75999999,0.03782404,0.63257362,0.16120000,0.79025758,2.07655878,0.86006310
436.85999990,0.04249303,0.63926217,0.17910000,0.80235694,2.07985779,0.88047654
436.96000004,0.04402504,0.64560843,0.18410000,0.81992766,2.01873685,0.90854632
437.05999994,0.04432505,0.65336008,0.18310000,0.79871449,2.01467158,0.89042140
437.16000009,0.04072279,0.66113755,0.18600000,0.77130433,2.03351263,0.87462025
437.25999999,0.04296423,0.66567659,0.18810000,0.76606514,2.03399336,0.88017879
437.35999990,0.03000611,0.67276147,0.19010000,0.74611294,2.08004595,0.89793688
437.46000004,0.02229472,0.67999661,0.18910000,0.72149741,2.00465779,0.90135565
437.56099987,0.02462037,0.69068344,0.18500000,0.74335253,1.99719939,0.95969030
437.66100001,0.02626973,0.70380073,0.18100000,0.77850963,2.01208553,0.97690357
437.76099992,0.02777125,0.71560943,0.18390000,0.78858994,2.07658071,0.98846967
437.86100006,0.02445872,0.72578984,0.18090000,0.79725675,2.09613558,0.99278005
437.96099997,0.02608269,0.73277960,0.18880000,0.81520851,2.07100581,1.00399330
438.06099987,0.02699067,0.73955581,0.19480000,0.80214166,2.13329465,1.02826832
438.16100001,0.00974022,0.74984565,0.19180000,0.78096489,2.14106439,1.01825033
438.26099992,0.00562962,0.75303203,0.20180000,0.76768215,2.17806755,0.99600495
438.36100006,0.00770210,0.75449738,0.20780000,0.74014979,2.11519023,1.01084601
438.46099997,0.00408476,0.75914134,0.21180000,0.75207404,2.10680799,1.03347388
438.56099987,0.00122988,0.76255354,0.21480000,0.76420719,2.11556213,1.01551031
438.66100001,0.00677841,0.76978430,0.20970000,0.74866152,2.08422490,1.00851706
438.76099992,0.01017629,0.77894930,0.20670000,0.72315138,2.02554300,1.00569676
438.86199999,0.00629035,0.78943608,0.20170000,0.70277705,2.05331143,0.96924729
438.96199989,0.00094129,0.79413608,0.19870000,0.73616946,2.05505884,0.97721524
439.06200004,0.00930052,0.80212175,0.20470000,0.72260181,2.14033500,1.01660961
439.16199994,0.01204816,0.80798208,0.20160000,0.73219729,2.16112309,0.99091417
439.26200008,0.01859994,0.81396627,0.19870000,0.76443411,2.19070238,0.99186323
439.36199999,0.01940510,0.81424936,0.19870000,0.79734908,2.15892133,0.97017368
439.46199989,0.01838474,0.81708798,0.19860000,0.81805566,2.11139513,0.99357712
439.56200004,0.01147831,0.81580185,0.20260000,0.78849608,2.16468940,1.00077392
439.66199994,0.00861083,0.81613418,0.19960000,0.78574177,2.12512047,1.01151283
439.76200008,0.00369475,0.81692754,0.19960000,0.80851277,2.11404835,0.99971757
439.86199999,0.01109608,0.82394925,0.19360000,0.77975091,2.11215878,0.99242817
439.96199989,0.01403636,0.82675536,0.19050000,0.78302945,2.14066912,0.99582622
440.06200004,0.02034576,0.83055703,0.18350000,0.79118856,2.16263625,0.98377025
440.16299987,0.02625591,0.83161101,0.18460000,0.82663149,2.20891764,0.99953695
440.26300001,0.02763388,0.83020556,0.18350000,0.84978767,2.16217748,1.01600069
440.36299992,0.02427343,0.83370336,0.18550000,0.84534863,2.17185165,1.02416662
440.46300006,0.02727301,0.83301246,0.18360000,0.85188520,2.09567028,1.00650132
440.56299996,0.02749656,0.83205963,0.17860000,0.84755466,2.05852667,1.02016618
440.66299987,0.03352000,0.83784587,0.17060000,0.85925966,2.04660336,0.99386511
440.76300001,0.03962696,0.84236448,0.16750000,0.86250907,2.08421533,0.96644913
440.86299992,0.04125291,0.84503329,0.18050000,0.87332108,2.11070580,0.97693909
440.96300006,0.04147851,0.84779189,0.18950000,0.87818258,2.12626687,0.99148177
441.06299996,0.04585505,0.85131605,0.19540000,0.88991020,2.15449518,0.96743531
441.16299987,0.05478305,0.85317618,0.18650000,0.92788329,2.20871296,0.97422973
441.26300001,0.05974486,0.85505544,0.18740000,0.92495966,2.22200820,0.95845922
441.36400008,0.05378535,0.85389898,0.19140000,0.92587193,2.26775805,0.95162834
441.46399999,0.04868619,0.84876795,0.19040000,0.94906065,2.22917893,0.94477038
441.56399989,0.05133392,0.84823056,0.18650000,0.96716715,2.18842250,0.93253370
441.66400003,0.04645856,0.84720730,0.18250000,0.94310518,2.19404592,0.94600764
441.76399994,0.03494130,0.84504090,0.18450000,0.92917191,2.10685811,0.95736216
441.86400008,0.02670483,0.83967385,0.19560000,0.91978546,2.05035443,0.97714523
441.96399999,0.01969638,0.83354373,0.20650000,0.92906908,2.08075227,0.99759396
442.06399989,0.01725814,0.82648210,0.21960000,0.92034077,2.08993555,0.99008179
442.16400003,0.01806855,0.81993496,0.21960000,0.93432195,2.04793091,0.98133211
442.26399994,0.01659624,0.81591567,0.21760000,0.92104256,2.03972714,0.97177308
442.36400008,0.01685124,0.81228490,0.21660000,0.88793250,2.07284592,0.97926821
442.46399999,0.01353210,0.81217814,0.21770000,0.88271649,2.10130369,0.98941245
442.56500006,0.01187527,0.70434445,0.21800000,0.84550740,2.01859821,0.96910421
442.66499996,0.01473848,0.81355714,0.21760000,0.84809685,2.10391658,0.96281556
442.76499987,0.01865131,0.81493714,0.21960000,0.83892155,2.03017732,0.95925238
442.86500001,0.01893758,0.70996255,0.22190000,0.81615698,1.97314364,1.01021838
442.96499991,0.01922674,0.81870966,0.22360000,0.84632979,2.05788798,1.03022865
443.06500006,0.01810381,0.71759982,0.22790000,0.81483063,1.99357360,1.05162994
443.16499996,0.02170165,0.83164162,0.22460000,0.79579144,2.10465418,1.05718551
443.26499987,0.02234367,0.84023235,0.22150000,0.81373057,2.12105134,1.04046227
443.36500001,0.02669886,0.74076327,0.21990000,0.79425823,2.00612521,1.01821713
443.46499991,0.03153946,0.84796797,0.22150000,0.83509081,2.04872404,1.01326919
443.56500006,0.02723295,0.74722189,0.22290000,0.83345626,1.96858292,1.01110817
443.66499996,0.02968362,0.85657752,0.21950000,0.82357652,2.06670824,0.99825633
443.76499987,0.02777738,0.86271888,0.21950000,0.84431500,2.09396960,0.99370186
443.86599994,0.02490833,0.76250431,0.21670000,0.83509298,2.04855884,0.98223572
443.96600008,0.02703349,0.76551528,0.21280000,0.85524730,2.04739240,0.94491658
444.06599998,0.02800664,0.76739210,0.20870000,0.83713846,2.02859142,0.91543739
444.16599989,0.02417881,0.76787941,0.21170000,0.82882695,2.00591457,0.92147468
444.26600003,0.02199608,0.76828192,0.21270000,0.80714943,1.97529352,0.91577597
444.36599994,0.02122320,0.77024308,0.20870000,0.82154215,1.97617860,0.92029095
444.46600008,0.02018102,0.77456951,0.20370000,0.80820196,2.03697341,0.94669299
444.56599998,0.02134573,0.77413676,0.20380000,0.79117943,1.97992976,0.95029467
444.66599989,0.02213967,0.77503331,0.20770000,0.74140232,2.00348395,0.95038228
444.76600003,0.01954477,0.77531287,0.20470000,0.76062311,2.06048314,0.94785811
444.86599994,0.01979886,0.77802937,0.20480000,0.74881625,1.97890936,0.94538845
444.96600008,0.01806177,0.78055108,0.20870000,0.74337956,1.99786286,0.97094323
445.06699991,0.01601612,0.77853923,0.20980000,0.70126291,2.01957065,0.98021172
445.16700006,0.01050686,0.77952286,0.20570000,0.66830252,2.07275845,0.99637711
445.26699996,0.00452775,0.77829120,0.20270000,0.65834283,2.06496695,1.00008812
445.36699986,0.00306104,0.78060530,0.20380000,0.69427092,2.02530089,1.03083179
445.46700001,0.00170617,0.78121443,0.20170000,0.70077745,2.00178208,1.03812699
445.56699991,0.00131987,0.78236239,0.19870000,0.70563455,1.99238292,1.01457263
445.66700006,0.00022959,0.78414488,0.19670000,0.73024579,1.99323526,1.03582097
445.76699996,0.00142234,0.78296600,0.19770000,0.73103480,1.99456728,1.03897874
445.86699986,0.00574985,0.77984639,0.20370000,0.72885478,2.02102612,1.04213396
445.96700001,0.00590867,0.78150778,0.20670000,0.74944415,2.00744895,1.03172221
446.06699991,0.00393714,0.78283407,0.20970000,0.75071383,1.99851627,1.01938019
446.16700006,0.00263135,0.78526408,0.20570000,0.77903226,2.05209570,1.00553054
446.26699996,0.00092650,0.78722997,0.20070000,0.78225732,2.04795995,0.98861741
446.36800003,0.00167954,0.78724690,0.20170000,0.76844224,2.04570240,0.98793198
446.46799994,0.00163075,0.78819413,0.20170000,0.77895599,2.01277297,0.97558168
446.56800008,0.00095532,0.79014181,0.19670000,0.80310885,1.99702672,0.98054329
446.66799998,0.00433207,0.79132565,0.18970000,0.80932434,2.02658108,0.97305605
446.76799989,0.00599890,0.79094846,0.18870000,0.82525506,2.01187580,0.95074429
446.86800003,0.00617340,0.78701816,0.18870000,0.81960547,2.05079944,0.95654779
446.96799994,0.00637010,0.78593055,0.18670000,0.80106248,2.06335894,0.97008518
447.06800008,0.00153735,0.78568609,0.19170000,0.75277008,2.03941555,0.98159795
447.16799998,0.00466103,0.78565117,0.20070000,0.75308472,2.01700976,0.99630756
447.26799989,0.00975317,0.78641920,0.20670000,0.73400298,2.12583568,1.00876356
447.36800003,0.00885470,0.78623275,0.19670000,0.74132801,2.14461971,0.97414193
447.46799994,0.00912809,0.78481493,0.19670000,0.76326275,2.18190817,0.99146297
447.56900001,0.01039853,0.78560380,0.19670000,0.77091034,2.18108670,0.96343595
447.66899991,0.01094570,0.78801111,0.19770000,0.78075654,2.24005596,0.95450502
447.76900005,0.01185226,0.78793343,0.19770000,0.80899189,2.25714540,0.95181748
447.86899996,0.01470547,0.78691991,0.19970000,0.81331712,2.23981671,0.96545995
447.96899986,0.01506803,0.78896733,0.19870000,0.82284629,2.25302265,0.97198207
448.06900001,0.01532431,0.79106309,0.19570000,0.79170152,2.23047896,0.94788097
448.16899991,0.01349289,0.79272843,0.19670000,0.77849853,2.24270324,0.95655565
448.26900005,0.01187581,0.79300135,0.19760000,0.78104488,2.25527566,0.93307752
448.36899996,0.01398357,0.79725473,0.19170000,0.78521999,2.20111163,0.90223021
448.46899986,0.01798458,0.79933890,0.19160000,0.74726876,2.16670478,0.89422538
448.56900001,0.01769268,0.80061568,0.19670000,0.74460952,2.16620931,0.90174992
448.66899991,0.01783285,0.79978788,0.19860000,0.74774880,2.26240451,0.91576624
448.76900005,0.02147965,0.80172260,0.19870000,0.75507197,2.28492519,0.90517189
448.86999989,0.02306707,0.80225659,0.19670000,0.77409744,2.21469068,0.89580831
448.97000003,0.02587334,0.80508073,0.20460000,0.83874384,2.17435543,0.89751287
449.06999993,0.02745854,0.80722765,0.21460000,0.83509096,2.19604658,0.88741014
449.17000008,0.02805900,0.80720494,0.21760000,0.84786622,2.23120042,0.88212870
449.26999998,0.02768801,0.80801850,0.21960000,0.80494186,2.10865602,0.86859599
449.36999989,0.02518715,0.80946517,0.22060000,0.78836687,2.15811439,0.88651840
449.47000003,0.02550694,0.81020630,0.22160000,0.77533226,2.11008204,0.88805449
449.56999993,0.02953360,0.81067213,0.22460000,0.78064245,2.13716806,0.89943675
449.67000008,0.03084206,0.81108817,0.22560000,0.74522015,2.20999459,0.92644749
449.76999998,0.03008227,0.81215889,0.22760000,0.74688813,2.21601290,0.93448849
449.86999989,0.02994376,0.81386238,0.22360000,0.72982326,2.34015350,0.94253962
449.97000003,0.03041577,0.81447827,0.22560000,0.71603827,2.31752654,0.92062410
450.07100010,0.03367634,0.81817937,0.22960000,0.72835746,2.33356571,0.94291656
450.17100000,0.03040989,0.81979436,0.23060000,0.73846662,2.33767517,0.94076907
450.27099991,0.02952763,0.82077026,0.22960000,0.72969333,2.25965664,0.95473175
450.37100005,0.03051905,0.82258291,0.22960000,0.72735078,2.27609210,0.95043126
450.47099996,0.02870323,0.82463202,0.22860000,0.73039818,2.22266798,0.94802078
450.57100010,0.03049131,0.82372151,0.23360000,0.71041103,2.19241440,0.96284398
450.67100000,0.03288487,0.82324742,0.23160000,0.71951736,2.14686529,0.96951895
450.77099991,0.03324298,0.82179873,0.22460000,0.72017739,2.15830921,0.95799204
450.87100005,0.03431073,0.82039580,0.22560000,0.72972975,2.13228454,0.95277903
450.97099996,0.03410777,0.81913756,0.22460000,0.70611231,2.13922350,0.94936354
451.07100010,0.03595891,0.82044452,0.22550000,0.73769939,2.15290560,0.93362221
451.17100000,0.03521966,0.82119919,0.21960000,0.76174481,2.16498448,0.94081753
451.27099991,0.03488066,0.81944078,0.21660000,0.75837503,2.19853046,0.94695876
451.37199998,0.03725052,0.81940923,0.21650000,0.74676359,2.21866741,0.97684019
451.47199988,0.03740659,0.81940348,0.22360000,0.73155660,2.25336049,1.00228570
451.57200003,0.03836620,0.82543203,0.21850000,0.74257436,2.27107877,1.01224780
451.67199993,0.03983943,0.82796207,0.21750000,0.74377187,2.25739586,0.98342497
451.77200007,0.04174131,0.82789303,0.21450000,0.71693567,2.18202592,0.94652043
451.87199998,0.04236910,0.82842641,0.21160000,0.71783436,2.21675349,0.93478852
451.97199988,0.04357572,0.82878173,0.20850000,0.70995582,2.32188215,0.95589773
452.07200003,0.04324999,0.82930340,0.21460000,0.71855048,2.36165275,0.96408063
452.17199993,0.04519623,0.83036661,0.21460000,0.73177045,2.37379660,0.95568733
452.27200007,0.04515744,0.82966210,0.21260000,0.75156384,2.30467885,0.95208485
452.37199998,0.04404789,0.82922614,0.20950000,0.75994505,2.34991461,0.94780368
452.47199988,0.04382640,0.82831665,0.21160000,0.76386983,2.30139660,0.93608530
452.57299995,0.04802009,0.82920671,0.21460000,0.76874391,2.33796619,0.92716243
452.67300010,0.05054160,0.83210517,0.20760000,0.77460199,2.31720165,0.93467640
452.77300000,0.05555974,0.83663614,0.20750000,0.78887556,2.23314463,0.91560459
452.87299991,0.05866321,0.83733487,0.20650000,0.77730776,2.20814727,0.91035763
452.97300005,0.06070213,0.83764741,0.20550000,0.77380624,2.14228277,0.91405858
453.07299995,0.06436804,0.83782490,0.20860000,0.78871961,2.16932501,0.93283231
453.17300010,0.06603984,0.84146636,0.21450000,0.78666534,2.12882994,0.91872663
453.27300000,0.07052280,0.84321432,0.21650000,0.78998480,2.13550614,0.94762715
453.37299991,0.06998914,0.84442971,0.21250000,0.80539755,2.11742981,0.96519598
453.47300005,0.07299873,0.84202982,0.21150000,0.80606776,2.08686803,0.96043392
453.57299995,0.07252119,0.83729987,0.21660000,0.76962845,2.09958414,0.97096706
453.67300010,0.07048214,0.83735740,0.22150000,0.76886720,2.08045399,0.96048261
453.77300000,0.07197225,0.84080604,0.22250000,0.76454762,2.08605065,0.93919919
453.87400007,0.07723892,0.84647719,0.21650000,0.76396506,2.12664663,0.93889512
453.97399998,0.07740883,0.84857997,0.21850000,0.76781638,2.15203506,0.93307570
454.07399988,0.07734745,0.84602712,0.21750000,0.79008637,2.11163985,0.90338788
454.17400002,0.07887756,0.84644765,0.21650000,0.76759681,2.16809247,0.90360647
454.27399993,0.07553754,0.84804180,0.21350000,0.75745747,2.10796004,0.85625503
454.37400007,0.07380985,0.85056652,0.21140000,0.75857026,2.07836651,0.79462077
454.47399998,0.07439453,0.84947083,0.21650000,0.78047285,2.06581228,0.77761163
454.57399988,0.07850091,0.84918599,0.21940000,0.78629522,2.08588162,0.77970355
454.67400002,0.08115806,0.85073649,0.22250000,0.81914952,2.10342077,0.75305455
454.77399993,0.08365387,0.85217601,0.22340000,0.82939218,2.16656783,0.78242060
454.87400007,0.08193169,0.85029932,0.22250000,0.84446892,2.17136882,0.80507132
454.97399998,0.07988893,0.84582833,0.21550000,0.84604839,2.08168308,0.80123089
455.07500005,0.07673052,0.74091362,0.21380000,0.84498463,1.98279261,0.78567748
455.17499995,0.08345086,0.84306462,0.21850000,0.84665636,2.09377559,0.80983737
455.27500010,0.07981367,0.73422565,0.21380000,0.83224305,2.00608044,0.80639942
455.37500000,0.08330760,0.73278173,0.20580000,0.81372243,1.98574673,0.80508475
455.47499990,0.08641166,0.83476567,0.20460000,0.81023547,2.10249558,0.83102634
455.57500005,0.07487550,0.72453455,0.20590000,0.82309612,2.02150143,0.84609307
455.67499995,0.07210459,0.83171832,0.19250000,0.82381031,2.13800982,0.83948452
455.77500010,0.07184257,0.73026075,0.18880000,0.83632785,1.97760513,0.82414969
455.87500000,0.07241623,0.72545240,0.19080000,0.84351420,1.99118956,0.83872477
455.97499990,0.07733554,0.83440893,0.19050000,0.85284017,2.06779633,0.84667153
456.07500005,0.08164145,0.72597154,0.18980000,0.87532492,1.97024930,0.84676500
456.17499995,0.08997953,0.84031343,0.19050000,0.88012521,2.08044755,0.82822254
456.27500010,0.08935908,0.74179240,0.19180000,0.87304913,1.95890259,0.85548593
456.37599993,0.09353667,0.74311769,0.18980000,0.88126226,1.96017534,0.81957129
456.47600007,0.09604038,0.74806081,0.18780000,0.87441505,1.98528217,0.79882725
456.57599998,0.09703947,0.75225899,0.18470000,0.89787137,2.01528289,0.78765356
456.67599988,0.09658200,0.75590360,0.17880000,0.92014925,2.02592746,0.81036293
456.77600002,0.10145471,0.75281631,0.18170000,0.91145549,2.00822780,0.82002056
456.87599993,0.10482023,0.75477399,0.18970000,0.89759381,2.01564744,0.85819869
456.97600007,0.10465062,0.75838582,0.19570000,0.91120290,1.96710767,0.85808804
457.07599998,0.10802922,0.76376382,0.20170000,0.90643652,1.96446462,0.87812649
457.17599988,0.10982265,0.76819807,0.19570000,0.88920135,1.98707884,0.89302802
457.27600002,0.10904589,0.76922470,0.19570000,0.87750834,1.99441728,0.89769721
457.37599993,0.10808454,0.77171952,0.19370000,0.86415160,2.05841978,0.91786337
457.47600007,0.10666882,0.77417722,0.19560000,0.85412458,2.01935460,0.97535645
457.57699990,0.10944288,0.77471392,0.20270000,0.83490523,1.98046706,0.99510973
457.67700005,0.10850199,0.77326831,0.20270000,0.83116243,1.99771989,0.98231817
457.77699995,0.10882799,0.77251165,0.19760000,0.80974598,2.00907074,0.98295392
457.87700009,0.10833030,0.77589868,0.20370000,0.80124220,2.01398773,0.96149687
457.97700000,0.10557348,0.77538698,0.20770000,0.79728318,1.98733999,0.97231077
458.07699990,0.10719425,0.77817609,0.20670000,0.79906482,2.05562348,0.98715896
458.17700005,0.10747544,0.77789302,0.20470000,0.80949724,2.07317463,1.00453522
458.27699995,0.11156845,0.77937783,0.20270000,0.78751064,2.10861411,0.98949050
458.37700009,0.10902081,0.77843659,0.19670000,0.78265592,2.12697039,0.98816602
458.47700000,0.11245488,0.77856508,0.19970000,0.75102573,2.12816939,1.01272255
458.57699990,0.11601916,0.77774164,0.20070000,0.77211882,2.08817562,1.00368662
458.67700005,0.12093169,0.77966620,0.20270000,0.78268349,2.14744322,0.98297659
458.77699995,0.11847496,0.78074563,0.20970000,0.79789622,2.20794763,0.96651840
458.87800002,0.11436141,0.78720843,0.20670000,0.79122842,2.18983883,0.95176948
458.97799993,0.11435206,0.78845760,0.20760000,0.78330540,2.21431218,0.92797694
459.07800007,0.11196231,0.78826096,0.19560000,0.78497166,2.19407901,0.92294332
459.17799997,0.11330646,0.78779839,0.19870000,0.76455059,2.25335163,0.91789221
459.27799988,0.11034640,0.78817625,0.19960000,0.76144550,2.31211018,0.94200361
459.37800002,0.11156661,0.79052471,0.19860000,0.75929960,2.32905956,0.91036563
459.47799993,0.11345727,0.79390326,0.20160000,0.78380174,2.27534914,0.94869231
459.57800007,0.10850193,0.79572281,0.20860000,0.78368757,2.31681768,0.93324771
459.67799997,0.11102170,0.80128893,0.20860000,0.77726555,2.31787494,0.94223739
459.77799988,0.11097106,0.80747186,0.20860000,0.77077692,2.32172508,0.92110781
459.87800002,0.11202925,0.81209434,0.20450000,0.78799184,2.37774168,0.90562276
459.97799993,0.10988479,0.81587546,0.19860000,0.79265673,2.34957475,0.86185796
460.07900000,0.10551985,0.81555145,0.19160000,0.74625666,2.33159071,0.86532778
460.17899990,0.10070507,0.81527105,0.19050000,0.74628875,2.35571725,0.85134041
460.27900004,0.09298357,0.81407214,0.19460000,0.70073026,2.35759649,0.86271310
460.37899995,0.08449025,0.81412036,0.19660000,0.68594384,2.26369088,0.86056145
460.47900009,0.08022064,0.81134699,0.19860000,0.67919570,2.36382125,0.86726813
460.57900000,0.07330994,0.81142397,0.19460000,0.70806457,2.36765068,0.85117951
460.67899990,0.06902914,0.81057312,0.19260000,0.72402235,2.33980527,0.85012348
460.77900004,0.06335940,0.81022081,0.19260000,0.73675744,2.33472165,0.86882576
460.87899995,0.05989991,0.81157371,0.18860000,0.73501252,2.34892851,0.86897885
460.97900009,0.05566886,0.81107802,0.18360000,0.73160450,2.25426785,0.86578267
461.07900000,0.04927473,0.80920389,0.17860000,0.71721154,2.28929622,0.88844202
461.17899990,0.04596014,0.81103857,0.17870000,0.72072824,2.26792788,0.88036404
461.27900004,0.04083091,0.81220554,0.18070000,0.71352265,2.19417845,0.86659487
461.37999988,0.03885096,0.81202464,0.17760000,0.73861275,2.12300856,0.86650002
461.48000002,0.03986517,0.81477737,0.18260000,0.73379046,2.13160702,0.86910528
461.57999992,0.03943933,0.81630099,0.18960000,0.75255235,2.05831419,0.84582477
461.68000007,0.04172048,0.81995641,0.19450000,0.74628131,2.08941731,0.86799765
461.77999997,0.03843361,0.82334706,0.19160000,0.73931049,2.05487232,0.87324773
461.87999988,0.03977013,0.82654933,0.19060000,0.70676495,2.08008237,0.87540596
461.98000002,0.04260883,0.82993948,0.18850000,0.69072277,2.14236620,0.92279934
462.07999992,0.04103868,0.83109619,0.18850000,0.69264126,2.16862032,0.92328313
462.18000007,0.04089205,0.83030310,0.19160000,0.67880063,2.14194649,0.91914382
462.27999997,0.04218271,0.82736221,0.20050000,0.70221682,2.17145695,0.96000560
462.37999988,0.04870244,0.82775209,0.20060000,0.69819880,2.23219982,0.95696150
462.48000002,0.05158765,0.83071243,0.19750000,0.73343199,2.25665622,0.94194195
462.57999992,0.04796529,0.83411857,0.19750000,0.69906546,2.18907629,0.92936724
462.68099999,0.05170179,0.83543532,0.19850000,0.69727259,2.24661056,0.92973823
462.78099990,0.06324904,0.83574877,0.19850000,0.73246961,2.24761801,0.94934122
462.88100004,0.06935673,0.83606034,0.20450000,0.76068851,2.25383347,0.95436207
462.98099995,0.07331048,0.83711198,0.20350000,0.72954809,2.33398364,0.95249678
463.08100009,0.07987592,0.83884731,0.20650000,0.80536062,2.32521117,0.97351511
463.18099999,0.08138918,0.84053046,0.21050000,0.81792928,2.35946505,1.00292064
463.28099990,0.08341946,0.84115946,0.20950000,0.80635078,2.40474097,1.01873103
463.38100004,0.08264479,0.84050616,0.20750000,0.78760627,2.43848968,1.01134095
463.48099995,0.08184864,0.84158622,0.20650000,0.80958121,2.34687673,1.00817143
463.58100009,0.08038792,0.84526140,0.20650000,0.81957638,2.38194018,1.03466583
463.68099999,0.07590100,0.84827661,0.20650000,0.80307086,2.38441110,1.04852052
463.78099990,0.07197675,0.84798732,0.20350000,0.75729122,2.43283658,1.04822115
463.88199997,0.06987019,0.84852201,0.19450000,0.76059742,2.42028604,1.03668684
463.98199987,0.06951446,0.84972998,0.19350000,0.75049195,2.38785593,1.02554778
464.08200002,0.06797609,0.84997321,0.20150000,0.75577692,2.32689858,1.04475264
464.18199992,0.06516388,0.84752546,0.19650000,0.75821147,2.32171018,1.00911021
464.28200006,0.06544119,0.84371300,0.19550000,0.73886309,2.28818104,1.00312266
464.38199997,0.06843859,0.83934665,0.20450000,0.71552238,2.24871573,1.02899877
464.48199987,0.06904985,0.84039477,0.20850000,0.70607176,2.22868453,1.00388983
464.58200002,0.06063173,0.84416470,0.20850000,0.71583423,2.28837148,1.01571254
464.68199992,0.06008022,0.84607105,0.20550000,0.71489774,2.30066582,1.00800958
464.78200006,0.06211674,0.84533473,0.20050000,0.72836891,2.22928375,0.98718154
464.88199997,0.05908052,0.84805633,0.19440000,0.70665959,2.17055010,0.98076663
464.98199987,0.05730426,0.84866582,0.19350000,0.74037307,2.18058631,1.01110373
465.08200002,0.05806321,0.84588987,0.19550000,0.75811106,2.18041131,1.00481752
465.18300009,0.06158877,0.84820518,0.19650000,0.77492990,2.19948036,1.06252088
465.28299999,0.06673181,0.85026316,0.20050000,0.81015301,2.23159342,1.05154791
465.38299990,0.06265496,0.84834793,0.20440000,0.77912174,2.24321153,1.02739496
465.48300004,0.06162410,0.84783032,0.20050000,0.79136058,2.25064023,1.01532600
465.58299994,0.06440978,0.84556037,0.19350000,0.78094664,2.19791740,1.03006009
465.68300009,0.06519098,0.84853728,0.19050000,0.81034348,2.25310560,1.04677983
465.78299999,0.06683725,0.84690165,0.19150000,0.81627468,2.24183535,1.04234394
465.88299990,0.06672348,0.84914371,0.19140000,0.79616065,2.20190650,1.02196823
465.98300004,0.07425569,0.85209297,0.18840000,0.81227418,2.17994125,1.02654751
466.08299994,0.07767557,0.85501544,0.19140000,0.85603812,2.19702767,1.03635258
466.18300009,0.07636098,0.85705944,0.19540000,0.83901962,2.16569339,1.05908471
466.28299999,0.07254559,0.85777123,0.19350000,0.85138344,2.14176076,1.02536617
466.38400006,0.07340459,0.85928425,0.18950000,0.84778343,2.16586280,1.01405457
466.48399997,0.07261636,0.85720672,0.18940000,0.86388781,2.09636340,0.98716103
466.58399987,0.07481191,0.85008619,0.19050000,0.87071079,2.08916269,0.97683181
466.68400002,0.07776228,0.85055605,0.19140000,0.87748820,2.07420035,0.96365916
466.78399992,0.08555110,0.84861220,0.19650000,0.88348106,2.09610736,0.95287216
466.88400006,0.09401671,0.84980236,0.19440000,0.87538488,2.07451036,0.93136318
466.98399997,0.10151221,0.84537593,0.18740000,0.85247130,2.06945977,0.90695466
467.08399987,0.10530437,0.84559343,0.18550000,0.84221505,2.09086793,0.94637171
467.18400002,0.10890204,0.84623815,0.18350000,0.81747466,2.10338757,0.94259129
467.28399992,0.10973792,0.84421402,0.18550000,0.80717571,2.09845943,0.93916595
467.38400006,0.11209673,0.84015078,0.18550000,0.83603213,2.13073819,0.91813949
467.48399997,0.11421753,0.83599642,0.18750000,0.86883379,2.15428340,0.87648125
467.58399987,0.11908468,0.83458180,0.18850000,0.86053088,2.07617430,0.90812281
467.68499994,0.12493727,0.83290017,0.18750000,0.83532769,2.06075365,0.90440326
467.78500009,0.12533383,0.78247267,0.18370000,0.80970365,2.13363761,0.90532532
467.88499999,0.13083779,0.78572102,0.18260000,0.82441132,2.14410957,0.91526221
467.98499990,0.13216915,0.83365869,0.18050000,0.82177950,2.16321994,0.93723753
468.08500004,0.13708675,0.79081630,0.18260000,0.80814920,2.11701826,0.93295945
468.18499994,0.14014918,0.83569251,0.18350000,0.81417809,2.24788331,0.90994958
468.28500009,0.14868535,0.78949713,0.18460000,0.79856879,2.21012783,0.87053798
468.38499999,0.14911079,0.78894750,0.18760000,0.77264030,2.18011713,0.89515363
468.48499990,0.15091205,0.83131612,0.18650000,0.78908339,2.18828071,0.85654005
468.58500004,0.15123403,0.78793307,0.18860000,0.80477319,2.14520083,0.87897100
468.68499994,0.15259073,0.82711286,0.19150000,0.80884385,2.17619852,0.85586922
468.78500009,0.16257809,0.78448906,0.19970000,0.82238733,2.12199489,0.83789365
468.88599992,0.16301685,0.78488732,0.19960000,0.81272449,2.12329231,0.87235755
468.98600006,0.16429581,0.78417950,0.20060000,0.80741516,2.04035860,0.90300454
469.08599997,0.15747923,0.78643255,0.19860000,0.77484207,2.06768405,0.88667599
469.18599987,0.15761696,0.78727244,0.19260000,0.77579484,2.12488695,0.88749661
469.28600001,0.16238587,0.78463999,0.18970000,0.77448703,2.12567474,0.86814082
469.38599992,0.16312638,0.78510692,0.18560000,0.77803960,2.20855474,0.85389813
469.48600006,0.16190541,0.78369710,0.18760000,0.78108326,2.19021709,0.84088145
469.58599997,0.16224710,0.78246209,0.19160000,0.79308646,2.10080570,0.88833550
469.68599987,0.17150668,0.78107614,0.19160000,0.78735926,2.10468445,0.89654298
469.78600001,0.17542752,0.78122731,0.18760000,0.79327053,2.10243361,0.91522341
469.88599992,0.17124834,0.78053440,0.18860000,0.77896037,2.13631077,0.90573071
469.98600006,0.17757666,0.78167613,0.18760000,0.79164752,2.14838150,0.93899810
470.08599997,0.18095773,0.78246883,0.19460000,0.79897435,2.13072529,0.97696847
470.18700004,0.18357472,0.78155508,0.19460000,0.83078030,2.09444785,0.95135879
470.28699994,0.17986508,0.78033952,0.19360000,0.83697972,2.09320955,0.97155511
470.38700008,0.18208458,0.77797446,0.19160000,0.87188708,2.09133251,0.96819696
470.48699999,0.18284485,0.78082652,0.18860000,0.85099252,2.14490465,0.99685833
470.58699989,0.18935117,0.78277306,0.19360000,0.83570140,2.18755006,1.03333954
470.68700004,0.18896476,0.78413999,0.19460000,0.83345241,2.11541172,1.02977529
470.78699994,0.19305531,0.78616852,0.19760000,0.86203397,2.11062721,1.01645060
470.88700008,0.19495025,0.78743976,0.20650000,0.89490516,2.04344342,1.00666337
470.98699999,0.19671764,0.78978201,0.20550000,0.90812039,1.99489626,1.00142569
471.08699989,0.19706428,0.79187128,0.20550000,0.91738205,2.02277505,0.96986204
471.18700004,0.19943447,0.79031639,0.20760000,0.93051036,2.00798354,0.97096312
471.28699994,0.20222841,0.79085372,0.20760000,0.91017866,2.00175751,0.97039005
471.38800001,0.20065835,0.79723088,0.20950000,0.92791320,2.02492632,0.94054229
471.48799992,0.20050943,0.79584661,0.20660000,0.94182943,2.04675310,0.91857987
471.58800006,0.19926962,0.79398490,0.20050000,0.95875715,2.09463163,0.95336290
471.68799996,0.20077370,0.79156858,0.20160000,0.95755395,2.08238662,0.92560977
471.78799987,0.20375058,0.79431593,0.19960000,0.94012439,2.01824437,0.94237030
471.88800001,0.20805485,0.79600432,0.19960000,0.92180379,2.07204507,0.95388583
471.98799992,0.20181137,0.79703076,0.19750000,0.91517820,2.08778943,0.92018882
472.08800006,0.20074643,0.79891763,0.19760000,0.89883140,2.11428778,0.89676272
472.18799996,0.19913567,0.79887052,0.19850000,0.89762790,2.10514770,0.89519147
472.28799987,0.20366686,0.79861274,0.19850000,0.89983817,2.11919035,0.90276092
472.38800001,0.20256375,0.79991413,0.19960000,0.92582210,2.12895005,0.92094722
472.48799992,0.19774356,0.80171750,0.20460000,0.90665981,2.12876114,0.92972247
472.58800006,0.19383839,0.80584622,0.20050000,0.92200352,2.10323512,0.91156263
472.68899989,0.19379976,0.80802298,0.18760000,0.91511681,2.14739069,0.87458820
472.78900003,0.19181988,0.80539063,0.18550000,0.90091768,2.08635775,0.86774730
472.88899994,0.19097264,0.80439238,0.18450000,0.89706455,2.06971707,0.83813028
472.98900008,0.19187720,0.80363861,0.19560000,0.89074457,2.07270472,0.84913607
473.08899999,0.18826068,0.80632458,0.19050000,0.90062878,2.10972442,0.82614447
473.18899989,0.18499598,0.80763604,0.18950000,0.93399728,2.12574677,0.81503003
473.28900003,0.18466621,0.80455252,0.19650000,0.90867074,2.12701561,0.80028330
473.38899994,0.18714343,0.80645537,0.19150000,0.92537753,2.15453401,0.77494862
473.48900008,0.18884547,0.80805990,0.19260000,0.90841926,2.18335052,0.79099086
473.58899999,0.18948408,0.81037860,0.18950000,0.90262445,2.15492056,0.77272934
473.68899989,0.19525190,0.81191275,0.18950000,0.91575678,2.19012973,0.75317646
473.78900003,0.19252738,0.81272639,0.19350000,0.94019001,2.18698740,0.74008339
473.88999987,0.18957886,0.81147859,0.19450000,0.92603005,2.13891016,0.76114477
473.99000001,0.17843978,0.80685334,0.19250000,0.89071461,2.10079959,0.76824314
474.08999991,0.17325809,0.80811968,0.18960000,0.87464484,2.03564835,0.77096539
474.19000006,0.18403786,0.80996822,0.18060000,0.88560213,2.02439272,0.76872584
474.28999996,0.19540782,0.81342414,0.18260000,0.90401177,2.05212142,0.74217321
474.38999987,0.19272685,0.81204112,0.18750000,0.91597214,2.03561121,0.74573844
474.49000001,0.19375837,0.81409618,0.19250000,0.90936918,2.03502570,0.76489315
474.58999991,0.18994583,0.81440818,0.18250000,0.89362662,2.03823824,0.73901976
474.69000006,0.18377190,0.81415526,0.18250000,0.86610739,2.06310867,0.74542554
474.78999996,0.18193257,0.81116305,0.18350000,0.85115876,2.01821271,0.76425734
474.88999987,0.18247327,0.80798388,0.18650000,0.90196696,2.04484920,0.76266984
474.99000001,0.18900896,0.80537108,0.18750000,0.92184577,2.04378777,0.74766378
475.09100008,0.18771890,0.80389603,0.18050000,0.94087693,2.02720079,0.72488158
475.19099998,0.18902056,0.80536836,0.17860000,0.95799412,2.03059933,0.71276506
475.29099989,0.19125108,0.80312676,0.17650000,0.98009203,2.03560489,0.72062573
475.39100003,0.19244238,0.79659447,0.17360000,0.95902807,2.02818657,0.70049502
475.49099994,0.19269943,0.79109252,0.17260000,0.93537915,2.09658646,0.70422362
475.59100008,0.19426675,0.79287807,0.17450000,0.94914647,2.09816068,0.73772914
475.69099998,0.19305832,0.79292604,0.17360000,0.95643465,2.09538172,0.75981496
475.79099989,0.19422559,0.79569645,0.17650000,0.95202818,2.10259119,0.78098780
475.89100003,0.19391833,0.79547051,0.17350000,0.94167229,2.04533495,0.76364250
475.99099994,0.19619992,0.79783788,0.17360000,0.92313112,2.04910501,0.75297218
476.09100008,0.19551897,0.79426216,0.17060000,0.91904016,2.11739922,0.76285816
476.19099998,0.19350830,0.79404296,0.17460000,0.90429412,2.14094418,0.77419464
476.29099989,0.19104876,0.79315407,0.17260000,0.85810228,2.17432601,0.75036541
476.39199996,0.19287157,0.78787185,0.17560000,0.86380197,2.15803801,0.79234948
476.49199986,0.18945469,0.78153043,0.16860000,0.86855545,2.21633285,0.77506566
476.59200001,0.19091459,0.77419193,0.16360000,0.85422366,2.25342674,0.78217974
476.69199991,0.18536677,0.77049219,0.16360000,0.85635111,2.31106497,0.78260497
476.79200006,0.18558156,0.76422901,0.16170000,0.85279511,2.32829933,0.80802827
476.89199996,0.18798177,0.75742479,0.16370000,0.82695264,2.26232869,0.82116269
476.99199986,0.18657896,0.75085424,0.16270000,0.86075274,2.16633407,0.81627604
477.09200001,0.18364746,0.74102285,0.15770000,0.89554342,2.09185640,0.83447312
477.19199991,0.18225894,0.73171842,0.15370000,0.90862621,2.05737999,0.81445189
477.29200006,0.18012818,0.71723247,0.15180000,0.91351736,2.01626952,0.79393915
477.39199996,0.17912001,0.70430893,0.14980000,0.90160942,1.98431970,0.83622707
477.49199986,0.17752924,0.68731496,0.14790000,0.86885457,1.92707382,0.82344031
477.59299994,0.17489398,0.66513660,0.14800000,0.88589952,1.91137517,0.83694458
477.69300008,0.16649855,0.64596756,0.14400000,0.84196653,1.85862294,0.83203973
477.79299998,0.16080890,0.61681897,0.14300000,0.83781293,1.86067504,0.81876605
477.89299989,0.15649202,0.58395634,0.14120000,0.84772862,1.81762049,0.82375520
477.99300003,0.14994367,0.54603262,0.14430000,0.80683204,1.79400250,0.81537457
478.09299994,0.14016919,0.51143803,0.14340000,0.79692680,1.76538233,0.85333582
478.19300008,0.12967776,0.48299971,0.13750000,0.78465257,1.71517390,0.87941209
478.29299998,0.12390872,0.45476828,0.12750000,0.78919800,1.65886488,0.87214731
478.39299989,0.12018737,0.42662634,0.12170000,0.74702706,1.69695927,0.85027130
478.49300003,0.11410722,0.39888901,0.13270000,0.74472729,1.62648081,0.87062992
478.59299994,0.10486918,0.37352236,0.13480000,0.73776633,1.61680241,0.87557862
478.69300008,0.10111993,0.35368718,0.13090000,0.75252207,1.58124290,0.82039905
478.79399991,0.09772134,0.33524115,0.12100000,0.75189787,1.55319662,0.81639903
478.89400005,0.09307558,0.31361949,0.12200000,0.74163995,1.54591733,0.81588275
478.99399996,0.09286122,0.29201001,0.12210000,0.74546986,1.50582983,0.83273996
479.09399986,0.09032511,0.27872191,0.12720000,0.76341597,1.53742894,0.85607816
479.19400001,0.08937862,0.25884011,0.12710000,0.77058826,1.51458509,0.83627029
479.29399991,0.08625838,0.23971338,0.12020000,0.77346203,1.57323161,0.81022188
479.39400005,0.08304397,0.22577590,0.11130000,0.79195908,1.55076970,0.82707987
479.49399996,0.07656217,0.21592090,0.09830000,0.79565763,1.55761508,0.78737309
479.59399986,0.06880730,0.20000351,0.09540000,0.78274746,1.48309188,0.80802113
479.69400001,0.07008832,0.18550183,0.09840000,0.78185077,1.47252223,0.80389622
479.79399991,0.07112772,0.17235384,0.09940000,0.78301094,1.44907080,0.80650272
479.89400005,0.05684104,0.16203301,0.08850000,0.76623031,1.40133217,0.75783178
479.99399996,0.05725092,0.15433506,0.08450000,0.80053450,1.44639477,0.74160651
480.09500003,0.06228393,0.09915746,0.08760000,0.82886535,1.44955515,0.73283971
480.19499993,0.05787402,0.13470697,0.08460000,0.80349647,1.54188511,0.75113010
480.29500008,0.05336540,0.07947895,0.08170000,0.79804471,1.47882230,0.73872282
480.39499998,0.05627570,0.11797786,0.08360000,0.79247088,1.53099893,0.76534297
480.49499989,0.05623726,0.11141643,0.08870000,0.77650429,1.50214281,0.75120561
480.59500003,0.04851915,0.05613218,0.09280000,0.80589680,1.42780460,0.74058536
480.69499993,0.04706812,0.09653762,0.08960000,0.78367952,1.54304858,0.70326125
480.79500008,0.04406219,0.03973076,0.08780000,0.76789312,1.51800722,0.71387716
480.89499998,0.04574775,0.08738051,0.08770000,0.76810967,1.56573226,0.71270861
480.99499989,0.04222411,0.08510161,0.08670000,0.79468880,1.62145406,0.69792855
481.09500003,0.03602865,0.03056201,0.08280000,0.79308402,1.47711716,0.70921114
481.19499993,0.03276853,0.07670465,0.07570000,0.77190518,1.47959482,0.67511002
481.29600000,0.03022092,0.02129075,0.07890000,0.76529761,1.44603252,0.68464707
481.39599991,0.02640134,0.01715836,0.07790000,0.76515465,1.44889560,0.69227900
481.49600005,0.02500943,0.01250474,0.07100000,0.79279933,1.44437216,0.71412609
481.59599996,0.02154985,0.00908426,0.05790000,0.77255129,1.43384683,0.69075760
481.69600010,0.01668126,0.00412012,0.05500000,0.76866873,1.38152069,0.68762734
481.79600000,0.01236956,0.00166249,0.05500000,0.75027871,1.33759909,0.70388376
481.89599991,0.01562105,0.00102117,0.05600000,0.73287252,1.36286296,0.71444389
481.99600005,0.01091923,0.00406698,0.05600000,0.72686401,1.37377096,0.72210053
482.09599996,0.00780308,0.00522418,0.05500000,0.72799339,1.37711830,0.72782229
482.19600010,0.00558965,0.00704101,0.05000000,0.72468069,1.37644638,0.74553343
482.29600000,0.00644198,0.00344686,0.05100000,0.72861199,1.27660552,0.75306672
482.39599991,0.00633444,0.00527967,0.05400000,0.73547662,1.25993925,0.76311053
482.49699998,0.00425023,0.00982576,0.05000000,0.73119753,1.30250471,0.76328719
482.59699988,0.00103714,0.01293926,0.03710000,0.71116098,1.25833503,0.76027916
482.69700003,0.00123720,0.01906828,0.02900000,0.67636655,1.28313407,0.74419961
482.79699993,0.00055169,0.02749901,0.02700000,0.67104669,1.35892123,0.73211533
482.89700007,0.00323583,0.03359657,0.03100000,0.65430115,1.32701417,0.72987917
482.99699998,0.00427659,0.03689717,0.03510000,0.64484694,1.33584466,0.76665479
483.09699988,0.00164371,0.03674708,0.03110000,0.61038660,1.35674884,0.76696610
483.19700003,0.00426596,0.03247617,0.02810000,0.58714772,1.36672035,0.77041390
483.29699993,0.00853540,0.03280316,0.03310000,0.60264361,1.31994007,0.73832594
483.39700007,0.00975218,0.03163850,0.03610000,0.60892157,1.27849636,0.75423813
483.49699998,0.00915212,0.03281294,0.03510000,0.63166480,1.33135163,0.76854593
483.59699988,0.00690656,0.03462007,0.02910000,0.66176518,1.43802813,0.77400605
483.69700003,0.00516476,0.03177193,0.02510000,0.66838343,1.38760999,0.82476147
483.79800010,0.00566741,0.03159637,0.02510000,0.67797850,1.28250475,0.83476774
483.89800000,0.00385858,0.03138202,0.02410000,0.69597558,1.23252219,0.82534998
483.99799991,0.00773161,0.03477459,0.03110000,0.70657125,1.33846763,0.84787710
484.09800005,0.00695357,0.03339308,0.03210000,0.65987521,1.35067108,0.85985736
484.19799995,0.00679069,0.03232563,0.03200000,0.68582911,1.24066135,0.86029863
484.29800010,0.00462756,0.02879715,0.03010000,0.70436606,1.26252665,0.86031580
484.39800000,0.00328578,0.02835090,0.02810000,0.69995357,0.48127170,0.81511592
484.49799991,0.00452734,0.03054314,0.02810000,0.66894273,0.51097860,0.80415484
484.59800005,0.00384944,0.02987343,0.02500000,0.65000063,0.47731798,0.78414714
484.69799995,0.00412353,0.02911231,0.02610000,0.65849332,0.53969269,0.77091055
484.79800010,0.00412368,0.02866505,0.02010000,0.65146936,0.57093712,0.74051223
484.89800000,0.00653236,0.02428288,0.01810000,0.64171275,0.54866790,0.75761204
484.99900007,0.00233802,0.02195686,0.01200000,0.64473271,0.56198767,0.74301237
485.09899998,0.00391210,0.02956392,0.01710000,0.63650103,0.46419376,0.72341408
485.19899988,0.00108927,0.02736884,0.01900000,0.65478438,0.44577231,0.72751588
485.29900002,0.00792349,0.02083718,0.01800000,0.66303514,0.45791666,0.70244925
485.39899993,0.00967369,0.02338354,0.02110000,0.66863306,0.48845857,0.71190264
485.49900007,0.00082086,0.02987467,0.02210000,0.61294343,0.49582027,0.73265311
485.59899998,0.00163849,0.02964870,0.01910000,0.61688589,0.22299346,0.71298324
485.69899988,0.00311348,0.02401179,0.01300000,0.61686070,0.20184065,0.69793679
485.79900002,0.01127335,0.02493274,0.01610000,0.70344031,0.19395493,0.69446922
485.89899993,0.00807013,0.02779790,0.02510000,0.68355959,0.20980490,0.69825132
485.99900007,0.01107173,0.02402784,0.02010000,0.76452707,0.19155648,0.69197765
486.09899998,0.01460761,0.02186476,0.02000000,0.77147261,0.18586497,0.67712486
486.20000005,0.00961734,0.02406838,0.02310000,0.75206088,0.19057842,0.67282372
486.29999995,0.00892032,0.02370586,0.02210000,0.74719311,0.18666145,0.65290943
486.40000010,0.01106139,0.02051574,0.02410000,0.78951219,0.18329115,0.68598798
486.50000000,0.01084162,0.02051485,0.02810000,0.78741734,0.18294084,0.69464435
486.59999990,0.00666632,0.02312661,0.02810000,0.71080634,0.18051937,0.67327199
486.70000005,0.00270981,0.01782658,0.01900000,0.68188942,0.17277379,0.65009476
486.79999995,0.00327342,0.01307917,0.01810000,0.69158611,0.17543502,0.60847521
486.90000010,0.00742297,0.01121158,0.03000000,0.68399927,0.18120064,0.61855422
487.00000000,0.01251182,0.00946648,0.04700000,0.73323302,0.18731466,0.69593511
487.09999990,0.01199606,0.01143392,0.04600000,0.73465039,0.19668363,0.68075915
487.20000005,0.01279930,0.01070597,0.04610000,0.73521685,0.19872468,0.65677627
487.29999995,0.01242236,0.01763675,0.03610000,0.72097332,0.19751128,0.64750012
487.40000010,0.00719089,0.01696794,0.03000000,0.66220355,0.19342042,0.57896862
487.50099993,0.00705710,0.01634036,0.02900000,0.68223812,0.19061226,0.60691911
487.60100007,0.00635444,0.01299196,0.03210000,0.71151753,0.18335720,0.61596757
487.70099998,0.00964823,0.01170648,0.03510000,0.69758362,0.17810711,0.68966334
487.80099988,0.00982680,0.01247133,0.03800000,0.73444197,0.18354225,0.71895275
487.90100002,0.00847272,0.01226797,0.03900000,0.76386623,0.18123864,0.72028141
488.00099993,0.00469937,0.01244250,0.03500000,0.75141055,0.18586387,0.71603762
488.10100007,0.00763453,0.01368700,0.03700000,0.75722494,0.18919063,0.72102866
488.20099998,0.00997040,0.01455030,0.03810000,0.75915244,0.19327319,0.73726140
488.30099988,0.00943397,0.01310497,0.03600000,0.76842303,0.19792304,0.71432328
488.40100002,0.01324749,0.01834868,0.04010000,0.82832717,0.21365818,0.72770137
488.50099993,0.01492090,0.02111343,0.03910000,0.82860387,0.21953957,0.72666457
488.60100007,0.01294383,0.01370173,0.02900000,0.80933252,0.19663750,0.65525079
488.70199990,0.01492431,0.01307344,0.03010000,0.81588360,0.19338687,0.64508180
488.80200005,0.01461221,0.01168774,0.02800000,0.79888912,0.19454713,0.63258395
488.90199995,0.01446086,0.00878257,0.02900000,0.81225571,0.19559304,0.66974703
489.00200009,0.01429337,0.00597911,0.02800000,0.79309620,0.19339450,0.69371702
489.10200000,0.01903150,0.00351881,0.03190000,0.79977829,0.19608720,0.71445753
489.20199990,0.02160162,0.00137475,0.03900000,0.82275919,0.19824091,0.78341949
489.30200005,0.01681892,0.00075756,0.03300000,0.81885722,0.20220023,0.73986545
489.40199995,0.01286149,0.00425582,0.02590000,0.84756636,0.20878150,0.74629156
489.50200009,0.01055137,0.00332694,0.02900000,0.79930425,0.21483816,0.71541024
489.60200000,0.01456455,0.00456112,0.02990000,0.80983262,0.21601542,0.70219139
489.70199990,0.01827539,0.00948736,0.02590000,0.81862858,0.23303474,0.70393772
489.80200005,0.01838106,0.00788901,0.02300000,0.83137611,0.22761654,0.69289324
489.90299988,0.01343484,0.00578921,0.02200000,0.78634141,0.22045962,0.67377466
490.00300002,0.00871569,0.00053555,0.02600000,0.73961141,0.21426996,0.68862620
490.10299993,0.00909886,0.00184950,0.02700000,0.73688578,0.21180030,0.68912065
490.20300007,0.01095538,0.00507736,0.03100000,0.74879309,0.21721176,0.68878541
490.30299997,0.01020470,0.01011505,0.02900000,0.73647227,0.21807976,0.68735341
490.40299988,0.00520474,0.01095631,0.03090000,0.73823315,0.22726255,0.67641565
490.50300002,0.00411335,0.01375828,0.03100000,0.72777312,0.23478631,0.71417741
490.60299993,0.00371696,0.01032880,0.03300000,0.71348927,0.23185716,0.72258103
490.70300007,0.00352446,0.01272117,0.03400000,0.70836271,0.23669567,0.72096411
490.80299997,0.00213803,0.01187640,0.02800000,0.73925939,0.24056938,0.69163463
490.90299988,0.00654083,0.01285681,0.02600000,0.73411953,0.23864741,0.68913966
491.00300002,0.00926597,0.01635609,0.02500000,0.70547792,0.24988009,0.70134584
491.10299993,0.00723549,0.01444464,0.03500000,0.74176488,0.24786840,0.71800907
491.20400000,0.00390838,0.01285203,0.04800000,0.73322140,0.25011809,0.79040226
491.30399990,0.00994590,0.01240681,0.02700000,0.74413172,0.24014761,0.71155912
491.40400004,0.01255792,0.01505684,0.02000000,0.77028906,0.23551983,0.68533173
491.50399995,0.00758605,0.01558884,0.02300000,0.74336647,0.23231298,0.68629442
491.60400009,0.00516940,0.01541225,0.03300000,0.72955117,0.23649476,0.70916212
491.70400000,0.00414978,0.01760424,0.03700000,0.74849976,0.25707254,0.69684268
491.80399990,0.00075858,0.01685896,0.03700000,0.76261488,0.24922671,0.71429826
491.90400004,0.00055723,0.01856501,0.03900000,0.78356940,0.26748504,0.78680463
492.00399995,0.01189544,0.01862789,0.03100000,0.83403319,0.26908535,0.71801684
492.10400009,0.01456896,0.02204871,0.03000000,0.82800298,0.27576652,0.70638459
492.20400000,0.01643314,0.02884791,0.03290000,0.80018406,0.28046800,0.69344837
492.30399990,0.00270686,0.02599025,0.06100000,0.71817251,0.27345660,0.76859737
492.40499997,0.00737140,0.02192151,0.06000000,0.68819354,0.26753933,0.77720604
492.50499988,0.00707130,0.02358001,0.04600000,0.66703964,0.27014368,0.75342196
492.60500002,0.01381070,0.01424200,0.03800000,0.71986590,0.24491009,0.71130076
492.70499992,0.02588790,0.04302542,0.03800000,0.75685891,0.28522076,0.71331747
492.80500007,0.01375055,0.00699231,0.04000000,0.75128190,0.23206472,0.75902589
492.90499997,0.00228656,0.03950065,0.03990000,0.68543035,0.27703815,0.77163766
493.00499988,0.00017275,0.03843930,0.03890000,0.69992695,0.27320500,0.75880406
493.10500002,0.01536341,0.01133735,0.03410000,0.76390013,0.23601171,0.76050941
493.20499992,0.01826606,0.04048557,0.03500000,0.76499539,0.27394285,0.76624776
493.30500007,0.01149775,0.00803067,0.03700000,0.74819132,0.22574296,0.76793223
493.40499997,0.00951916,0.04236727,0.03400000,0.71921014,0.27495191,0.77868798
493.50499988,0.01245273,0.04420746,0.03000000,0.74276904,0.27082868,0.79532260
493.60599995,0.00781829,0.00592236,0.02400000,0.69993278,0.22227157,0.77281055
493.70600009,0.01148369,0.00012207,0.02310000,0.74773260,0.22040796,0.77187185
493.80599999,0.00156542,0.00602656,0.02200000,0.68952019,0.22765207,0.77919076
493.90599990,0.00547512,0.01077140,0.01700000,0.68724594,0.23242289,0.78113749
494.00600004,0.00333285,0.01318568,0.01600000,0.66986192,0.23413645,0.77402563
