time_s,LoPE,LaPE,VPE,LoPL_adjusted,LaPL_adjusted,VPL_adjusted
0.00000000,0.12070785,0.04374636,0.16670000,0.89291064,0.25622653,0.97048179
0.10000014,0.04559613,0.05509023,0.03370000,0.76872525,0.26960278,0.80755534
0.20000005,0.05005336,0.01042645,0.04980000,0.75224756,0.23231830,0.80983829
0.30000019,0.03071795,0.04688601,0.04180000,0.74644031,0.26492525,0.79160678
0.40000010,0.02777359,0.02354055,0.01390000,0.73306490,0.24182915,0.76070744
0.50000000,0.02525304,0.02561530,0.00110000,0.72583400,0.24586800,0.77024651
0.60000014,0.03838978,0.01754637,0.03380000,0.71839896,0.24526264,0.80574218
0.70099998,0.04034184,0.01982312,0.04980000,0.74290203,0.24446471,0.82394404
0.80100012,0.04162996,0.02160548,0.06680000,0.74315349,0.24546668,0.81433013
0.90100002,0.00236152,0.02836165,0.06990000,0.69424540,0.25084533,0.83319167
1.00100017,0.00355874,0.03068200,0.09500000,0.72092630,0.25677477,0.86991097
1.10100007,0.00395074,0.03087769,0.10100000,0.72952802,0.25650802,0.87484240
1.20099998,0.00333224,0.02913651,0.09790000,0.72058464,0.25891812,0.87935863
1.30100012,0.00535551,0.03610164,0.08890000,0.71931965,0.26070397,0.85976683
1.40100002,0.03023643,0.03591780,0.09600000,0.73419176,0.25782078,0.85937863
1.50100017,0.03926751,0.03422547,0.10710000,0.75424481,0.25985291,0.86891897
1.60100007,0.05956845,0.03965475,0.11810000,0.81361472,0.25888247,0.88246363
1.70099998,0.07787144,0.05422406,0.12010000,0.82326921,0.27679812,0.88234812
1.80100012,0.07300249,0.04667641,0.12510000,0.81094371,0.27382289,0.85767125
1.90200019,0.07830314,0.05185430,0.14620000,0.80856276,0.28153543,0.85682506
2.00200009,0.07283913,0.04174782,0.15910000,0.78589913,0.26335644,0.86780904
2.10200000,0.05710852,0.04630440,0.16110000,0.77789091,0.26637554,0.84856649
2.20200014,0.03215051,0.05600745,0.15200000,0.72702581,0.27434654,0.82715920
2.30200005,0.01844608,0.05831365,0.15790000,0.72600957,0.28662628,0.82169708
2.40200019,0.00654971,0.05972522,0.18690000,0.74615854,0.28815814,0.87395262
2.50200009,0.00082926,0.07075791,0.22090000,0.75789686,0.30254698,0.96236798
2.60200000,0.02246358,0.07717245,0.22780000,0.74224976,0.30958834,0.97773421
2.70200014,0.05449665,0.06688173,0.20170000,0.78840398,0.29772337,0.93517005
2.80200005,0.06053716,0.07436520,0.22460000,0.76719443,0.29794465,1.00244631
2.90200019,0.07483755,0.08871562,0.25250000,0.77079455,0.30944047,1.02082314
3.00200009,0.07353586,0.09458968,0.27750000,0.74274829,0.32625205,1.03452744
3.10300016,0.06746496,0.09054043,0.26960000,0.73079083,0.31557794,1.03228006
3.20300007,0.05539216,0.10091857,0.28660000,0.72461879,0.33148868,1.04544257
3.30299997,0.04432915,0.09390706,0.28360000,0.76547506,0.31940069,1.06771264
3.40300012,0.05318199,0.09725104,0.30560000,0.77030364,0.33029773,1.09994612
3.50300002,0.05072825,0.08983287,0.29860000,0.77837166,0.31861084,1.14071527
3.60300016,0.04595982,0.09385278,0.31270000,0.77581568,0.32317324,1.10661916
3.70300007,0.04409335,0.08898442,0.29470000,0.78293183,0.31005413,1.10614905
3.80299997,0.04639091,0.08740425,0.30060000,0.75103795,0.31238604,1.08003973
3.90300012,0.03806087,0.07167469,0.26670000,0.72328177,0.29714848,1.08524580
4.00300002,0.03737193,0.06447626,0.27280000,0.71124412,0.29358719,1.07235622
4.10300016,0.02596021,0.03581840,0.19080000,0.61691115,0.25047112,0.91504905
4.20300007,0.02399383,0.04097739,0.20580000,0.60976876,0.25074014,0.93140660
4.30400014,0.02295953,0.04000337,0.22790000,0.60468641,0.24423047,0.99257734
4.40400004,0.02175618,0.03670257,0.23680000,0.63888015,0.24474996,0.99192098
4.50400019,0.02123220,0.03101924,0.22290000,0.63331953,0.23601860,0.99526840
4.60400009,0.01859613,0.02357380,0.17580000,0.61935933,0.23013027,0.90213135
4.70400000,0.01760089,0.02325207,0.20490000,0.64296594,0.23400156,0.92485415
4.80400014,0.01329639,0.01432920,0.18690000,0.66845743,0.23080317,0.91990194
4.90400004,0.02862869,0.01279447,0.16490000,0.65988277,0.22378518,0.92083918
5.00400019,0.02787125,0.01102149,0.18990000,0.68123866,0.22279916,0.94552264
5.10400009,0.02881319,0.00562675,0.14690000,0.67533971,0.22670404,0.90534998
5.20400000,0.02991885,0.00382002,0.18590000,0.70111058,0.22301034,0.94542379
5.30400014,0.02340017,0.00004291,0.18000000,0.68764265,0.21634300,0.93839648
5.40400004,0.02203304,0.00059602,0.19390000,0.66288575,0.21470606,0.97622414
5.50500011,0.01526509,0.00149230,0.17690000,0.63878519,0.21828442,0.92232845
5.60500002,0.01783785,0.00073562,0.18200000,0.62205213,0.21947084,0.93014730
5.70500016,0.00928527,0.00178713,0.13600000,0.62229402,0.22477421,0.88757697
5.80500007,0.01124123,0.00135452,0.13900000,0.64424037,0.22417409,0.85421670
5.90499997,0.00652273,0.00440613,0.12900000,0.64336733,0.23268873,0.85416937
6.00500011,0.00715285,0.00828352,0.16600000,0.64454579,0.24369062,0.90259167
6.10500002,0.00404642,0.00428561,0.12400000,0.65928044,0.23593525,0.86304038
6.20500016,0.00672312,0.00544882,0.15800000,0.66391070,0.23667501,0.89404476
6.30500007,0.00862549,0.00968509,0.11600000,0.67765046,0.24153692,0.86777364
6.40499997,0.01523940,0.02164926,0.12310000,0.63628946,0.24694810,0.85496514
6.50500011,0.02106467,0.02690092,0.13910000,0.63910580,0.25485712,0.85879473
6.60500002,0.02501275,0.03183100,0.13010000,0.65688959,0.25917889,0.80707589
6.70600009,0.02090534,0.03281747,0.10120000,0.65197684,0.25746100,0.81837896
6.80599999,0.01766244,0.03739904,0.10710000,0.65985729,0.26833486,0.80889484
6.90600014,0.02152890,0.04370854,0.12020000,0.67313983,0.26541156,0.84833729
7.00600004,0.02210677,0.04286655,0.13010000,0.70548732,0.25472626,0.85391567
7.10600019,0.01481311,0.03076332,0.10210000,0.72779606,0.24432380,0.81881235
7.20600009,0.01437462,0.02998233,0.10410000,0.73693137,0.24313701,0.83813531
7.30599999,0.01774433,0.02733091,0.11410000,0.71074466,0.23094906,0.85572460
7.40600014,0.02242286,0.03044775,0.12820000,0.72200369,0.24886469,0.86205918
7.50600004,0.02510051,0.02882090,0.12110000,0.72121446,0.24860405,0.88151334
7.60600019,0.02814733,0.02652956,0.10020000,0.72527656,0.24178213,0.84612977
7.70600009,0.02741131,0.02352361,0.09720000,0.73427412,0.23015064,0.87725534
7.80599999,0.03006775,0.02369769,0.10310000,0.70809170,0.22933574,0.89764190
7.90700006,0.03797630,0.02367216,0.10010000,0.71743140,0.22114898,0.91173317
8.00699997,0.05751687,0.03051539,0.12430000,0.74628007,0.24181345,0.91744741
8.10700011,0.04784238,0.02301665,0.09620000,0.77297461,0.21888748,0.88219108
8.20700002,0.04445676,0.03011654,0.10620000,0.78163906,0.23814550,0.86852756
8.30700016,0.05005301,0.02617473,0.11720000,0.78905749,0.23364081,0.89112653
8.40700006,0.04163069,0.02175169,0.10520000,0.79690625,0.21529752,0.90036668
8.50699997,0.04001269,0.02576479,0.11220000,0.82816002,0.21716565,0.88116430
8.60700011,0.03788355,0.02710289,0.10120000,0.80476634,0.22160480,0.87501596
8.70700002,0.04031322,0.03119846,0.09320000,0.80967660,0.24000862,0.85947748
8.80700016,0.06348607,0.03281583,0.10820000,0.84303466,0.23243753,0.89419035
8.90700006,0.07533237,0.03418413,0.12030000,0.85043394,0.23480059,0.97694299
9.00699997,0.07296344,0.03776276,0.10730000,0.82411911,0.24140673,0.89992099
9.10700011,0.07945730,0.03450561,0.11130000,0.85707733,0.23301232,0.90630479
9.20800018,0.07358171,0.03835964,0.10330000,0.84331238,0.23576739,0.92438291
9.30800009,0.08555212,0.04119424,0.11640000,0.85831640,0.23153219,0.98800557
9.40799999,0.06964167,0.03880423,0.10330000,0.85141892,0.22820335,0.91869935
9.50800014,0.07457022,0.03658664,0.09830000,0.88613383,0.22955553,0.89448079
9.60800004,0.09259675,0.03629727,0.11040000,0.89782440,0.22002764,0.95130633
9.70800018,0.08069238,0.03473585,0.09830000,0.85460238,0.21492998,0.91478742
9.80800009,0.11499337,0.03503161,0.12250000,0.91799386,0.21960594,0.98026324
9.90799999,0.09521839,0.03100254,0.08440000,0.89174942,0.20887396,0.89660761
10.00800014,0.12653458,0.02869232,0.10950000,0.93522185,0.21668760,0.96457763
10.10800004,0.12068619,0.02388230,0.08250000,0.91480874,0.21651585,0.89367798
10.20800018,0.14411568,0.01808124,0.08960000,0.93504484,0.20821441,0.94899736
10.30800009,0.15407107,0.01461353,0.07860000,0.95702650,0.20592833,0.94563645
10.40900016,0.17326834,0.01089279,0.07470000,0.99856284,0.20829367,0.92359436
10.50900006,0.19832092,0.00582519,0.08170000,1.07126680,0.19700470,0.97488185
10.60899997,0.17337190,0.00322254,0.07660000,0.98364636,0.19190731,0.93455910
10.70900011,0.17842730,0.00216735,0.08070000,0.99461944,0.19435955,0.94175956
10.80900002,0.17688287,0.00388068,0.07870000,0.97149231,0.19776212,0.91336396
10.90900016,0.19726764,0.00939352,0.08670000,1.00016876,0.20117811,0.91634288
11.00900006,0.18838251,0.01034352,0.06570000,0.97330561,0.20879867,0.86695794
11.10899997,0.18818246,0.00670020,0.05680000,0.97361836,0.20623515,0.88890530
11.20900011,0.19725180,0.00598547,0.05480000,0.93262696,0.20601201,0.88333231
11.30900002,0.21513264,0.00938284,0.04780000,0.94856049,0.20261416,0.88199239
11.40900016,0.21380470,0.01322691,0.03980000,0.94787606,0.21090257,0.87915345
11.50900006,0.25851954,0.02135643,0.06000000,0.95608565,0.22867865,0.85220892
11.61000013,0.25037014,0.07889039,0.04590000,0.95137228,0.30217689,0.84205004
11.71000004,0.28159585,0.00966840,0.04110000,0.99584867,0.21322650,0.85434678
11.81000018,0.28950251,0.07563397,0.03310000,0.99400231,0.28159092,0.87464287
11.91000009,0.27168518,0.00434657,0.01710000,0.95689436,0.21618739,0.84739653
12.00999999,0.30225276,0.00000739,0.01020000,0.99147479,0.22086606,0.82219914
12.11000013,0.27878704,0.05720444,0.00490000,0.98412211,0.27190541,0.81818094
12.21000004,0.25924511,0.01428077,0.02600000,0.94575353,0.22881583,0.82569901
12.31000018,0.25469828,0.04950067,0.03900000,0.97618397,0.27958445,0.83227638
12.41000009,0.24637540,0.02083679,0.05400000,0.95398561,0.24438144,0.84783182
12.50999999,0.29657659,0.03288202,0.07790000,0.98813747,0.25810459,0.85902818
12.61000013,0.25788895,0.02675275,0.10300000,0.93927310,0.25509753,0.92096403
12.71000004,0.24942286,0.04349733,0.12900000,0.93730476,0.26983434,0.94995232
12.81000018,0.23721518,0.01879911,0.13600000,0.96031620,0.25691260,0.94550338
12.91100001,0.21956270,0.01628560,0.13920000,0.91108253,0.25070234,0.93418159
13.01100016,0.22436966,0.00890316,0.15210000,0.92102998,0.24004397,0.94526738
13.11100006,0.22500568,0.00006667,0.16510000,0.90685926,0.22060634,0.96147874
13.21100020,0.24137503,0.00515692,0.18200000,0.92734733,0.22868370,0.97558513
13.31100011,0.27107329,0.00233479,0.19990000,0.92762263,0.21954945,0.97513351
13.41100001,0.29369793,0.01340805,0.21380000,0.94552501,0.22740587,0.99486595
13.51100016,0.34102803,0.03899764,0.24770000,1.00450072,0.24601814,1.03150191
13.61100006,0.35607809,0.03811511,0.25360000,1.01766219,0.24602067,1.00662337
13.71100020,0.38661831,0.04944832,0.29650000,1.03754626,0.25287883,1.07365736
13.81100011,0.40666547,0.06157308,0.31640000,1.04404540,0.25943790,1.10122842
13.91100001,0.43487930,0.06182309,0.34230000,1.07513974,0.26494502,1.13384238
14.01100016,0.45956194,0.06026601,0.36420000,1.08099813,0.26959719,1.14307044
14.11199999,0.47322353,0.05876582,0.39210000,1.11856374,0.27062339,1.17456707
14.21200013,0.50199171,0.07517615,0.43010000,1.13856189,0.29760563,1.21901737
14.31200004,0.49454900,0.07457651,0.44610000,1.16344922,0.29175040,1.25986168
14.41200018,0.51471155,0.08821241,0.47300000,1.20502473,0.31883811,1.29796041
14.51200008,0.51288619,0.08396830,0.48900000,1.18705555,0.31578723,1.31056450
14.61199999,0.53202019,0.08379361,0.53090000,1.23503085,0.30338836,1.36892531
14.71200013,0.54240206,0.08365948,0.56080000,1.24556842,0.30273554,1.38548760
14.81200004,0.54043965,0.08729372,0.58490000,1.24091274,0.31400337,1.39973702
14.91200018,0.53723564,0.08025650,0.59590000,1.25627073,0.30121585,1.39137152
15.01200008,0.56584826,0.08485720,0.64280000,1.27805148,0.31401973,1.42942350
15.11199999,0.59838026,0.08671591,0.67470000,1.33047221,0.31370343,1.49967076
15.21200013,0.60653724,0.08428118,0.70170000,1.36941146,0.29904895,1.52859602
15.31200004,0.61283681,0.08509579,0.72960000,1.39797795,0.29578488,1.58214393
15.41300011,0.62413311,0.08623331,0.76760000,1.39116826,0.29753538,1.62848577
15.51300001,0.64063722,0.08421639,0.80850000,1.42186326,0.29515606,1.70883431
15.61300015,0.60854363,0.07920023,0.80870000,1.36675508,0.28463810,1.71781995
15.71300006,0.62942101,0.08601068,0.83860000,1.40760171,0.28508961,1.74576002
15.81300020,0.63350432,0.08555190,0.85650000,1.41023165,0.28825228,1.76264474
15.91300011,0.62942880,0.07873025,0.86250000,1.39766145,0.46099335,1.77837792
16.01300001,0.67957707,0.09475648,0.92230000,1.48506308,0.48100687,1.82588028
16.11300015,0.64958955,0.07763848,0.89140000,1.41273755,0.44466796,1.80709142
16.21300006,0.64607926,0.08613690,0.92250000,1.39127086,0.45662661,1.82047976
16.31300020,0.64311152,0.10187390,0.95350000,1.40711804,0.52876292,1.84192434
16.41300011,0.63346239,0.10154925,0.95260000,1.40354104,0.49512294,1.83347176
16.51300001,0.65666380,0.11068380,0.99550000,1.43010477,0.50701716,1.85688682
16.61400008,0.61162577,0.10619525,0.95360000,1.33658105,0.50061602,1.82981496
16.71399999,0.58726848,0.10102464,0.93370000,1.30744115,0.49827309,1.80081617
16.81400013,0.57901320,0.10238227,0.94270000,1.29088284,0.47255202,1.81643918
16.91400003,0.55242932,0.09841210,0.91390000,1.27748773,0.49950659,1.80653989
17.01400018,0.58035335,0.11358359,0.97970000,1.31989697,0.49656456,1.81794201
17.11400008,0.56703389,0.11063842,0.95880000,1.29257985,0.49181766,1.80582550
17.21399999,0.52170035,0.09561396,0.87290000,1.22454803,0.60335851,1.70468339
17.31400013,0.53493332,0.10348857,0.90490000,1.23357948,0.61472582,1.72796499
17.41400003,0.48993242,0.08596087,0.83510000,1.17958599,0.58276665,1.60046271
17.51400018,0.48594084,0.08578380,0.83010000,1.16707076,0.58677408,1.58859860
17.61400008,0.48455788,0.08629566,0.81410000,1.16592041,0.58296359,1.56779400
17.71399999,0.47094700,0.08911498,0.79620000,1.15929474,0.58615895,1.54896019
17.81400013,0.49437705,0.10192630,0.85810000,1.17631873,0.60208136,1.60788200
17.91500020,0.46470502,0.09675914,0.80410000,1.13810732,0.57725022,1.57073321
18.01500010,0.47405951,0.10572636,0.82920000,1.13966782,0.56966434,1.58433741
18.11500001,0.48262316,0.11004703,0.84810000,1.17647784,0.55289964,1.61972070
18.21500015,0.47791065,0.11086161,0.84610000,1.16104547,0.55592768,1.59472776
18.31500006,0.46951882,0.11537080,0.82920000,1.14360386,0.57649414,1.60579349
18.41500020,0.45975341,0.11815503,0.82920000,1.10714471,0.56877111,1.59259488
18.51500010,0.43963179,0.11450619,0.79730000,1.10315742,0.58433673,1.56537953
18.61500001,0.43699585,0.11980146,0.80630000,1.09199892,0.57037139,1.57578099
18.71500015,0.43797041,0.12434766,0.80220000,1.09388434,0.54469384,1.55412891
18.81500006,0.45158057,0.13852172,0.84720000,1.12029195,0.54005066,1.57668390
18.91500020,0.44359113,0.13730099,0.83720000,1.11172429,0.56771679,1.56277464
19.01500010,0.43983959,0.13909172,0.82820000,1.10793543,0.58013199,1.54577445
19.11600018,0.44447179,0.14515554,0.83530000,1.11452057,0.61693313,1.52454988
19.21600008,0.44603030,0.14405313,0.82620000,1.14605559,0.68866930,1.55037247
19.31599998,0.44702296,0.14718177,0.83920000,1.15687392,0.72396620,1.57271793
19.41600013,0.44082386,0.14822811,0.82330000,1.10837193,0.70645220,1.53326480
19.51600003,0.44218620,0.14687501,0.81030000,1.11507245,0.73626346,1.50703508
19.61600018,0.44915536,0.15244249,0.81120000,1.14529739,0.70457664,1.50004720
19.71600008,0.44584507,0.15418115,0.80520000,1.13707930,0.74375522,1.50879241
19.81599998,0.45039923,0.15824026,0.81020000,1.13579286,0.74918965,1.50873272
19.91600013,0.45540464,0.16750170,0.82920000,1.15574861,0.78346290,1.53371847
20.01600003,0.45479025,0.17662461,0.82710000,1.16462692,1.70158027,1.53245110
20.11600018,0.44345499,0.17361511,0.78220000,1.15540570,1.75031701,1.48422864
20.21600008,0.44794083,0.17313207,0.78520000,1.19533937,1.75188729,1.47229569
20.31599998,0.44510691,0.17370163,0.77210000,1.20564207,1.74952524,1.45869497
20.41700006,0.44755862,0.17589247,0.78010000,1.22618938,1.77586696,1.46005218
20.51700020,0.45153838,0.18485060,0.79410000,1.22316278,1.79320431,1.47939702
20.61700010,0.44375347,0.18883038,0.77220000,1.19377161,1.80752865,1.46731824
20.71700001,0.44268770,0.19469395,0.76710000,1.20537487,1.77730017,1.47397837
20.81700015,0.44310310,0.20068100,0.77310000,1.20737919,1.72418432,1.47655058
20.91700006,0.44613714,0.20985839,0.78610000,1.19829089,1.68232753,1.50573309
21.01700020,0.44397490,0.21280502,0.78710000,1.18434613,1.74200104,1.50988118
21.11700010,0.43118142,0.21498513,0.76410000,1.18485325,1.73525338,1.48262006
21.21700001,0.43320928,0.22487379,0.77810000,1.20316541,1.75547092,1.49649647
21.31700015,0.42345654,0.22471907,0.75220000,1.18368565,1.83072787,1.47594217
21.41700006,0.42228092,0.23060545,0.75610000,1.17983622,1.78728228,1.46284406
21.51700020,0.42143015,0.24139600,0.76610000,1.18057256,1.82029644,1.48315609
21.61800003,0.42012999,0.24617514,0.77010000,1.18148104,1.80821582,1.48143805
21.71800017,0.41209253,0.24236204,0.73420000,1.18083220,1.83138623,1.42214877
21.81800008,0.41257037,0.25366486,0.75420000,1.19367328,1.88335161,1.43792430
21.91799998,0.40855740,0.25410559,0.74010000,1.16221635,1.89912348,1.43100076
22.01800013,0.40742128,0.26489521,0.75020000,1.14430320,1.83460251,1.45354878
22.11800003,0.40878508,0.26735034,0.75410000,1.12000898,1.82479878,1.47509891
22.21800017,0.40376739,0.26550998,0.74710000,1.12627408,1.75206705,1.49954397
22.31800008,0.40003462,0.26833329,0.74310000,1.13837628,1.72230133,1.45988010
22.41799998,0.40157304,0.27596880,0.74210000,1.13428602,1.67229580,1.45205300
22.51800013,0.39811025,0.28328105,0.73820000,1.13138737,1.66443551,1.46410309
22.61800003,0.39398149,0.29179938,0.74110000,1.11703697,1.66896092,1.46214886
22.71800017,0.39151740,0.29986221,0.73410000,1.09377200,1.75499510,1.42916567
22.81800008,0.39362049,0.30703047,0.73610000,1.09998121,1.73825957,1.42635470
22.91900015,0.38782085,0.30767626,0.73110000,1.06455851,1.68768334,1.44952691
23.01900005,0.37973170,0.31023516,0.73020000,1.05522680,1.74849721,1.42222901
23.11900020,0.37818579,0.31854563,0.73410000,1.03143445,1.75511961,1.40171446
23.21900010,0.37402172,0.32478093,0.72810000,1.02124808,1.79190349,1.40414066
23.31900001,0.36823469,0.33101732,0.72410000,1.02869241,1.84555414,1.42193884
23.41900015,0.36490146,0.33094082,0.72910000,1.02692264,1.74067316,1.38273185
23.51900005,0.36044157,0.33372594,0.72410000,0.98419392,1.75347896,1.41334401
23.61900020,0.35518684,0.33694520,0.72010000,0.97389147,1.72783402,1.38685059
23.71900010,0.35016370,0.34150278,0.71110000,1.00049814,1.69472219,1.37557819
23.81900001,0.34545828,0.34484762,0.71720000,0.96700458,1.64380813,1.37765267
23.91900015,0.34139700,0.34808042,0.71920000,0.93778655,1.72657408,1.38193789
24.01900005,0.33632457,0.35032738,0.70910000,0.93891734,1.74535288,1.38463900
24.12000012,0.33010079,0.28831991,0.70430000,0.96205693,1.62428164,1.33825107
24.22000003,0.32600868,0.36241549,0.70910000,0.97366212,1.67588096,1.35537733
24.32000017,0.32737937,0.30332301,0.71120000,0.96447538,1.58557530,1.33989833
24.42000008,0.31675861,0.37279829,0.70710000,0.94867469,1.60672618,1.33989489
24.51999998,0.31363385,0.37963939,0.70410000,0.94994230,1.61299488,1.33014925
24.62000012,0.31410750,0.32233480,0.70830000,0.99167644,1.61381799,1.34598321
24.72000003,0.31521344,0.39590184,0.71400000,0.97053336,1.61138359,1.35724716
24.82000017,0.31121362,0.33538958,0.70920000,0.98145755,1.55869363,1.38013295
24.92000008,0.30850575,0.40165747,0.71300000,0.96999590,1.62709601,1.41924774
25.01999998,0.30734906,0.41132801,0.72300000,0.97317949,1.63446182,1.41838495
25.12000012,0.30469531,0.33788711,0.71030000,0.97165609,1.56565262,1.39418693
25.22000003,0.30061822,0.40612098,0.71610000,0.99217651,1.61666218,1.39264752
25.32000017,0.30321892,0.35260922,0.71820000,0.97893098,1.60073095,1.37258409
25.42000008,0.30032129,0.41839063,0.71000000,0.95665031,1.62429389,1.36460448
25.51999998,0.29740294,0.41757594,0.69700000,0.94710565,1.66956093,1.35170366
25.62100005,0.29608702,0.35470218,0.69420000,0.97895471,1.61121869,1.35708021
25.72100019,0.29470259,0.34938464,0.69130000,0.97962205,1.63047059,1.36947292
25.82100010,0.29509275,0.34976265,0.69730000,0.98212859,1.57747506,1.40567069
25.92100000,0.29385573,0.36369233,0.70920000,0.96908891,1.57032695,1.40363352
26.02100015,0.29446906,0.37189027,0.71920000,0.99379070,1.57266102,1.35349009
26.12100005,0.30348303,0.37139164,0.71510000,0.99820565,1.58502729,1.36157355
26.22100019,0.30570933,0.37114362,0.71320000,1.03415095,1.58340670,1.35653308
26.32100010,0.29669415,0.36654468,0.71320000,0.99908213,1.64965854,1.38973629
26.42100000,0.29381704,0.36873844,0.71510000,0.96074228,1.62703213,1.39097902
26.52100015,0.30317532,0.38154791,0.72610000,0.95607730,1.59316086,1.41534358
26.62199998,0.30404538,0.37625908,0.72910000,0.97978644,1.59633904,1.38953747
26.72200012,0.29954059,0.36609736,0.72910000,0.96889433,1.63257145,1.42124655
26.82200003,0.29683321,0.35673040,0.72520000,0.96256843,1.65955410,1.40430385
26.92200017,0.30244319,0.36400261,0.72720000,0.96133512,1.69651690,1.40159508
27.02200007,0.30169665,0.36446159,0.72020000,0.97959020,1.66545632,1.42240909
27.12199998,0.29760058,0.36165950,0.71320000,0.95797455,1.68639661,1.40084946
27.22200012,0.28916656,0.36297739,0.71420000,0.94571189,1.63605926,1.42424732
27.32200003,0.28887908,0.36547714,0.72820000,0.90104721,1.63967344,1.41821105
27.42200017,0.28940110,0.36643572,0.72420000,0.91318597,1.62956214,1.42592596
27.52200007,0.28270921,0.37052497,0.72820000,0.92136590,1.70480900,1.42901229
27.62199998,0.28075631,0.37097491,0.72320000,0.92530970,1.60923017,1.42191064
27.72200012,0.27788586,0.37172975,0.72020000,0.89667221,1.57604291,1.41401378
27.82200003,0.27965632,0.37786250,0.71420000,0.90811936,1.62704786,1.40965019
27.92300010,0.28239473,0.38295512,0.72410000,0.87938386,1.63342897,1.39726808
28.02300000,0.28209127,0.37753220,0.71810000,0.88877830,1.62954773,1.37978241
28.12300014,0.27708459,0.37190890,0.71220000,0.88652361,1.65528183,1.37451947
28.22300005,0.26642705,0.36994898,0.71120000,0.89010594,1.73814479,1.38710717
28.32300019,0.26295603,0.37679252,0.72320000,0.88270955,1.74516088,1.35728902
28.42300010,0.25863294,0.37121722,0.71230000,0.87526973,1.80873114,1.34239817
28.52300000,0.26163177,0.37475661,0.71220000,0.87259520,1.70807098,1.35649137
28.62300014,0.25861387,0.37562965,0.69820000,0.86686771,1.60522050,1.30739399
28.72300005,0.25804564,0.37881678,0.69530000,0.85344370,1.61379909,1.28550463
28.82300019,0.25300884,0.37749037,0.70630000,0.84294576,1.62423865,1.30087580
28.92300010,0.25493027,0.37764602,0.70520000,0.83870592,1.59625806,1.29996745
29.02300000,0.24804055,0.38494465,0.70320000,0.82851214,1.64388220,1.31427737
29.12300014,0.23795766,0.39234660,0.70920000,0.78618294,1.66672160,1.35903452
29.22399998,0.23578365,0.39796725,0.71120000,0.80159395,1.61882178,1.36330439
29.32400012,0.23525021,0.40724861,0.73510000,0.77657724,1.63226908,1.37698673
29.42400002,0.23461677,0.40783979,0.73120000,0.79873093,1.61808574,1.38106227
29.52400017,0.23240804,0.41316114,0.74320000,0.80735617,1.71943201,1.41802617
29.62400007,0.22438271,0.41024233,0.72820000,0.82245451,1.65745453,1.44039692
29.72399998,0.22080640,0.40318346,0.71520000,0.81741351,1.74422967,1.41490278
29.82400012,0.22184218,0.40183555,0.70420000,0.83350968,1.76942165,1.39565538
29.92400002,0.22718774,0.39701711,0.71130000,0.81015451,1.79859626,1.41465547
30.02400017,0.22144707,0.39865586,0.70630000,0.81934372,1.71702021,1.39535337
30.12400007,0.21065688,0.40070840,0.70830000,0.79975879,1.73010127,1.37693730
30.22399998,0.21170984,0.39903182,0.69730000,0.82871909,1.70078152,1.36212339
30.32400012,0.22729591,0.39648951,0.69220000,0.84967543,1.65299241,1.35362057
30.42400002,0.23147973,0.39314474,0.68420000,0.86338913,1.68272446,1.37117774
30.52500010,0.23541141,0.39626159,0.70120000,0.85727018,1.65008133,1.39156098
30.62500000,0.23266267,0.39284136,0.67930000,0.86281827,1.72677378,1.39873303
30.72500014,0.22627269,0.39594242,0.68520000,0.82128843,1.66144346,1.40701543
30.82500005,0.23247339,0.39846743,0.70020000,0.83121853,1.67297546,1.43292350
30.92500019,0.23396264,0.40074782,0.70520000,0.82515816,1.65201644,1.46030643
31.02500010,0.22957426,0.40177614,0.69530000,0.84648094,1.64535334,1.45966604
31.12500000,0.23072042,0.39800188,0.69020000,0.82481754,1.69194477,1.45655843
31.22500014,0.23474600,0.39652259,0.68820000,0.81059870,1.82623871,1.45010503
31.32500005,0.23343442,0.39733938,0.68720000,0.82414389,1.82422895,1.44152131
31.42500019,0.23214413,0.39643797,0.67920000,0.79386674,1.82488581,1.45576923
31.52500010,0.22746816,0.39341789,0.67720000,0.80894461,1.84329412,1.46214196
31.62500000,0.22628846,0.39314152,0.68030000,0.78214185,1.81787189,1.45876187
31.72600007,0.22538020,0.39271153,0.68220000,0.80128552,1.73288169,1.49087719
31.82599998,0.22943070,0.39475071,0.68820000,0.79711644,1.76523756,1.48921030
31.92600012,0.23702265,0.40517251,0.70520000,0.80731118,1.81752517,1.48647201
32.02600002,0.23857408,0.41089942,0.70710000,0.83458960,1.74527976,1.48805820
32.12600017,0.24649432,0.41120653,0.71110000,0.84810388,1.80629515,1.46793789
32.22600007,0.24928529,0.41090396,0.70910000,0.86857295,1.80803850,1.46529251
32.32599998,0.25405913,0.41100448,0.71720000,0.85835650,1.79186883,1.45574656
32.42600012,0.24853423,0.41021794,0.72010000,0.84180330,1.87242959,1.45536408
32.52600002,0.24368902,0.40446665,0.71820000,0.83860322,1.85108078,1.43500243
32.62600017,0.24473663,0.40238450,0.71920000,0.85368403,1.74390172,1.39734940
32.72600007,0.24697224,0.40013070,0.71620000,0.84099679,1.75728371,1.38080261
32.82599998,0.24664422,0.39792832,0.71920000,0.83322542,1.68664296,1.40817996
32.92600012,0.24300058,0.39376046,0.71620000,0.82222338,1.62411513,1.40121348
33.02700019,0.24339661,0.39184009,0.71220000,0.82873382,1.60426331,1.38761076
33.12700009,0.24418387,0.39362878,0.71120000,0.84180781,1.69638055,1.40214137
33.22700000,0.23950777,0.39439351,0.70520000,0.84790241,1.70329576,1.38814387
33.32700014,0.23323049,0.39579276,0.70030000,0.83620688,1.76293177,1.36988286
33.42700005,0.23789224,0.39345487,0.69520000,0.82309674,1.76057063,1.37907361
33.52700019,0.24561826,0.39340579,0.69420000,0.84232625,1.72278691,1.36620399
33.62700009,0.24702952,0.39367125,0.68720000,0.84961028,1.74168358,1.32940353
33.72700000,0.24674668,0.39472508,0.69220000,0.87557651,1.71317747,1.32192235
33.82700014,0.24573092,0.39531573,0.70120000,0.89939555,1.76033703,1.34659557
33.92700005,0.23702811,0.39873893,0.70220000,0.88471427,1.78186161,1.34878497
34.02700019,0.23763135,0.40024700,0.70220000,0.87930113,1.79937543,1.33158309
34.12700009,0.24250200,0.39815281,0.69820000,0.89588146,1.76596311,1.30593753
34.22800016,0.24463388,0.39745838,0.70020000,0.91052370,1.72426570,1.28398092
34.32800007,0.24356173,0.39968040,0.71420000,0.94329497,1.69496910,1.29758344
34.42799997,0.23833579,0.39596502,0.70920000,0.89482852,1.75679768,1.28843291
34.52800012,0.23547822,0.39588253,0.71730000,0.93991412,1.85226503,1.27478176
34.62800002,0.23460502,0.39650680,0.69820000,0.94696877,1.86783567,1.24320159
34.72800016,0.23373340,0.40053707,0.70320000,0.95249322,1.92463778,1.28102010
34.82800007,0.22997202,0.40522927,0.71920000,0.93863136,1.96475867,1.29683464
34.92799997,0.23823986,0.39992646,0.70120000,0.94866922,1.94676516,1.31328942
35.02800012,0.23443176,0.39957008,0.71130000,0.97813465,1.88834531,1.33540544
35.12800002,0.22721063,0.39441254,0.70330000,0.94100234,1.86550487,1.32010540
35.22800016,0.22853519,0.39137440,0.69930000,0.96706346,1.76892611,1.32837542
35.32800007,0.22864907,0.39257464,0.69820000,0.98221830,1.71813385,1.33471820
35.42799997,0.22903599,0.39601768,0.70130000,0.99196851,1.74382745,1.31405775
35.52900004,0.22610289,0.40308740,0.70020000,1.01540978,1.66231349,1.35219724
35.62900019,0.22621656,0.40239920,0.69030000,1.03861548,1.61171088,1.35845861
35.72900009,0.22945801,0.40237429,0.68820000,1.04316982,1.65988637,1.36424056
35.82900000,0.22839195,0.40442152,0.68920000,1.03915227,1.66519502,1.36700107
35.92900014,0.22391376,0.40516795,0.69720000,1.05190321,1.61713364,1.36623919
36.02900004,0.22560837,0.40607524,0.67920000,1.03712150,1.62623548,1.35355868
36.12900019,0.22083437,0.40629994,0.67730000,1.02629917,1.64883235,1.33844527
36.22900009,0.21788183,0.40671474,0.67730000,1.02848619,1.64444016,1.32039877
36.32900000,0.21529372,0.40877775,0.67630000,1.02493733,1.61067772,1.33244652
36.42900014,0.21527380,0.40839955,0.66820000,1.01878945,1.64553489,1.32339790
36.52900004,0.21309910,0.40897119,0.65920000,1.03461671,1.62499435,1.31893898
36.62900019,0.21079739,0.40610549,0.65420000,1.05754541,1.65409799,1.31318348
36.73000002,0.20749298,0.40360015,0.65220000,1.05459749,1.64608045,1.31971248
36.83000016,0.21331955,0.35107438,0.66040000,1.05429222,1.55331659,1.31239258
36.93000007,0.21695239,0.40040160,0.65720000,1.05759838,1.65346946,1.27350196
37.02999997,0.21432618,0.39975441,0.65920000,1.06626786,1.63856352,1.27733924
37.13000011,0.22084222,0.34653017,0.65940000,1.09596784,1.55553768,1.26121089
37.23000002,0.22591318,0.40026262,0.65720000,1.09120437,1.60037279,1.24651753
37.33000016,0.24262514,0.34375237,0.66430000,1.08283582,1.56842035,1.26788208
37.43000007,0.23217162,0.40258060,0.65920000,1.04837318,1.66647725,1.29795857
37.52999997,0.22742764,0.40493343,0.65420000,1.08115235,1.74972107,1.26658064
37.63000011,0.22464424,0.34998248,0.65940000,1.06059770,1.80208964,1.28838692
37.73000002,0.22235099,0.40957446,0.65020000,1.04221322,1.91200465,1.29644174
37.83000016,0.22721893,0.35807717,0.64640000,1.05757975,1.94481979,1.28170438
37.93000007,0.22792962,0.41097438,0.65020000,1.06374323,2.08021536,1.28319575
38.03100014,0.23484120,0.35203043,0.65740000,1.07042492,2.04971951,1.27111291
38.13100004,0.23609767,0.34743940,0.66130000,1.05249697,2.00817915,1.25568140
38.23100019,0.24271648,0.34607219,0.66340000,1.08946433,1.99020745,1.25670772
38.33100009,0.24571955,0.34377435,0.65940000,1.06267847,1.92387819,1.23401937
38.43099999,0.24225422,0.34025740,0.65430000,1.04594282,1.89823723,1.23362539
38.53100014,0.23653635,0.34375370,0.64940000,1.00761580,1.96110752,1.22684835
38.63100004,0.23408736,0.34196461,0.65340000,1.01281294,1.92519045,1.23272934
38.73100019,0.24183270,0.35185919,0.64330000,0.98658045,1.91193596,1.19782809
38.83100009,0.23525541,0.34282688,0.64240000,0.95807124,1.89298853,1.20260065
38.93099999,0.22974087,0.34077783,0.64940000,0.97375918,1.82703551,1.21926777
39.03100014,0.23495122,0.34974829,0.62940000,0.96979031,1.68155943,1.20701915
39.13100004,0.23574198,0.35496773,0.62930000,0.98873177,1.62290711,1.21764880
39.23100019,0.23093318,0.35530219,0.61940000,0.99366851,1.56302874,1.22853301
39.33200002,0.22216643,0.35115472,0.62240000,0.94971436,1.56849509,1.24852653
39.43200016,0.21245713,0.34634025,0.62240000,0.93722814,1.60316579,1.27618730
39.53200006,0.20959064,0.34524167,0.62540000,0.95290801,1.59011163,1.25403575
39.63199997,0.20214107,0.34981393,0.63550000,0.95361595,1.58388501,1.23455649
39.73200011,0.19198254,0.34790624,0.63850000,0.91194070,1.55878724,1.25998452
39.83200002,0.18817637,0.33678905,0.65050000,0.88596288,1.57979442,1.28832930
39.93200016,0.18295568,0.33061884,0.65760000,0.89158059,1.65140851,1.30336183
40.03200006,0.17927702,0.32724638,0.66250000,0.89594976,1.60288050,1.33833609
40.13199997,0.16516497,0.32823587,0.67060000,0.86053965,1.61316630,1.32712182
40.23200011,0.15958860,0.32628320,0.67560000,0.84944409,1.61834263,1.33318969
40.33200002,0.15151166,0.32922890,0.67460000,0.84358316,1.55957722,1.35720537
40.43200016,0.14441977,0.33195673,0.68260000,0.82954323,1.57586878,1.36315294
40.53299999,0.14828219,0.33507408,0.68660000,0.86134041,1.62307678,1.35968096
40.63300014,0.15257032,0.33600928,0.68960000,0.86817286,1.69213111,1.38041629
40.73300004,0.16514886,0.33861173,0.68850000,0.88170110,1.69663711,1.34875287
40.83300018,0.16630979,0.34197078,0.68450000,0.88252078,1.74899361,1.37008623
40.93300009,0.17354522,0.34968475,0.67750000,0.86417396,1.73244500,1.33485291
41.03299999,0.17413627,0.35121767,0.68250000,0.85297708,1.79749658,1.36305640
41.13300014,0.18178309,0.36746881,0.68940000,0.83271897,1.87311312,1.37321139
41.23300004,0.18065644,0.37434874,0.69240000,0.83348225,1.88462510,1.39150270
41.33300018,0.18394016,0.37880479,0.68840000,0.80390045,1.88697648,1.38468492
41.43300009,0.18514645,0.38108913,0.69340000,0.81109438,1.90256455,1.41433513
41.53299999,0.18978112,0.37101608,0.69440000,0.84878651,1.83611488,1.39968143
41.63300014,0.19237449,0.36179318,0.69040000,0.89511104,1.77719277,1.44703949
41.73300004,0.19452144,0.36001958,0.69040000,0.87332865,1.77148953,1.42254714
41.83400011,0.19271152,0.36206359,0.68650000,0.89780299,1.74704036,1.41815646
41.93400002,0.19769024,0.36918866,0.68440000,0.92538642,1.75425472,1.38285378
42.03400016,0.20243069,0.37201477,0.68040000,0.89480043,1.70928141,1.38518698
42.13400006,0.19285330,0.36438575,0.69340000,0.89553227,1.58499969,1.38965128
42.23399997,0.18747635,0.35386606,0.69950000,0.90482979,1.60973387,1.37108433
42.33400011,0.18650966,0.35656752,0.69640000,0.90948750,1.73625008,1.38030448
42.43400002,0.19002462,0.35939868,0.68750000,0.95013163,1.78988213,1.36353899
42.53400016,0.18932254,0.35765255,0.68040000,0.94364604,1.82060676,1.31711051
42.63400006,0.18844843,0.34923060,0.68140000,0.93741377,1.79573149,1.37343025
42.73399997,0.18733381,0.34944158,0.66950000,0.96052495,1.83911493,1.36097207
42.83400011,0.18693128,0.36072947,0.67140000,0.96325673,1.83831372,1.30379966
42.93400002,0.18065458,0.35671161,0.66340000,0.97022665,1.70522221,1.28446353
43.03400016,0.18590646,0.36389152,0.66750000,0.95641024,1.69965674,1.29311347
43.13499999,0.19639734,0.36703232,0.66940000,0.94794588,1.75360333,1.28974532
43.23500013,0.20677567,0.36812155,0.67140000,0.98146068,1.75898393,1.30676923
43.33500004,0.21421524,0.36972033,0.67340000,0.97614601,1.70687844,1.31862917
43.43500018,0.20708328,0.37459590,0.67230000,0.94969862,1.68221675,1.31562974
43.53500009,0.20349081,0.37216939,0.67940000,0.97218059,1.63337231,1.34494308
43.63499999,0.23582217,0.37595354,0.65930000,0.98237218,1.70356312,1.33896534
43.73500013,0.23727424,0.36818547,0.66130000,0.95161927,1.75811332,1.34345329
43.83500004,0.22808270,0.37028149,0.67330000,0.93462982,1.67677985,1.41770820
43.93500018,0.23437581,0.37036629,0.67230000,0.94200723,0.84535754,1.39353055
44.03500009,0.24001941,0.36430841,0.68330000,0.98359467,0.80232365,1.41004302
44.13499999,0.24319475,0.36783136,0.68930000,0.98088967,0.79611846,1.39376200
44.23500013,0.24307608,0.36703749,0.67830000,1.00355786,0.83749212,1.37466981
44.33600020,0.23743152,0.36491364,0.67930000,0.98473713,0.81786736,1.36608908
44.43600011,0.23384042,0.36314972,0.67930000,0.99925558,0.78450058,1.39986441
44.53600001,0.23359578,0.36011122,0.68330000,0.99672613,0.80192891,1.37963469
44.63600016,0.24068791,0.36522976,0.69440000,1.00688975,0.77831487,1.38701115
44.73600006,0.24155127,0.36439545,0.69030000,0.97835538,0.85060055,1.34348146
44.83600020,0.22477088,0.33985551,0.70750000,0.97549242,0.84066961,1.34838622
44.93600011,0.21863272,0.33399429,0.71150000,0.93217728,0.89144579,1.34955897
45.03600001,0.21563845,0.32810137,0.71350000,0.91814704,0.86314878,1.37388191
45.13600016,0.21182103,0.31820866,0.72460000,0.93219740,0.85365775,1.38189517
45.23600006,0.21339319,0.30720577,0.73460000,0.92285062,0.90716347,1.40037162
45.33600020,0.21326197,0.29955625,0.73660000,0.91308036,0.91957657,1.41656371
45.43600011,0.21490666,0.29496971,0.74460000,0.91595126,0.94978879,1.41407749
45.53600001,0.21737043,0.28333760,0.75660000,0.91239242,0.90199833,1.43235354
45.63700008,0.23224450,0.27999392,0.77260000,0.92157756,0.87876710,1.45565206
45.73699999,0.23085453,0.27492160,0.77360000,0.89902686,0.86917398,1.44654396
45.83700013,0.24378960,0.27806733,0.77560000,0.85952970,0.87540566,1.47383878
45.93700004,0.19092872,0.26108650,0.79280000,0.82553048,0.85802889,1.54732339
46.03700018,0.16623039,0.24674549,0.80390000,0.81983018,0.81178921,1.56623262
46.13700008,0.15136057,0.24362822,0.81290000,0.80900161,0.82016183,1.58489765
46.23699999,0.14203371,0.24548506,0.82290000,0.81841380,0.85750060,1.60543083
46.33700013,0.15228272,0.28006182,0.80780000,0.80285854,0.88622946,1.58820884
46.43700004,0.16045548,0.26770293,0.80680000,0.81976799,0.83349057,1.57831512
46.53700018,0.17810384,0.27603491,0.80770000,0.82048326,0.82756098,1.58880572
46.63700008,0.19598023,0.27809090,0.80380000,0.83171818,0.78281016,1.57444103
46.73699999,0.21753637,0.26894315,0.79770000,0.84627048,0.72418365,1.54118817
46.83700013,0.22314360,0.27447503,0.79870000,0.86830474,0.75703710,1.56975247
46.93800020,0.21310557,0.26974732,0.80970000,0.86585275,0.70962110,1.54454753
47.03800011,0.24354541,0.26990859,0.78460000,0.90101865,0.71182460,1.48850818
47.13800001,0.24362678,0.26653918,0.76460000,0.88570877,0.68740286,1.47984879
47.23800015,0.25362027,0.26715608,0.75560000,0.92436500,0.67585807,1.43975757
47.33800006,0.24402602,0.26811056,0.73560000,0.91434216,0.68164294,1.40438089
47.43800020,0.25266902,0.26914603,0.73660000,0.94290043,0.71613806,1.39072324
47.53800011,0.26201646,0.26658442,0.72550000,0.93287115,0.71618566,1.32972193
47.63800001,0.29402589,0.24840359,0.70050000,0.96112872,0.72074353,1.32126065
47.73800015,0.29791185,0.24802611,0.69450000,0.92887969,0.71353396,1.29865442
47.83800006,0.29276693,0.24818486,0.69650000,0.93471848,0.72799230,1.31694552
47.93800020,0.29177255,0.24711340,0.69250000,0.92405003,0.74037810,1.34605236
48.03800011,0.28385350,0.24475234,0.69660000,0.91896527,0.74461620,1.34400888
48.13800001,0.30011616,0.24306777,0.67750000,0.92621720,0.73484396,1.33267307
48.23900008,0.29948812,0.23820467,0.66850000,0.92341321,0.74666258,1.28930959
48.33899999,0.29515599,0.23329179,0.66160000,0.89689196,0.74010601,1.25873116
48.43900013,0.29379097,0.22734678,0.65860000,0.89149328,0.76183285,1.25271058
48.53900003,0.29245860,0.22468640,0.66150000,0.89976045,0.73906616,1.24720518
48.63900018,0.29436900,0.22143926,0.66350000,0.88601541,0.73993435,1.23758795
48.73900008,0.28989467,0.21620715,0.66360000,0.89324855,0.69460032,1.26749689
48.83899999,0.28824483,0.21900005,0.66660000,0.89137843,0.72787900,1.27388108
48.93900013,0.29265277,0.21818571,0.66260000,0.89785187,0.72781758,1.28539528
49.03900003,0.28977964,0.21548487,0.65460000,0.88186974,0.67554488,1.29962182
49.13900018,0.28904084,0.21047329,0.64860000,0.82993856,0.68412422,1.26940424
49.23900008,0.28925764,0.21062108,0.65060000,0.81518242,0.67475427,1.27323847
49.33899999,0.29256464,0.21288783,0.65860000,0.80428322,0.72201608,1.26423501
49.44000006,0.28946548,0.20838464,0.65670000,0.80633724,0.71791260,1.23568633
49.54000020,0.29345953,0.11968602,0.65780000,0.83401718,0.63754784,1.25819487
49.64000010,0.28783397,0.11927874,0.66080000,0.86055902,0.64752323,1.23246075
49.74000001,0.28349021,0.19625766,0.66260000,0.85865028,0.67278834,1.21981132
49.84000015,0.28948032,0.11095600,0.66280000,0.86480035,0.55539237,1.22138066
49.94000006,0.29471471,0.19298508,0.66860000,0.86841700,0.63145822,1.21625108
50.04000020,0.30122396,0.11015631,0.67280000,0.87011136,0.56227341,1.22306023
50.14000010,0.29661335,0.11372019,0.67680000,0.88140050,0.53210361,1.25650650
50.24000001,0.29007247,0.20159778,0.66670000,0.87274216,0.64273294,1.23062518
50.34000015,0.28694135,0.12149346,0.65880000,0.84589351,0.53921321,1.26652415
50.44000006,0.28183697,0.20272889,0.65270000,0.83225375,0.60535332,1.29069807
50.54000020,0.27804361,0.11532349,0.66280000,0.81962163,0.54408964,1.32939004
50.64000010,0.26852685,0.11778800,0.67080000,0.83074454,0.52964462,1.36636106
50.74100018,0.27080792,0.11959963,0.66690000,0.85904414,0.52263272,1.35746257
50.84100008,0.27732092,0.12115786,0.66290000,0.87001372,0.53309424,1.41445986
50.94099998,0.27946689,0.12175132,0.65490000,0.86589530,0.57232253,1.43570604
51.04100013,0.27524700,0.12150426,0.65090000,0.86892348,0.56131733,1.44000151
51.14100003,0.28062412,0.12475216,0.63980000,0.90522899,0.58256098,1.44264247
51.24100018,0.28110548,0.12386852,0.63380000,0.90141760,0.60808332,1.44821124
51.34100008,0.27967569,0.12079221,0.63380000,0.89434123,0.56384309,1.46078065
51.44099998,0.27196737,0.11720068,0.64380000,0.92320419,0.61169204,1.49082491
51.54100013,0.27009838,0.11306634,0.64390000,0.93718722,0.64915514,1.49164233
51.64100003,0.27367103,0.11252384,0.64590000,0.92414707,0.64516302,1.49649818
51.74100018,0.27667425,0.11045081,0.64190000,0.96835211,0.57382257,1.47702465
51.84100008,0.27625148,0.11415227,0.63790000,0.98978604,0.60715302,1.43163993
51.94099998,0.27879909,0.11265700,0.63390000,1.00105962,0.58209610,1.41338960
52.04200006,0.27119008,0.10986965,0.63590000,1.01267163,0.57223207,1.39650294
52.14200020,0.27207369,0.10981783,0.63190000,1.03523767,0.61352657,1.35866248
52.24200010,0.26780628,0.10433271,0.63490000,1.02550142,0.64870362,1.39809372
52.34200001,0.26671297,0.10409957,0.63800000,1.04078964,0.64816141,1.37443989
52.44200015,0.26914417,0.09988321,0.64490000,1.04635656,0.59108967,1.38628883
52.54200006,0.27067251,0.09819710,0.64590000,1.05323095,0.54238353,1.39313835
52.64200020,0.27152371,0.09956393,0.64190000,1.04293177,0.52297854,1.37178572
52.74200010,0.27124199,0.10758728,0.63690000,1.03201096,0.51320894,1.39217237
52.84200001,0.26804312,0.10968723,0.63590000,1.03405002,0.57611674,1.41374017
52.94200015,0.25321399,0.10911130,0.63490000,1.00785310,0.59696109,1.41177015
53.04200006,0.25232840,0.11134674,0.63600000,1.01958297,0.59618070,1.40206249
53.14200020,0.25675666,0.11592614,0.64090000,1.02447252,0.57488613,1.41545393
53.24200010,0.24926328,0.11149734,0.63800000,0.99091952,0.59565938,1.41935139
53.34300017,0.24874088,0.11227264,0.63690000,1.00909291,0.56401301,1.41412883
53.44300008,0.25283030,0.11419635,0.63390000,1.01083529,0.50341318,1.40593839
53.54299998,0.25095292,0.10916520,0.63090000,1.01099707,0.47653765,1.37293357
53.64300013,0.25320998,0.10153100,0.63300000,0.99421101,0.47981105,1.36586806
53.74300003,0.24273355,0.09675228,0.63600000,0.96377821,0.46432713,1.35078863
53.84300017,0.22803657,0.09674628,0.63910000,0.92650000,0.47142315,1.36741219
53.94300008,0.23396202,0.09754786,0.64500000,0.92747567,0.49040419,1.33823683
54.04299998,0.24141107,0.09020391,0.64700000,0.92608649,0.47554178,1.32973576
54.14300013,0.24397940,0.08740339,0.64700000,0.94503543,0.47181220,1.31545849
54.24300003,0.25015420,0.08521699,0.64400000,0.94225972,0.45732888,1.30903010
54.34300017,0.22940458,0.08376263,0.64100000,0.93798775,0.48595558,1.30831430
54.44300008,0.22845135,0.08627649,0.63700000,0.95349731,0.49411611,1.30608603
54.54400015,0.22791632,0.09426183,0.64000000,0.94848855,0.52436239,1.30090510
54.64400005,0.23349147,0.09740424,0.63400000,0.95485563,0.55319840,1.28142975
54.74400020,0.23500629,0.09685145,0.62500000,0.97160053,0.53111546,1.27921633
54.84400010,0.24327941,0.09323191,0.62300000,0.93867395,0.51810149,1.30847913
54.94400001,0.24188035,0.09567227,0.61800000,0.91093013,0.52812596,1.31208955
55.04400015,0.24444990,0.10045664,0.62000000,0.91812162,0.53361222,1.32343369
55.14400005,0.24077777,0.10199541,0.61800000,0.91232749,0.53729108,1.32104373
55.24400020,0.23221386,0.10096521,0.62800000,0.89150224,0.55100639,1.35483894
55.34400010,0.24700994,0.10310799,0.62200000,0.94652130,0.57353761,1.34137591
55.44400001,0.26149765,0.10079975,0.62800000,0.94709557,0.57827693,1.37506380
55.54400015,0.26094355,0.09726955,0.62500000,0.94622010,0.57251406,1.41400964
55.64400005,0.26923414,0.09784084,0.63090000,0.93083920,0.54516798,1.41991395
55.74400020,0.27042542,0.09298448,0.63690000,0.93315883,0.53774434,1.42465427
55.84500003,0.26328147,0.08781888,0.63890000,0.93037997,0.50968972,1.41847305
55.94500017,0.26141510,0.08379742,0.64290000,0.92320944,0.51586808,1.41595681
56.04500008,0.26226302,0.08106120,0.64900000,0.92870666,0.52836400,1.41721997
56.14499998,0.25686034,0.07927198,0.64400000,0.91928523,0.50617790,1.40171565
56.24500012,0.26002166,0.07885092,0.64190000,0.91915128,0.48958161,1.41023471
56.34500003,0.25287801,0.07912471,0.63200000,0.90837845,0.50089266,1.36618167
56.44500017,0.25192357,0.08141666,0.62400000,0.88891583,0.28896240,1.35381848
56.54500008,0.25137607,0.06950627,0.64200000,0.92284339,0.27780984,1.37919883
56.64499998,0.24305939,0.07641410,0.63500000,0.91599116,0.28285528,1.38458100
56.74500012,0.23008642,0.07230415,0.63700000,0.92978572,0.28297213,1.39453937
56.84500003,0.23002622,0.07757189,0.63210000,0.93657385,0.29482878,1.39595427
56.94500017,0.23022794,0.07680725,0.64000000,0.95121481,0.29094616,1.36877407
57.04500008,0.23048214,0.08014938,0.63410000,0.95570740,0.29449220,1.36714971
57.14600015,0.24321562,0.08491608,0.63700000,0.95477455,0.29814143,1.36475576
57.24600005,0.24455771,0.08829974,0.62900000,0.92748331,0.29895539,1.34583088
57.34600019,0.23969940,0.08928564,0.61500000,0.89991197,0.30658754,1.32042350
57.44600010,0.22886942,0.09291629,0.61510000,0.90422665,0.30652660,1.30165204
57.54600000,0.22540192,0.10127258,0.61910000,0.88004021,0.30178292,1.28598065
57.64600015,0.22197127,0.10592773,0.61600000,0.87307637,0.30903723,1.28497834
57.74600005,0.22372325,0.10710259,0.60700000,0.85850398,0.32586643,1.28168257
57.84600019,0.23270916,0.10619179,0.59500000,0.86051525,0.32803242,1.26896532
57.94600010,0.23530520,0.10688106,0.58900000,0.88188729,0.33404437,1.24134815
58.04600000,0.23729490,0.10966102,0.58800000,0.89117488,0.34115489,1.22016098
58.14600015,0.23775761,0.11436681,0.58800000,0.89031412,0.34609944,1.21421494
58.24600005,0.23616677,0.11489159,0.57900000,0.89099463,0.35415842,1.19879953
58.34600019,0.24024029,0.11145646,0.57790000,0.92468717,0.35521796,1.20208373
58.44700003,0.23755604,0.11569347,0.57200000,0.92872985,0.36244979,1.19141032
58.54700017,0.23609474,0.11768471,0.56800000,0.93826033,0.35863175,1.16714440
58.64700007,0.23841655,0.11668465,0.57200000,0.98775996,0.60293698,1.13594758
58.74699998,0.24042189,0.11170749,0.56590000,0.99909265,0.61235071,1.14272061
58.84700012,0.24132867,0.10981746,0.56490000,0.98198455,0.61038037,1.16224019
58.94700003,0.24042173,0.10971637,0.57090000,0.96019356,0.58727818,1.17841986
59.04700017,0.24300076,0.10858438,0.56800000,0.95142390,0.58841050,1.15956237
59.14700007,0.24302774,0.10927967,0.56500000,0.95798666,0.57778046,1.15425615
59.24699998,0.24123561,0.10687843,0.56800000,0.94972339,0.56354006,1.18945300
59.34700012,0.24053081,0.10200618,0.56300000,0.93862246,0.55091260,1.19317136
59.44700003,0.24100499,0.09576969,0.56000000,0.94279856,0.57959777,1.18996836
59.54700017,0.24147944,0.09348010,0.55300000,0.97102023,0.61162922,1.18213429
59.64800000,0.24789182,0.09034543,0.54900000,0.97345165,0.57916605,1.17396990
59.74800014,0.24617208,0.08416617,0.54300000,0.98787331,0.55124346,1.18487896
59.84800005,0.25058637,0.07696780,0.54600000,0.98134677,0.58691214,1.16996115
59.94800019,0.24579989,0.06902539,0.54600000,0.97157468,0.59255711,1.17391389
60.04800010,0.24108070,0.06068522,0.54410000,0.94580658,0.55395932,1.20330196
60.14800000,0.23568276,0.05580760,0.54500000,0.93567737,0.53081997,1.18080249
60.24800014,0.24104981,0.04919959,0.55010000,0.95894508,0.49712732,1.20074086
60.34800005,0.24117134,0.04385606,0.54210000,0.99090412,0.51802752,1.19383520
60.44800019,0.23940343,0.03934523,0.53810000,0.99173298,0.48459543,1.21606290
60.54800010,0.23729698,0.03263177,0.53410000,0.97014174,0.45971053,1.22668611
60.64800000,0.23876549,0.02815688,0.53710000,0.99617976,0.47252409,1.23208588
60.74800014,0.23586796,0.02416454,0.53610000,1.01418522,0.45787987,1.24735223
60.84800005,0.23862489,0.02047488,0.53710000,1.00377621,0.46351312,1.26016893
60.94900012,0.24147973,0.01427016,0.53100000,0.98253894,0.45489890,1.26133882
61.04900002,0.24179360,0.00717462,0.52900000,0.97443821,0.42025529,1.26492525
61.14900017,0.23849891,0.00107621,0.53300000,0.98260568,0.38725940,1.28825580
61.24900007,0.23449414,0.01061078,0.54310000,0.97716053,0.40641567,1.30660956
61.34899998,0.24159686,0.01567215,0.53510000,1.00873721,0.39244147,1.29612739
61.44900012,0.24046388,0.02347965,0.53410000,0.97401598,0.43468255,1.29668071
61.54900002,0.23530650,0.03076610,0.52710000,0.95127007,0.43203349,1.29323039
61.64900017,0.22866761,0.03350736,0.53010000,0.93956242,0.44510583,1.31347595
61.74900007,0.22297124,0.03993840,0.52410000,0.89293668,0.43632633,1.32058919
61.84899998,0.21752899,0.05043834,0.52020000,0.91400925,0.43370708,1.29424794
61.94900012,0.21192078,0.05756512,0.51220000,0.92692836,0.45137512,1.29368743
62.04900002,0.20757856,0.06728798,0.51510000,0.94213155,0.47982855,1.27835531
62.14900017,0.20011557,0.07597269,0.51620000,0.91609324,0.46526302,1.28222598
62.25000000,0.19318049,0.08061854,0.50920000,0.90755069,0.48120411,1.26379486
62.35000014,0.19043898,0.13277366,0.50220000,0.90550749,0.54553559,1.24250510
62.45000005,0.18219510,0.08611390,0.49820000,0.90757561,0.50567208,1.22003634
62.55000019,0.17391698,0.14285883,0.49320000,0.90983459,0.55798048,1.21684651
62.65000010,0.15955510,0.15126539,0.49320000,0.88890260,0.52538156,1.21802770
62.75000000,0.15221559,0.10683850,0.49430000,0.87810854,0.48437269,1.21987943
62.85000014,0.15694049,0.16588605,0.49620000,0.88308605,0.54032732,1.22371757
62.95000005,0.15375954,0.11998318,0.49930000,0.86994997,0.53012583,1.22532272
63.05000019,0.15816917,0.17806216,0.50320000,0.88027180,0.62115463,1.23784218
63.15000010,0.14823543,0.18030072,0.49910000,0.89208210,0.59162351,1.23763100
63.25000000,0.13224816,0.13517054,0.49430000,0.88374632,0.55004615,1.24759243
63.35000014,0.12813781,0.19479957,0.48910000,0.87901584,0.64832270,1.20568906
63.45000005,0.11611539,0.14751873,0.47830000,0.85494652,0.60893760,1.19642227
63.55100012,0.10793661,0.20256984,0.47420000,0.87026581,0.64832611,1.18316423
63.65100002,0.09400546,0.20544628,0.47120000,0.85713774,0.65727930,1.15308874
63.75100017,0.08521334,0.20795523,0.46820000,0.84030739,0.66518039,1.15335802
63.85100007,0.07694254,0.20506181,0.45620000,0.80825455,0.63964199,1.13990857
63.95099998,0.07386704,0.20395039,0.45820000,0.81817196,0.64809318,1.13258561
64.05100012,0.06755367,0.20015904,0.45220000,0.82053907,0.64692728,1.09886998
64.15100002,0.06378120,0.19642517,0.45230000,0.81079462,0.63290919,1.08520626
64.25100017,0.05476632,0.19169272,0.44630000,0.77194146,0.59704411,1.07987451
64.35100007,0.04981389,0.18860718,0.44040000,0.76043719,0.56567956,1.07704899
64.45099998,0.04607896,0.18451975,0.43030000,0.76692456,0.56221535,1.08592789
64.55100012,0.04395599,0.18323993,0.42930000,0.77429090,0.55077656,1.05498952
64.65100002,0.03931119,0.18313012,0.43140000,0.78583160,0.54604176,1.06165897
64.75200009,0.03345818,0.17415889,0.42550000,0.77865716,0.54407787,1.04532883
64.85200000,0.03322068,0.16554007,0.41840000,0.79218687,0.56070012,1.03989871
64.95200014,0.03461798,0.17057736,0.42840000,0.78406947,0.55669296,1.05438694
65.05200005,0.04001374,0.16721887,0.42740000,0.78421002,0.53248070,1.03031919
65.15200019,0.03853273,0.16400118,0.41640000,0.76440866,0.55831576,1.01735879
65.25200009,0.03327065,0.15363656,0.40350000,0.74693677,0.56184143,1.00150079
65.35200000,0.03632444,0.14663623,0.40040000,0.75478374,0.54328463,1.00934615
65.45200014,0.04445332,0.14284675,0.40250000,0.79998111,0.52946815,1.01556338
65.55200005,0.04713225,0.14253645,0.39540000,0.79684077,0.50321145,1.02208089
65.65200019,0.04201083,0.14704030,0.39050000,0.77808395,0.51822940,1.03068640
65.75200009,0.02152889,0.14244394,0.38860000,0.74762601,0.50368746,1.02268387
65.85200000,0.01003761,0.13832995,0.38260000,0.73340439,0.51135220,0.99710285
65.95200014,0.00618381,0.13123056,0.38260000,0.71560258,0.52622027,0.98412048
66.05299997,0.01281775,0.12717215,0.38570000,0.75206516,0.53445311,1.00219941
66.15300012,0.01585296,0.13015166,0.38160000,0.76199680,0.58284203,0.98427523
66.25300002,0.01872708,0.12705856,0.37560000,0.76038113,0.59683481,0.99551320
66.35300016,0.01651188,0.12236751,0.37070000,0.78550503,0.58579567,0.99625162
66.45300007,0.01667656,0.12755494,0.36760000,0.78325575,0.62352200,1.02584959
66.55299997,0.01388121,0.12836667,0.36860000,0.76529219,0.64607106,1.04024059
66.65300012,0.02322679,0.13089063,0.37260000,0.76041911,0.64917174,1.02754586
66.75300002,0.02889362,0.13119409,0.37150000,0.76384615,0.65737961,1.05817772
66.85300016,0.03750722,0.13838659,0.37350000,0.75587712,0.65287361,1.06665607
66.95300007,0.04720050,0.13997987,0.37950000,0.77072049,0.64436581,1.07330271
67.05299997,0.04446543,0.13321361,0.36950000,0.75780415,0.64235753,1.05951855
67.15300012,0.04196829,0.13230175,0.36350000,0.78090679,0.63389573,1.05816492
67.25300002,0.04634364,0.13309785,0.36360000,0.77817340,0.63153848,1.09593356
67.35400009,0.04613923,0.13301963,0.36250000,0.77232220,0.62607614,1.09624653
67.45400000,0.05239770,0.13774154,0.35840000,0.78860084,0.60620061,1.08608357
67.55400014,0.05253274,0.13319051,0.35550000,0.80251014,0.57618372,1.06203646
67.65400004,0.05924567,0.13080104,0.35450000,0.85494876,0.57192455,1.10784529
67.75400019,0.06397805,0.13110019,0.35850000,0.84218212,0.56912365,1.10667437
67.85400009,0.06077448,0.13163253,0.35750000,0.84761738,0.57253823,1.10017363
67.95400000,0.05820580,0.13695899,0.35650000,0.79437746,0.55161171,1.09507700
68.05400014,0.05943245,0.13822490,0.35150000,0.78793705,0.54747384,1.08979566
68.15400004,0.06202337,0.13135612,0.35450000,0.79878351,0.53943950,1.09909258
68.25400019,0.06487078,0.13184643,0.35540000,0.80890358,0.50846932,1.10600596
68.35400009,0.06227538,0.13001799,0.35650000,0.76026829,0.49467022,1.07735575
68.45400000,0.05626040,0.12863443,0.34750000,0.73935652,0.52046143,1.05602891
68.55400014,0.05901946,0.13051067,0.34940000,0.69746542,0.51180618,1.04290080
68.65499997,0.06416235,0.13243177,0.34650000,0.71128699,0.52352209,1.03410174
68.75500011,0.06312034,0.13832340,0.34350000,0.72330576,0.54042883,1.01682825
68.85500002,0.06984987,0.14242884,0.34340000,0.79000392,0.55962075,1.02268663
68.95500016,0.07058469,0.13386673,0.34540000,0.76347483,0.57374960,1.03913902
69.05500007,0.07029023,0.13177547,0.34550000,0.79553562,0.57173211,1.05169583
69.15499997,0.06342356,0.12831310,0.34740000,0.71466977,0.56162750,1.03979267
69.25500011,0.05592775,0.13020099,0.35150000,0.72092352,0.51998462,1.03977135
69.35500002,0.05553560,0.13001184,0.34950000,0.70856669,0.49388394,0.99767034
69.45500016,0.05408542,0.12971502,0.34950000,0.66469747,0.53500373,1.00476068
69.55500007,0.05413277,0.12860083,0.35160000,0.67441497,0.53073688,0.96632762
69.65499997,0.05584454,0.12654832,0.35050000,0.68899641,0.49035324,0.97226581
69.75500011,0.05784947,0.12317929,0.34860000,0.68645305,0.49844835,0.94897166
69.85500002,0.06091652,0.12199470,0.34650000,0.70777303,0.50006964,0.92458773
69.95600009,0.06289870,0.12146306,0.34350000,0.73308928,0.51305518,0.94876786
70.05599999,0.06615200,0.11940588,0.33650000,0.74185272,0.33486823,0.94338463
70.15600014,0.06913198,0.11703815,0.33250000,0.73876851,0.34174885,0.94919997
70.25600004,0.06832231,0.11233553,0.33450000,0.73382530,0.33833306,0.95952131
70.35600019,0.06728243,0.11296798,0.33260000,0.76907347,0.34444497,0.95004661
70.45600009,0.06498362,0.11253719,0.32860000,0.78463216,0.35213525,0.94113236
70.55599999,0.06191752,0.11019628,0.32650000,0.80662104,0.35102446,0.92592368
70.65600014,0.06445619,0.11737448,0.30960000,0.79226999,0.35836734,0.94174941
70.75600004,0.06502930,0.11290222,0.31260000,0.79073413,0.36119440,0.93182692
70.85600019,0.07361610,0.10879876,0.31850000,0.79758995,0.35909923,0.92845797
70.95600009,0.07963768,0.10234379,0.31850000,0.81977164,0.35106078,0.92026028
71.05599999,0.08201171,0.09617734,0.31860000,0.84665520,0.34038861,0.91170226
71.15600014,0.07848251,0.10194187,0.30750000,0.84095090,0.35626725,0.90996950
71.25699997,0.08052710,0.09872723,0.30950000,0.87481124,0.34398235,0.91441637
71.35700011,0.08380009,0.09597456,0.31250000,0.88089704,0.33719591,0.89900716
71.45700002,0.08173768,0.09734681,0.31250000,0.87269298,0.33833478,0.91696771
71.55700016,0.07313368,0.10087946,0.31050000,0.91506220,0.33961476,0.93325657
71.65700006,0.07245647,0.10545483,0.30860000,0.94798301,0.34866808,0.93190828
71.75699997,0.07237101,0.10316844,0.31350000,0.94154482,0.34220341,0.95678891
71.85700011,0.07546583,0.10561552,0.31850000,0.94509714,0.34084521,0.96488934
71.95700002,0.07489619,0.10392695,0.31950000,0.91886712,0.34065744,0.97905924
72.05700016,0.06943683,0.10791615,0.31950000,0.87291132,0.33878401,0.94251518
72.15700006,0.06859040,0.10618421,0.32350000,0.83799769,0.33689725,0.94445235
72.25699997,0.06441804,0.10515102,0.32160000,0.84641651,0.33874481,0.94395950
72.35700011,0.05729330,0.10875678,0.32460000,0.80489877,0.34099312,0.92839812
72.45800018,0.05066080,0.11323945,0.31850000,0.78937184,0.33989118,0.93440915
72.55800009,0.04700417,0.11019940,0.31560000,0.79966299,0.33036205,0.92044437
72.65799999,0.04707040,0.11224160,0.32060000,0.77758876,0.33124991,0.94580692
72.75800014,0.04539567,0.11640225,0.31960000,0.78483127,0.33277488,0.94576476
72.85800004,0.05337279,0.11783652,0.33460000,0.78192281,0.33657291,1.00467402
72.95800018,0.05678816,0.11445761,0.34950000,0.78589575,0.33180814,1.06679370
73.05800009,0.05508218,0.11711961,0.34550000,0.77646666,0.33609538,1.03407534
73.15799999,0.04596244,0.11353173,0.34460000,0.76440596,0.32813176,1.02538180
73.25800014,0.04830433,0.11166710,0.34860000,0.79824503,0.32694141,1.03413625
73.35800004,0.05082261,0.10857422,0.34060000,0.80276813,0.32515352,1.04418311
73.45800018,0.04963501,0.10827121,0.34550000,0.79601580,0.31072731,1.05126939
73.55800009,0.04242692,0.11306939,0.33860000,0.77629128,0.30606104,1.05054924
73.65799999,0.03695816,0.11268427,0.33660000,0.73849686,0.31161047,1.08209118
73.75900006,0.03774170,0.11070747,0.33660000,0.75562017,0.30507992,1.06250135
73.85899997,0.04118665,0.11273109,0.32360000,0.76531444,0.30466548,1.04001037
73.95900011,0.04034367,0.11190638,0.33050000,0.77071481,0.30259870,1.05758908
74.05900002,0.03918530,0.11143344,0.32860000,0.79304170,0.30777380,1.05551104
74.15900016,0.03982488,0.11105917,0.32460000,0.75549895,0.31437037,1.05680051
74.25900006,0.04648104,0.10933853,0.30460000,0.76493274,0.29055354,1.04947246
74.35899997,0.04876547,0.10663123,0.30450000,0.73382335,0.28742515,1.02981266
74.45900011,0.04953108,0.10449666,0.30560000,0.75383970,0.28322744,1.03854527
74.55900002,0.04899018,0.10000001,0.30360000,0.76785071,0.27885620,1.05037115
74.65900016,0.05050800,0.10475320,0.31060000,0.72216755,0.28799003,1.07004812
74.75900006,0.05090836,0.10663484,0.31060000,0.69861936,0.28940435,1.09411278
74.85899997,0.05160681,0.10504874,0.31260000,0.71117019,0.29303280,1.06933774
74.95900011,0.05574614,0.10318986,0.30960000,0.71732081,0.29096137,1.05699641
75.06000018,0.06345116,0.14479797,0.30950000,0.73555822,0.34049971,1.07436182
75.16000009,0.05361391,0.09700386,0.30860000,0.75555771,0.28153866,1.10057191
75.25999999,0.05182270,0.09555003,0.30460000,0.76075761,0.27582901,1.12359992
75.36000013,0.05448456,0.13362490,0.30540000,0.76419701,0.30531099,1.13253251
75.46000004,0.05984624,0.09568296,0.31150000,0.78887328,0.27621495,1.18328867
75.56000018,0.06922011,0.14151052,0.31440000,0.87306684,0.33724482,1.20274311
75.66000009,0.06330100,0.10623650,0.30650000,0.87016011,0.30015785,1.20196817
75.75999999,0.06499094,0.10245832,0.31260000,0.88048719,0.29987576,1.22968840
75.86000013,0.06619464,0.13313230,0.31840000,0.88097592,0.32767883,1.22945449
75.96000004,0.06411862,0.10039149,0.31160000,0.89852903,0.29204281,1.21531061
76.06000018,0.07009353,0.13543156,0.30340000,0.88498381,0.32556470,1.18518114
76.16000009,0.07136412,0.09774570,0.30250000,0.87870616,0.28882260,1.19918148
76.25999999,0.07107682,0.09327109,0.31060000,0.88143251,0.29748091,1.18661141
76.36100006,0.06619142,0.12520617,0.30040000,0.88376734,0.32288963,1.17272483
76.46100020,0.06422664,0.12773797,0.29140000,0.86755344,0.33039817,1.14754508
76.56100011,0.05601417,0.12736084,0.28350000,0.80666637,0.34638544,1.15450074
76.66100001,0.05979898,0.12245163,0.29150000,0.82614806,0.34392916,1.16083880
76.76100016,0.05626148,0.12588545,0.27950000,0.83108425,0.34253050,1.12155225
76.86100006,0.05772250,0.13096188,0.28050000,0.81065214,0.34526823,1.15050520
76.96100020,0.05428308,0.12812337,0.28050000,0.77510461,0.34446786,1.11281550
77.06100011,0.05552208,0.12442648,0.29350000,0.77563891,0.34768340,1.11228763
77.16100001,0.05675837,0.12265189,0.29550000,0.78542548,0.34164419,1.13424195
77.26100016,0.05621298,0.12207981,0.29750000,0.76772808,0.33988290,1.14426086
77.36100006,0.05807156,0.12231216,0.29050000,0.75367533,0.35330846,1.12608671
77.46100020,0.05892610,0.12707972,0.29150000,0.77063249,0.36185409,1.15811948
77.56100011,0.05197239,0.13230284,0.28450000,0.75231183,0.36378000,1.18974250
77.66200018,0.05199154,0.13130468,0.28950000,0.74099351,0.35961738,1.19233195
77.76200008,0.04850774,0.13140045,0.28750000,0.74518898,0.36317948,1.17530239
77.86199999,0.04630980,0.12651570,0.28350000,0.74288203,0.35866034,1.13759453
77.96200013,0.04742141,0.12436149,0.28550000,0.74675521,0.36118899,1.13795294
78.06200004,0.04843543,0.12112716,0.28660000,0.74459024,0.36579045,1.14222246
78.16200018,0.05004541,0.11906044,0.28660000,0.73587381,0.36735903,1.11907810
78.26200008,0.04873212,0.11852586,0.28160000,0.71868657,0.36694719,1.10360712
78.36199999,0.03652698,0.11492933,0.27760000,0.70717962,0.36506957,1.06447284
78.46200013,0.03668019,0.11184858,0.27960000,0.71400272,0.35999071,1.03311949
78.56200004,0.03515783,0.10879608,0.28260000,0.72183353,0.35621784,1.01635929
78.66200018,0.03320110,0.10930511,0.28860000,0.70207679,0.35128561,1.01293866
78.76200008,0.03649262,0.12120453,0.28950000,0.71717914,0.35810055,1.01011803
78.86199999,0.03653357,0.11865605,0.29160000,0.72634303,0.34950785,0.99424595
78.96300006,0.04042845,0.11910949,0.30460000,0.72676915,0.35119741,0.99551324
79.06300020,0.04139152,0.11947971,0.30250000,0.72314649,0.35592858,0.99959213
79.16300011,0.03900866,0.11725994,0.29360000,0.73533188,0.35127867,0.99199738
79.26300001,0.03684661,0.11445391,0.28560000,0.73728003,0.35323943,0.95930010
79.36300015,0.03579874,0.11503869,0.27860000,0.69515029,0.34170463,0.98186929
79.46300006,0.03901333,0.11336402,0.27860000,0.67254040,0.33675231,0.99133606
79.56300020,0.04008999,0.11917786,0.28360000,0.69322463,0.33056159,0.98940135
79.66300011,0.03871425,0.11490295,0.27760000,0.66992419,0.32552118,0.98428401
79.76300001,0.03687439,0.11341468,0.27760000,0.67378783,0.33462690,0.97119803
79.86300015,0.03429873,0.12172492,0.28060000,0.65685337,0.33491751,0.98151693
79.96300006,0.03290466,0.12009219,0.28260000,0.66925955,0.32245022,0.94067754
80.06300020,0.03481267,0.12613365,0.29450000,0.70003337,0.32589739,0.98743035
80.16300011,0.03364178,0.11956622,0.28760000,0.70096416,0.31678052,0.99296541
80.26400018,0.03107522,0.11779822,0.28760000,0.68147131,0.31749439,0.99886558
80.36400008,0.02804259,0.11708622,0.29060000,0.68191864,0.31212187,0.98201797
80.46399999,0.02352685,0.11765359,0.28360000,0.69944585,0.31038799,0.98324890
80.56400013,0.02546281,0.12333720,0.28560000,0.71073711,0.32079324,0.96482237
80.66400003,0.02560084,0.12440537,0.29160000,0.70922232,0.32128080,0.94405886
80.76400018,0.02165079,0.12122806,0.29060000,0.70140396,0.32134663,0.95907832
80.86400008,0.01717311,0.12120864,0.29160000,0.69716742,0.31596632,0.97707396
80.96399999,0.01615559,0.12291329,0.29160000,0.70062673,0.31596336,0.98173974
81.06400013,0.02372807,0.12064078,0.28460000,0.69180760,0.30885269,0.96884741
81.16400003,0.02170950,0.12198917,0.28260000,0.66155250,0.31004334,0.96686254
81.26400018,0.01730899,0.12169687,0.28560000,0.66552649,0.30950949,0.96456988
81.36400008,0.01512642,0.12246604,0.27860000,0.64959623,0.31255377,0.97310342
81.46500015,0.01847254,0.12070383,0.27560000,0.66565073,0.31227988,0.96742619
81.56500006,0.02173985,0.11773487,0.26860000,0.66070680,0.31037770,1.01931316
81.66500020,0.01951358,0.11658023,0.26760000,0.66087046,0.31027114,1.01752592
81.76500010,0.01466486,0.11572874,0.27060000,0.63661655,0.30710200,1.02352779
81.86500001,0.01462422,0.11483524,0.27060000,0.64387459,0.30455800,1.02321806
81.96500015,0.02300923,0.11611023,0.27860000,0.65206591,0.31449725,1.02966487
82.06500006,0.02431890,0.12030362,0.28160000,0.61741088,0.31294469,1.04805483
82.16500020,0.02492601,0.11790333,0.28260000,0.60955415,0.31020741,1.05815677
82.26500010,0.01619263,0.11682315,0.27960000,0.56625501,0.30659703,1.03615863
82.36500001,0.02163056,0.11630722,0.27260000,0.57851344,0.30239941,1.06232964
82.46500015,0.02144933,0.11331609,0.27460000,0.60941493,0.30050425,1.04773611
82.56500006,0.02512750,0.11149228,0.27260000,0.63495144,0.30721911,1.01425752
82.66500020,0.02292422,0.11226402,0.27860000,0.62085314,0.30808478,1.04292014
82.76600003,0.02070205,0.11361868,0.28460000,0.63683791,0.30042036,1.02088214
82.86600018,0.02514758,0.11193909,0.27760000,0.63316072,0.29268294,1.03145274
82.96600008,0.02663619,0.10824515,0.27760000,0.64463952,0.29984753,1.01146727
83.06599998,0.02022736,0.10907389,0.28060000,0.62386599,0.31083995,1.03778858
83.16600013,0.01879978,0.10918360,0.27460000,0.59727180,0.31115002,1.02218235
83.26600003,0.02938103,0.10659834,0.26160000,0.61514944,0.30750425,0.97990300
83.36600018,0.02957598,0.10694761,0.26160000,0.61972199,0.30875960,0.94899647
83.46600008,0.02952579,0.10583056,0.26260000,0.63884813,0.30782156,0.97327130
83.56599998,0.02717439,0.11023521,0.26960000,0.61728739,0.31600067,0.97515616
83.66600013,0.02941435,0.11322229,0.27560000,0.61423813,0.31630825,0.98380248
83.76600003,0.03142409,0.11313102,0.27360000,0.62428674,0.31892740,0.97482558
83.86600018,0.02746222,0.11362459,0.27560000,0.62245554,0.32508422,0.97223412
83.96600008,0.03404197,0.11063916,0.26960000,0.67546130,0.32616840,0.95295684
84.06700015,0.03511638,0.10866522,0.26760000,0.67319288,0.33045877,0.96344802
84.16700006,0.03142663,0.10923597,0.26260000,0.61568347,0.33384932,0.95208343
84.26700020,0.03463501,0.10595629,0.26060000,0.68113539,0.31648745,0.92277831
84.36700010,0.02983190,0.10863714,0.26360000,0.61751894,0.31252905,0.92467087
84.46700001,0.02812617,0.11050542,0.25960000,0.61664142,0.31243310,0.92341506
84.56700015,0.03025872,0.10816996,0.25460000,0.60512085,0.31119591,0.92353062
84.66700006,0.03300996,0.10961178,0.25460000,0.59326982,0.31994406,0.90097988
84.76700020,0.03334969,0.10919326,0.25460000,0.59954297,0.31845963,0.89645248
84.86700010,0.02902173,0.11149435,0.26060000,0.61646011,0.32980038,0.89515048
84.96700001,0.03170828,0.10953668,0.25960000,0.60236057,0.32860856,0.90631873
85.06700015,0.03024665,0.11184145,0.25760000,0.59548313,0.32114435,0.89951870
85.16700006,0.02919907,0.11242626,0.25860000,0.61354585,0.32628841,0.89696749
85.26700020,0.03030579,0.11215208,0.25860000,0.62161661,0.31842769,0.88229289
85.36800003,0.03523562,0.11031637,0.25560000,0.68793700,0.31995053,0.88851243
85.46800017,0.02757384,0.11115729,0.25860000,0.61996036,0.31743619,0.87546243
85.56800008,0.03317214,0.10826144,0.25160000,0.61965890,0.31845623,0.86851719
85.66799998,0.03241738,0.10937003,0.25560000,0.60297591,0.31683878,0.89118057
85.76800013,0.02882472,0.11011551,0.25760000,0.58820647,0.31844568,0.89079780
85.86800003,0.02606561,0.10947983,0.25660000,0.57976593,0.31826573,0.90390733
85.96800017,0.03483143,0.10733532,0.25360000,0.56545254,0.31782728,0.89764063
86.06800008,0.03661239,0.10908979,0.26060000,0.56811890,0.30844015,0.90415461
86.16799998,0.03066895,0.10931526,0.26360000,0.57347763,0.31225189,0.89043421
86.26800013,0.02679464,0.10976004,0.26560000,0.59660238,0.31824062,0.90275386
86.36800003,0.03021165,0.10911231,0.26160000,0.60120519,0.31441262,0.93388826
86.46800017,0.03404556,0.10777398,0.25960000,0.62015520,0.30928198,0.94748280
86.56800008,0.03328207,0.10968894,0.26260000,0.60834520,0.31394249,0.90909103
86.66900015,0.02976672,0.11016225,0.26560000,0.63208707,0.31032277,0.87430541
86.76900005,0.02798454,0.10737800,0.26060000,0.65253220,0.30560418,0.85748366
86.86900020,0.02766116,0.11110855,0.26260000,0.64034331,0.30709704,0.87602171
86.96900010,0.02855054,0.10900879,0.26060000,0.64873288,0.30340177,0.85975786
87.06900001,0.02776674,0.11047700,0.26360000,0.65000554,0.30388306,0.86478099
87.16900015,0.02416406,0.11099905,0.26560000,0.63153188,0.30264206,0.87659923
87.26900005,0.01941903,0.11296071,0.26360000,0.65821018,0.29903484,0.87116132
87.36900020,0.02653682,0.11196538,0.25860000,0.68148370,0.30497457,0.89294823
87.46900010,0.03048789,0.11124859,0.25760000,0.72140763,0.30164222,0.88539061
87.56900001,0.03098736,0.10845028,0.25360000,0.74118660,0.30073030,0.90426774
87.66900015,0.02397951,0.11087310,0.25660000,0.74940424,0.30354108,0.90129259
87.76900005,0.03191921,0.10827365,0.25260000,0.76571401,0.29867474,0.90313881
87.87000012,0.03365373,0.11097030,0.25860000,0.73603271,0.29397609,0.90801823
87.97000003,0.03078032,0.11177250,0.26060000,0.74115801,0.28896365,0.90611979
88.07000017,0.03392790,0.11207702,0.25960000,0.74865669,0.28995179,0.90642696
88.17000008,0.03105449,0.11287922,0.26160000,0.76137465,0.30124960,0.92192347
88.26999998,0.03437259,0.11102714,0.25360000,0.77414642,0.29195354,0.90857562
88.37000012,0.03234189,0.11067182,0.25360000,0.76974424,0.29796354,0.90980300
88.47000003,0.03521386,0.10883986,0.25260000,0.78237230,0.29803611,0.89232289
88.57000017,0.03799933,0.10808659,0.24960000,0.78917845,0.30449888,0.87689822
88.67000008,0.03129819,0.11331581,0.26060000,0.79728906,0.31350007,0.89038276
88.76999998,0.03358649,0.11146586,0.25660000,0.78940097,0.31229781,0.88268519
88.87000012,0.03066458,0.11218067,0.25760000,0.78275014,0.32209114,0.87145704
88.97000003,0.03759527,0.11002997,0.24960000,0.79483221,0.32587712,0.86171056
89.07000017,0.03643752,0.10918735,0.24960000,0.82999258,0.31975048,0.84551084
89.17100000,0.03065236,0.11092774,0.25560000,0.84479548,0.32911815,0.88089050
89.27100015,0.03600179,0.10943076,0.25060000,0.86584879,0.32834353,0.89786312
89.37100005,0.03240079,0.11098252,0.25160000,0.85565434,0.32447835,0.89998114
89.47100019,0.03896189,0.10858002,0.24560000,0.86251325,0.32567353,0.88650939
89.57100010,0.03838526,0.11165045,0.25260000,0.86119248,0.32733895,0.89272234
89.67100000,0.03669960,0.11396556,0.25960000,0.89601079,0.32778014,0.92664320
89.77100015,0.03467906,0.11383362,0.25860000,0.89262893,0.32280110,0.95970674
89.87100005,0.04110498,0.11139224,0.25160000,0.94633116,0.32022225,0.96688417
89.97100019,0.03763797,0.11195304,0.25460000,0.91088718,0.33133476,0.95936598
90.07100010,0.03707136,0.11032241,0.24660000,0.91885489,0.31640078,0.94614729
90.17100000,0.03397046,0.10907565,0.24660000,0.92028464,0.31265404,0.95398401
90.27100015,0.04152666,0.10886628,0.24360000,0.93084349,0.31105754,0.92806352
90.37100005,0.03493158,0.10853932,0.24560000,0.90299898,0.30999922,0.93493883
90.47200012,0.04201803,0.10687415,0.24260000,0.90371280,0.30671355,0.93412103
90.57200003,0.03611086,0.11085854,0.25160000,0.86031738,0.31371400,0.96760883
90.67200017,0.03724782,0.11125457,0.24860000,0.85413884,0.31666244,0.95637032
90.77200007,0.03471558,0.11266800,0.25060000,0.83556424,0.31979984,0.94552933
90.87199998,0.03333095,0.11470069,0.25560000,0.84352769,0.32182833,0.94902806
90.97200012,0.03658205,0.11334409,0.25060000,0.86346992,0.32957507,0.94061034
91.07200003,0.03531896,0.11313294,0.24860000,0.85408780,0.32783488,0.95929618
91.17200017,0.03348115,0.11209734,0.24860000,0.86640348,0.32185241,0.94593681
91.27200007,0.03103664,0.11346192,0.25060000,0.85220750,0.31512347,0.92951093
91.37199998,0.03265053,0.10958336,0.25260000,0.85668632,0.32906713,0.92937258
91.47200012,0.03769275,0.11020461,0.25160000,0.85933490,0.32666818,0.90042595
91.57200003,0.03444165,0.11156121,0.25660000,0.84100560,0.32818307,0.92538003
91.67200017,0.03207390,0.11265378,0.25860000,0.82456888,0.32234265,0.96236441
91.77300000,0.03079254,0.11302544,0.25860000,0.82950635,0.31208492,0.97139134
91.87300014,0.03362301,0.11030024,0.25560000,0.85241406,0.30315577,0.98155312
91.97300005,0.03959550,0.10971516,0.25160000,0.88232410,0.29774304,1.00155882
92.07300019,0.03983507,0.10809263,0.24860000,0.87740921,0.28641767,1.00007005
92.17300010,0.03390552,0.11060070,0.25060000,0.85231830,0.29331167,1.01037350
92.27300000,0.03623868,0.10677887,0.24760000,0.84342621,0.28180929,0.97523574
92.37300014,0.03440476,0.10780247,0.24760000,0.82192170,0.28207351,0.96290814
92.47300005,0.04005011,0.10888874,0.24760000,0.80250010,0.27481613,0.96934575
92.57300019,0.03587321,0.10858620,0.24460000,0.80920875,0.27497959,0.98865078
92.67300010,0.03398062,0.10929903,0.24460000,0.77003283,0.27571975,0.98041398
92.77300000,0.03683179,0.11194494,0.25160000,0.73036494,0.27802409,0.99375601
92.87300014,0.03726838,0.11170124,0.25260000,0.71215629,0.28106378,0.97062354
92.97300005,0.04418058,0.11013345,0.24860000,0.70326434,0.28061193,0.97052820
93.07400012,0.03916906,0.11018223,0.24960000,0.67267240,0.27147616,0.97976813
93.17400002,0.03633883,0.10798287,0.24760000,0.64288450,0.28541931,0.96828632
93.27400017,0.03663669,0.10667124,0.24460000,0.63913430,0.28580764,0.96607422
93.37400007,0.03490858,0.10706321,0.24260000,0.65209593,0.29113412,0.99012166
93.47399998,0.04115478,0.10758501,0.24260000,0.66209862,0.29544355,1.00942032
93.57400012,0.03455098,0.10806442,0.24160000,0.65681447,0.30068494,1.02339705
93.67400002,0.03354389,0.10461829,0.23860000,0.68379937,0.30071593,1.01533774
93.77400017,0.03645794,0.10470959,0.23660000,0.67508639,0.29690306,1.00149623
93.87400007,0.03476031,0.10577169,0.23760000,0.67209937,0.30012952,1.03461576
93.97399998,0.04328707,0.11017409,0.24260000,0.69198549,0.30836221,1.03748445
94.07400012,0.04253361,0.10738800,0.24360000,0.68220109,0.30084877,1.05610464
94.17400002,0.04300901,0.10700815,0.24160000,0.66660791,0.30634061,1.02223345
94.27400017,0.04199771,0.10642740,0.24060000,0.63844146,0.31184956,1.04290097
94.37500000,0.04040566,0.10685795,0.23960000,0.62753852,0.31932447,1.06177588
94.47500014,0.04827462,0.10761924,0.23760000,0.61679004,0.30923002,1.05087181
94.57500005,0.04498676,0.11014155,0.24260000,0.62841797,0.30957794,1.07635724
94.67500019,0.04448523,0.11191030,0.24560000,0.63368163,0.31063767,1.07219252
94.77500010,0.05194419,0.11152619,0.24250000,0.70688649,0.31132713,1.08188376
94.87500000,0.04561045,0.11105322,0.24560000,0.63600280,0.31380154,1.08829096
94.97500014,0.05227314,0.11088448,0.23950000,0.68639563,0.32182374,1.08269818
95.07500005,0.04496064,0.11153045,0.23860000,0.60002000,0.31933239,1.06782402
95.17500019,0.04397752,0.11059036,0.23860000,0.59955634,0.32376218,1.07226872
95.27500010,0.04857117,0.11020227,0.23650000,0.61176262,0.31921872,1.05526720
95.37500000,0.04469456,0.10961754,0.23560000,0.59575866,0.32096630,1.07213990
95.47500014,0.05028912,0.10958693,0.23450000,0.60774796,0.32119640,1.07037917
95.57599998,0.04162606,0.10514605,0.23160000,0.62868124,0.32376098,1.03381718
95.67600012,0.04384156,0.10562726,0.23260000,0.60032305,0.32478936,1.01444299
95.77600002,0.04252162,0.10613497,0.23260000,0.62534933,0.32264687,1.03708376
95.87600017,0.04227999,0.10672794,0.23960000,0.63069323,0.31934250,1.04074653
95.97600007,0.04849593,0.10657952,0.23660000,0.64608400,0.31842855,1.07513584
96.07599998,0.04487318,0.10665476,0.23860000,0.64260742,0.31656431,1.07622410
96.17600012,0.05017530,0.10610023,0.23560000,0.67899343,0.31808860,1.05590233
96.27600002,0.04401597,0.10552987,0.23660000,0.68484636,0.31158777,1.07993757
96.37600017,0.04723682,0.10350306,0.23460000,0.70526088,0.30162832,1.07528015
96.47600007,0.04660733,0.10442704,0.23460000,0.70033733,0.29470980,1.04387378
96.57599998,0.04740953,0.10730045,0.24260000,0.71267452,0.29024054,1.02344710
96.67600012,0.04930006,0.10555806,0.23860000,0.70684029,0.29011764,1.00313990
96.77600002,0.04375607,0.10670565,0.24060000,0.66962121,0.28666618,0.99096512
96.87700009,0.04366486,0.10469518,0.23760000,0.67443702,0.29042794,0.99485282
96.97700000,0.04255004,0.10577553,0.23860000,0.68222799,0.28223772,0.98296415
97.07700014,0.04696072,0.10629121,0.23960000,0.66703426,0.27607893,0.98306871
97.17700005,0.04536867,0.10672176,0.23960000,0.66458041,0.26821359,0.97087208
97.27700019,0.04594530,0.10365134,0.23260000,0.69736406,0.25908548,0.99260169
97.37700009,0.04490947,0.10548924,0.23560000,0.67488321,0.25608185,0.96006905
97.47700000,0.04789052,0.10508505,0.23160000,0.69149468,0.25637278,0.93814472
97.57700014,0.04903810,0.10570428,0.23160000,0.74412081,0.26043598,0.94426493
97.67700005,0.04370756,0.10661824,0.23560000,0.68097685,0.26481950,0.93306379
97.77700019,0.04348213,0.10559884,0.23360000,0.69579747,0.26386660,0.93414908
97.87700009,0.04221276,0.10722352,0.23460000,0.69184551,0.27298141,0.91744246
97.97700000,0.04613216,0.10480679,0.23060000,0.74277677,0.27538818,0.88714419
98.07700014,0.04130727,0.10601113,0.23260000,0.68773374,0.27215011,0.87863827
98.17799997,0.04122997,0.10135882,0.22860000,0.74088845,0.27194345,0.86079191
98.27800012,0.04023693,0.10019526,0.22360000,0.72939940,0.26851246,0.86117245
98.37800002,0.03906925,0.09912918,0.22060000,0.73892101,0.26825649,0.87014204
98.47800016,0.04271232,0.09950069,0.21660000,0.79036858,0.26824044,0.85491789
98.57800007,0.03985306,0.09766096,0.21660000,0.78777068,0.26835486,0.85331962
98.67799997,0.04030599,0.10072933,0.22160000,0.73874021,0.27887301,0.88523802
98.77800012,0.04133482,0.10462167,0.22460000,0.76196311,0.28075652,0.90466794
98.87800002,0.04442811,0.10564395,0.22260000,0.76735751,0.28546807,0.89737074
98.97800016,0.03943221,0.10636856,0.23360000,0.77682801,0.28769743,0.89400426
99.07800007,0.04006530,0.10647362,0.22760000,0.77212487,0.28438138,0.89659397
99.17799997,0.03925814,0.10817725,0.22960000,0.76892853,0.28829701,0.89962114
99.27800012,0.04030271,0.10392791,0.22160000,0.78282529,0.28442893,0.93883113
99.37800002,0.03751922,0.10616270,0.22260000,0.77815343,0.28988349,0.93802512
99.47900009,0.03844832,0.10129194,0.21660000,0.77459866,0.28935659,0.92042209
99.57900000,0.03261808,0.09811861,0.21760000,0.71387007,0.28934622,0.92480627
99.67900014,0.02864911,0.09986450,0.21860000,0.72027102,0.29363626,0.92622325
99.77900004,0.02703753,0.10406436,0.22470000,0.71803729,0.29689443,0.93048433
99.87900019,0.02204879,0.10648028,0.22460000,0.73441761,0.30256851,0.94907380
99.97900009,0.02392320,0.10690417,0.22460000,0.75122596,0.30114993,0.91371130
100.07900000,0.01542271,0.10221424,0.23060000,0.73996074,0.30787307,0.92606843
100.17900014,0.01260956,0.10318512,0.23170000,0.73742324,0.31250011,0.90805863
100.27900004,0.00910224,0.10816862,0.22760000,0.71679342,0.32464873,0.91336185
100.37900019,0.00591532,0.10189906,0.21360000,0.69787040,0.32186642,0.89701346
100.47900009,0.00115144,0.10598290,0.21670000,0.71769421,0.33165741,0.91704855
100.57900000,0.00188107,0.09709002,0.21270000,0.71570831,0.32687875,0.89932475
100.67900014,0.00456406,0.09788146,0.21770000,0.72884937,0.32608597,0.89783429
100.77999997,0.00517076,0.10250104,0.21570000,0.74904494,0.33325280,0.92178178
100.88000011,0.00406327,0.11553350,0.23060000,0.72643537,0.34890637,0.93320044
100.98000002,0.00246571,0.09800816,0.23270000,0.72527956,0.32610142,0.92702659
101.08000016,0.00573677,0.11981344,0.23270000,0.75523809,0.34061763,0.94609217
101.18000007,0.00866234,0.10019747,0.23370000,0.74774217,0.32051541,0.94464920
101.27999997,0.00839247,0.10352013,0.23170000,0.70652562,0.32566789,0.95435269
101.38000011,0.00649117,0.12583892,0.21660000,0.72264296,0.34459597,0.94048312
101.48000002,0.02301422,0.10224772,0.21470000,0.73152053,0.31651612,0.93818114
101.58000016,0.01467007,0.12329525,0.20770000,0.72945746,0.33945733,0.93474370
101.68000007,0.01395426,0.08952250,0.20280000,0.72934348,0.30713348,0.93415122
101.77999997,0.02202701,0.08897944,0.19580000,0.77719050,0.29787717,0.93013668
101.88000011,0.01869760,0.12058200,0.20160000,0.75110925,0.32613001,0.91322016
101.98100019,0.03162369,0.12935993,0.21670000,0.78095865,0.33860631,0.93329067
102.08100009,0.01192626,0.12320659,0.22870000,0.72249690,0.33624743,0.95441342
102.18099999,0.01383065,0.12124670,0.22670000,0.71512594,0.33716185,0.91980203
102.28100014,0.02196790,0.12265978,0.22070000,0.78436144,0.34156333,0.90616091
102.38100004,0.02340123,0.12519262,0.21970000,0.75602308,0.33980296,0.86478413
102.48100019,0.03560240,0.13283437,0.22270000,0.76039519,0.34355193,0.90448947
102.58100009,0.01129945,0.12229032,0.21170000,0.69249736,0.33904882,0.91061719
102.68099999,0.01180153,0.12608764,0.21570000,0.68305369,0.34018893,0.92359588
102.78100014,0.01893308,0.13076325,0.21970000,0.71238001,0.35161258,0.95330600
102.88100004,0.02141647,0.13211686,0.21960000,0.71957537,0.35101563,0.95642108
102.98100019,0.02998369,0.13579469,0.22170000,0.75108083,0.35418145,0.94678831
103.08100009,0.01684193,0.13094884,0.21470000,0.74060793,0.34971132,0.96311335
103.18099999,0.01724447,0.12783180,0.21860000,0.73904632,0.34298734,0.96460027
103.28200006,0.02191260,0.12455363,0.22570000,0.71703141,0.33805837,0.96536024
103.38199997,0.01596825,0.12396800,0.22270000,0.73512426,0.34136035,0.95065083
103.48200011,0.02596150,0.12787439,0.22770000,0.72233627,0.34208828,0.94934965
103.58200002,0.01123955,0.11998818,0.21470000,0.67160542,0.32583448,0.95570872
103.68200016,0.01296810,0.11897903,0.21170000,0.65339551,0.31929136,0.97976743
103.78200006,0.01778748,0.12037348,0.21270000,0.71395546,0.32219117,0.98224036
103.88199997,0.01345135,0.12197648,0.21770000,0.63909641,0.32417988,1.00513398
103.98200011,0.00590533,0.12335776,0.21660000,0.63941462,0.31823360,1.01481448
104.08200002,0.01453948,0.11492177,0.20560000,0.65728468,0.31897523,1.01157696
104.18200016,0.01566384,0.11422979,0.20660000,0.64043065,0.32288295,1.02050393
104.28200006,0.01293708,0.11649220,0.20960000,0.66329616,0.32450685,1.02539789
104.38199997,0.01547723,0.11467600,0.20860000,0.68697931,0.32166512,1.00552951
104.48200011,0.01466116,0.11060719,0.20670000,0.67709092,0.32192812,0.96333402
104.58300018,0.00434345,0.11164687,0.20870000,0.68209250,0.33347100,0.96721461
104.68300009,0.01054689,0.10837626,0.20660000,0.68990340,0.32997726,0.97094685
104.78299999,0.01671548,0.10662290,0.20870000,0.75135334,0.32765487,0.97105495
104.88300014,0.01147789,0.10744407,0.20560000,0.72199960,0.32929094,0.95328843
104.98300004,0.00512627,0.11278728,0.20970000,0.72454773,0.33564643,0.94955469
105.08300018,0.01076077,0.11075909,0.20970000,0.74716969,0.32809296,0.93584583
105.18300009,0.01108543,0.11276277,0.21060000,0.74546707,0.32513498,0.93139774
105.28299999,0.00886824,0.11020052,0.20460000,0.74295216,0.32455602,0.93365400
105.38300014,0.00799595,0.10075120,0.19570000,0.71325129,0.31406512,0.91673131
105.48300004,0.00618295,0.10226134,0.19670000,0.74356758,0.32559657,0.94594249
105.58300018,0.00627542,0.09840975,0.19270000,0.76325586,0.32315247,0.88583224
105.68300009,0.00920187,0.09945565,0.19160000,0.75580662,0.32168100,0.86215013
105.78299999,0.01344080,0.10245792,0.19560000,0.83303628,0.32902832,0.86954330
105.88400006,0.01668684,0.09800913,0.19070000,0.82283485,0.32130005,0.85732834
105.98399997,0.01439135,0.09844231,0.19160000,0.82329562,0.31948622,0.85142041
106.08400011,0.00879722,0.09339625,0.19170000,0.76262353,0.31796768,0.83958245
106.18400002,0.00812334,0.09379398,0.19070000,0.74171852,0.31716313,0.82810191
106.28400016,0.00850223,0.08912756,0.17970000,0.75651896,0.30734613,0.80998518
106.38400006,0.00829928,0.08655225,0.17170000,0.76861267,0.30619132,0.80036470
106.48399997,0.00911493,0.08712507,0.17170000,0.79715537,0.31169817,0.82100650
106.58400011,0.00520710,0.08393459,0.16670000,0.81582438,0.31406858,0.81678642
106.68400002,0.00622130,0.07778763,0.15770000,0.81393507,0.31476712,0.77911424
106.78400016,0.00900952,0.08275161,0.16170000,0.82909606,0.31858604,0.78290530
106.88400006,0.00711415,0.08264798,0.16480000,0.81029030,0.31059967,0.78594004
106.98399997,0.00629802,0.08521992,0.16870000,0.82316151,0.31090934,0.77070521
107.08400011,0.00488447,0.08214178,0.17070000,0.83766407,0.30321611,0.74886954
107.18500018,0.01002995,0.07530425,0.16170000,0.85632527,0.29420926,0.74176628
107.28500009,0.00745875,0.07330387,0.15880000,0.80227974,0.28274216,0.74240350
107.38499999,0.00552666,0.07361485,0.15670000,0.77228995,0.27986590,0.75382828
107.48500013,0.00492240,0.07281497,0.15580000,0.74880386,0.27878966,0.76575433
107.58500004,0.00181280,0.07182808,0.14580000,0.73865456,0.28126897,0.77329793
107.68500018,0.00154075,0.07101145,0.14080000,0.73096394,0.27712381,0.76366356
107.78500009,0.00159855,0.07072803,0.13780000,0.70740023,0.28107304,0.78904389
107.88499999,0.00081302,0.07055883,0.14280000,0.69192255,0.27952925,0.78257775
107.98500013,0.00311100,0.07265571,0.14980000,0.68544077,0.27810010,0.79143072
108.08500004,0.00004526,0.07187912,0.14170000,0.71155944,0.27488778,0.82390527
108.18500018,0.00189080,0.06644242,0.13680000,0.72641379,0.27715324,0.83427154
108.28500009,0.00199218,0.06684962,0.13480000,0.72337105,0.28198614,0.83662741
108.38499999,0.00750275,0.06136350,0.14080000,0.75286099,0.27380938,0.84224363
108.48500013,0.00938696,0.06068266,0.13680000,0.76085163,0.26742741,0.85361478
108.58600020,0.01058379,0.06683437,0.12780000,0.72168036,0.26504664,0.82140910
108.68600011,0.00731478,0.07183999,0.12680000,0.69654525,0.27410216,0.83243535
108.78600001,0.00041463,0.06735524,0.13180000,0.69314030,0.27201878,0.85863499
108.88600016,0.00080146,0.06852275,0.12880000,0.68122341,0.27255111,0.84603294
108.98600006,0.00000114,0.06353149,0.12980000,0.69120253,0.26719587,0.85388084
109.08600020,0.00038377,0.06333927,0.12580000,0.69634211,0.26467991,0.88235428
109.18600011,0.00099177,0.05837000,0.12880000,0.70595979,0.25966297,0.89827284
109.28600001,0.00088874,0.05811755,0.13080000,0.72237310,0.25929661,0.92869537
109.38600016,0.00324334,0.04993977,0.12880000,0.71005476,0.25565810,0.93063212
109.48600006,0.00475853,0.04957708,0.12680000,0.71308378,0.25776305,0.92943464
109.58600020,0.00547334,0.04956261,0.12780000,0.70431355,0.25012937,0.92030739
109.68700004,0.01076926,0.04422559,0.11590000,0.69205304,0.24565752,0.88716735
109.78700018,0.01165917,0.04019594,0.10690000,0.73093585,0.23958822,0.88575044
109.88700008,0.02047075,0.03606672,0.09190000,0.75310963,0.22737838,0.85914364
109.98699999,0.02211313,0.03983327,0.09790000,0.73989591,0.23615545,0.85908870
110.08700013,0.02573318,0.04600058,0.09590000,0.73063576,0.23576937,0.87358249
110.18700004,0.01635452,0.04487772,0.08690000,0.73562923,0.23901567,0.86647765
110.28700018,0.01226448,0.04261869,0.08590000,0.73176045,0.23782839,0.84691676
110.38700008,0.01770189,0.03868919,0.07690000,0.77163776,0.23911581,0.82027907
110.48699999,0.02110796,0.04170353,0.08190000,0.78033031,0.25190077,0.82911143
110.58700013,0.02200714,0.03678880,0.07300000,0.79456001,0.24857550,0.83509955
110.68700004,0.01948258,0.03848310,0.07490000,0.82072554,0.24234669,0.83074429
110.78700018,0.01505132,0.03675783,0.07300000,0.79325415,0.23705071,0.85910700
110.88700008,0.01907786,0.03900122,0.06890000,0.82486678,0.23739498,0.82619355
110.98699999,0.02109704,0.04021635,0.07090000,0.81406887,0.24436684,0.82848519
111.08800006,0.02272139,0.04281949,0.07200000,0.79793864,0.24079217,0.82012835
111.18800020,0.01990997,0.03344597,0.06990000,0.76821291,0.23360524,0.80327789
111.28800011,0.01862018,0.03126546,0.06890000,0.73661689,0.21978963,0.80128007
111.38800001,0.01748916,0.02411264,0.06700000,0.74403558,0.20943011,0.79828765
111.48800015,0.01943653,0.02459758,0.07200000,0.73214463,0.20250349,0.80020791
111.58800006,0.01823671,0.02216376,0.06800000,0.73251770,0.20312926,0.80705614
111.68800020,0.01531988,0.02032440,0.05600000,0.68352344,0.20697276,0.80301978
111.78800011,0.01087607,0.01480409,0.05700000,0.71589188,0.20071607,0.82803786
111.88800001,0.00759783,0.01529062,0.06190000,0.70157212,0.19267846,0.82664401
111.98800015,0.00692092,0.01389355,0.06190000,0.71032333,0.19302669,0.82100959
112.08800006,0.00609585,0.02401855,0.06000000,0.70588915,0.20238092,0.82517390
112.18800020,0.00706619,0.02429463,0.05890000,0.71334170,0.20069691,0.82749182
112.28900003,0.00599553,0.01770632,0.05600000,0.68644236,0.19219067,0.81905153
112.38900018,0.00529319,0.01091019,0.05500000,0.66952633,0.18746472,0.80242279
112.48900008,0.00412240,0.00901808,0.05600000,0.66016428,0.18707895,0.79229597
112.58899999,0.00601248,0.00912689,0.05600000,0.69545087,0.18445081,0.79830720
112.68900013,0.00829647,0.01008458,0.05800000,0.68578188,0.18827716,0.80370172
112.78900003,0.00892725,0.00888280,0.05700000,0.68471844,0.18402693,0.82085439
112.88900018,0.00729238,0.00928608,0.06100000,0.67652770,0.17747587,0.83665467
112.98900008,0.00998113,0.01103209,0.06300000,0.65256347,0.18789159,0.82414521
113.08899999,0.02027935,0.00834073,0.06700000,0.71357387,0.18888841,0.83579500
113.18900013,0.02201747,0.01097957,0.06400000,0.74284663,0.19484639,0.80478569
113.28900003,0.02132582,0.01171065,0.06100000,0.71505683,0.19376677,0.78699898
113.38900018,0.02253196,0.00812656,0.05900000,0.69819404,0.18728583,0.77099590
113.48900008,0.01296527,0.00225874,0.06610000,0.66681321,0.18995338,0.80094415
113.59000015,0.01211746,0.07060777,0.06080000,0.66203817,0.26377315,0.80114137
113.69000006,0.02034611,0.00223511,0.06410000,0.70896802,0.18208525,0.78404978
113.79000020,0.02045277,0.06850120,0.06690000,0.67883048,0.26343474,0.80120410
113.89000010,0.01297106,0.06525122,0.07080000,0.64677560,0.26673657,0.75163957
113.99000001,0.01805534,0.00783357,0.07310000,0.68279993,0.19895369,0.74965853
114.09000015,0.01911122,0.06073929,0.06590000,0.67952427,0.25207114,0.75412600
114.19000006,0.01762632,0.01582159,0.07110000,0.68371979,0.21470795,0.78296849
114.29000020,0.01760193,0.05672197,0.07690000,0.69771674,0.26306260,0.81100366
114.39000010,0.01843681,0.05566268,0.06290000,0.72398639,0.26245870,0.72009902
114.49000001,0.02090723,0.02052530,0.06410000,0.70802487,0.22037545,0.73475843
114.59000015,0.01499669,0.04928275,0.06090000,0.70138010,0.27094086,0.73162010
114.69000006,0.01728376,0.03035674,0.07110000,0.72663338,0.23902500,0.74028455
114.79000020,0.00932357,0.05420850,0.06590000,0.66564822,0.26880276,0.73001006
114.89100003,0.01051767,0.05712012,0.06390000,0.66345055,0.25941120,0.70152479
114.99100018,0.01143858,0.05699034,0.06580000,0.70334359,0.26971718,0.70227082
115.09100008,0.00819867,0.05361494,0.07190000,0.64979983,0.25983513,0.72766843
115.19099998,0.00794710,0.05156369,0.07390000,0.65653019,0.25690884,0.71109545
115.29100013,0.00815401,0.04956705,0.07590000,0.64134066,0.26022072,0.72621214
115.39100003,0.00781316,0.05142844,0.06890000,0.65164354,0.26677425,0.70524687
115.49100018,0.00831198,0.05168492,0.07080000,0.66161497,0.27153626,0.70034438
115.59100008,0.00835406,0.05382926,0.06190000,0.66412572,0.26646235,0.68035936
115.69099998,0.00902438,0.05398760,0.05790000,0.66571928,0.26435105,0.67714500
115.79100013,0.00880321,0.05323489,0.05890000,0.66327039,0.25936595,0.65326998
115.89100003,0.00894226,0.04904290,0.05890000,0.65985073,0.25696768,0.66725014
115.99100018,0.00825860,0.04815855,0.05990000,0.68301633,0.26161719,0.63754998
116.09100008,0.00812036,0.04724934,0.05590000,0.70802883,0.25954796,0.65347846
116.19200015,0.00858272,0.05190565,0.06280000,0.71923403,0.27051997,0.66031181
116.29200006,0.00306688,0.05013177,0.06180000,0.68588481,0.27026537,0.66691570
116.39200020,0.00106604,0.04588936,0.05990000,0.68488846,0.25927306,0.69349920
116.49200010,0.00146708,0.04537904,0.06180000,0.68354736,0.26406075,0.70123052
116.59200001,0.00193237,0.04816499,0.06190000,0.69118907,0.27128040,0.68663917
116.69200015,0.00094162,0.04714195,0.05780000,0.71700840,0.27399417,0.66999869
116.79200006,0.00063607,0.04657902,0.05790000,0.71430732,0.26342821,0.68599726
116.89200020,0.00225478,0.04074808,0.05780000,0.71139913,0.25362558,0.66118274
116.99200010,0.00256688,0.04043181,0.06290000,0.70745217,0.25029715,0.70007548
117.09200001,0.00409397,0.03609334,0.05990000,0.71666254,0.24238052,0.69826264
117.19200015,0.00777919,0.03970748,0.06290000,0.72041280,0.25104486,0.73342020
117.29200006,0.00804417,0.04174232,0.06090000,0.75753682,0.25144541,0.69781635
117.39200020,0.00563443,0.04307729,0.06290000,0.70750464,0.25104520,0.72464000
117.49300003,0.00188248,0.03682494,0.06190000,0.68494740,0.25091292,0.74397277
117.59300017,0.00040143,0.03414101,0.06390000,0.69679940,0.25351264,0.74268894
117.69300008,0.00082815,0.03256953,0.06300000,0.68814839,0.25113932,0.72552026
117.79299998,0.00074011,0.03295242,0.06590000,0.68576016,0.25936324,0.76319742
117.89300013,0.00203919,0.03711444,0.06290000,0.70272582,0.25980832,0.69505776
117.99300003,0.00339374,0.04140933,0.05890000,0.70586035,0.28355924,0.70040471
118.09300017,0.00539689,0.04220999,0.05690000,0.70532772,0.27929936,0.70820506
118.19300008,0.00202279,0.03600789,0.06200000,0.71168459,0.26447918,0.75438726
118.29299998,0.00140323,0.03707399,0.06290000,0.71342740,0.27870322,0.72885119
118.39300013,0.00126300,0.02997157,0.04890000,0.73521297,0.26188536,0.65382985
118.49300003,0.00256384,0.03132645,0.04790000,0.73483902,0.25960762,0.63059258
118.59300017,0.00441119,0.02148305,0.04790000,0.74570542,0.24352480,0.63428588
118.69300008,0.00538147,0.02105065,0.04490000,0.77552577,0.24429671,0.66909271
118.79400015,0.00352395,0.02250160,0.04590000,0.70830432,0.25094505,0.69126429
118.89400005,0.00041595,0.02476948,0.04790000,0.67650742,0.25391434,0.71960491
118.99400020,0.00127833,0.02560812,0.04790000,0.70270311,0.25456909,0.72038556
119.09400010,0.00596001,0.02685532,0.04790000,0.75918328,0.25735179,0.71965308
119.19400001,0.00957376,0.02356699,0.04890000,0.75448898,0.25638058,0.71643693
119.29400015,0.01098665,0.01921961,0.03900000,0.74110835,0.24322460,0.68243854
119.39400005,0.01287246,0.01578289,0.03300000,0.75892592,0.23921918,0.67615124
119.49400020,0.01262588,0.01634249,0.03300000,0.78027756,0.23917884,0.66618032
119.59400010,0.00661465,0.01970651,0.04200000,0.75984777,0.23740623,0.67704827
119.69400001,0.00654453,0.01798636,0.04400000,0.75435464,0.24448583,0.68729302
119.79400015,0.00839461,0.01716189,0.04400000,0.75748945,0.23922878,0.66819876
119.89400005,0.00686755,0.01437661,0.04500000,0.77789470,0.23961511,0.64877192
119.99400020,0.00576222,0.01497187,0.04400000,0.75423465,0.24116546,0.67214558
120.09500003,0.00556874,0.01653237,0.03500000,0.76087148,0.24115824,0.66195986
120.19500017,0.00323047,0.01680667,0.03300000,0.75620906,0.24845992,0.68619947
120.29500008,0.00172179,0.01343746,0.03400000,0.77158918,0.24491692,0.65948552
120.39499998,0.00087028,0.01108705,0.03200000,0.77128044,0.24406933,0.69149414
120.49500012,0.00158703,0.01174655,0.03290000,0.75882140,0.24957509,0.68098024
120.59500003,0.00387715,0.01179863,0.03100000,0.76512584,0.25060807,0.66464155
120.69500017,0.00293845,0.00727362,0.03100000,0.74873224,0.24159425,0.66000393
120.79500008,0.00283216,0.00805412,0.03600000,0.74588135,0.23452952,0.66988417
120.89499998,0.00415355,0.00755434,0.03590000,0.71935937,0.23477064,0.65827138
120.99500012,0.00724432,0.00889774,0.03100000,0.78318768,0.24196843,0.64287807
121.09500003,0.00286443,0.00860669,0.03200000,0.71371347,0.24407856,0.66067639
121.19500017,0.00361816,0.01249475,0.02790000,0.73399622,0.24965788,0.62709089
121.29500008,0.00318227,0.01357804,0.02190000,0.71527317,0.24866974,0.61103239
121.39600015,0.00269545,0.01421353,0.01790000,0.69219436,0.24793482,0.63683997
121.49600005,0.00428235,0.01650307,0.01800000,0.67984444,0.25076010,0.67209885
121.59600019,0.00439356,0.00643014,0.02000000,0.69522183,0.24042657,0.66730008
121.69600010,0.00301514,0.00814303,0.01390000,0.68255990,0.24472716,0.63372325
121.79600000,0.00435997,0.00496796,0.00900000,0.70774702,0.24531413,0.59280800
121.89600015,0.00388251,0.00770559,0.00890000,0.71109632,0.24401938,0.57751346
121.99600005,0.00713278,0.00696444,0.02400000,0.78411126,0.24310368,0.57709388
122.09600019,0.01133978,0.00481034,0.02600000,0.79610289,0.23936632,0.55774567
122.19600010,0.01358355,0.00184582,0.03010000,0.76005833,0.23661582,0.58407019
122.29600000,0.01540192,0.00135681,0.02700000,0.74359154,0.23766308,0.58626301
122.39600015,0.01391079,0.00058296,0.02610000,0.75440978,0.23499625,0.59029632
122.49600005,0.01252802,0.00114399,0.02700000,0.74297070,0.23441779,0.56221057
122.59600019,0.00755074,0.00674436,0.03710000,0.73051951,0.23862478,0.58943520
122.69700003,0.00515068,0.00869025,0.03400000,0.70205250,0.23819235,0.60939629
122.79700017,0.00616460,0.00911908,0.03610000,0.72776052,0.23566495,0.58689506
122.89700007,0.00860347,0.00900391,0.03700000,0.70729079,0.23781526,0.60587428
122.99699998,0.00757467,0.00976496,0.03900000,0.66557357,0.23919151,0.63179798
123.09700012,0.00435015,0.01416955,0.03800000,0.63029686,0.24122257,0.63754732
123.19700003,0.00063593,0.01369108,0.03910000,0.62167865,0.23576524,0.63671442
123.29700017,0.00114390,0.01329141,0.03900000,0.62973086,0.23507756,0.62388110
123.39700007,0.00151730,0.01436620,0.04000000,0.62675422,0.23835026,0.66338311
123.49699998,0.00176423,0.01631770,0.04010000,0.65137521,0.23759456,0.63592708
123.59700012,0.00436573,0.01941315,0.04310000,0.63519233,0.23634284,0.65305673
123.69700003,0.00509442,0.02050090,0.04110000,0.66357310,0.23518858,0.63211996
123.79700017,0.00290653,0.02276076,0.04110000,0.68076484,0.23740912,0.61354377
123.89700007,0.00174219,0.03009011,0.03910000,0.71352436,0.26140392,0.56839555
123.99800014,0.00149644,0.03147079,0.03910000,0.73246665,0.25948295,0.58072796
124.09800005,0.00545802,0.03201031,0.02610000,0.74637467,0.26249551,0.59181429
124.19800019,0.00541994,0.03075068,0.02810000,0.72467948,0.25035458,0.58507691
124.29800010,0.00625085,0.03704452,0.04210000,0.72862297,0.25022262,0.65275422
124.39800000,0.00561554,0.04072058,0.04620000,0.72167725,0.25034078,0.65311582
124.49800014,0.00507982,0.04290123,0.04820000,0.73274096,0.25887033,0.66208522
124.59800005,0.00353053,0.03881076,0.03220000,0.74430368,0.25642453,0.58095617
124.69800019,0.00556482,0.03761426,0.03310000,0.72187926,0.24930295,0.56074766
124.79800010,0.00104787,0.03705337,0.04010000,0.75464703,0.25043619,0.65801514
124.89800000,0.00356576,0.03886561,0.04010000,0.76178793,0.25255056,0.67953163
124.99800014,0.00499643,0.03915515,0.04310000,0.76534200,0.25392909,0.68026227
125.09800005,0.00359411,0.03222068,0.02910000,0.77859420,0.23950940,0.64132716
125.19800019,0.00218720,0.03407383,0.03110000,0.77276364,0.24305524,0.67206123
125.29900002,0.00597633,0.03823785,0.03910000,0.78775340,0.26242152,0.64855848
125.39900017,0.00426013,0.03503786,0.04100000,0.81169807,0.24290714,0.68515138
125.49900007,0.00635473,0.03478070,0.04100000,0.80649158,0.23939589,0.69726384
125.59899998,0.00143778,0.02866414,0.03710000,0.81943405,0.22980081,0.67631261
125.69900012,0.00558213,0.02931313,0.03710000,0.81789906,0.23307603,0.64555488
125.79900002,0.00744755,0.02852602,0.04000000,0.80530730,0.23402199,0.69759243
125.89900017,0.01023334,0.02727561,0.04110000,0.81286653,0.23526548,0.70208625
125.99900007,0.00566975,0.02598526,0.03800000,0.79071943,0.23063286,0.64526855
126.09899998,0.01114098,0.02861343,0.03200000,0.82523290,0.23616130,0.61017603
126.19900012,0.01074979,0.03595750,0.02910000,0.81731723,0.24899591,0.61040947
126.29900002,0.00914321,0.03849587,0.02910000,0.81413907,0.26705743,0.61758891
126.39900017,0.01055256,0.04211429,0.02410000,0.81490023,0.27265394,0.61680661
126.49900007,0.00903953,0.04326681,0.02310000,0.82892733,0.27065964,0.58360892
126.60000014,0.00994287,0.04789436,0.03180000,0.83267462,0.26941793,0.60981856
126.70000005,0.00775992,0.04264685,0.03310000,0.87356594,0.26101896,0.59188713
126.80000019,0.01245672,0.05139105,0.03180000,0.84384637,0.26684581,0.61797946
126.90000010,0.01644807,0.05013094,0.03080000,0.88501694,0.26960982,0.64211999
127.00000000,0.00874779,0.03957987,0.02810000,0.80724782,0.25518674,0.66196462
127.10000014,0.01400924,0.04829018,0.02580000,0.81929652,0.26519672,0.64973814
127.20000005,0.01014643,0.04248176,0.02610000,0.80863153,0.25299487,0.67429629
127.30000019,0.01574154,0.03961381,0.02090000,0.81653957,0.25679043,0.66254202
127.40000010,0.01154037,0.03449391,0.02090000,0.81742435,0.26451639,0.68512938
127.50000000,0.01645997,0.04913705,0.02610000,0.83399377,0.28423518,0.70569661
127.60000014,0.01932548,0.02967029,0.03180000,0.87219870,0.24257562,0.71686897
127.70000005,0.01752048,0.04679244,0.03200000,0.82003977,0.26811273,0.74685104
127.80000019,0.02156915,0.03128549,0.02790000,0.88276542,0.25653649,0.75616537
127.90100002,0.02390958,0.02810092,0.02580000,0.87279880,0.23270650,0.75792206
128.00100017,0.02505505,0.02354771,0.02690000,0.88838050,0.23180927,0.77489394
128.10100007,0.02518029,0.01981321,0.02990000,0.87917874,0.22822482,0.79638541
128.20099998,0.02471799,0.02121699,0.02990000,0.86991980,0.22799373,0.79457747
128.30100012,0.02596372,0.01998312,0.02090000,0.86070462,0.22619719,0.77102778
128.40100002,0.02049409,0.01768254,0.01990000,0.85323543,0.22108150,0.78170510
128.50100017,0.02352668,0.01801514,0.02090000,0.89457605,0.22077993,0.79759732
128.60100007,0.01339753,0.02234717,0.02590000,0.85185697,0.23176366,0.81773465
128.70099998,0.01634949,0.02078976,0.01890000,0.84603753,0.23840518,0.80179064
128.80100012,0.02060063,0.01638335,0.01490000,0.83074530,0.22876133,0.80857859
128.90100002,0.02010741,0.01672520,0.01990000,0.83195521,0.22686140,0.80123247
129.00100017,0.02530206,0.01543425,0.02490000,0.88245160,0.22226275,0.78683019
129.10100007,0.01982868,0.01630685,0.02790000,0.84000654,0.22782968,0.84789499
129.20200014,0.02006797,0.01260978,0.02190000,0.80167544,0.21866984,0.79850064
129.30200005,0.01984650,0.00947294,0.02500000,0.82107140,0.21446507,0.79494107
129.40200019,0.01597517,0.00424780,0.02090000,0.79297014,0.21027781,0.80700094
129.50200009,0.02046168,0.00248384,0.01900000,0.80698429,0.20771838,0.79557485
129.60200000,0.01932189,0.00559596,0.02290000,0.80279040,0.21002809,0.84420075
129.70200014,0.01803490,0.00673665,0.02600000,0.77603644,0.21741197,0.82342688
129.80200005,0.01763822,0.00811130,0.03190000,0.74995359,0.21502613,0.88982687
129.90200019,0.01649059,0.00964160,0.02990000,0.77289824,0.22092336,0.89928057
130.00200009,0.02250759,0.00817730,0.02690000,0.80631338,0.22457474,0.85185562
130.10200000,0.02106050,0.00432612,0.02390000,0.82929950,0.23225078,0.85599028
130.20200014,0.02010664,0.00023061,0.02400000,0.80754202,0.22816122,0.87077402
130.30200005,0.01877921,0.00197518,0.01690000,0.82030576,0.23080995,0.87255323
130.40200019,0.01686689,0.00019471,0.01400000,0.81572916,0.23135039,0.88860416
130.50300002,0.02643281,0.00213455,0.01690000,0.87975664,0.23092541,0.89866305
130.60300016,0.02008100,0.00005968,0.00800000,0.85047684,0.22791661,0.88730406
130.70300007,0.02528630,0.00944950,0.00900000,0.92787477,0.24043096,0.87880932
130.80299997,0.02150422,0.01885971,0.01900000,0.85453239,0.26376042,0.86271927
130.90300012,0.02795601,0.02377292,0.02600000,0.89202999,0.26852105,0.87214580
131.00300002,0.02749255,0.00817860,0.01700000,0.85394002,0.25018689,0.82907013
131.10300016,0.02318711,0.00437814,0.01800000,0.84147324,0.23975714,0.81274929
131.20300007,0.01614004,0.01518780,0.01400000,0.79339277,0.26535626,0.80272390
131.30299997,0.02317250,0.02314898,0.01200000,0.84646946,0.27045239,0.77752636
131.40300012,0.03836763,0.01477074,0.00690000,0.86201020,0.25826756,0.77630541
131.50300002,0.03276987,0.00560230,0.01390000,0.84412764,0.23496257,0.81914538
131.60300016,0.02164528,0.00803753,0.01800000,0.84121139,0.23161883,0.81528560
131.70300007,0.00559687,0.01377226,0.02200000,0.77215752,0.25340497,0.79000136
131.80400014,0.00495596,0.00957593,0.01910000,0.80388255,0.24977085,0.80881350
131.90400004,0.00372284,0.00836782,0.01100000,0.80595043,0.23991243,0.79853736
132.00400019,0.00841642,0.00346177,0.01300000,0.82060817,0.22861462,0.80455456
132.10400009,0.01793046,0.00124850,0.01590000,0.80706653,0.22274040,0.85118131
132.20400000,0.01594448,0.00255801,0.01900000,0.84178471,0.21886949,0.84075981
132.30400014,0.01749828,0.00701286,0.01500000,0.85454582,0.22633395,0.85198696
132.40400004,0.02100039,0.00419925,0.01690000,0.89035611,0.22243668,0.84285371
132.50400019,0.02671447,0.01089895,0.02600000,0.92183057,0.24399937,0.83146573
132.60400009,0.03331076,0.01577953,0.03600000,0.91919884,0.25203834,0.88948540
132.70400000,0.02004919,0.01603122,0.04400000,0.88768215,0.25016932,0.89334091
132.80400014,0.01376137,0.01087726,0.04400000,0.83353987,0.23887472,0.91815946
132.90400004,0.01647970,0.01310227,0.03390000,0.84923709,0.25265331,0.87545313
133.00400019,0.02104979,0.01138404,0.03400000,0.88738464,0.24476336,0.88863300
133.10500002,0.01757502,0.00973286,0.01400000,0.78372425,0.22799113,0.81944670
133.20500016,0.01627001,0.00544306,0.02000000,0.75536935,0.21859998,0.80330173
133.30500007,0.01360346,0.00349655,0.02600000,0.74293980,0.21274082,0.77125781
133.40499997,0.01438687,0.00154211,0.03600000,0.71541539,0.21257668,0.81116283
133.50500011,0.01681604,0.00509026,0.03500000,0.76824504,0.21482849,0.76979775
133.60500002,0.00860639,0.00513615,0.03300000,0.75543865,0.21014259,0.67202288
133.70500016,0.00795006,0.00364644,0.03800000,0.73338677,0.21475591,0.72148080
133.80500007,0.00549043,0.00012323,0.03700000,0.71756843,0.21088677,0.73563342
133.90499997,0.00478206,0.00133488,0.03200000,0.72461460,0.21278725,0.69930405
134.00500011,0.00529113,0.00170995,0.03190000,0.71911802,0.21587975,0.67712150
134.10500002,0.00339772,0.00336979,0.02900000,0.72194169,0.21906633,0.68701207
134.20500016,0.00907477,0.00263413,0.03100000,0.72667535,0.21644897,0.67422628
134.30599999,0.01016905,0.00140018,0.03600000,0.73200815,0.21244803,0.67706281
134.40600014,0.01157180,0.00043983,0.03200000,0.72879457,0.21262538,0.67556459
134.50600004,0.01231380,0.00237074,0.03300000,0.74495683,0.22159353,0.68557411
134.60600019,0.00769167,0.00381159,0.02900000,0.72433217,0.22024020,0.66806122
134.70600009,0.00809028,0.00747779,0.03500000,0.71717328,0.23171785,0.68368906
134.80599999,0.00974501,0.00824711,0.03600000,0.72573322,0.22314583,0.69689688
134.90600014,0.00771132,0.01121765,0.03900000,0.70258054,0.22218278,0.68932867
135.00600004,0.00897890,0.01414565,0.04000000,0.69382461,0.23087302,0.69901082
135.10600019,0.01172983,0.00924235,0.03500000,0.70129488,0.22038571,0.67666246
135.20600009,0.01073899,0.01086665,0.03600000,0.73148481,0.22478862,0.65911198
135.30599999,0.01380602,0.00957308,0.03400000,0.75771774,0.22132649,0.65442098
135.40600014,0.01069966,0.01180920,0.03500000,0.74078906,0.22325941,0.65413089
135.50600004,0.00578044,0.01934855,0.04200000,0.72938776,0.24430512,0.67100694
135.60700011,0.00696231,0.01797627,0.04300000,0.71584414,0.24623392,0.66841084
135.70700002,0.00789604,0.01873666,0.04500000,0.69497960,0.24575134,0.71453636
135.80700016,0.00877828,0.01691691,0.04600000,0.70897747,0.25385206,0.71727942
135.90700006,0.00936098,0.01464965,0.04400000,0.73654880,0.26627879,0.66963087
136.00699997,0.01001221,0.01582263,0.04300000,0.74689409,0.26799862,0.71127643
136.10700011,0.00915214,0.01583977,0.04200000,0.73638097,0.27157126,0.69175646
136.20700002,0.00819243,0.01494035,0.03800000,0.75765741,0.27351787,0.70110539
136.30700016,0.00986940,0.01390701,0.03800000,0.78021757,0.27499264,0.71407428
136.40700006,0.01197674,0.01171399,0.03900000,0.86546293,0.26148871,0.74118453
136.50699997,0.00970437,0.01379403,0.03900000,0.80684558,0.27717222,0.73016093
136.60700011,0.01277648,0.00983776,0.03700000,0.83360856,0.26286939,0.74447322
136.70700002,0.00914899,0.01159595,0.03800000,0.77890000,0.26172081,0.77199020
136.80700016,0.00714128,0.01470551,0.03700000,0.79383588,0.26748400,0.75999846
136.90799999,0.00370107,0.01477403,0.04200000,0.76760470,0.27396225,0.73865489
137.00800014,0.00559511,0.01413169,0.04100000,0.79522918,0.26537231,0.75026371
137.10800004,0.00616003,0.01330654,0.04400000,0.81361979,0.25900868,0.76441279
137.20800018,0.00777165,0.01307675,0.04500000,0.84241825,0.25478293,0.77978996
137.30800009,0.00781541,0.01177367,0.04100000,0.83332257,0.26026536,0.78857291
137.40799999,0.00828892,0.01161309,0.04200000,0.81656750,0.25803192,0.78951633
137.50800014,0.00688560,0.01295487,0.04200000,0.82298906,0.25884756,0.78767992
137.60800004,0.00581663,0.01416216,0.03900000,0.80794597,0.25774352,0.76595423
137.70800018,0.00538184,0.01568234,0.04000000,0.82907223,0.27430396,0.73076556
137.80800009,0.00577736,0.01510471,0.04200000,0.82794955,0.25271267,0.72196429
137.90799999,0.00551267,0.01407517,0.04200000,0.81829780,0.26127084,0.73776239
138.00800014,0.00453137,0.01267622,0.04000000,0.79830553,0.26139427,0.74496611
138.10800004,0.00632132,0.01147785,0.03800000,0.82131764,0.26342006,0.74329673
138.20900011,0.00778564,0.00969298,0.03700000,0.81346157,0.26386198,0.73390038
138.30900002,0.00618738,0.00884117,0.03700000,0.83252177,0.26081808,0.73076843
138.40900016,0.00788592,0.00830736,0.03900000,0.82858384,0.26187325,0.71705043
138.50900006,0.00837657,0.00900683,0.03900000,0.84340748,0.25718527,0.73051148
138.60899997,0.00762886,0.01116111,0.03800000,0.82463095,0.25346800,0.74412643
138.70900011,0.00607758,0.01325002,0.04100000,0.82518368,0.25222793,0.77344333
138.80900002,0.00617342,0.01222493,0.03900000,0.84414270,0.24953351,0.76879289
138.90900016,0.00477892,0.01284570,0.03900000,0.85504985,0.23637769,0.74504908
139.00900006,0.00557361,0.01363213,0.04000000,0.82067532,0.22716335,0.74504618
139.10899997,0.00848892,0.01114397,0.03700000,0.80655676,0.22542881,0.70795024
139.20900011,0.00841974,0.01000590,0.03900000,0.80437357,0.22343873,0.71097700
139.30900002,0.00988343,0.01052320,0.03700000,0.85137133,0.21742547,0.70537430
139.40900016,0.00732864,0.01301580,0.03900000,0.78670834,0.21708825,0.71362623
139.50999999,0.00792338,0.01427130,0.03900000,0.74909927,0.21594694,0.72491249
139.61000013,0.00617661,0.01646874,0.04200000,0.74794035,0.22974431,0.72499174
139.71000004,0.00715853,0.01556552,0.04200000,0.73364039,0.22510243,0.72616420
139.81000018,0.00807953,0.01510534,0.04100000,0.76909150,0.22397379,0.73493358
139.91000009,0.00788466,0.01291170,0.03900000,0.74856744,0.20593533,0.72891688
140.00999999,0.00710267,0.01334586,0.04000000,0.79073855,0.19981102,0.74237335
140.11000013,0.00672056,0.01284189,0.03900000,0.75103467,0.20666440,0.71821854
140.21000004,0.00588716,0.01069586,0.03900000,0.74100536,0.19276320,0.72731246
140.31000018,0.00689067,0.01029217,0.03800000,0.72064615,0.18992271,0.70994093
140.41000009,0.00931471,0.00940671,0.03800000,0.73050994,0.18743458,0.70452227
140.50999999,0.01066161,0.00814740,0.03700000,0.79636345,0.18846431,0.69513088
140.61000013,0.00899734,0.01040134,0.03900000,0.74014417,0.18836037,0.69582297
140.71000004,0.00752858,0.01254673,0.04200000,0.73294443,0.18659798,0.69334645
140.81100011,0.00892308,0.01192596,0.04200000,0.71530743,0.18235690,0.71926565
140.91100001,0.00858858,0.01206053,0.04300000,0.74147544,0.18410854,0.72899217
141.01100016,0.01065651,0.01081013,0.04200000,0.78920063,0.17352187,0.73871028
141.11100006,0.01128797,0.01148180,0.04200000,0.79851255,0.18004089,0.70790170
141.21100020,0.01065821,0.01080844,0.04100000,0.74100256,0.18788461,0.72083039
141.31100011,0.01022238,0.01002811,0.03900000,0.72540134,0.18299347,0.74402023
141.41100001,0.01073905,0.01086659,0.03800000,0.69262100,0.18529930,0.75141134
141.51100016,0.01134007,0.01175980,0.03900000,0.73322865,0.18554450,0.77573634
141.61100006,0.00751903,0.01556998,0.04000000,0.65591809,0.20494902,0.75086503
141.71100020,0.00554087,0.01421333,0.04200000,0.66495388,0.20911167,0.74405698
141.81100011,0.00747650,0.01226874,0.04000000,0.69505633,0.19105335,0.72993855
141.91100001,0.00948797,0.01110083,0.03900000,0.69699182,0.19058365,0.74163206
142.01100016,0.00896414,0.01098199,0.04000000,0.66566602,0.19626329,0.74349729
142.11199999,0.00944861,0.01204341,0.03800000,0.70306684,0.19595706,0.71863941
142.21200013,0.00898399,0.01148294,0.03700000,0.70098572,0.19913514,0.73773636
142.31200004,0.00879738,0.01087042,0.03600000,0.71228641,0.20621223,0.72332204
142.41200018,0.01004019,0.00905509,0.03400000,0.71700943,0.20153033,0.73233427
142.51200008,0.01157941,0.00804595,0.03500000,0.77154623,0.20512796,0.71550029
142.61199999,0.01123983,0.00624069,0.03400000,0.73681137,0.20885400,0.71109513
142.71200013,0.01195310,0.00696875,0.03500000,0.79058179,0.20866440,0.72015145
142.81200004,0.01121253,0.01070603,0.03900000,0.75116826,0.21123384,0.74591234
142.91200018,0.01029598,0.01080568,0.03700000,0.71662948,0.21504377,0.72474431
143.01200008,0.01059296,0.01161203,0.03700000,0.71175512,0.22149364,0.72443763
143.11199999,0.00792462,0.00966697,0.03800000,0.69789882,0.22744280,0.72340558
143.21200013,0.00890655,0.00876375,0.03900000,0.72441245,0.22560751,0.77256400
143.31200004,0.00926846,0.00876673,0.03800000,0.71839905,0.23066380,0.78902568
143.41300011,0.00938006,0.00860316,0.03500000,0.73845944,0.23055363,0.78765381
143.51300001,0.00975922,0.00946613,0.03500000,0.73036885,0.22878201,0.80649920
143.61300015,0.01188785,0.00777233,0.03500000,0.70727240,0.23173410,0.81183823
143.71300006,0.01301714,0.00842402,0.03600000,0.74107988,0.23027920,0.83135443
143.81300020,0.01352106,0.00804183,0.03400000,0.75196353,0.22937483,0.85890511
143.91300011,0.01067809,0.01130966,0.03700000,0.69541993,0.23979333,0.85541987
144.01300001,0.01091429,0.01255899,0.03700000,0.68570740,0.24871290,0.83846472
144.11300015,0.00962433,0.01143382,0.04000000,0.69390459,0.25246424,0.82546023
144.21300006,0.00924487,0.01057083,0.03800000,0.70627552,0.24269491,0.82866826
144.31300020,0.00957224,0.01115581,0.03400000,0.72243784,0.22949647,0.81824483
144.41300011,0.01085369,0.01069987,0.03500000,0.74437186,0.23016402,0.80491503
144.51300001,0.01148811,0.00871052,0.03300000,0.73352517,0.22698444,0.77609292
144.61300015,0.01172719,0.00729884,0.03300000,0.73735119,0.22993619,0.76100778
144.71399999,0.00953333,0.00979620,0.03500000,0.74365577,0.23896343,0.78914440
144.81400013,0.00769996,0.01229799,0.03600000,0.74998679,0.24411908,0.78588281
144.91400003,0.00628801,0.01436109,0.03700000,0.74643571,0.26404100,0.76663308
145.01400018,0.00973732,0.01126875,0.03200000,0.74227975,0.24363662,0.75696950
145.11400008,0.01194694,0.00963331,0.03500000,0.77247337,0.24028077,0.78340121
145.21399999,0.01244648,0.00961172,0.03600000,0.74739337,0.23871072,0.79282038
145.31400013,0.01186594,0.00957494,0.03300000,0.76215451,0.22958601,0.78866106
145.41400003,0.01223830,0.00849965,0.03200000,0.79626469,0.22243917,0.79251060
145.51400018,0.00955034,0.01295843,0.03300000,0.80346707,0.23004396,0.77741838
145.61400008,0.00901161,0.01392268,0.03600000,0.78642010,0.22494656,0.78683791
145.71399999,0.00910267,0.01556025,0.03900000,0.78569173,0.24163545,0.78189467
145.81400013,0.00882463,0.01561236,0.03800000,0.79595226,0.24044771,0.76218868
145.91400003,0.00958927,0.01431802,0.03700000,0.79664485,0.24161705,0.76905701
146.01500010,0.01023631,0.01585143,0.03800000,0.77724937,0.24274272,0.80527909
146.11500001,0.01104431,0.01555613,0.03800000,0.78240175,0.24151256,0.82284721
146.21500015,0.01212175,0.01362767,0.04000000,0.76755972,0.21736451,0.83922578
146.31500006,0.01392877,0.01328907,0.03900000,0.81068960,0.21057021,0.79997754
146.41500020,0.01282579,0.01047421,0.03600000,0.77652479,0.20794271,0.78517438
146.51500010,0.01149669,0.01029155,0.03400000,0.79107089,0.20663532,0.77349806
146.61500001,0.01345388,0.01114958,0.03500000,0.84649611,0.21690984,0.78675334
146.71500015,0.01488893,0.01188612,0.03500000,0.86918913,0.22105724,0.80607398
146.81500006,0.01370313,0.01131699,0.03600000,0.87883731,0.22143103,0.80526858
146.91500020,0.01281270,0.01155572,0.03700000,0.82556987,0.22203354,0.79508194
147.01500010,0.01047827,0.01177862,0.03700000,0.83189457,0.22395965,0.80836035
147.11500001,0.01084910,0.01336253,0.03600000,0.83378154,0.22156122,0.81944242
147.21600008,0.01113565,0.01489152,0.03700000,0.85090982,0.21500280,0.82461118
147.31599998,0.01200672,0.01379452,0.03600000,0.84084445,0.21263583,0.83048487
147.41600013,0.01061222,0.01441530,0.03800000,0.82869186,0.22418193,0.81097560
147.51600003,0.01093144,0.01572112,0.03800000,0.81894079,0.24154789,0.82287652
147.61600018,0.00808787,0.01668641,0.04100000,0.83689260,0.23275921,0.84363128
147.71600008,0.00736945,0.01667637,0.04000000,0.85663759,0.22907266,0.85694604
147.81599998,0.00834272,0.01419187,0.04000000,0.87010988,0.21058357,0.84342644
147.91600013,0.01036020,0.01460638,0.03700000,0.86204091,0.20416320,0.86204127
148.01600003,0.01064902,0.01613377,0.03800000,0.86610154,0.21700538,0.84862251
148.11600018,0.01058428,0.01233300,0.04000000,0.86640297,0.20400840,0.84614578
148.21600008,0.01031946,0.01130349,0.04000000,0.86867675,0.20735030,0.85211722
148.31599998,0.01049325,0.01069541,0.03700000,0.86501356,0.20038221,0.87487615
148.41600013,0.01177470,0.01023946,0.03600000,0.86747323,0.20438180,0.87166778
148.51700020,0.01240010,0.01127331,0.03600000,0.83879169,0.20787519,0.89080521
148.61700010,0.01048010,0.01177699,0.03900000,0.83379323,0.20679843,0.88634415
148.71700001,0.00977632,0.01262829,0.04200000,0.85257512,0.20991662,0.89482663
148.81700015,0.01025421,0.01210707,0.04000000,0.85721068,0.20767213,0.88752367
148.91700006,0.00973712,0.01357087,0.04100000,0.83533164,0.20349091,0.89578116
149.01700020,0.01149205,0.01295426,0.03900000,0.85604369,0.20033628,0.87378960
149.11700010,0.01238257,0.01271542,0.04100000,0.88427979,0.20273921,0.85267213
149.21700001,0.01171796,0.01262416,0.04100000,0.88939611,0.20373101,0.84888988
149.31700015,0.01142268,0.01181619,0.04100000,0.89204943,0.20495861,0.84201919
149.41700006,0.01026734,0.01102551,0.04000000,0.88997387,0.20107569,0.84382208
149.51700020,0.01049299,0.01299758,0.03900000,0.88590075,0.20030923,0.85445012
149.61700010,0.00912463,0.01375758,0.04100000,0.85928478,0.20128851,0.88921898
149.71700001,0.00844252,0.01510840,0.04200000,0.84390202,0.20946069,0.85502538
149.81700015,0.01019332,0.01255014,0.04000000,0.85364148,0.18262159,0.83175955
149.91799998,0.01081871,0.01358402,0.04000000,0.83485194,0.18584085,0.81626485
150.01800013,0.01087931,0.01544314,0.03900000,0.85518517,0.20504730,0.82837162
150.11800003,0.01000197,0.01460036,0.03800000,0.85088095,0.20664409,0.80381799
150.21800017,0.01005871,0.01221566,0.03700000,0.81905845,0.18886124,0.80086037
150.31800008,0.01075397,0.00978326,0.03700000,0.80264177,0.19635823,0.79089363
150.41799998,0.00965951,0.00854950,0.03600000,0.79310817,0.19346115,0.79904347
150.51800013,0.00905552,0.01031735,0.03400000,0.79785486,0.19270611,0.80773978
150.61800003,0.00992021,0.00763736,0.03400000,0.81004263,0.19313546,0.80736025
150.71800017,0.01038055,0.00855828,0.03600000,0.81420802,0.20004549,0.82857771
150.81800008,0.00881646,0.01172903,0.03600000,0.78353056,0.20101068,0.80822232
150.91799998,0.00849925,0.01272371,0.03900000,0.76619690,0.20433187,0.79937207
151.01800013,0.00882935,0.01294962,0.03800000,0.74593821,0.20371162,0.76798615
151.11900020,0.00823002,0.01205474,0.03700000,0.74277578,0.20337906,0.80208053
151.21900010,0.00821274,0.01119468,0.03800000,0.75721579,0.19841690,0.77959890
151.31900001,0.00868622,0.01103402,0.03700000,0.72948886,0.19035741,0.76295915
151.41900015,0.00881233,0.00978738,0.03700000,0.74980461,0.19881852,0.74092329
151.51900005,0.00971158,0.00882752,0.03700000,0.72358713,0.19381133,0.72711603
151.61900020,0.01135356,0.00837596,0.03500000,0.70752691,0.19350345,0.72930637
151.71900010,0.00977219,0.01068664,0.03600000,0.69240779,0.19368252,0.71090309
151.81900001,0.00723096,0.01209807,0.03800000,0.67567576,0.19736196,0.70392740
151.91900015,0.00758710,0.01246298,0.04000000,0.68168879,0.19474532,0.71615471
152.01900005,0.00743495,0.01357061,0.04000000,0.70285612,0.21240566,0.73253115
152.11900020,0.00923346,0.01165089,0.03900000,0.69517293,0.20241318,0.72635463
152.21900010,0.00825194,0.01025210,0.03800000,0.66605123,0.19424811,0.71852596
152.31900001,0.00975053,0.01018711,0.03800000,0.68799229,0.19729751,0.71077949
152.42000008,0.00917286,0.00979177,0.03600000,0.70500078,0.20041341,0.70974659
152.51999998,0.01008939,0.00969196,0.03600000,0.69148285,0.21186849,0.69667426
152.62000012,0.01009403,0.00702926,0.03600000,0.66977885,0.21320362,0.68161201
152.72000003,0.01012446,0.00680774,0.03500000,0.68086195,0.21185145,0.65928615
152.82000017,0.01259607,0.00656042,0.03500000,0.71426669,0.21014938,0.67187703
152.92000008,0.01293493,0.00606527,0.03700000,0.70545957,0.21282386,0.68957010
153.01999998,0.01331712,0.00656919,0.03700000,0.71355876,0.20688546,0.69074391
153.12000012,0.01316523,0.00537465,0.03700000,0.72229315,0.20120003,0.66821341
153.22000003,0.01030241,0.00814128,0.03700000,0.67923623,0.20457235,0.67766641
153.32000017,0.01242663,0.00680799,0.03800000,0.72324814,0.20456950,0.66635572
153.42000008,0.01197481,0.00746819,0.03900000,0.69448664,0.19706341,0.66692579
153.51999998,0.00942017,0.01226337,0.03900000,0.68866989,0.21985091,0.66798033
153.62000012,0.00839507,0.01216770,0.04000000,0.69731104,0.21919958,0.67575946
153.72100019,0.00683561,0.01267574,0.04200000,0.69237215,0.21852646,0.68692197
153.82100010,0.00633170,0.01305793,0.04100000,0.69643152,0.21986537,0.65606629
153.92100000,0.00642299,0.01239335,0.04200000,0.71380361,0.22451134,0.68033725
154.02100015,0.00966775,0.01243281,0.04100000,0.71997508,0.21930668,0.68667085
154.12100005,0.01018894,0.01291067,0.04100000,0.75018425,0.22492274,0.69406569
154.22100019,0.01051053,0.01155547,0.04100000,0.72694653,0.20963216,0.68367418
154.32100010,0.01044115,0.01041740,0.04000000,0.68564511,0.20422118,0.71621878
154.42100000,0.01111450,0.00978764,0.03900000,0.70970779,0.20672879,0.72201773
154.52100015,0.01223090,0.00921874,0.03900000,0.73819602,0.20274491,0.71110447
154.62100005,0.01196166,0.00854977,0.03900000,0.69750808,0.20764776,0.71232195
154.72100019,0.01087544,0.01119932,0.04100000,0.71020027,0.20533273,0.70802277
154.82100010,0.00985008,0.01340582,0.04100000,0.73258816,0.22143522,0.72445030
154.92100000,0.00895107,0.01206351,0.04000000,0.75782197,0.20786685,0.72058640
155.02200007,0.00919014,0.01065183,0.03900000,0.73302366,0.20852614,0.70767043
155.12199998,0.01113616,0.01028717,0.03800000,0.72549209,0.21411290,0.68925201
155.22200012,0.01019358,0.01024797,0.03700000,0.69729297,0.21388942,0.69062062
155.32200003,0.01056726,0.00917077,0.03700000,0.70952547,0.21233617,0.68544696
155.42200017,0.01068021,0.00900572,0.03700000,0.68105027,0.20664372,0.67476586
155.52200007,0.01117123,0.00740294,0.03600000,0.68124792,0.20322081,0.66917172
155.62199998,0.00968115,0.00904905,0.03700000,0.67732509,0.19709816,0.64644345
155.72200012,0.00909884,0.01131641,0.03900000,0.70800599,0.19636425,0.65597097
155.82200003,0.01139250,0.00973555,0.03900000,0.70097269,0.19756574,0.66061160
155.92200017,0.01025882,0.00944439,0.03700000,0.74026525,0.19171955,0.65131504
156.02200007,0.01149669,0.01029155,0.03800000,0.74377779,0.18732781,0.62065594
156.12199998,0.01114493,0.00956611,0.03800000,0.74384017,0.20003001,0.61136161
156.22300005,0.01047158,0.01019588,0.03800000,0.72683125,0.20143725,0.59772908
156.32300019,0.01187914,0.00849330,0.03700000,0.70700930,0.19553610,0.62737824
156.42300010,0.01270902,0.00639537,0.03600000,0.77534221,0.19406856,0.65409164
156.52300000,0.01386436,0.00718605,0.03600000,0.76232619,0.20010856,0.66654056
156.62300014,0.01219196,0.00785915,0.03800000,0.73807288,0.20771935,0.66478152
156.72300005,0.00883399,0.01028691,0.04100000,0.71949805,0.20430707,0.69364497
156.82300019,0.00792184,0.01002619,0.04100000,0.74265219,0.20582004,0.68880697
156.92300010,0.00564133,0.01052547,0.04100000,0.75723948,0.21054831,0.71004852
157.02300000,0.00823002,0.01205474,0.03900000,0.73019329,0.22463117,0.71280431
157.12300014,0.00894231,0.01278457,0.03800000,0.72911140,0.22339450,0.72592933
157.22300005,0.00841673,0.01266723,0.03800000,0.71039774,0.22178194,0.71035347
157.32300019,0.01243489,0.01069128,0.03800000,0.72061691,0.20777241,0.71079775
157.42300010,0.01130147,0.00809795,0.03900000,0.72876798,0.20797037,0.69141762
157.52400017,0.01148818,0.00871044,0.04000000,0.73414828,0.20830283,0.70437270
157.62400007,0.00936370,0.01234590,0.04100000,0.74997145,0.22673591,0.73491545
157.72399998,0.00866430,0.01283666,0.04200000,0.75513392,0.21916936,0.72292414
157.82400012,0.00951124,0.01390095,0.04300000,0.77334469,0.22668980,0.72280184
157.92400002,0.00834297,0.01188969,0.04300000,0.77182163,0.22302522,0.73070659
158.02400017,0.01015464,0.00888838,0.04000000,0.77425127,0.20469749,0.72057983
158.12400007,0.00894695,0.01012187,0.03900000,0.79464202,0.19698911,0.71399386
158.22399998,0.01030653,0.01008292,0.03800000,0.80569482,0.19242209,0.74198076
158.32400012,0.01160113,0.00854539,0.03900000,0.82989283,0.19659900,0.75282623
158.42400002,0.01157070,0.00876692,0.03900000,0.83502355,0.20406111,0.76345579
158.52400017,0.01082798,0.00825862,0.03800000,0.81957520,0.20531602,0.78229115
158.62400007,0.01180977,0.00735523,0.03800000,0.81170397,0.20388561,0.78929033
158.72399998,0.01143609,0.00843243,0.04000000,0.83011105,0.21051875,0.83683476
158.82500005,0.01074082,0.01086484,0.04300000,0.81009971,0.21240457,0.84166797
158.92500019,0.00868622,0.01103402,0.04400000,0.80988742,0.22062036,0.84572498
159.02500010,0.01094481,0.01233739,0.04200000,0.79142615,0.22974162,0.84919179
159.12500000,0.00824317,0.01097316,0.04100000,0.79116254,0.23215365,0.88505472
159.22500014,0.00904262,0.00909676,0.04000000,0.80817295,0.21489162,0.89815885
159.32500005,0.01147090,0.00785038,0.04000000,0.80546083,0.21528706,0.92143762
159.42500019,0.01223090,0.00921874,0.04000000,0.83168427,0.21453675,0.91158433
159.52500010,0.01371634,0.01023533,0.04000000,0.87728851,0.21632449,0.89911135
159.62500000,0.01298239,0.00900598,0.03900000,0.86621226,0.21293637,0.90540599
159.72500014,0.01250916,0.00686447,0.03800000,0.81001245,0.20252680,0.92455232
159.82500005,0.01409028,0.00685596,0.03800000,0.87000427,0.20600079,0.91591729
159.92500019,0.01182679,0.01051746,0.03900000,0.79623608,0.20599490,0.90674448
160.02500010,0.01131849,0.01126018,0.04100000,0.77764638,0.22384207,0.91110840
160.12600017,0.00901632,0.01125993,0.04200000,0.79262447,0.22001396,0.91254592
160.22600007,0.01007211,0.00883191,0.04000000,0.78228127,0.20863672,0.91216169
160.32599998,0.01122746,0.00962259,0.03900000,0.80318690,0.20328283,0.93864562
160.42600012,0.01306955,0.00639975,0.03900000,0.85456108,0.19714957,0.93291766
160.52600002,0.01327818,0.00520960,0.03900000,0.86139398,0.20248818,0.95696005
160.62600017,0.01207462,0.00838472,0.03700000,0.81505604,0.21373899,0.93261585
160.72600007,0.01176618,0.00865834,0.03600000,0.80072346,0.21025386,0.92377488
160.82599998,0.01039757,0.01172052,0.03700000,0.79742692,0.23003862,0.94005072
160.92600012,0.01211794,0.00938378,0.03600000,0.78546901,0.21246716,0.95061919
161.02600002,0.01105364,0.01023069,0.03700000,0.76513249,0.21303014,0.93316541
161.12600017,0.00993749,0.00849742,0.03800000,0.74146535,0.20990379,0.93158705
161.22600007,0.00803066,0.00791950,0.03800000,0.74857541,0.21143805,0.95449500
161.32599998,0.01037204,0.00697717,0.03700000,0.74961830,0.21272155,0.93180133
161.42700005,0.01235726,0.00566993,0.03800000,0.82082542,0.19831305,0.89250298
161.52700019,0.01259632,0.00425825,0.03700000,0.81990089,0.19366406,0.89953304
161.62700009,0.01246609,0.00356324,0.03700000,0.85494894,0.19539758,0.89653873
161.72700000,0.01191421,0.00560907,0.03700000,0.80939845,0.19708863,0.88278573
161.82700014,0.01177082,0.00599564,0.03600000,0.79382533,0.19083066,0.88276439
161.92700005,0.01216178,0.00577850,0.03700000,0.88281724,0.19157152,0.86902066
162.02700019,0.01248311,0.00672547,0.03800000,0.86787728,0.19158857,0.86723419
162.12700009,0.01163620,0.00566116,0.03600000,0.81211599,0.18788186,0.83747846
162.22700000,0.00856501,0.00731578,0.03600000,0.81351557,0.19055900,0.79792305
162.32700014,0.00856475,0.00961795,0.03700000,0.80426561,0.18365453,0.79552303
162.42700005,0.01020818,0.00916478,0.04000000,0.82637315,0.18646037,0.78632400
162.52700019,0.01026897,0.00872171,0.04000000,0.82477363,0.18848902,0.76448238
162.62700009,0.00926989,0.00876522,0.03900000,0.81377580,0.18770166,0.75644039
162.72800016,0.00789300,0.01024649,0.04100000,0.81840338,0.20849979,0.74601768
162.82800007,0.00732838,0.01107181,0.04300000,0.80329055,0.20895827,0.71903986
162.92799997,0.00887317,0.00934435,0.04400000,0.81761070,0.19286008,0.70813151
163.02800012,0.01009378,0.00933144,0.04300000,0.81203983,0.19175853,0.70793897
163.12800002,0.00875730,0.00756635,0.04300000,0.80232729,0.19024311,0.68949494
163.22800016,0.00821763,0.00622981,0.04400000,0.81862251,0.18711507,0.67287987
163.32800007,0.00940880,0.00643696,0.04300000,0.82478163,0.18488980,0.69175918
163.42799997,0.00726737,0.00691052,0.04000000,0.80029423,0.17998509,0.67187520
163.52800012,0.00681831,0.01181570,0.04300000,0.77956835,0.19775203,0.69858655
163.62800002,0.00481776,0.01226210,0.04300000,0.80208477,0.19013180,0.67972687
163.72800016,0.00703573,0.00990447,0.04700000,0.79533518,0.17882543,0.71893903
163.82800007,0.00962493,0.00682940,0.04500000,0.83188034,0.17344677,0.70672038
163.92799997,0.00801891,0.00899984,0.04400000,0.84572620,0.17444054,0.69956464
164.02900004,0.00696636,0.00876640,0.04400000,0.84713537,0.17960329,0.66512853
164.12900019,0.00735867,0.00854810,0.04400000,0.86821224,0.17868987,0.66593866
164.22900009,0.00795689,0.00714198,0.04400000,0.87997569,0.18478186,0.67903875
164.32900000,0.00894396,0.00587671,0.04300000,0.87058783,0.18963425,0.67987352
164.42900014,0.00872593,0.00548709,0.04200000,0.84378914,0.18891452,0.67693204
164.52900004,0.00840898,0.00417959,0.04100000,0.81377784,0.19444606,0.71581578
164.62900019,0.00838790,0.00367874,0.04000000,0.79350903,0.19577011,0.71929764
164.72900009,0.00552012,0.00680723,0.04100000,0.79065077,0.18979714,0.70966698
164.82900000,0.00529533,0.00713649,0.04400000,0.77861192,0.18938745,0.72158181
164.92900014,0.00625112,0.01069830,0.04400000,0.77172109,0.20732032,0.70474220
165.02900004,0.00819107,0.01069515,0.04400000,0.77009755,0.20771987,0.69641078
165.12900019,0.00776117,0.00955271,0.04300000,0.74647866,0.20410296,0.67742163
165.23000002,0.00669840,0.00809639,0.04300000,0.77144487,0.20651148,0.71714444
165.33000016,0.00648436,0.00734595,0.04200000,0.75027556,0.21449411,0.71636278
165.43000007,0.00559083,0.01024659,0.04400000,0.75558080,0.23477505,0.73268187
165.52999997,0.00517390,0.01262699,0.04500000,0.73514286,0.23134252,0.73711642
165.63000011,0.00342142,0.01288386,0.04600000,0.70618524,0.23020738,0.75003252
165.73000002,0.00207937,0.01148069,0.04600000,0.71451339,0.22939638,0.76273109
165.83000016,0.00217669,0.01045524,0.04600000,0.74187707,0.22071675,0.73033100
165.93000007,0.00291068,0.00938232,0.04600000,0.76894807,0.20751164,0.72274366
166.02999997,0.00563855,0.00858293,0.04500000,0.73847039,0.21839809,0.71326634
166.13000011,0.00617280,0.00797913,0.04300000,0.74858612,0.22796772,0.72773168
166.23000002,0.00670273,0.00773586,0.04300000,0.74924985,0.21830148,0.73823897
166.33000016,0.00620318,0.00775761,0.04100000,0.71904487,0.22566691,0.74957523
166.43000007,0.00643338,0.00706694,0.04000000,0.72864792,0.22144544,0.71157594
166.53100014,0.00786674,0.00550313,0.04100000,0.77299459,0.22094115,0.71604275
166.63100004,0.00752795,0.00599833,0.04000000,0.79676124,0.22615227,0.67407857
166.73100019,0.00577755,0.00855686,0.04100000,0.74324023,0.23462980,0.67944496
166.83100009,0.00473512,0.00990347,0.04300000,0.75571671,0.25286965,0.67667608
166.93099999,0.00364921,0.01025101,0.04300000,0.72749027,0.24889521,0.66772914
167.03100014,0.00530409,0.00871760,0.04200000,0.70019112,0.23631741,0.68789790
167.13100004,0.00467422,0.00804436,0.04200000,0.70071610,0.23261892,0.70043509
167.23100019,0.00440921,0.00701491,0.04200000,0.69322172,0.24351164,0.69979684
167.33100009,0.00562103,0.00542070,0.04100000,0.69514763,0.23914433,0.68955515
167.43099999,0.00593818,0.00672815,0.04000000,0.69381449,0.23801597,0.67403610
167.53100014,0.00653331,0.00798347,0.04000000,0.72087808,0.23878934,0.65651612
167.63100004,0.00540404,0.00963412,0.04000000,0.72206764,0.25861806,0.64081002
167.73100019,0.00357100,0.00983402,0.04100000,0.73867360,0.25180988,0.60808338
167.83200002,0.00351010,0.00797491,0.04200000,0.71301280,0.24802194,0.59471345
167.93200016,0.00290197,0.00780119,0.04400000,0.72424688,0.25589848,0.59144487
168.03200006,0.00663336,0.01120216,0.04300000,0.77344551,0.27292252,0.56034046
168.13199997,0.00590792,0.01155407,0.04100000,0.74722898,0.26923286,0.58944545
168.23200011,0.00616858,0.01064183,0.04100000,0.74168188,0.26241378,0.63124339
168.33200002,0.00692303,0.00776734,0.04200000,0.77047063,0.24392302,0.62769331
168.43200016,0.00660267,0.00451716,0.04200000,0.79048423,0.22782485,0.66111400
168.53200006,0.00787518,0.00017772,0.04300000,0.75443027,0.22663095,0.67111987
168.63199997,0.00893070,0.00005171,0.04200000,0.74585281,0.22466690,0.66868244
168.73200011,0.00873967,0.00210195,0.04300000,0.78033235,0.23098925,0.67723990
168.83200002,0.00708912,0.00327482,0.04700000,0.76544077,0.22802798,0.67815115
168.93200016,0.00531264,0.00569437,0.04900000,0.68275686,0.22709114,0.71030508
169.03200006,0.00614663,0.00553796,0.04700000,0.66792976,0.23232779,0.72977176
169.13300014,0.00589904,0.00536855,0.04600000,0.69981995,0.22092641,0.72063713
169.23300004,0.00693280,0.00474302,0.04500000,0.73074450,0.20666132,0.71510785
169.33300018,0.00757555,0.00203249,0.04700000,0.71729605,0.20924803,0.71406378
169.43300009,0.00550811,0.00558576,0.04800000,0.69208712,0.20471095,0.72421620
169.53299999,0.00509998,0.00954726,0.05000000,0.68081305,0.22772649,0.71989737
169.63300014,0.00289334,0.00852224,0.05100000,0.66418379,0.24112052,0.74159452
169.73300004,0.00212879,0.00751454,0.05100000,0.65600975,0.22422311,0.74382254
169.83300018,0.00339719,0.00813997,0.04900000,0.64604939,0.23732709,0.73561271
169.93300009,0.00641621,0.01081121,0.04800000,0.68068516,0.23740000,0.71787994
170.03299999,0.00592522,0.00780972,0.04800000,0.63485305,0.22565850,0.72748364
170.13300014,0.00562093,0.00311852,0.04700000,0.68150904,0.20686079,0.68739214
170.23300004,0.00452181,0.00005669,0.04600000,0.67602204,0.19714514,0.69421269
170.33300018,0.00548626,0.00278406,0.04500000,0.68598183,0.18789387,0.70117938
170.43400002,0.00732795,0.00186310,0.04600000,0.71443648,0.18756679,0.72644068
170.53400016,0.00726295,0.00496886,0.04600000,0.70447507,0.19230556,0.73971989
170.63400006,0.00663307,0.00429562,0.04500000,0.69217033,0.18936490,0.77584218
170.73399997,0.00311918,0.00819211,0.04700000,0.63831443,0.19546492,0.79620024
170.83400011,0.00268057,0.01007296,0.04700000,0.63390500,0.20536176,0.82137176
170.93400002,0.00240258,0.01012510,0.04800000,0.67229845,0.21110928,0.86546821
171.03400016,0.00234167,0.00826599,0.04700000,0.65249214,0.20150050,0.87027336
171.13400006,0.00415295,0.00756657,0.04500000,0.65147625,0.20074268,0.89326634
171.23399997,0.00467424,0.00804434,0.04300000,0.65724170,0.21299812,0.86373561
171.33400011,0.00476975,0.00701922,0.04400000,0.64127764,0.19602758,0.83410581
171.43400002,0.00449176,0.00707136,0.04500000,0.63406853,0.20380410,0.82515575
171.53400016,0.00302368,0.00921723,0.04600000,0.60629729,0.22191525,0.81363971
171.63499999,0.00188563,0.00928679,0.04700000,0.64852355,0.22183601,0.80364899
171.73500013,0.00318864,0.00702799,0.04700000,0.65571062,0.20795337,0.80446357
171.83500004,0.00354473,0.00509067,0.04700000,0.65907599,0.20287322,0.79387781
171.93500018,0.00277153,0.00480402,0.04600000,0.66022865,0.20475371,0.79481085
172.03500009,0.00282811,0.00702366,0.04600000,0.65055989,0.20552837,0.80440962
172.13499999,0.00418758,0.00468233,0.04600000,0.66456168,0.20488769,0.81459986
172.23500013,0.00526051,0.00541636,0.04500000,0.63270646,0.21000411,0.83829567
172.33500004,0.00847056,0.00603736,0.04600000,0.68205088,0.21055136,0.83169946
172.43500018,0.00665048,0.00515569,0.04600000,0.67040155,0.20663181,0.82831880
172.53500009,0.00678937,0.00282745,0.04600000,0.66703315,0.20214497,0.82642650
172.63499999,0.00757555,0.00203249,0.04400000,0.71641737,0.19943818,0.84478932
172.73500013,0.00549935,0.00400464,0.04700000,0.67230745,0.19570318,0.82190903
172.83500004,0.00390103,0.00775771,0.04900000,0.67061091,0.21345642,0.84888067
172.93600011,0.00554726,0.00694535,0.05000000,0.68055896,0.19834376,0.84805707
173.03600001,0.00694158,0.00632412,0.05000000,0.66512682,0.20251887,0.85081556
173.13600016,0.00686770,0.00554660,0.04900000,0.64969684,0.20737162,0.89595026
173.23600006,0.00688944,0.00604612,0.04900000,0.62650617,0.21032156,0.92074701
173.33600020,0.00716744,0.00599399,0.04800000,0.66138039,0.21462941,0.89959635
173.43600011,0.00965631,0.00430416,0.04700000,0.63839339,0.20925802,0.91279986
173.53600001,0.00905694,0.00571155,0.04900000,0.64528589,0.20878697,0.90313884
173.63600016,0.00690686,0.00690618,0.05000000,0.62504807,0.20328072,0.87723385
173.73600006,0.00403570,0.00809217,0.05100000,0.62058934,0.20329655,0.87112819
173.83600020,0.00464384,0.00826588,0.05100000,0.62825135,0.21140823,0.86313998
173.93600011,0.00690697,0.00920835,0.05000000,0.63654324,0.20620285,0.85966801
174.03600001,0.00692860,0.00740571,0.04900000,0.63259740,0.19433554,0.83949586
174.13600016,0.00603371,0.00570301,0.04800000,0.62961662,0.19614040,0.82636731
174.23699999,0.00691984,0.00582459,0.04600000,0.65598852,0.19989843,0.83813524
174.33700013,0.00843583,0.00661942,0.04800000,0.68945602,0.19385080,0.87015722
174.43700004,0.00888322,0.00631968,0.04900000,0.69169432,0.19946484,0.89054494
174.53700018,0.00965631,0.00430416,0.04800000,0.69050427,0.18809748,0.89516533
174.63700008,0.00916111,0.00396537,0.04800000,0.70387107,0.18815263,0.87308945
174.73699999,0.00919583,0.00338331,0.04800000,0.68414946,0.18461327,0.85614446
174.83700013,0.00919583,0.00338331,0.04700000,0.68464761,0.19377849,0.85870266
174.93700004,0.00900901,0.00277087,0.04700000,0.67021938,0.19172229,0.87879319
175.03700018,0.00950854,0.00274911,0.04700000,0.69772072,0.19320848,0.87617064
175.13700008,0.00970833,0.00227998,0.04700000,0.74458821,0.19947772,0.87879593
175.23699999,0.00999065,0.00186733,0.04800000,0.72748467,0.19797714,0.84821588
175.33700013,0.01021651,0.00153718,0.04800000,0.74557930,0.19645865,0.81926712
175.43700004,0.01061176,0.00095944,0.04800000,0.77050880,0.19999534,0.80592708
175.53800011,0.01064648,0.00037741,0.04900000,0.74704816,0.19948000,0.82466816
175.63800001,0.00390582,0.01660586,0.05200000,0.68884431,0.23412829,0.82129390
175.73800015,0.00154286,0.01704903,0.05600000,0.70250908,0.23768301,0.80950804
175.83800006,0.00087823,0.01695785,0.05600000,0.71847445,0.24057420,0.81867329
175.93800020,0.00259838,0.01692302,0.05400000,0.72987448,0.23740674,0.80378190
176.03800011,0.00259838,0.01692302,0.05300000,0.73137708,0.24036666,0.81389851
176.13800001,0.00162103,0.01746603,0.05700000,0.72756184,0.23625627,0.81353751
176.23800015,0.00303279,0.01770486,0.05700000,0.75396137,0.23741836,0.79122573
176.33800006,0.00352355,0.01610201,0.05200000,0.75532339,0.23603036,0.80589416
176.43800020,0.00342800,0.01712714,0.05500000,0.74918944,0.24324140,0.83350359
176.53800011,0.00404035,0.01463816,0.05300000,0.74672030,0.24669398,0.80426445
176.63800001,0.00582106,0.00955590,0.05200000,0.77073444,0.23252132,0.79095759
176.73800015,0.00763677,0.01079814,0.05200000,0.74614192,0.23695935,0.80471730
176.83899999,0.00649883,0.01316986,0.04800000,0.76370187,0.25305370,0.79936799
176.93900013,0.00834499,0.01419053,0.04700000,0.75520700,0.24987112,0.79635620
177.03900003,0.00844047,0.01316543,0.04700000,0.74654058,0.25269211,0.80862055
177.13900018,0.00903986,0.01175801,0.04700000,0.73666897,0.23961604,0.80274397
177.23900008,0.01098151,0.01175357,0.04700000,0.78411155,0.23485705,0.81666129
177.33899999,0.01052547,0.01277437,0.04600000,0.78169783,0.24737636,0.79300933
177.43900013,0.01007364,0.01113247,0.04700000,0.74721560,0.23650555,0.77888025
177.53900003,0.01010403,0.01091093,0.04700000,0.72218382,0.23208017,0.76512754
177.63900018,0.00811455,0.01027687,0.05100000,0.72608138,0.23064917,0.76318465
177.73900008,0.00622502,0.01055932,0.05300000,0.73036961,0.23285900,0.79092214
177.83899999,0.00709803,0.00946034,0.05200000,0.73361608,0.23067990,0.77308382
177.93900013,0.00976495,0.00910416,0.05100000,0.73364755,0.22496524,0.75951279
178.04000020,0.01068559,0.00864396,0.05200000,0.72552091,0.22738773,0.74042319
178.14000010,0.01082906,0.01055942,0.05100000,0.70974228,0.22451921,0.74272255
178.24000001,0.01057714,0.01305274,0.05200000,0.66528503,0.24000047,0.71174250
178.34000015,0.00946075,0.01362183,0.05100000,0.65790347,0.22997101,0.73544631
178.44000006,0.00970405,0.01184954,0.04900000,0.65192398,0.21954722,0.74825746
178.54000020,0.00964323,0.00999040,0.04800000,0.65098196,0.21852433,0.75488069
178.64000010,0.01029470,0.00886110,0.04700000,0.64816104,0.21896330,0.73906434
178.74000001,0.01012541,0.01141079,0.04900000,0.64790699,0.21640603,0.73839557
178.84000015,0.00792757,0.01657117,0.05100000,0.63911169,0.23567464,0.77096222
178.94000006,0.00902217,0.01550260,0.05200000,0.64145025,0.23305860,0.78750998
179.04000020,0.01132868,0.01514203,0.05200000,0.63447964,0.23277948,0.79501619
179.14000010,0.01065975,0.01541135,0.05000000,0.62576052,0.22913211,0.79484698
179.24000001,0.01184556,0.01367819,0.04900000,0.64929448,0.22354174,0.79330294
179.34100008,0.01288365,0.01038997,0.04700000,0.64321860,0.20842815,0.77814743
179.44099998,0.01250136,0.00758393,0.04700000,0.64767647,0.20680136,0.73583151
179.54100013,0.01418236,0.00618957,0.04700000,0.70066094,0.19809249,0.70635133
179.64100003,0.01157182,0.00876544,0.04700000,0.65905220,0.20300781,0.72050885
179.74100018,0.01051191,0.00694980,0.04800000,0.65254075,0.20111259,0.71464069
179.84100008,0.01115049,0.00920416,0.04800000,0.65988185,0.20964512,0.73409556
179.94099998,0.00928266,0.00768389,0.04700000,0.63479091,0.21034881,0.73187813
180.04100013,0.01099839,0.00570749,0.04500000,0.66129772,0.20996198,0.71010201
180.14100003,0.01224938,0.00547291,0.04500000,0.68488520,0.21092586,0.67960681
180.24100018,0.01236231,0.00530785,0.04500000,0.66860190,0.21229977,0.69039312
180.34100008,0.01121992,0.00573790,0.04400000,0.69493327,0.21946598,0.69099446
180.44099998,0.01178459,0.00491258,0.04400000,0.71065148,0.22173140,0.72735558
180.54100013,0.01259248,0.00231502,0.04300000,0.67409976,0.21956496,0.72820080
180.64200020,0.01223629,0.00195016,0.04200000,0.71391457,0.22724077,0.72496381
180.74200010,0.01412578,0.00063439,0.04000000,0.69547992,0.23075037,0.72106921
180.84200001,0.01589365,0.00233281,0.04000000,0.74668368,0.22868226,0.70532552
180.94200015,0.01160214,0.00393959,0.04100000,0.73485783,0.23392402,0.71566189
181.04200006,0.01260120,0.00389611,0.04100000,0.71982739,0.22675850,0.73051954
181.14200020,0.01354378,0.00393522,0.04200000,0.70171371,0.23001105,0.71607270
181.24200010,0.01190186,0.00438699,0.04100000,0.67663766,0.22721957,0.73150880
181.34200001,0.01150659,0.00496471,0.04000000,0.70269180,0.22818632,0.75079593
181.44200015,0.01244484,0.00536432,0.03900000,0.71431955,0.23806083,0.73591303
181.54200006,0.01449074,0.00591594,0.04100000,0.74796092,0.23357624,0.73939204
181.64200020,0.01564618,0.00670648,0.04000000,0.69723097,0.23651588,0.73903323
181.74200010,0.01439517,0.00463886,0.04000000,0.65329777,0.24040426,0.73560399
181.84200001,0.01545070,0.00451287,0.03800000,0.72702035,0.24169388,0.72327344
181.94300008,0.01659742,0.00372233,0.03800000,0.73894001,0.23881216,0.71598690
182.04299998,0.01593720,0.00557277,0.03800000,0.72588984,0.23546455,0.71811745
182.14300013,0.01384788,0.00632426,0.03800000,0.68319001,0.23561483,0.70233753
182.24300003,0.01410850,0.00541205,0.03900000,0.68215367,0.22980665,0.71106312
182.34300017,0.01396081,0.00615920,0.03900000,0.66861516,0.23799238,0.70702133
182.44300008,0.01399993,0.00751878,0.03900000,0.67819662,0.24118679,0.71395107
182.54299998,0.01455160,0.00777502,0.04000000,0.70766820,0.23982917,0.75534156
182.64300013,0.01409549,0.00649363,0.04200000,0.67595061,0.23472210,0.79532743
182.74300003,0.01258823,0.00727987,0.04100000,0.64849541,0.22866795,0.82219694
182.84300017,0.01145451,0.00698886,0.03800000,0.64244209,0.23112635,0.83436908
182.94300008,0.00984735,0.00916077,0.03800000,0.64053727,0.22640747,0.83821304
183.04299998,0.01161092,0.01012505,0.03900000,0.66099066,0.23598414,0.84100267
183.14400005,0.01118960,0.01056375,0.03900000,0.63221489,0.23340710,0.86521803
183.24400020,0.01113747,0.01028575,0.03800000,0.59250854,0.22900061,0.89822277
183.34400010,0.01117219,0.00970372,0.03900000,0.59219219,0.23090970,0.89807947
183.44400001,0.01149363,0.00834844,0.03800000,0.57416478,0.21664798,0.87523384
183.54400015,0.01001247,0.01157585,0.04000000,0.55095111,0.22982739,0.84212613
183.64400005,0.00953467,0.01209711,0.04300000,0.58607588,0.22296971,0.85596417
183.74400020,0.01049465,0.01299624,0.04200000,0.57857779,0.22351322,0.84649424
183.84400010,0.01051638,0.01349577,0.04500000,0.62264511,0.22215332,0.86466059
183.94400001,0.00960847,0.01057248,0.04200000,0.63001708,0.21886748,0.90470352
184.04400015,0.00887876,0.01128484,0.04100000,0.60102102,0.22127895,0.90879345
184.14400005,0.01035127,0.01108066,0.04100000,0.62976224,0.22903498,0.89152637
184.24400020,0.01190629,0.00863078,0.04300000,0.67364651,0.20230195,0.91127125
184.34400010,0.01305302,0.00784020,0.04300000,0.70027008,0.20893330,0.88176956
184.44500017,0.01068568,0.00864385,0.04300000,0.68650264,0.20673034,0.86728606
184.54500008,0.01107661,0.00842666,0.04100000,0.72083261,0.20284235,0.87079705
184.64499998,0.01156745,0.00682380,0.04200000,0.71093912,0.20247408,0.87624034
184.74500012,0.01099844,0.00800964,0.04400000,0.73504819,0.20106107,0.87129159
184.84500003,0.00879619,0.00892620,0.04400000,0.74148408,0.19927113,0.87470031
184.94500017,0.00836180,0.00814434,0.04300000,0.72807669,0.19377524,0.91962251
185.04500008,0.00810559,0.01099815,0.04400000,0.73004264,0.19433555,0.88839546
185.14499998,0.00974749,0.01054640,0.04400000,0.75318387,0.20154917,0.85914460
185.24500012,0.01125473,0.00976018,0.04300000,0.73564841,0.20589021,0.85902177
185.34500003,0.01185414,0.00835281,0.04400000,0.77355097,0.21583501,0.86093262
185.44500017,0.01090718,0.00637208,0.04300000,0.71636347,0.22125342,0.85460041
185.54500008,0.00910462,0.01095472,0.04500000,0.70312055,0.22083461,0.84312788
185.64499998,0.00886144,0.01502913,0.04500000,0.70297553,0.23431885,0.83351987
185.74600005,0.00812737,0.01610204,0.04700000,0.68423931,0.24127076,0.81008797
185.84600019,0.00730632,0.01057250,0.04600000,0.70737097,0.22781040,0.78384842
185.94600010,0.00989080,0.01015982,0.04400000,0.70527895,0.21906073,0.77454147
186.04600000,0.01022970,0.01196675,0.04400000,0.70339635,0.23445888,0.77280922
186.14600015,0.01053369,0.00975148,0.04600000,0.67774395,0.21847644,0.77821101
186.24600005,0.01073783,0.00892183,0.04600000,0.70739469,0.21707887,0.76794037
186.34600019,0.01169781,0.00982096,0.04500000,0.73448510,0.21897992,0.76405031
186.44600010,0.01084639,0.00681512,0.04200000,0.74043858,0.22274323,0.78497708
186.54600000,0.01028608,0.00727988,0.04100000,0.70405530,0.21766883,0.80622616
186.64600015,0.01135893,0.00571181,0.04200000,0.75522418,0.21680857,0.85054959
186.74600005,0.00986472,0.00771863,0.04300000,0.69419735,0.21699270,0.85033344
186.84600019,0.00834441,0.00728428,0.04200000,0.68335887,0.20970095,0.86225485
186.94700003,0.00672422,0.00823559,0.04400000,0.66341129,0.21004290,0.86747896
187.04700017,0.00815764,0.00897401,0.04400000,0.64775257,0.20472906,0.82540784
187.14700007,0.00822718,0.01011205,0.04300000,0.66037412,0.20143653,0.83959061
187.24699998,0.00756690,0.00966033,0.04000000,0.65907229,0.20002386,0.85591615
187.34700012,0.00813593,0.00847447,0.04000000,0.62902562,0.20107813,0.87331761
187.44700003,0.00943901,0.00621571,0.04000000,0.62988903,0.19601084,0.86780633
187.54700017,0.00647661,0.00806620,0.04100000,0.62470672,0.20170502,0.89242403
187.64700007,0.00491728,0.01317878,0.04300000,0.57871195,0.22342011,0.90015203
187.74699998,0.00401380,0.01219711,0.04300000,0.60266181,0.22345734,0.90976021
187.84700012,0.00291046,0.01168457,0.04400000,0.60971677,0.22128325,0.92518721
187.94700003,0.00366625,0.00880901,0.04300000,0.60158020,0.20242542,0.90376616
188.04700017,0.00658956,0.00790112,0.04300000,0.58871573,0.21295320,0.84976857
188.14700007,0.00745399,0.00982538,0.04500000,0.56058226,0.21049072,0.84895005
188.24800014,0.00566868,0.00836158,0.04200000,0.54862605,0.21008836,0.86086625
188.34800005,0.00578163,0.00819651,0.04200000,0.58279217,0.20755025,0.84778352
188.44800019,0.00651574,0.00712356,0.04200000,0.59592057,0.20705940,0.83371396
188.54800010,0.00834441,0.00728428,0.04200000,0.58697770,0.20083726,0.82494072
188.64800000,0.00713684,0.00621575,0.04200000,0.57544769,0.19423329,0.82012200
188.74800014,0.00948243,0.00491259,0.04500000,0.62569281,0.20082472,0.82049119
188.84800005,0.00778838,0.00508637,0.04600000,0.57018036,0.19976876,0.80796185
188.94800019,0.00712816,0.00693681,0.04600000,0.55469621,0.20784052,0.82113341
189.04800010,0.00557315,0.00938669,0.04600000,0.55327110,0.21208714,0.83130558
189.14800000,0.00715858,0.00901746,0.04600000,0.55338071,0.21090564,0.82399923
189.24800014,0.00564697,0.00786204,0.04500000,0.58867893,0.21327634,0.80815746
189.34800005,0.00722371,0.00591169,0.04400000,0.63112601,0.21461506,0.82432926
189.44800019,0.00953026,0.00785329,0.04500000,0.67870428,0.21751561,0.78637930
189.54900002,0.00574693,0.01108074,0.04500000,0.63182691,0.22370131,0.76041029
189.64900017,0.00521266,0.01168453,0.04500000,0.60839267,0.22108222,0.74307325
189.74900007,0.00303648,0.01504227,0.04700000,0.62276174,0.21705524,0.73223701
189.84899998,0.00314504,0.01293556,0.04600000,0.61930175,0.21815765,0.71290573
189.94900012,0.00348387,0.01244036,0.04600000,0.62552426,0.21421697,0.70099547
190.04900002,0.00569910,0.00814004,0.04200000,0.63340525,0.20097633,0.69456730
190.14900017,0.00573384,0.00755798,0.04200000,0.63100023,0.21349940,0.69564247
190.24900007,0.00760163,0.00677608,0.04300000,0.61702064,0.21502965,0.70616672
190.34899998,0.00973872,0.00666313,0.04300000,0.63990078,0.21217871,0.70746653
190.44900012,0.00779271,0.00472586,0.04200000,0.61512058,0.21588373,0.68636047
190.54900002,0.00859631,0.00479098,0.04200000,0.58930331,0.22213216,0.71057409
190.64900017,0.00867450,0.00520798,0.04000000,0.59933443,0.22192356,0.68355322
190.75000000,0.00827927,0.00808787,0.03900000,0.60843697,0.22346131,0.66299190
190.85000014,0.00676331,0.00959519,0.03700000,0.58162099,0.21911262,0.66122578
190.95000005,0.00717597,0.00987752,0.03900000,0.58140511,0.21614441,0.68672724
191.05000019,0.00724547,0.00871339,0.04000000,0.56207555,0.21911829,0.72878487
191.15000010,0.00731929,0.00718874,0.03900000,0.55651316,0.21334554,0.74024760
191.25000000,0.00679370,0.00707147,0.03900000,0.55293855,0.21382099,0.74926268
191.35000014,0.00992553,0.00727557,0.03900000,0.59181556,0.21103335,0.75473899
191.45000005,0.01006019,0.00761004,0.03900000,0.57352375,0.20846345,0.76975971
191.55000019,0.00702832,0.01062463,0.03900000,0.53700487,0.20273122,0.77522891
191.65000010,0.00762777,0.01151943,0.04000000,0.55050851,0.19437712,0.78341751
191.75000000,0.00842265,0.01230564,0.04300000,0.53854647,0.21817376,0.78808678
191.85000014,0.00976488,0.01140645,0.04100000,0.57991553,0.20468931,0.78824779
191.95000005,0.01021665,0.01304837,0.04100000,0.61871892,0.22468212,0.81738787
192.05100012,0.00685893,0.01317441,0.04000000,0.58282089,0.22143313,0.81644685
192.15100002,0.00512141,0.01004695,0.03900000,0.58965426,0.20321185,0.81556962
192.25100017,0.00833144,0.01066804,0.03900000,0.57951468,0.20142927,0.80695617
192.35100007,0.00821416,0.01119364,0.03900000,0.56757051,0.20385892,0.81729921
192.45099998,0.01118093,0.01128481,0.04000000,0.61542373,0.19788006,0.79390518
192.55100012,0.00906117,0.00995566,0.03900000,0.56640146,0.20075523,0.81375183
192.65100002,0.01059013,0.00966897,0.04100000,0.61277843,0.20453090,0.81472713
192.75100017,0.00793614,0.01124578,0.04200000,0.59236685,0.20766828,0.83900614
192.85100007,0.00792749,0.01196682,0.04300000,0.55262801,0.21232097,0.82269388
192.95099998,0.00630726,0.01061595,0.04000000,0.56076412,0.20781871,0.82374611
193.05100012,0.00789705,0.00988618,0.04000000,0.55842535,0.21963864,0.85324786
193.15100002,0.00983869,0.00988181,0.04300000,0.54284171,0.21693789,0.84613019
193.25100017,0.00919581,0.01029015,0.04100000,0.56137780,0.21018465,0.86960242
193.35200000,0.01052067,0.01083307,0.04100000,0.63497397,0.20869818,0.83007708
193.45200014,0.00798830,0.01152376,0.03900000,0.60577351,0.21525368,0.84166427
193.55200005,0.00774070,0.01135436,0.04000000,0.57750555,0.21180027,0.84518566
193.65200019,0.00842706,0.01424727,0.04200000,0.57575640,0.22656838,0.84249452
193.75200009,0.00735412,0.01351321,0.04000000,0.58003684,0.23083051,0.86223992
193.85200000,0.00759303,0.01440367,0.04300000,0.59323635,0.22645870,0.87117601
193.95200014,0.00820309,0.01227393,0.04000000,0.60271936,0.21609080,0.84048164
194.05200005,0.00819677,0.01033358,0.03800000,0.59693940,0.21731554,0.80472997
194.15200019,0.00858771,0.01011639,0.03800000,0.61274471,0.21666519,0.81032289
194.25200009,0.00833144,0.01066804,0.03800000,0.62150858,0.21571350,0.81147662
194.35200000,0.00987779,0.01124141,0.03800000,0.63633249,0.21873298,0.83407292
194.45200014,0.00881359,0.01208845,0.03800000,0.62889744,0.22006784,0.82263185
194.55299997,0.01062205,0.00944575,0.03800000,0.67972154,0.21792614,0.83118587
194.65300012,0.01064228,0.00994695,0.03800000,0.66596489,0.21407386,0.83616120
194.75300002,0.01105924,0.00756658,0.03900000,0.66146068,0.22127301,0.85800753
194.85300016,0.01096370,0.00859170,0.04000000,0.67741112,0.22445370,0.86012938
194.95300007,0.00951903,0.01123557,0.04000000,0.65588968,0.22146785,0.85712717
195.05299997,0.00853559,0.01214058,0.04100000,0.63900535,0.21976514,0.87829860
195.15300012,0.00853325,0.01249975,0.03800000,0.65142098,0.21680401,0.87586402
195.25300002,0.00765383,0.01165842,0.03700000,0.64633555,0.22548693,0.87192393
195.35300016,0.00798826,0.00922159,0.03700000,0.67513780,0.22510063,0.86113320
195.45300007,0.00802300,0.00863953,0.03700000,0.68049899,0.22121135,0.85667681
195.55299997,0.00710217,0.01140215,0.03900000,0.64806678,0.22788164,0.86405927
195.65300012,0.00673057,0.01247836,0.04100000,0.62584732,0.22856608,0.87858126
195.75300002,0.00434586,0.01242230,0.04200000,0.62841615,0.21961957,0.88090539
195.85400009,0.00719338,0.01073756,0.04200000,0.63580305,0.22261595,0.86911446
195.95400000,0.00751483,0.01168449,0.04000000,0.65013068,0.22159046,0.86089238
196.05400014,0.00927143,0.01106619,0.04100000,0.66075193,0.22787467,0.86021528
196.15400004,0.01063529,0.01066633,0.04100000,0.67806744,0.21818586,0.84785360
196.25400019,0.01023113,0.00966302,0.03900000,0.71097965,0.21150030,0.87639951
196.35400009,0.01215099,0.00915879,0.03700000,0.74706265,0.20426258,0.85513435
196.45400000,0.01228420,0.00949517,0.03800000,0.74120639,0.20608626,0.88272956
196.55400014,0.00938394,0.00859893,0.03800000,0.70312864,0.20002960,0.85766309
196.65400004,0.01017430,0.00744337,0.03800000,0.73070810,0.20550007,0.84655346
196.75400019,0.00821416,0.01119364,0.04200000,0.75430338,0.21252424,0.85073112
196.85400009,0.00800761,0.01238257,0.04200000,0.74838335,0.20605770,0.82379277
196.95400000,0.00788614,0.01326871,0.04400000,0.72350987,0.21744977,0.85008658
197.05400014,0.00906988,0.01153678,0.04100000,0.74861277,0.20274038,0.87185346
197.15499997,0.00840282,0.01180477,0.04300000,0.77144490,0.20503157,0.87605235
197.25500011,0.00899344,0.01111836,0.04000000,0.78290020,0.19952868,0.85930692
197.35500002,0.01159499,0.00926316,0.04300000,0.82381332,0.19542692,0.85887399
197.45500016,0.00951475,0.01159610,0.03900000,0.74932126,0.19904142,0.87829329
197.55500007,0.00863760,0.01305572,0.04100000,0.75379096,0.20908517,0.86435675
197.65499997,0.00661769,0.01264342,0.04000000,0.75383324,0.19567614,0.87891838
197.75500011,0.00727374,0.01345558,0.03800000,0.76205746,0.21932487,0.88173754
197.85500002,0.00710866,0.01334268,0.03800000,0.76787479,0.22138937,0.86912131
197.95500016,0.00778180,0.01271274,0.04000000,0.77379435,0.19796441,0.84773571
198.05500007,0.00994926,0.01237790,0.04000000,0.75862129,0.19831187,0.83986044
198.15499997,0.00917993,0.00942862,0.04000000,0.74997548,0.19866294,0.81876180
198.25500011,0.00962300,0.00948936,0.03900000,0.74599348,0.20047012,0.80171991
198.35600019,0.00929284,0.00926354,0.04000000,0.71442984,0.19009620,0.80670244
198.45600009,0.00858930,0.01011503,0.03900000,0.69850919,0.19230410,0.81265803
198.55599999,0.01095259,0.01197376,0.04000000,0.72674635,0.20088828,0.80311898
198.65600014,0.01232929,0.01049231,0.04300000,0.73137877,0.19474878,0.80385441
198.75600004,0.01194698,0.00998848,0.04500000,0.75371017,0.19231992,0.80907501
198.85600019,0.01016654,0.01276877,0.04300000,0.70263084,0.21118528,0.79280201
198.95600009,0.00817700,0.01213494,0.04400000,0.71331971,0.20038747,0.79414577
199.05599999,0.00822877,0.01011075,0.04200000,0.72907255,0.19793083,0.78674311
199.15600014,0.01116090,0.01078352,0.04200000,0.76848439,0.19897575,0.80462602
199.25600004,0.01129559,0.01111799,0.04200000,0.75853176,0.20080308,0.77922365
199.35600019,0.01225531,0.00971480,0.04300000,0.74879375,0.20524347,0.75636810
199.45600009,0.01073924,0.00892013,0.04100000,0.77748943,0.21003261,0.76004693
199.55599999,0.00633542,0.01305613,0.04400000,0.70326368,0.21878374,0.78525028
199.65700006,0.00627469,0.01349920,0.04400000,0.68848420,0.21707723,0.77684099
199.75699997,0.00533637,0.01309974,0.04500000,0.70571829,0.21420706,0.81092944
199.85700011,0.00578330,0.01049778,0.04400000,0.72976014,0.19710255,0.80649778
199.95700002,0.00537060,0.01021551,0.04400000,0.74448493,0.19993302,0.81865181
200.05700016,0.00840668,0.00914209,0.04300000,0.76948805,0.20679539,0.80879511
200.15700006,0.00756377,0.00771748,0.04500000,0.76777367,0.20768016,0.78620720
200.25699997,0.00829379,0.00930715,0.04400000,0.75332267,0.20657607,0.81326358
200.35700011,0.00987062,0.00965872,0.04300000,0.77130913,0.20874232,0.80728776
200.45700002,0.00976665,0.01140493,0.04200000,0.76691275,0.22195078,0.78827005
200.55700016,0.01093467,0.00881153,0.04100000,0.84112965,0.22204615,0.75451911
200.65700006,0.00909229,0.00512837,0.04000000,0.79914922,0.21727394,0.79585755
200.75699997,0.00601262,0.00520273,0.04100000,0.79460073,0.21619181,0.79030430
200.85700011,0.00684699,0.00734839,0.04500000,0.79291597,0.21892354,0.76934978
200.95800018,0.00615242,0.00978099,0.04400000,0.79550110,0.22591951,0.75991578
201.05800009,0.00734261,0.00998930,0.04300000,0.79517781,0.22677234,0.76425660
201.15799999,0.00813765,0.01077537,0.04200000,0.77941169,0.23313045,0.77430121
201.25800014,0.00927919,0.00574078,0.04100000,0.79181775,0.22169988,0.76231702
201.35800004,0.00913123,0.00418576,0.04000000,0.78509610,0.21821837,0.78115279
201.45800018,0.00933993,0.00529771,0.04000000,0.81042984,0.22334328,0.77307772
201.55800009,0.00681702,0.00987209,0.04100000,0.81020341,0.22744594,0.78278871
201.65799999,0.00693459,0.01164867,0.04200000,0.83070782,0.24490910,0.78900785
201.75800014,0.00475817,0.01040240,0.04200000,0.82679647,0.23727298,0.79299866
201.85800004,0.00654759,0.00920321,0.04100000,0.83333384,0.23105883,0.80317514
201.95800018,0.00624780,0.00875586,0.04400000,0.82550610,0.23536232,0.80861547
202.05800009,0.00797259,0.01066245,0.04200000,0.80759216,0.24162154,0.79992264
202.15900016,0.00808510,0.00819520,0.04100000,0.80567629,0.24499431,0.81133834
202.25900006,0.00861069,0.00831240,0.04000000,0.81231391,0.24627597,0.79546239
202.35899997,0.00935745,0.00615777,0.04000000,0.79822589,0.24727450,0.82339169
202.45900011,0.00946568,0.00405104,0.04000000,0.79084519,0.24638966,0.81655433
202.55900002,0.01020426,0.00491966,0.04000000,0.80252046,0.24703214,0.84753587
202.65900016,0.01193761,0.00610519,0.03700000,0.80850140,0.25261555,0.83385486
202.75900006,0.00973979,0.00666157,0.03800000,0.81078683,0.24934628,0.84029115
202.85899997,0.00863249,0.00881193,0.03700000,0.72028156,0.25096209,0.83071313
202.95900011,0.00774209,0.00905097,0.03800000,0.69852510,0.24650191,0.82307234
203.05900002,0.00858930,0.01011503,0.04200000,0.65197856,0.26253018,0.82905284
203.15900016,0.00887157,0.00970233,0.04100000,0.64068757,0.24696010,0.81257688
203.25900006,0.00906702,0.00959370,0.04200000,0.63710053,0.24473716,0.80870749
203.35899997,0.00863249,0.00881193,0.04100000,0.65062802,0.25030690,0.78547294
203.46000004,0.00878473,0.01000642,0.04000000,0.61306608,0.26890297,0.77336305
203.56000018,0.00672552,0.00823453,0.04300000,0.64527174,0.24527878,0.81100622
203.66000009,0.00661729,0.01034125,0.04500000,0.61874182,0.25551688,0.80742303
203.75999999,0.00683455,0.01073215,0.04600000,0.62066193,0.26184401,0.78209407
203.86000013,0.00742129,0.01270844,0.04500000,0.61681075,0.26909114,0.77776394
203.96000004,0.00689528,0.01028908,0.04400000,0.62415153,0.26045992,0.79856035
204.06000018,0.00706462,0.01004147,0.04400000,0.59712081,0.24813210,0.81853748
204.16000009,0.00749485,0.01118380,0.04200000,0.59346119,0.25624027,0.83872831
204.25999999,0.00883690,0.01028441,0.04300000,0.62062542,0.24800552,0.85603794
204.36000013,0.00969270,0.01062740,0.04400000,0.66448367,0.25420423,0.88634114
204.46000004,0.00877619,0.01072746,0.04300000,0.62499382,0.25861845,0.87147171
204.56000018,0.00891048,0.00875975,0.04100000,0.62674682,0.24468716,0.87496767
204.66000009,0.00907558,0.00887264,0.04100000,0.67430299,0.24640748,0.86180837
204.76100016,0.00630852,0.00831280,0.04200000,0.59642050,0.24145029,0.88175753
204.86100006,0.00588727,0.00875157,0.04300000,0.62013555,0.24116495,0.86923596
204.96100020,0.00716859,0.00829526,0.04200000,0.60858163,0.24621523,0.85704723
205.06100011,0.00659080,0.00790008,0.04100000,0.60482205,0.24981172,0.84842886
205.16100001,0.00656900,0.00740056,0.04100000,0.59408571,0.24643735,0.85316592
205.26100016,0.00689018,0.00604528,0.04300000,0.56829232,0.24431189,0.87452018
205.36100006,0.00828610,0.00772467,0.04100000,0.56070989,0.23928664,0.87231105
205.46100020,0.00773741,0.00710933,0.04100000,0.57641679,0.23546420,0.85842859
205.56100011,0.00731574,0.00524594,0.04000000,0.55858739,0.23162238,0.83355366
205.66100001,0.00901364,0.00240919,0.04000000,0.60767745,0.23467055,0.80506691
205.76100016,0.01009135,0.00508474,0.03900000,0.61768019,0.24372076,0.81288565
205.86100006,0.00851063,0.00739589,0.04000000,0.56142775,0.26188662,0.82108109
205.96200013,0.00779580,0.00932767,0.04200000,0.57003904,0.25928850,0.80212496
206.06200004,0.00829767,0.00664445,0.04300000,0.58457534,0.26486065,0.80813037
206.16200018,0.00841914,0.00575831,0.04500000,0.59364896,0.26171322,0.81916594
206.26200008,0.00516581,0.00644084,0.04400000,0.58666587,0.26788856,0.80694202
206.36199999,0.00263394,0.00943411,0.04400000,0.57418160,0.27261129,0.80573169
206.46200013,0.00302638,0.00921635,0.04200000,0.55596190,0.27312647,0.81154717
206.56200004,0.00398740,0.01241735,0.04100000,0.57784294,0.28821393,0.80206820
206.66200018,0.00438013,0.00953805,0.04200000,0.53704809,0.27415892,0.78219313
206.76200008,0.00471418,0.00710116,0.04300000,0.56283405,0.26849602,0.78653394
206.86199999,0.00438401,0.00687535,0.04300000,0.57596895,0.26740846,0.76726817
206.96200013,0.00563068,0.00700110,0.04300000,0.56952214,0.26138363,0.77462526
207.06200004,0.00458560,0.00870760,0.03900000,0.55359832,0.26019025,0.75513332
207.16200018,0.00815133,0.00739025,0.03800000,0.56640904,0.25848022,0.72976539
207.26300001,0.00737805,0.00710383,0.03800000,0.55274447,0.25847957,0.73953146
207.36300015,0.00762149,0.00763366,0.03800000,0.55070379,0.25939088,0.73398141
207.46300006,0.00985269,0.00649649,0.03900000,0.59088384,0.25234130,0.70048240
207.56300020,0.00621743,0.00897739,0.03800000,0.53311922,0.25286710,0.71099543
207.66300011,0.00649691,0.00892413,0.04000000,0.53958989,0.25314462,0.71033795
207.76300001,0.00727017,0.00921057,0.03900000,0.53087908,0.25285085,0.73808901
207.86300015,0.00718762,0.00915413,0.03900000,0.53746711,0.25107714,0.75033180
207.96300006,0.00640170,0.00994928,0.04200000,0.53525168,0.25794162,0.77800514
208.06300020,0.00640432,0.00958982,0.04000000,0.55957676,0.25417569,0.74580014
208.16300011,0.00807653,0.00891625,0.04000000,0.57632242,0.24006824,0.76394341
208.26300001,0.00813024,0.00919289,0.04000000,0.57381952,0.23442106,0.76163371
208.36300015,0.00971978,0.00846262,0.04100000,0.63760518,0.22878560,0.74992862
208.46399999,0.00906782,0.00729004,0.03900000,0.63405242,0.23173613,0.75693734
208.56400013,0.00971057,0.00688149,0.03900000,0.65880476,0.22780691,0.74867379
208.66400003,0.01025643,0.00519765,0.03800000,0.69634768,0.22849750,0.76553476
208.76400018,0.01028680,0.00497611,0.03800000,0.71288701,0.23216988,0.76072233
208.86400008,0.00770404,0.00769010,0.03900000,0.63125372,0.23165908,0.74995959
208.96399999,0.00715729,0.00937567,0.03800000,0.61939234,0.22040032,0.76867541
209.06400013,0.00463780,0.00898559,0.03900000,0.62214745,0.22396413,0.76358290
209.16400003,0.00556697,0.00780377,0.04100000,0.59195421,0.21467629,0.77788467
209.26400018,0.00528768,0.00785687,0.04100000,0.59917516,0.21758875,0.77161851
209.36400008,0.00659080,0.00790008,0.04200000,0.61087120,0.21364844,0.77583676
209.46399999,0.00660979,0.00875903,0.04200000,0.60322717,0.22026685,0.80185285
209.56400013,0.00561576,0.01074445,0.04400000,0.60848936,0.22260227,0.79164670
209.66400003,0.00522487,0.01096178,0.04400000,0.60911841,0.23245236,0.81198140
209.76500010,0.00415175,0.01022805,0.04700000,0.64386282,0.21629206,0.84850544
209.86500001,0.00797259,0.01066245,0.04700000,0.67140632,0.22239525,0.85069412
209.96500015,0.00813947,0.01077400,0.04700000,0.65685721,0.22725743,0.86141117
210.06500006,0.00729287,0.01201225,0.04600000,0.66362331,0.24826687,0.87232511
210.16500020,0.00811586,0.01027583,0.04700000,0.68382870,0.24084415,0.88053598
210.26500010,0.00894650,0.00817620,0.04600000,0.70467992,0.23576507,0.88321111
210.36500001,0.00989754,0.00749391,0.04700000,0.69846028,0.23802355,0.89818639
210.46500015,0.01099260,0.00872713,0.04900000,0.72291864,0.23817939,0.88662490
210.56500006,0.01177854,0.00793196,0.05000000,0.71134011,0.23664010,0.90895316
210.66500020,0.01073228,0.00963940,0.04800000,0.73162726,0.23573566,0.88020865
210.76500010,0.00678412,0.01045303,0.04800000,0.69094502,0.23109719,0.90720792
210.86500001,0.00681867,0.00987095,0.04900000,0.71871448,0.23236195,0.86975619
210.96500015,0.00840479,0.01180337,0.04900000,0.74370318,0.24429812,0.83630417
211.06599998,0.00923250,0.01200878,0.04900000,0.75447643,0.24206538,0.82171453
211.16600013,0.00828268,0.01038736,0.04900000,0.71759762,0.23000966,0.82538771
211.26600003,0.01040709,0.01135528,0.04800000,0.74746907,0.24719786,0.82220465
211.36600018,0.01139266,0.01009095,0.04800000,0.77172335,0.22762111,0.82132492
211.46600008,0.01181386,0.00965209,0.04900000,0.75868063,0.23305244,0.83058915
211.56599998,0.00941993,0.00801530,0.04600000,0.72391366,0.23403093,0.83829295
211.66600013,0.00694922,0.01056591,0.04900000,0.70635420,0.23897066,0.85375753
211.76600003,0.00909895,0.00937065,0.04600000,0.70119572,0.23949772,0.86576058
211.86600018,0.00766184,0.01129541,0.04800000,0.68056821,0.24795863,0.87085704
211.96600008,0.01109861,0.01388744,0.04500000,0.75289346,0.25024061,0.85310981
212.06599998,0.00904752,0.01139484,0.04600000,0.74975318,0.25443029,0.83915378
212.16600013,0.00901640,0.00931421,0.04600000,0.76515709,0.24008107,0.86872951
212.26700020,0.00960692,0.00862770,0.04500000,0.79260597,0.23924737,0.83803202
212.36700010,0.00916383,0.00856704,0.04600000,0.79386004,0.23356619,0.82158135
212.46700001,0.01223006,0.00727156,0.04600000,0.85616499,0.23660786,0.82894797
212.56700015,0.01184419,0.00943055,0.04600000,0.85717711,0.23124087,0.81708028
212.66700006,0.01052763,0.00816695,0.04500000,0.87072810,0.22107233,0.82084310
212.76700020,0.01145678,0.00698514,0.04500000,0.86164902,0.22138027,0.81343499
212.86700010,0.01093115,0.00686804,0.04500000,0.85478962,0.21761359,0.79346419
212.96700001,0.01093959,0.00614698,0.04700000,0.87088812,0.21805180,0.77294428
213.06700015,0.00735616,0.00660431,0.04500000,0.83136923,0.21415472,0.76052284
213.16700006,0.00737805,0.00710383,0.04500000,0.81863856,0.21303234,0.72779940
213.26700020,0.00763416,0.00655207,0.04500000,0.81465144,0.20965940,0.71939311
213.36700010,0.00748172,0.00535760,0.04500000,0.79312047,0.21421893,0.72332087
213.46700001,0.00952701,0.00360638,0.04400000,0.80642358,0.20120425,0.69316589
213.56800008,0.00737807,0.00710381,0.04500000,0.82285161,0.19751241,0.69262656
213.66799998,0.00591563,0.01119175,0.04700000,0.81833209,0.20758823,0.67917240
213.76800013,0.00761384,0.01065690,0.04500000,0.81590165,0.20799274,0.70404079
213.86800003,0.00595015,0.01060970,0.04800000,0.78754067,0.21114418,0.67041864
213.96800017,0.00506402,0.01048836,0.04600000,0.78359006,0.20754283,0.69054056
214.06800008,0.00414107,0.00864763,0.04700000,0.79213931,0.20559841,0.70196287
214.16799998,0.00551053,0.00788632,0.04600000,0.79344057,0.19995299,0.72663005
214.26800013,0.00656179,0.00812052,0.04600000,0.80899900,0.19651598,0.75168112
214.36800003,0.00865509,0.00700781,0.04500000,0.80006787,0.19570461,0.73495541
214.46800017,0.00890696,0.00681660,0.04700000,0.80780189,0.20091078,0.72844397
214.56800008,0.00834678,0.00728157,0.04400000,0.81576797,0.20012892,0.70450866
214.66799998,0.00821201,0.00694715,0.04400000,0.83559146,0.19330665,0.68896330
214.76800013,0.00645392,0.01022726,0.04700000,0.82707797,0.19460628,0.71725436
214.86900020,0.00632835,0.01147397,0.04900000,0.82142517,0.20305965,0.72715971
214.96900010,0.00680257,0.01361525,0.04900000,0.82354541,0.20425004,0.74097032
215.06900001,0.00740231,0.01450985,0.04800000,0.82814419,0.19730312,0.74609824
215.16900015,0.00812759,0.01415776,0.04900000,0.80079126,0.19517368,0.73395408
215.26900005,0.00799626,0.01116064,0.04800000,0.81521339,0.18769156,0.71220051
215.36900020,0.00670579,0.01003605,0.04700000,0.82186631,0.17229557,0.73639835
215.46900010,0.00743605,0.01162562,0.04800000,0.82651416,0.18896339,0.75042442
215.56900001,0.00700222,0.01314606,0.04900000,0.80819980,0.18138743,0.75063215
215.66900015,0.00387455,0.01258244,0.05000000,0.79476165,0.18190174,0.74360987
215.76900005,0.00546410,0.01185215,0.04700000,0.78762797,0.18046866,0.74003705
215.86900020,0.00568987,0.01152195,0.04700000,0.80252654,0.18323607,0.74382588
215.96900010,0.00572020,0.01130041,0.04700000,0.78466671,0.19145811,0.73810202
216.07000017,0.00798360,0.01224223,0.04700000,0.76610395,0.19454792,0.75438284
216.17000008,0.00605383,0.00886347,0.04500000,0.74615874,0.17456306,0.76333820
216.26999998,0.00633603,0.00845072,0.04600000,0.73800044,0.17043856,0.79649413
216.37000012,0.00839556,0.01022226,0.04600000,0.75141642,0.17277305,0.79957958
216.47000003,0.00840822,0.00914067,0.04600000,0.76788005,0.17034902,0.79941901
216.57000017,0.01069193,0.00597768,0.04500000,0.81073388,0.17608382,0.80411166
216.67000008,0.00806880,0.00733379,0.04500000,0.73986114,0.18631514,0.79658983
216.76999998,0.00710931,0.00873714,0.04600000,0.76649779,0.17447054,0.80793104
216.87000012,0.00426885,0.00970242,0.04600000,0.78141259,0.17057363,0.79774714
216.97000003,0.00620627,0.01005794,0.04500000,0.79966693,0.17611920,0.81480425
217.07000017,0.00696188,0.00948431,0.04300000,0.80049121,0.17537810,0.80895295
217.17000008,0.00743951,0.00896290,0.04300000,0.76530689,0.18153286,0.79172714
217.26999998,0.00860363,0.00903203,0.04500000,0.74691919,0.17310898,0.76081127
217.37100005,0.00858176,0.00853249,0.04500000,0.76847770,0.17451641,0.73972364
217.47100019,0.00855487,0.00609132,0.04400000,0.80992748,0.17645908,0.74509375
217.57100010,0.01052683,0.00586480,0.04300000,0.84921840,0.17580228,0.76376107
217.67100000,0.01034062,0.00755457,0.04200000,0.83229660,0.17651297,0.76569656
217.77100015,0.00903749,0.00751158,0.04100000,0.76796538,0.17711300,0.75247230
217.87100005,0.01198241,0.00710224,0.04100000,0.82460247,0.18158117,0.71812609
217.97100019,0.00926750,0.00682081,0.04000000,0.75703507,0.17227963,0.69323490
218.07100010,0.00750938,0.01010095,0.04200000,0.74109635,0.18343692,0.68834895
218.17100000,0.00685820,0.01123054,0.04300000,0.74755399,0.18564874,0.70856756
218.27100015,0.00702333,0.01134341,0.04300000,0.75081702,0.19039438,0.70248112
218.37100005,0.01179199,0.00915254,0.04400000,0.77284947,0.19798273,0.72696803
218.47100019,0.01201353,0.00918287,0.04400000,0.77053336,0.19776880,0.71710187
218.57200003,0.01213141,0.01095942,0.04300000,0.77392430,0.19597409,0.71031246
218.67200017,0.01039865,0.01207634,0.04500000,0.76795475,0.19463824,0.73963686
218.77200007,0.01053339,0.01241079,0.04500000,0.78874928,0.19422518,0.75621856
218.87199998,0.00676302,0.01225568,0.04300000,0.71607768,0.20357506,0.76247368
218.97200012,0.00653725,0.01258588,0.04300000,0.70342883,0.19883188,0.78323642
219.07200003,0.00749680,0.01118249,0.04100000,0.71125253,0.19664574,0.78333410
219.17200017,0.00770984,0.01193392,0.04100000,0.69550584,0.19668179,0.76898080
219.27200007,0.00968601,0.01134686,0.04300000,0.72197339,0.19962324,0.76910589
219.37199998,0.01160076,0.00890070,0.04500000,0.77263286,0.20124281,0.74214889
219.47200012,0.01064551,0.00994349,0.04300000,0.76524154,0.20226096,0.72655806
219.57200003,0.00800971,0.01238122,0.04500000,0.73343636,0.20669142,0.73049297
219.67200017,0.00704100,0.01220346,0.04600000,0.71910366,0.20734740,0.72984579
219.77200007,0.00791871,0.01304584,0.04700000,0.73321455,0.20643251,0.75720220
219.87300014,0.00817556,0.01479629,0.04700000,0.71919992,0.23092807,0.73653680
219.97300005,0.00802813,0.01554346,0.04700000,0.69809643,0.23922404,0.71191727
220.07300019,0.00823125,0.01241155,0.04700000,0.70823227,0.22066384,0.69196184
220.17300010,0.00864321,0.01039158,0.04800000,0.69362744,0.22008977,0.67125580
220.27300000,0.00585575,0.01393701,0.04800000,0.71525605,0.23054000,0.68079124
220.37300014,0.00518269,0.01456708,0.05000000,0.72503541,0.23583549,0.69637061
220.47300005,0.00808379,0.01315874,0.04600000,0.72824034,0.21969321,0.70587332
220.57300019,0.00790258,0.01679015,0.04700000,0.68305442,0.23418199,0.72670810
220.67300010,0.00560041,0.01679093,0.04800000,0.66264127,0.22657964,0.72731792
220.77300000,0.00727674,0.01575656,0.04800000,0.67116943,0.23027209,0.75327422
220.87300014,0.00735088,0.01653404,0.04800000,0.66207072,0.23843986,0.77372441
220.97300005,0.00877111,0.01605141,0.04400000,0.64950750,0.23179149,0.77238122
221.07300019,0.00966493,0.01314949,0.04400000,0.67105757,0.22294631,0.75914921
221.17400002,0.00806190,0.01265922,0.04400000,0.69567541,0.21697889,0.74028784
221.27400017,0.00780581,0.01321096,0.04300000,0.68438624,0.22638241,0.73383726
221.37400007,0.00881754,0.01208557,0.04300000,0.70569048,0.21963243,0.71528032
221.47399998,0.00889171,0.01286303,0.04300000,0.70995768,0.21227357,0.68971576
221.57400012,0.01270004,0.00977339,0.04400000,0.73029141,0.21804377,0.68005619
221.67400002,0.00947713,0.01023494,0.04200000,0.66947968,0.21720020,0.69369528
221.77400017,0.00965145,0.01192893,0.04300000,0.65649893,0.22444832,0.68441632
221.87400007,0.00975592,0.01248487,0.04300000,0.67208474,0.22830160,0.67348900
221.97399998,0.01014756,0.01456973,0.04300000,0.70235904,0.22564176,0.65176456
222.07400012,0.01006423,0.01221111,0.04300000,0.68872815,0.22330811,0.63787186
222.17400002,0.01055452,0.01060811,0.04300000,0.66570773,0.22016470,0.63852458
222.27400017,0.01109780,0.01158529,0.04300000,0.63486771,0.21311090,0.64037383
222.37500000,0.01104558,0.01130731,0.04200000,0.62202628,0.21690263,0.68006144
222.47500014,0.01058485,0.01038657,0.04300000,0.64610402,0.21622194,0.68651119
222.57500005,0.01211300,0.00779713,0.04200000,0.67245873,0.21383174,0.70655312
222.67500019,0.01235217,0.00868757,0.04200000,0.66700642,0.21625362,0.71345539
222.77500010,0.01187110,0.01187169,0.04200000,0.69094450,0.21273116,0.72274599
222.87500000,0.00940380,0.01175961,0.04200000,0.63732374,0.21753823,0.68384397
222.97500014,0.00908286,0.01311494,0.04300000,0.64840375,0.22063265,0.70585177
223.07500005,0.00957315,0.01151194,0.04200000,0.63483608,0.22006654,0.71809900
223.17500019,0.00970792,0.01184636,0.04200000,0.61018328,0.21837735,0.74522775
223.27500010,0.01136736,0.01225411,0.04200000,0.64379997,0.22370200,0.77328419
223.37500000,0.01203962,0.00932189,0.04100000,0.63884912,0.22103010,0.78932211
223.47500014,0.01257447,0.01102010,0.04200000,0.63205690,0.22399871,0.76959314
223.57500005,0.01116614,0.00811895,0.04000000,0.57810305,0.21369773,0.77205554
223.67600012,0.01130095,0.00845331,0.04000000,0.61140240,0.21576210,0.76483601
223.77600002,0.00840557,0.01410554,0.04400000,0.59754150,0.24241729,0.76127292
223.87600017,0.00742921,0.01695101,0.04400000,0.61168505,0.23789898,0.74187711
223.97600007,0.00805924,0.01762409,0.04400000,0.64538568,0.23163258,0.75392826
224.07599998,0.00885707,0.01344516,0.04600000,0.64143016,0.23674802,0.75039926
224.17600012,0.00877798,0.01072600,0.04600000,0.63615924,0.22279239,0.79274628
224.27600002,0.01007689,0.01112952,0.04400000,0.60523074,0.22070890,0.79914703
224.37600017,0.01027232,0.01102086,0.04400000,0.62298452,0.21831390,0.78367369
224.47600007,0.01138002,0.01117251,0.04500000,0.61013472,0.21858851,0.81618010
224.57599998,0.00982077,0.01168128,0.04300000,0.58076810,0.22314566,0.81139268
224.67600012,0.01034562,0.00949621,0.04200000,0.58039968,0.21323702,0.83288211
224.77600002,0.01185771,0.01065104,0.04800000,0.58476778,0.21824910,0.81984717
224.87700009,0.01090661,0.01133339,0.04900000,0.60202646,0.22327597,0.79704807
224.97700000,0.01083250,0.01055589,0.04700000,0.56978422,0.21744585,0.81131976
225.07700014,0.00839556,0.01022226,0.04800000,0.55625662,0.21456219,0.82775256
225.17700005,0.00830455,0.01088690,0.04700000,0.55624917,0.21340889,0.82401965
225.27700019,0.00983344,0.01059969,0.04800000,0.60105624,0.21554668,0.82271831
225.37700009,0.01099760,0.01066877,0.04600000,0.61938037,0.21817149,0.83313667
225.47700000,0.01056296,0.00988705,0.04700000,0.62677340,0.21574376,0.81406884
225.57700014,0.00739652,0.01026604,0.05000000,0.60542423,0.21334596,0.82266239
225.67700005,0.00491658,0.01123553,0.05100000,0.57170274,0.20823625,0.86817811
225.77700019,0.00470847,0.01242579,0.05100000,0.57972710,0.21701860,0.85145376
225.87700009,0.00612448,0.01230369,0.04900000,0.60025628,0.21725260,0.79270624
225.97700000,0.00624583,0.01141752,0.05000000,0.62411630,0.20567292,0.81535581
226.07700014,0.00804347,0.00949698,0.04600000,0.61361959,0.20636263,0.80365562
226.17799997,0.00892463,0.00767666,0.04600000,0.63341577,0.19898489,0.81886598
226.27800012,0.00921181,0.00920557,0.04500000,0.65222805,0.20559014,0.81190138
226.37800002,0.00972400,0.00810209,0.04400000,0.66970602,0.19439978,0.80487356
226.47800016,0.01037018,0.00503084,0.04200000,0.65661348,0.19216341,0.78715684
226.57800007,0.01265969,0.00611164,0.04200000,0.65075341,0.19470857,0.79521360
226.67799997,0.01488432,0.00799606,0.04200000,0.68412938,0.20541614,0.79852877
226.77800012,0.01525673,0.00461651,0.04000000,0.69751155,0.19626279,0.80802235
226.87800002,0.01596011,0.00376494,0.03800000,0.71424399,0.19485347,0.81431076
226.97800016,0.01247769,0.00744091,0.04000000,0.65304472,0.20484886,0.81579905
227.07800007,0.01086548,0.00536948,0.03800000,0.63631407,0.20364108,0.77290898
227.17799997,0.01325867,0.00470400,0.03800000,0.64091852,0.19769149,0.78060095
227.27800012,0.01412714,0.00396534,0.03700000,0.64870504,0.19749835,0.76908756
227.37800002,0.01420125,0.00474284,0.03800000,0.66701993,0.19423465,0.78076364
227.47900009,0.01506973,0.00400415,0.03800000,0.62935881,0.18855093,0.78341938
227.57900000,0.00849576,0.01113877,0.03800000,0.62237171,0.18928988,0.76722286
227.67900014,0.00747983,0.01262467,0.03800000,0.63625639,0.18858919,0.79819321
227.77900004,0.00775784,0.01257243,0.03900000,0.64723025,0.19819819,0.77728129
227.87900019,0.00839978,0.00986173,0.03600000,0.64787275,0.19788698,0.78896264
227.97900009,0.00965913,0.00890568,0.03400000,0.65559956,0.18819311,0.79958823
228.07900000,0.01078792,0.00725470,0.03500000,0.68484698,0.18944460,0.79590718
228.17900014,0.01145677,0.00698516,0.03500000,0.67159450,0.19344892,0.77849825
228.27900004,0.00986807,0.01001755,0.03300000,0.68978716,0.19688343,0.78643670
228.37900019,0.00888664,0.01092143,0.03400000,0.65097644,0.19456589,0.79840864
228.47900009,0.00988990,0.01051712,0.03100000,0.66216355,0.19395018,0.79217932
228.57900000,0.00995056,0.01007404,0.03500000,0.65262221,0.18133631,0.78634068
228.68000007,0.01019819,0.01024338,0.03400000,0.65171815,0.18297382,0.76422572
228.77999997,0.00968105,0.00940517,0.03300000,0.69412754,0.18774017,0.77912630
228.88000011,0.01150056,0.00798418,0.03400000,0.67818954,0.19217780,0.78752549
228.98000002,0.01338988,0.00770137,0.03400000,0.68698244,0.20376622,0.79162957
229.08000016,0.01513097,0.00586376,0.03200000,0.68317295,0.20184436,0.78080681
229.18000007,0.01414455,0.00482614,0.03200000,0.68126250,0.19679832,0.79147891
229.27999997,0.01529097,0.00403561,0.03100000,0.68413776,0.20224647,0.77427156
229.38000011,0.01758572,0.00936068,0.03010000,0.69849731,0.20400389,0.77851069
229.48000002,0.01940953,0.00757958,0.03210000,0.68643989,0.20653509,0.76871149
229.58000016,0.02222043,0.01144125,0.03300000,0.70259742,0.20846558,0.78540999
229.68000007,0.02277577,0.00903517,0.03510000,0.73085833,0.20794381,0.80279733
229.77999997,0.02174620,0.00930069,0.03610000,0.73930112,0.21709223,0.77193604
229.88000011,0.02393735,0.02097626,0.03700000,0.73524521,0.24111709,0.76069612
229.98100019,0.02587951,0.02593243,0.03900000,0.71115923,0.24772708,0.74967006
230.08100009,0.02014840,0.02031777,0.02800000,0.72991883,0.24027597,0.73620071
230.18099999,0.02172116,0.02102953,0.02800000,0.71513011,0.23292341,0.73541186
230.28100014,0.02321985,0.02096375,0.03000000,0.75437746,0.23421615,0.73187265
230.38100004,0.02669481,0.02296948,0.03100000,0.73277319,0.23980494,0.73028385
230.48100019,0.03148103,0.02163780,0.03610000,0.72971701,0.24580967,0.71936276
230.58100009,0.02642935,0.01928159,0.03000000,0.74793461,0.24579158,0.70632041
230.68099999,0.02561924,0.01763164,0.02400000,0.75179860,0.25729043,0.69969320
230.78100014,0.03128032,0.01519577,0.02110000,0.78302845,0.25943177,0.67500058
230.88100004,0.03986900,0.01309361,0.02410000,0.83017285,0.23705086,0.69860391
230.98100019,0.04192771,0.01221792,0.02910000,0.83498529,0.22596593,0.70956858
231.08100009,0.04140353,0.00783054,0.02710000,0.83488703,0.22143686,0.69747486
231.18200016,0.04220674,0.01020349,0.02910000,0.81427138,0.22310838,0.69355838
231.28200006,0.04340534,0.01165101,0.03610000,0.81918089,0.22473058,0.71980693
231.38199997,0.03994441,0.00661396,0.04410000,0.82007032,0.22420682,0.75637874
231.48200011,0.05010062,0.00825697,0.03320000,0.85462984,0.22452725,0.68684789
231.58200002,0.03529809,0.00298915,0.04510000,0.81173394,0.21828188,0.73022197
231.68200016,0.03509893,0.00075180,0.05310000,0.81739745,0.22768902,0.77059860
231.78200006,0.03969320,0.00389739,0.05420000,0.83908914,0.23278412,0.79134525
231.88199997,0.04071556,0.00207193,0.05110000,0.83574156,0.22803424,0.78695049
231.98200011,0.04855493,0.00606126,0.04310000,0.89687145,0.23120886,0.73255706
232.08200002,0.04395093,0.01080814,0.04110000,0.85036304,0.22347130,0.74085033
232.18200016,0.04175363,0.00941936,0.04210000,0.78388057,0.21660327,0.75382975
232.28200006,0.04575580,0.01049413,0.04410000,0.85033964,0.21591461,0.71809818
232.38199997,0.03745426,0.00598151,0.03110000,0.79587740,0.20928809,0.70931680
232.48300004,0.04055139,0.00643619,0.03010000,0.79942044,0.21192623,0.67316908
232.58300018,0.04018517,0.01276722,0.02610000,0.83087163,0.23150166,0.68085301
232.68300009,0.03941776,0.01685825,0.03110000,0.85270635,0.23878855,0.68674888
232.78299999,0.03004058,0.02266217,0.04610000,0.81700887,0.24907061,0.72911165
232.88300014,0.03252790,0.02100751,0.04610000,0.80026893,0.23063828,0.74984987
232.98300004,0.03499451,0.02201555,0.04800000,0.79908425,0.23553897,0.73565921
233.08300018,0.03632453,0.01433626,0.03710000,0.82185570,0.22290094,0.66799436
233.18300009,0.03569948,0.01175531,0.03610000,0.80430620,0.21881887,0.67218277
233.28299999,0.03824423,0.00673636,0.03110000,0.82260062,0.21342844,0.68539626
233.38300014,0.04083713,0.00601570,0.03310000,0.79810060,0.20705665,0.69490747
233.48300004,0.04678019,0.00679295,0.03610000,0.86838337,0.20143783,0.69669508
233.58300018,0.04292699,0.00534825,0.03820000,0.84907298,0.19895334,0.70072497
233.68300009,0.04221310,0.00708975,0.04510000,0.86353969,0.20454665,0.74470224
233.78400016,0.03856532,0.00429022,0.04510000,0.84713241,0.18944969,0.74245284
233.88400006,0.03860870,0.00253151,0.03810000,0.84349625,0.18803386,0.67848516
233.98399997,0.04002444,0.00246257,0.03910000,0.86301836,0.18625113,0.66100889
234.08400011,0.03685031,0.00012127,0.03710000,0.87556742,0.19129833,0.67045628
234.18400002,0.03639777,0.00022911,0.04410000,0.85542053,0.20255446,0.74585172
234.28400016,0.04118790,0.00148554,0.04910000,0.86070033,0.20079380,0.75995234
234.38400006,0.04396310,0.00316322,0.04810000,0.88708644,0.19318168,0.75915931
234.48399997,0.04712121,0.00326678,0.04710000,0.91480406,0.18633252,0.75594160
234.58400011,0.04445775,0.00154546,0.03320000,0.85095360,0.18173693,0.71142096
234.68400002,0.04285259,0.00079735,0.03520000,0.85856060,0.18531045,0.74537975
234.78400016,0.03995739,0.00172245,0.03920000,0.84779964,0.18256482,0.71526838
234.88400006,0.04013174,0.00371260,0.04610000,0.80507148,0.18456208,0.78990365
234.98500013,0.03430463,0.00581310,0.04110000,0.81003808,0.19016958,0.71426662
235.08500004,0.03239269,0.00283081,0.03100000,0.81105746,0.18116665,0.69624558
235.18500018,0.03679568,0.00307376,0.03010000,0.83778779,0.18853266,0.68611059
235.28500009,0.03758413,0.00005953,0.02710000,0.82096595,0.18580765,0.67835735
235.38499999,0.04127977,0.00157512,0.02710000,0.79443306,0.18740417,0.69913503
235.48500013,0.04052947,0.00222988,0.02720000,0.78901393,0.18763598,0.69782693
235.58500004,0.04352190,0.00276481,0.02410000,0.77954334,0.18510509,0.73042427
235.68500018,0.03721911,0.00413133,0.02810000,0.74837413,0.18236218,0.75169122
235.78500009,0.03814644,0.00370118,0.02810000,0.71872291,0.17625174,0.76665766
235.88499999,0.02847169,0.00330650,0.03410000,0.72393849,0.17205923,0.77422357
235.98500013,0.02529185,0.00574303,0.03810000,0.74720566,0.18747873,0.76483056
236.08500004,0.02779243,0.00801630,0.03610000,0.75694738,0.18977752,0.75900289
236.18500018,0.02744721,0.00791585,0.03110000,0.74747869,0.19397438,0.77221404
236.28600001,0.02743866,0.00794544,0.03010000,0.74941181,0.19313184,0.76757553
236.38600016,0.02967453,0.01312945,0.02420000,0.73708275,0.20391661,0.77792507
236.48600006,0.03224911,0.01659924,0.02310000,0.72257804,0.20821357,0.77704903
236.58600020,0.03140186,0.01772719,0.01710000,0.70736284,0.21513632,0.74233149
236.68600011,0.02781041,0.01380221,0.02010000,0.68384120,0.20412079,0.76868821
236.78600001,0.02805833,0.01400394,0.01910000,0.67025566,0.19391037,0.75963960
236.88600016,0.03415452,0.00796234,0.02910000,0.65083074,0.17703450,0.79598420
236.98600006,0.03410181,0.00741326,0.02820000,0.63343920,0.17129819,0.79064189
237.08600020,0.03669893,0.00731566,0.03710000,0.62800514,0.17445861,0.80041305
237.18600011,0.03771189,0.00725696,0.03720000,0.61034848,0.17170892,0.79843612
237.28600001,0.03543984,0.00877425,0.03110000,0.60591594,0.16774121,0.75212919
237.38600016,0.03818562,0.01114039,0.03020000,0.63052286,0.17296426,0.74757435
237.48600006,0.03870959,0.01140779,0.03020000,0.59592688,0.18692762,0.73813216
237.58700013,0.03943356,0.01422301,0.03310000,0.60547220,0.19267669,0.74819392
237.68700004,0.03942003,0.01426047,0.03310000,0.62365507,0.19256780,0.76199933
237.78700018,0.04194537,0.01740219,0.03120000,0.65448982,0.20799299,0.75428589
237.88700008,0.03816176,0.01641280,0.03620000,0.64786642,0.20208273,0.76709542
237.98699999,0.03898390,0.01659265,0.03720000,0.66748047,0.19780086,0.75306220
238.08700013,0.03829422,0.01599507,0.04120000,0.63530412,0.19903233,0.80084604
238.18700004,0.03575255,0.01729638,0.04210000,0.62873763,0.20998854,0.83406323
238.28700018,0.03151845,0.01208293,0.04710000,0.60354318,0.20792940,0.88353307
238.38700008,0.02908430,0.01001916,0.04810000,0.64430597,0.20848720,0.86525165
238.48699999,0.03082143,0.00677492,0.05010000,0.66925630,0.20782082,0.86141438
238.58700013,0.02837799,0.00519709,0.05010000,0.67845353,0.20475576,0.88550348
238.68700004,0.02930524,0.01030063,0.05210000,0.70853412,0.21271109,0.84395014
238.78700018,0.02898901,0.00967251,0.05410000,0.69893806,0.22219097,0.80665389
238.88800001,0.03581533,0.01046100,0.05110000,0.77147201,0.22773319,0.77797059
238.98800015,0.03517523,0.01079597,0.05510000,0.71864249,0.21799371,0.77644925
239.08800006,0.03500801,0.01590155,0.04820000,0.70614735,0.21448894,0.74836040
239.18800020,0.03664318,0.01903909,0.04710000,0.73731899,0.21799030,0.75933061
239.28800011,0.03834869,0.02140159,0.05020000,0.74364790,0.21653675,0.75079033
239.38800001,0.03920657,0.01986290,0.04720000,0.74191872,0.21712459,0.76543327
239.48800015,0.03942123,0.01792251,0.04920000,0.75237417,0.21371275,0.75750685
239.58800006,0.04029552,0.02048588,0.03520000,0.78272989,0.21661419,0.71562518
239.68800020,0.03854824,0.02168601,0.04010000,0.77927710,0.21220435,0.74027104
239.78800011,0.04045223,0.02258799,0.04120000,0.79378657,0.21485580,0.77182708
239.88800001,0.03145516,0.02253493,0.04410000,0.73336148,0.22220530,0.81086180
239.98800015,0.02471518,0.02348063,0.03410000,0.77336521,0.22718614,0.72849900
240.08899999,0.02753815,0.02785211,0.03210000,0.78741516,0.23227111,0.74906954
240.18900013,0.02460699,0.02995690,0.03010000,0.78741309,0.23246748,0.75443725
240.28900003,0.02587460,0.02934187,0.03220000,0.77618437,0.23458257,0.76308505
240.38900018,0.02505085,0.02917284,0.02920000,0.79587549,0.23462417,0.78593223
240.48900008,0.02008976,0.02468059,0.02710000,0.76838028,0.23198103,0.77887272
240.58899999,0.02254806,0.03026161,0.03010000,0.78070969,0.23136909,0.78583082
240.68900013,0.02472742,0.03434071,0.03610000,0.79611968,0.24461176,0.82936380
240.78900003,0.03174654,0.03658220,0.03820000,0.79820347,0.26662755,0.81057941
240.88900018,0.02438379,0.03420878,0.03010000,0.76908229,0.25334894,0.76624477
240.98900008,0.02451300,0.03327240,0.02910000,0.73417113,0.24494296,0.77259248
241.08899999,0.02454298,0.03809425,0.03010000,0.74111638,0.26519408,0.77865443
241.18900013,0.02255414,0.04526512,0.03520000,0.74028991,0.26600945,0.77790195
241.28900003,0.01768063,0.04533382,0.02320000,0.73727548,0.26359035,0.70018967
241.39000010,0.00999078,0.05726346,0.00680000,0.74884151,0.26565883,0.66860847
241.49000001,0.01200551,0.03856732,0.00410000,0.73336338,0.24201638,0.69619362
241.59000015,0.01070029,0.05317475,0.02990000,0.73266491,0.25364535,0.71383156
241.69000006,0.01407677,0.04771053,0.03820000,0.72276003,0.24661224,0.75897208
241.79000020,0.01060311,0.05182735,0.03090000,0.69283738,0.24773537,0.76373199
241.89000010,0.01110806,0.05036806,0.02390000,0.73312040,0.24307622,0.73955530
241.99000001,0.01221383,0.04732729,0.02320000,0.71797604,0.23681003,0.74407645
242.09000015,0.01679752,0.04609125,0.02600000,0.72099910,0.24232989,0.75992462
242.19000006,0.02011918,0.05306777,0.02420000,0.73919169,0.25626273,0.79591944
242.29000020,0.02042348,0.04679798,0.02400000,0.74948549,0.25067302,0.82182435
242.39000010,0.02465708,0.04467447,0.02300000,0.76766625,0.24933662,0.83575998
242.49000001,0.02774352,0.05584073,0.02320000,0.82931371,0.25567875,0.80031995
242.59000015,0.02511016,0.03800500,0.01390000,0.77394619,0.22565448,0.77465256
242.69099998,0.02513834,0.03304775,0.00700000,0.81445995,0.22740273,0.76137712
242.79100013,0.02983352,0.02768648,0.00100000,0.83415981,0.22751290,0.76819227
242.89100003,0.02855809,0.03266643,0.00300000,0.82122851,0.24180487,0.75306727
242.99100018,0.02771228,0.03282513,0.00400000,0.83519647,0.24669654,0.73366895
243.09100008,0.02329958,0.03966118,0.00400000,0.82277227,0.26121883,0.76067125
243.19099998,0.02503408,0.03576723,0.00800000,0.84502807,0.23948854,0.76315806
243.29100013,0.02742303,0.03024611,0.01100000,0.85173909,0.23476861,0.79623924
243.39100003,0.02507355,0.02923640,0.01090000,0.88857922,0.23378143,0.77493592
243.49100018,0.02348357,0.02714778,0.00800000,0.86093051,0.23319840,0.75938197
243.59100008,0.02643353,0.02204923,0.00200000,0.86628269,0.22407805,0.74656412
243.69099998,0.01949687,0.02443996,0.00100000,0.79099100,0.22840201,0.73586290
243.79100013,0.01433284,0.02778686,0.00200000,0.74975004,0.22207225,0.74780615
243.89100003,0.01233481,0.02921819,0.00300000,0.75089623,0.22011013,0.75310356
243.99200010,0.01054804,0.02723360,0.00200000,0.75688306,0.22043739,0.70341830
244.09200001,0.01200526,0.03538239,0.00590000,0.75198171,0.22892981,0.68838159
244.19200015,0.01617912,0.03222539,0.01200000,0.74250666,0.22331469,0.68045792
244.29200006,0.02530774,0.02448915,0.01600000,0.81443496,0.21547070,0.69789344
244.39200020,0.02706830,0.02390245,0.01900000,0.81742907,0.21394499,0.70179200
244.49200010,0.02425760,0.02424147,0.01100000,0.83231583,0.21594463,0.70179545
244.59200001,0.02624667,0.02576068,0.00800000,0.85356183,0.22488389,0.71809108
244.69200015,0.02996915,0.02412819,0.00500000,0.84149441,0.22518669,0.72997847
244.79200006,0.02576156,0.02349451,0.01500000,0.81078597,0.23104076,0.74305911
244.89200020,0.01672104,0.02189376,0.02700000,0.75155185,0.23165420,0.78989037
244.99200010,0.01699523,0.02098695,0.02700000,0.73840769,0.22978561,0.77348965
245.09200001,0.00566673,0.01639232,0.03000000,0.73830320,0.22583654,0.75144367
245.19200015,0.00505033,0.01951036,0.02700000,0.71764039,0.23222238,0.74057282
245.29299998,0.00687612,0.01970099,0.01790000,0.67499877,0.23065558,0.68008360
245.39300013,0.01542787,0.02562695,0.01700000,0.66806788,0.23818713,0.67082155
245.49300003,0.01369439,0.02584403,0.01700000,0.65219134,0.25451811,0.68604891
245.59300017,0.01030980,0.03445922,0.02690000,0.64094186,0.26263950,0.76659370
245.69300008,0.00127859,0.02855478,0.01790000,0.64277979,0.26440189,0.72290902
245.79299998,0.00092288,0.02808128,0.01900000,0.63843332,0.25660603,0.71416540
245.89300013,0.01012134,0.02055647,0.02700000,0.65932637,0.23774465,0.75942475
245.99300003,0.00730717,0.02075705,0.02590000,0.66353924,0.21972792,0.77015920
246.09300017,0.01684111,0.01534754,0.02800000,0.66286502,0.20592808,0.78641322
246.19300008,0.02850807,0.01629662,0.03800000,0.72171334,0.21134906,0.80067970
246.29299998,0.01777388,0.01768245,0.03900000,0.64710355,0.22316573,0.79503001
246.39300013,0.01027053,0.02266641,0.03990000,0.66678198,0.24125135,0.75977583
246.49300003,0.00739237,0.02173851,0.04090000,0.66768537,0.23546277,0.76667264
246.59400010,0.00979732,0.01620471,0.04900000,0.69828638,0.21995296,0.79433513
246.69400001,0.01513492,0.01309023,0.05500000,0.69611043,0.21959919,0.80506043
246.79400015,0.01561647,0.01327727,0.05200000,0.70757359,0.22096032,0.82866695
246.89400005,0.01650914,0.01462253,0.04500000,0.70713056,0.22336220,0.81719501
246.99400020,0.01390982,0.01328597,0.04500000,0.71658771,0.22239950,0.80009047
247.09400010,0.01932267,0.01056099,0.03510000,0.76603743,0.21974688,0.82791906
247.19400001,0.02060564,0.01433275,0.02000000,0.77523672,0.22149607,0.78370520
247.29400015,0.02179508,0.01172282,0.01700000,0.81269117,0.21783057,0.78637499
247.39400005,0.02459756,0.00623219,0.02000000,0.82712071,0.22126375,0.77382233
247.49400020,0.02351817,0.00426327,0.02100000,0.79985659,0.21606045,0.75183144
247.59400010,0.02027616,0.00420561,0.02300000,0.76004752,0.21351220,0.77422680
247.69400001,0.01593325,0.00788300,0.02200000,0.69022342,0.21141343,0.75632560
247.79500008,0.01402267,0.00801654,0.02000000,0.68986356,0.20927541,0.76129034
247.89499998,0.01578723,0.00437074,0.02300000,0.71983687,0.21033287,0.76529091
247.99500012,0.01444237,0.00331932,0.02200000,0.73552847,0.20669025,0.80180666
248.09500003,0.02130164,0.00000970,0.02000000,0.77680452,0.19977819,0.80039669
248.19500017,0.02471292,0.00250435,0.02000000,0.79676551,0.20379185,0.84669062
248.29500008,0.02603128,0.00390802,0.02000000,0.81503876,0.20853238,0.83572933
248.39499998,0.02889415,0.00703904,0.01910000,0.86505127,0.21302384,0.82446195
248.49500012,0.02861458,0.00928471,0.01710000,0.89055099,0.21050629,0.78883444
248.59500003,0.03151476,0.01106662,0.01210000,0.90270391,0.21107714,0.74484559
248.69500017,0.02488828,0.01110422,0.01610000,0.89143338,0.21575732,0.74006816
248.79500008,0.01742998,0.01171690,0.01310000,0.84321143,0.21135046,0.73883626
248.89499998,0.01779795,0.01243435,0.01710000,0.82543268,0.21568250,0.73786780
248.99500012,0.01472836,0.01573707,0.01910000,0.81555542,0.21508636,0.74558232
249.09600019,0.00836334,0.01632742,0.01500000,0.78888891,0.22607331,0.73592447
249.19600010,0.00411590,0.01365684,0.01100000,0.79220204,0.23043413,0.73143780
249.29600000,0.00105579,0.01538230,0.00310000,0.77302840,0.23546729,0.72187990
249.39600015,0.00216993,0.01722038,0.00100000,0.78616430,0.23128352,0.71834810
249.49600005,0.00321370,0.02047736,0.00090000,0.74806435,0.23205935,0.72391570
249.59600019,0.00210360,0.01802429,0.00600000,0.75940636,0.23400113,0.76118280
249.69600010,0.00188970,0.01748053,0.00910000,0.74046755,0.22880877,0.77387893
249.79600000,0.00086316,0.01793614,0.00500000,0.77507572,0.23047523,0.78576990
249.89600015,0.01966120,0.01745414,0.01310000,0.86986423,0.22629973,0.77167255
249.99600005,0.01916579,0.01779220,0.01310000,0.85570090,0.23089676,0.79028800
250.09600019,0.01869018,0.02259662,0.00710000,0.85468078,0.23187668,0.78241376
250.19600010,0.02032698,0.02232630,0.00620000,0.92437387,0.23316350,0.78196697
250.29600000,0.01914735,0.02095206,0.00110000,0.87247493,0.23357107,0.75996538
250.39700007,0.02223898,0.01944602,0.01110000,0.89580022,0.23396949,0.76327725
250.49699998,0.02139833,0.01893149,0.00910000,0.88004521,0.23256673,0.75710162
250.59700012,0.01990689,0.01922201,0.00610000,0.90229089,0.23134169,0.78081311
250.69700003,0.02298113,0.02123954,0.00810000,0.93596140,0.23925608,0.78208676
250.79700017,0.02035309,0.01879339,0.00710000,0.93258996,0.23679607,0.77244785
250.89700007,0.01697468,0.01879974,0.00410000,0.88216845,0.24087336,0.76423922
250.99699998,0.01700030,0.01866118,0.00410000,0.88303581,0.22662239,0.77758401
251.09700012,0.02360904,0.02140966,0.01510000,0.87962596,0.22617415,0.75528953
251.19700003,0.02377719,0.02165861,0.01520000,0.88397398,0.22507708,0.74562028
251.29700017,0.02172844,0.02608745,0.01110000,0.85691424,0.23689437,0.68560086
251.39700007,0.02165011,0.02807904,0.01210000,0.89004957,0.23273644,0.70869693
251.49699998,0.02066048,0.02766504,0.01310000,0.86073289,0.22839007,0.70347724
251.59700012,0.01274775,0.02496588,0.01510000,0.78778687,0.22487222,0.73597920
251.69800019,0.00413594,0.02796094,0.01800000,0.77300462,0.22533061,0.80903991
251.79800010,0.00054454,0.03104502,0.01710000,0.76990133,0.22345911,0.80406827
251.89800000,0.00236663,0.03156785,0.01510000,0.76430317,0.23172303,0.75488177
251.99800014,0.00565782,0.03224840,0.01410000,0.77419770,0.23817892,0.74084238
252.09800005,0.00432184,0.03048363,0.01100000,0.75160169,0.23610663,0.70899189
252.19800019,0.00450659,0.03328214,0.02110000,0.75601978,0.23709289,0.76871345
252.29800010,0.01260893,0.03197741,0.02920000,0.76759374,0.23362046,0.77690804
252.39800000,0.01847340,0.02686063,0.03010000,0.79444278,0.22461167,0.76222793
252.49800014,0.01720879,0.02554579,0.02710000,0.77401355,0.22318682,0.74903601
252.59800005,0.01597172,0.03465421,0.01510000,0.77315351,0.23200842,0.68812046
252.69800019,0.01814614,0.03570571,0.01310000,0.74810565,0.23535700,0.65033727
252.79800010,0.01923549,0.03143622,0.00710000,0.75773652,0.23167014,0.63004995
252.89800000,0.01934471,0.03087559,0.00620000,0.75847501,0.23063591,0.61394050
252.99900007,0.01893939,0.03030428,0.00410000,0.76825889,0.23398287,0.61451065
253.09899998,0.02549411,0.03611012,0.00110000,0.83899724,0.23335676,0.58551366
253.19900012,0.02449120,0.03534390,0.00520000,0.81832661,0.23561149,0.59407030
253.29900002,0.02287707,0.03597165,0.01210000,0.81127407,0.22625872,0.63198331
253.39900017,0.02182758,0.03669778,0.01220000,0.78578854,0.22457753,0.61823558
253.49900007,0.02106357,0.03734737,0.00710000,0.78639995,0.22624404,0.61218166
253.59899998,0.02585030,0.03914552,0.00720000,0.81531441,0.22454393,0.65188110
253.69900012,0.02392344,0.03865383,0.01710000,0.81010894,0.22644933,0.66474036
253.79900002,0.02007500,0.03693893,0.02220000,0.75778899,0.22705435,0.66950416
253.89900017,0.02039014,0.03878894,0.02910000,0.78650053,0.23648729,0.71208028
253.99900007,0.02473391,0.04137733,0.03420000,0.84996468,0.23254521,0.70512067
254.09899998,0.02561827,0.04173972,0.03020000,0.84095551,0.23707585,0.68905498
254.19900012,0.02260008,0.03859995,0.02320000,0.86633578,0.23894089,0.65545887
254.30000019,0.01805169,0.06542780,0.01880000,0.80795103,0.27913270,0.66004287
254.40000010,0.01754474,0.06192804,0.01890000,0.80238725,0.26136764,0.70827029
254.50000000,0.02445010,0.04474196,0.02220000,0.81737947,0.23146650,0.70277606
254.60000014,0.02841455,0.05730116,0.02290000,0.82343530,0.25143820,0.70512797
254.70000005,0.03299499,0.04648323,0.02230000,0.81820279,0.23469338,0.69573554
254.80000019,0.03085010,0.05637563,0.02300000,0.81386109,0.25834377,0.69149173
254.90000010,0.02130682,0.05975106,0.02500000,0.79670754,0.26256147,0.70376430
255.00000000,0.02449551,0.04276996,0.02520000,0.78691290,0.23243696,0.70129635
255.10000014,0.02198861,0.05927327,0.01890000,0.79225050,0.25133845,0.71158136
255.20000005,0.01922850,0.04217244,0.01820000,0.75227139,0.22160689,0.72102399
255.30000019,0.01252644,0.06111570,0.01890000,0.75555824,0.25173087,0.71917435
255.40000010,0.01853970,0.05773872,0.02890000,0.74630808,0.24180905,0.75748030
255.50000000,0.02070635,0.04529301,0.02910000,0.78659451,0.22705915,0.77425390
255.60100007,0.01206208,0.05911646,0.03190000,0.73608795,0.25648583,0.78993513
255.70099998,0.00932042,0.06111407,0.03190000,0.73566236,0.25221194,0.78940774
255.80100012,0.01114056,0.06129223,0.03190000,0.73416747,0.25451934,0.78961507
255.90100002,0.01373904,0.05774062,0.03190000,0.73709532,0.25254933,0.77466559
256.00100017,0.01369779,0.05832264,0.03290000,0.72008285,0.25793511,0.78267145
256.10100007,0.01566162,0.05359070,0.03690000,0.72019991,0.24751305,0.79085337
256.20099998,0.01762709,0.05007890,0.03490000,0.70513862,0.24203474,0.79840957
256.30100012,0.01860259,0.04746150,0.02590000,0.71156336,0.22368069,0.78059919
256.40100002,0.01961216,0.04828678,0.02490000,0.76946875,0.23916986,0.75381440
256.50100017,0.02011004,0.04740576,0.02600000,0.73716481,0.22353819,0.78772903
256.60100007,0.01934537,0.04415888,0.02990000,0.75964741,0.22403563,0.84210183
256.70099998,0.01295854,0.04378808,0.02590000,0.74304618,0.22287932,0.77495249
256.80100012,0.01538561,0.04578409,0.03100000,0.73894399,0.22087415,0.80504871
256.90200019,0.01504974,0.04526373,0.02800000,0.72879496,0.21224202,0.78937074
257.00200009,0.01571999,0.04556624,0.02990000,0.71157110,0.21928285,0.79701956
257.10200000,0.01052357,0.03853757,0.02490000,0.70481567,0.20632988,0.80345617
257.20200014,0.00977291,0.03687425,0.02400000,0.70433529,0.21091905,0.77768834
257.30200005,0.01117630,0.03580978,0.02390000,0.71405052,0.20535482,0.79488257
257.40200019,0.01183409,0.03264543,0.02590000,0.72155668,0.19749128,0.79551657
257.50200009,0.01172385,0.03113601,0.02500000,0.73580158,0.20421941,0.77487607
257.60200000,0.00635377,0.03456761,0.02100000,0.74236413,0.20470264,0.72853215
257.70200014,0.00267805,0.03494493,0.02190000,0.73147409,0.20375819,0.79780106
257.80200005,0.00094037,0.03328056,0.02090000,0.75838238,0.19524810,0.76163228
257.90200019,0.00250235,0.02950489,0.02690000,0.76523897,0.18922767,0.80375656
258.00200009,0.00055821,0.02471312,0.02190000,0.79194047,0.18693854,0.79934474
258.10300016,0.00186781,0.02144321,0.01900000,0.78644450,0.18396162,0.78057447
258.20300007,0.00167320,0.02025044,0.01390000,0.76513089,0.19104751,0.79460479
258.30299997,0.00422077,0.02047889,0.01390000,0.77377013,0.19552386,0.78352479
258.40300012,0.00583707,0.02816574,0.01190000,0.77746846,0.20221181,0.78608172
258.50300002,0.00688209,0.02939008,0.01590000,0.79846265,0.19984971,0.78349165
258.60300016,0.00923572,0.02734724,0.01690000,0.79005414,0.19048145,0.78679805
258.70300007,0.01326392,0.02383943,0.01490000,0.79687295,0.18219000,0.80901460
258.80299997,0.01378314,0.02193616,0.01290000,0.78802762,0.18264211,0.80698658
258.90300012,0.01400439,0.02155010,0.01400000,0.80457498,0.17668830,0.80735957
259.00300002,0.01928781,0.02141775,0.01090000,0.81312398,0.17329167,0.82638649
259.10300016,0.01885920,0.01643261,0.00890000,0.81577373,0.15808243,0.79257885
259.20300007,0.01743716,0.01557901,0.00890000,0.79207046,0.16000691,0.78698779
259.30299997,0.02032633,0.01201832,0.00790000,0.81410131,0.16183210,0.77810154
259.40400004,0.02041460,0.00946911,0.00290000,0.83049942,0.16605158,0.76997321
259.50400019,0.02233696,0.01194739,0.00010000,0.80142824,0.17118526,0.73931121
259.60400009,0.02028315,0.01438207,0.00200000,0.82031805,0.17188165,0.74254502
259.70400000,0.02237222,0.01567366,0.00390000,0.79241358,0.16319246,0.76619122
259.80400014,0.03063799,0.01085420,0.00210000,0.78582818,0.15853269,0.77784121
259.90400004,0.03011869,0.00790470,0.00110000,0.80326627,0.16257748,0.78840129
260.00400019,0.02618297,0.00702440,0.00110000,0.79286781,0.16473452,0.78665280
260.10400009,0.02271398,0.00405404,0.00290000,0.78104992,0.15618457,0.78502221
260.20400000,0.02418492,0.00141046,0.00500000,0.79080106,0.15153520,0.78655818
260.30400014,0.02652123,0.00015672,0.00290000,0.79036044,0.14961351,0.80338687
260.40400004,0.02571852,0.00063069,0.00200000,0.81424968,0.15665213,0.79548395
260.50400019,0.02423783,0.00054548,0.00090000,0.76974553,0.15962037,0.80872020
260.60400009,0.02490493,0.00299076,0.00390000,0.74261619,0.16051440,0.79442479
260.70500016,0.02648313,0.00689159,0.00490000,0.75240877,0.17053803,0.80359100
260.80500007,0.02404259,0.00781049,0.00390000,0.74962539,0.17419352,0.76640671
260.90499997,0.02651237,0.00706359,0.00310000,0.72881690,0.17283266,0.75098048
261.00500011,0.03021351,0.00777136,0.00510000,0.72088059,0.17496490,0.73935084
261.10500002,0.02903517,0.00755771,0.00110000,0.70315125,0.17667526,0.74337260
261.20500016,0.02735932,0.00752313,0.00490000,0.71040484,0.18521293,0.72976269
261.30500007,0.02294165,0.00854286,0.00890000,0.65895542,0.18165785,0.71757649
261.40499997,0.01956443,0.01469057,0.00790000,0.63214896,0.18689650,0.72606338
261.50500011,0.02248783,0.02205329,0.00190000,0.64127348,0.21386436,0.72037115
261.60500002,0.01834778,0.02245393,0.00480000,0.64379240,0.22057633,0.74324630
261.70500016,0.01222461,0.02244012,0.00290000,0.62900926,0.21346426,0.73010227
261.80500007,0.00447969,0.02046124,0.00490000,0.62580236,0.21604101,0.70863310
261.90499997,0.00261726,0.02320970,0.00090000,0.61868999,0.22089114,0.71638076
262.00600004,0.00451451,0.02046556,0.00400000,0.62008424,0.21239215,0.70761824
262.10600019,0.00701944,0.01380353,0.01290000,0.61617447,0.21450436,0.72590476
262.20600009,0.00660154,0.01555827,0.01200000,0.61566366,0.22291586,0.74476643
262.30599999,0.00622812,0.01774854,0.00890000,0.63437062,0.22013359,0.75815318
262.40600014,0.00970268,0.00752249,0.00500000,0.67157004,0.21318961,0.75871391
262.50600004,0.01144579,0.00168636,0.01110000,0.65871037,0.20522436,0.74900401
262.60600019,0.01566675,0.00018147,0.01100000,0.68236032,0.20634349,0.75781217
262.70600009,0.02434087,0.00323758,0.01910000,0.69580549,0.21207636,0.79532101
262.80599999,0.02805235,0.00170454,0.01800000,0.71566496,0.21768377,0.74929815
262.90600014,0.02819991,0.00337120,0.02000000,0.70339543,0.22504411,0.75001821
263.00600004,0.02791839,0.00578388,0.02100000,0.70178144,0.23130508,0.76679668
263.10600019,0.02988212,0.00621765,0.02510000,0.70275351,0.22858620,0.79830174
263.20600009,0.03525375,0.00758307,0.03010000,0.74618961,0.23521050,0.80208243
263.30700016,0.04305668,0.01183437,0.03210000,0.76613034,0.23469285,0.80984553
263.40700006,0.03904107,0.01580016,0.02920000,0.76194670,0.23084240,0.78978715
263.50699997,0.03110276,0.02123954,0.02410000,0.74804236,0.23438667,0.79166893
263.60700011,0.02473837,0.02411209,0.02610000,0.76898974,0.24152257,0.78941143
263.70700002,0.02453216,0.02562368,0.02420000,0.77988994,0.24453479,0.82282765
263.80700016,0.02584792,0.03014971,0.02610000,0.77606923,0.24183570,0.80631076
263.90700006,0.02755154,0.03323572,0.02210000,0.78644668,0.26477207,0.78335019
264.00699997,0.02604770,0.03593713,0.01220000,0.80031380,0.27152371,0.77950292
264.10700011,0.02249982,0.03868964,0.01310000,0.83451298,0.27249709,0.78138879
264.20700002,0.02184907,0.04308072,0.01220000,0.81556210,0.27916362,0.76253585
264.30700016,0.02710473,0.04483284,0.01220000,0.83861244,0.26921866,0.77774147
264.40700006,0.02654051,0.04590045,0.01320000,0.84421238,0.27483591,0.74539151
264.50699997,0.03190967,0.04793603,0.01320000,0.85840554,0.27499107,0.75510253
264.60800004,0.03519475,0.04359564,0.01420000,0.85104701,0.26986521,0.75631271
264.70800018,0.03709200,0.04254825,0.01720000,0.83025027,0.26536700,0.77102833
264.80800009,0.03615904,0.04230418,0.02120000,0.83771137,0.26592003,0.78913986
264.90799999,0.03787456,0.04142183,0.02320000,0.81930111,0.26352469,0.77798057
265.00800014,0.04443085,0.04346584,0.02520000,0.83086314,0.27079832,0.78596239
265.10800004,0.04253833,0.03993358,0.02230000,0.81305658,0.26445067,0.76611009
265.20800018,0.03578922,0.03896603,0.01220000,0.79456529,0.26201805,0.70320215
265.30800009,0.03342016,0.03224985,0.02610000,0.78043298,0.24707700,0.71930316
265.40799999,0.03061144,0.03032589,0.03520000,0.75006111,0.24956344,0.77689570
265.50800014,0.03499692,0.02961866,0.03820000,0.74219142,0.24576912,0.77112453
265.60800004,0.02246905,0.02809914,0.03610000,0.73833413,0.24347185,0.74039092
265.70800018,0.02208141,0.02839474,0.03420000,0.71825574,0.24528938,0.76808107
265.80900002,0.02632173,0.03911901,0.03120000,0.71455047,0.26121785,0.72217917
265.90900016,0.02441246,0.04398854,0.02820000,0.66704306,0.26736383,0.71493015
266.00900006,0.02837293,0.04415956,0.02920000,0.69604141,0.26888571,0.70963402
266.10899997,0.02488734,0.04366223,0.02720000,0.68985630,0.26342324,0.70184422
266.20900011,0.02256568,0.04670246,0.02620000,0.67911572,0.26526972,0.68790429
266.30900002,0.02458474,0.04647753,0.02520000,0.71059482,0.26626436,0.68612457
266.40900016,0.03026920,0.03947272,0.02520000,0.71443974,0.26643008,0.69404665
266.50900006,0.03585297,0.03755562,0.02820000,0.74330727,0.26596177,0.69522450
266.60899997,0.04410851,0.03273423,0.03210000,0.73681708,0.26314833,0.68953055
266.70900011,0.03479489,0.02901457,0.03210000,0.68643527,0.25907416,0.66819678
266.80900002,0.03478751,0.02494052,0.02610000,0.68385925,0.25778108,0.60295170
266.90900016,0.03702380,0.02245702,0.02810000,0.68858621,0.26016799,0.63090325
267.00900006,0.06126516,0.01712425,0.03010000,0.69736126,0.24744855,0.63897644
267.11000013,0.06755662,0.06273430,0.02900000,0.67784423,0.28697457,0.62004646
267.21000004,0.07553861,0.00951676,0.03220000,0.67649819,0.23865944,0.63386092
267.31000018,0.08215058,0.06961273,0.03100000,0.70120064,0.28720452,0.65883599
267.41000009,0.09053866,0.00272240,0.03320000,0.69594579,0.22878517,0.65913734
267.50999999,0.10204290,0.00176850,0.03420000,0.71687434,0.22506878,0.68387894
267.61000013,0.11054647,0.08258848,0.03400000,0.74450438,0.30392497,0.68907332
267.71000004,0.11946201,0.01049803,0.03530000,0.73863662,0.23520686,0.70477372
267.81000018,0.12901122,0.09468878,0.03600000,0.75976087,0.31022263,0.69772608
267.91000009,0.14221426,0.02080009,0.03230000,0.82971142,0.25211783,0.66538581
268.00999999,0.15281363,0.02481155,0.02930000,0.85876697,0.25689395,0.67212619
268.11000013,0.15993113,0.10727387,0.02800000,0.86813636,0.34060190,0.64467904
268.21000004,0.16466219,0.03194471,0.04230000,0.86771659,0.26449024,0.69468924
268.31000018,0.17308965,0.11658890,0.04210000,0.86498294,0.34627464,0.72705056
268.41000009,0.18781466,0.04095050,0.04040000,0.90059217,0.25592520,0.71814414
268.50999999,0.19668352,0.04697492,0.03740000,0.92336758,0.26691060,0.69399217
268.61100006,0.20136761,0.13427351,0.03320000,0.93165199,0.36651796,0.66534061
268.71100020,0.20484256,0.14234383,0.03510000,0.92847259,0.37917628,0.68012760
268.81100011,0.21529732,0.14910039,0.02820000,0.94310450,0.38566055,0.63103726
268.91100001,0.22282557,0.15381656,0.02920000,0.96464904,0.38418315,0.63274858
269.01100016,0.22862674,0.15819919,0.03210000,1.01855833,0.39019209,0.65677560
269.11100006,0.23425355,0.15689400,0.07820000,1.02340187,0.38420169,0.73263618
269.21100020,0.24247096,0.16352224,0.08510000,1.03389416,0.39730889,0.73167319
269.31100011,0.24731568,0.16382883,0.09720000,1.02965263,0.41204419,0.73882970
269.41100001,0.24669914,0.16925739,0.10520000,1.02322396,0.42502020,0.74794551
269.51100016,0.25739819,0.17448284,0.10920000,1.00308732,0.42680427,0.72362328
269.61199999,0.23999757,0.15385921,0.11820000,0.96743300,0.39436358,0.76928035
269.71200013,0.21951747,0.16645174,0.12210000,0.94328725,0.41946790,0.77370435
269.81200004,0.20620913,0.17534308,0.12110000,0.94016476,0.42996847,0.80852179
269.91200018,0.19038500,0.16591960,0.12400000,0.94386142,0.41069182,0.85111487
270.01200008,0.19267625,0.16815895,0.12800000,0.93013317,0.41735430,0.83830691
270.11199999,0.16731458,0.14415506,0.13410000,0.91480098,0.37506898,0.85776009
270.21200013,0.15543872,0.13689618,0.13500000,0.92990698,0.36500365,0.86561389
270.31200004,0.13522489,0.12941688,0.12700000,0.83601581,0.36397877,0.87804011
270.41200018,0.12012402,0.12162828,0.11500000,0.82206579,0.35995909,0.85452623
270.51200008,0.12302792,0.12410645,0.11900000,0.81813048,0.36220960,0.83510443
270.61199999,0.10876885,0.11152138,0.10300000,0.79839820,0.33715326,0.82102145
270.71200013,0.10936742,0.11070894,0.11000000,0.76639378,0.32759481,0.84285028
270.81200004,0.10143702,0.11044062,0.10300000,0.78453782,0.33108124,0.81473000
270.91200018,0.09597177,0.10386635,0.10000000,0.78284473,0.32812067,0.79613248
271.01300001,0.09716206,0.10530672,0.10190000,0.75210094,0.32959398,0.83087607
271.11300015,0.08928261,0.09644146,0.09690000,0.72688276,0.32180491,0.82534733
271.21300006,0.08171042,0.09992191,0.08890000,0.71078893,0.32860840,0.82500762
271.31300020,0.07511541,0.09936722,0.07290000,0.69883830,0.32578197,0.75320351
271.41300011,0.07178232,0.09721249,0.06390000,0.72120406,0.32649147,0.77217479
271.51300001,0.06613897,0.09661453,0.06190000,0.71604930,0.33239407,0.79986871
271.61300015,0.06336503,0.10013198,0.06990000,0.73240977,0.33202821,0.79830795
271.71300006,0.05909845,0.09679150,0.05980000,0.71066583,0.32349517,0.81569573
271.81300020,0.05828436,0.09442173,0.05690000,0.72421118,0.32732458,0.82742580
271.91300011,0.05523169,0.09301968,0.05080000,0.73052316,0.32863106,0.85613621
272.01300001,0.05119023,0.09324640,0.04980000,0.72680401,0.32839999,0.86648578
272.11300015,0.04984630,0.09289239,0.05790000,0.72225092,0.32132163,0.86930201
272.21300006,0.04933372,0.09546091,0.06090000,0.72670259,0.32026667,0.86865101
272.31400013,0.04816238,0.09624555,0.06090000,0.72687112,0.33173574,0.85027053
272.41400003,0.04577126,0.09384877,0.05990000,0.72857410,0.31987309,0.84473613
272.51400018,0.04146891,0.09078094,0.05690000,0.72783881,0.31542789,0.84811572
272.61400008,0.03919239,0.09301901,0.05680000,0.72974370,0.32244834,0.85305302
272.71399999,0.04096500,0.09431245,0.05180000,0.74958531,0.31941530,0.81783760
272.81400013,0.03867018,0.09493270,0.05080000,0.75812118,0.31211241,0.84107117
272.91400003,0.00370107,0.03904346,0.01090000,0.73648166,0.24866464,0.82329893
273.01400018,0.00226024,0.03091183,0.00890000,0.71764426,0.24382008,0.81446641
273.11400008,0.00089709,0.02971810,0.01390000,0.71773034,0.23188381,0.82166122
273.21399999,0.00004742,0.02920715,0.01390000,0.70875022,0.24223382,0.80885255
273.31400013,0.00177584,0.02998160,0.01190000,0.70814834,0.24046339,0.79449997
273.41400003,0.00159595,0.03275947,0.01090000,0.71563743,0.24006611,0.75779225
273.51400018,0.00276406,0.03292264,0.01390000,0.70789669,0.23529416,0.73717537
273.61500001,0.00131633,0.02780139,0.01100000,0.73543791,0.23285386,0.70942530
273.71500015,0.00313272,0.02201082,0.01300000,0.73216932,0.22304041,0.68052974
273.81500006,0.00316928,0.02693261,0.02490000,0.75175686,0.23608319,0.65764786
273.91500020,0.00291747,0.02783358,0.02190000,0.74040735,0.23705880,0.64523613
274.01500010,0.00081083,0.02731890,0.02390000,0.72790845,0.23851342,0.63461382
274.11500001,0.00059293,0.02621104,0.02100000,0.74134875,0.23377373,0.61745579
274.21500015,0.00002492,0.02441801,0.01590000,0.76029305,0.22787892,0.60174729
274.31500006,0.00446709,0.02574500,0.01390000,0.77211651,0.22909346,0.60167340
274.41500020,0.00710872,0.02664256,0.01590000,0.78473949,0.22718503,0.62481054
274.51500010,0.00849420,0.02862252,0.02190000,0.77885512,0.22460871,0.60086347
274.61500001,0.01936547,0.02230916,0.02790000,0.76496818,0.21616684,0.55682290
274.71500015,0.02382859,0.01519863,0.01990000,0.80124891,0.20576323,0.58577086
274.81500006,0.01112071,0.02183277,0.02090000,0.74163033,0.21858288,0.56890002
274.91600013,0.01168436,0.01988381,0.02190000,0.73699455,0.20974177,0.56108358
275.01600003,0.01350745,0.01776651,0.01990000,0.72753052,0.20748383,0.55133530
275.11600018,0.01662169,0.01691802,0.02290000,0.72223818,0.20603723,0.54249082
275.21600008,0.01376635,0.01409317,0.02590000,0.69765543,0.21084129,0.57622261
275.31599998,0.01445530,0.01076728,0.02690000,0.69523808,0.20968937,0.59483746
275.41600013,0.02154490,0.01167551,0.02900000,0.72695576,0.21029352,0.61623866
275.51600003,0.02300277,0.01220790,0.03090000,0.76518260,0.21595249,0.60291604
275.61600018,0.02285915,0.00896377,0.02390000,0.75386427,0.21298591,0.57869921
275.71600008,0.01801006,0.00676296,0.01190000,0.75934806,0.21445910,0.59758623
275.81599998,0.01255203,0.00373853,0.00900000,0.70233393,0.21805584,0.60684880
275.91600013,0.01022951,0.00075964,0.00600000,0.69443963,0.21798392,0.55494685
276.01600003,0.01189817,0.00241112,0.02000000,0.68985685,0.22162977,0.53873099
276.11600018,0.00995361,0.00556558,0.03390000,0.68337489,0.22184432,0.54725429
276.21700001,0.00867670,0.00219426,0.04000000,0.67695044,0.22827410,0.55173746
276.31700015,0.00764846,0.00003139,0.04000000,0.69084546,0.22359361,0.52980347
276.41700006,0.01057328,0.00266564,0.04800000,0.66173133,0.22380202,0.60539827
276.51700020,0.01221529,0.00386869,0.04700000,0.67203399,0.22377459,0.58305707
276.61700010,0.01280062,0.00567750,0.05290000,0.67283075,0.22277103,0.65841503
276.71700001,0.01231158,0.00035341,0.05600000,0.65612928,0.21844693,0.70584695
276.81700015,0.00614439,0.00110297,0.05490000,0.66992313,0.22229626,0.73698533
276.91700006,0.00319697,0.00259025,0.04800000,0.67990263,0.21761709,0.70825561
277.01700020,0.00937703,0.00235187,0.05600000,0.66719485,0.21215013,0.77890219
277.11700010,0.01205423,0.00430181,0.05600000,0.65487476,0.21556356,0.81152563
277.21700001,0.01140158,0.00361302,0.05500000,0.68582153,0.21429761,0.82513478
277.31700015,0.00436292,0.00248695,0.05500000,0.66597423,0.21503713,0.83465400
277.41799998,0.01355124,0.00183685,0.05500000,0.70380790,0.20712456,0.83062788
277.51800013,0.02691295,0.00916697,0.05390000,0.74529064,0.21506592,0.80245858
277.61800003,0.03856029,0.02017978,0.04680000,0.78302177,0.24216901,0.76016807
277.71800017,0.03393379,0.02069077,0.05180000,0.79999670,0.24282002,0.78762759
277.81800008,0.02060995,0.02028916,0.05590000,0.81130195,0.24309140,0.81645054
277.91799998,0.01454219,0.01793446,0.05900000,0.78964110,0.24067923,0.86822855
278.01800013,0.00588014,0.01402939,0.06400000,0.77975840,0.22457600,0.85591753
278.11800003,0.00614041,0.00442101,0.06800000,0.80187331,0.21512633,0.83595305
278.21800017,0.00660109,0.00233143,0.07190000,0.81809796,0.21784560,0.84216878
278.31800008,0.01424732,0.00233104,0.07290000,0.85472708,0.21353368,0.79587996
278.41799998,0.01236703,0.00542187,0.06600000,0.83107928,0.21581275,0.75930139
278.51800013,0.01200402,0.00525389,0.06700000,0.85320644,0.21649183,0.74912994
278.61800003,0.01605131,0.00745959,0.05600000,0.83690081,0.20965681,0.75296064
278.71900010,0.02455373,0.01360568,0.05590000,0.88794577,0.21064163,0.77637587
278.81900001,0.03010150,0.01804438,0.05990000,0.87830095,0.20433627,0.75161529
278.91900015,0.03589124,0.02006063,0.06700000,0.88447860,0.20554168,0.76967345
279.01900005,0.03606529,0.01825964,0.06200000,0.89470952,0.20592912,0.81242534
279.11900020,0.02808885,0.01620853,0.05900000,0.87356123,0.20547514,0.81264078
279.21900010,0.02255012,0.01770486,0.05700000,0.87497900,0.20032043,0.82071947
279.31900001,0.01749234,0.02031227,0.05300000,0.87500917,0.20713383,0.76760825
279.41900015,0.01683682,0.02054973,0.04900000,0.89462454,0.19992249,0.77321651
279.51900005,0.01295300,0.02205402,0.05010000,0.88446609,0.20159066,0.79578731
279.61900020,0.01058237,0.02337976,0.05400000,0.87946629,0.21535072,0.82483976
279.71900010,0.01055346,0.02391808,0.05700000,0.87133146,0.22174625,0.87514529
279.81900001,0.01973078,0.02407605,0.06000000,0.92091599,0.21745619,0.85338705
279.91900015,0.01520809,0.02574634,0.05210000,0.86315375,0.22471640,0.78596767
280.01999998,0.01580760,0.02658232,0.05200000,0.85458242,0.22352433,0.82964830
280.12000012,0.01812637,0.06764935,0.02480000,0.93030635,0.26478222,0.77922799
280.22000003,0.01479011,0.01349306,0.02400000,0.88715905,0.19367802,0.76765734
280.32000017,0.01335890,0.06174220,0.02080000,0.84611222,0.25267090,0.72601830
280.42000008,0.01375122,0.00247265,0.02200000,0.83602812,0.18853760,0.74007930
280.51999998,0.00939958,0.01007462,0.02100000,0.82626591,0.19889320,0.75466248
280.62000012,0.01048571,0.05159990,0.02180000,0.84004438,0.25335042,0.74373175
280.72000003,0.00737931,0.03060908,0.03210000,0.82820532,0.23285817,0.74842412
280.82000017,0.00895036,0.04124186,0.03690000,0.83291465,0.24704893,0.77953107
280.92000008,0.00067933,0.03846477,0.04310000,0.81410154,0.24654882,0.77586746
281.01999998,0.00000226,0.04074126,0.04410000,0.80460529,0.24731031,0.76711199
281.12000012,0.00234707,0.02949138,0.03990000,0.80122567,0.24262350,0.76628779
281.22000003,0.00942588,0.04011549,0.04410000,0.79295138,0.25788992,0.85787246
281.32100010,0.01485014,0.03607774,0.03890000,0.78453770,0.25483712,0.80433979
281.42100000,0.00750470,0.03146632,0.02890000,0.76837770,0.25281662,0.82102274
281.52100015,0.00640832,0.03109588,0.03090000,0.78979906,0.25030761,0.85114384
281.62100005,0.00192507,0.03175380,0.03090000,0.75965020,0.25604049,0.86067888
281.72100019,0.00018387,0.02454091,0.02890000,0.78033580,0.24949650,0.84294961
281.82100010,0.00713860,0.02480505,0.03690000,0.80061645,0.25708377,0.83052896
281.92100000,0.00256066,0.02644093,0.03390000,0.79690962,0.26659878,0.84472551
282.02100015,0.00072690,0.02120664,0.02590000,0.79717197,0.24522434,0.81332681
282.12100005,0.00850455,0.01756623,0.02100000,0.80530589,0.23869040,0.79720882
282.22100019,0.00144208,0.00707816,0.01000000,0.80380367,0.22912282,0.79097844
282.32100010,0.00498558,0.00190367,0.01800000,0.82060252,0.23115786,0.80953038
282.42100000,0.00894643,0.00427217,0.02600000,0.83458876,0.22809506,0.81204298
282.52100015,0.02109058,0.00515435,0.02610000,0.88673748,0.22560010,0.82618864
282.62199998,0.00872446,0.00654629,0.02500000,0.80804592,0.22517040,0.80475041
282.72200012,0.01514539,0.00731212,0.01700000,0.79322631,0.22683004,0.76174890
282.82200003,0.02313532,0.01091589,0.01200000,0.86162030,0.22708173,0.73924429
282.92200017,0.00390116,0.00729595,0.01900000,0.79509897,0.23052870,0.75751250
283.02200007,0.00993025,0.00743238,0.02300000,0.79406150,0.22427461,0.77561705
283.12199998,0.01473733,0.01653424,0.01800000,0.79535197,0.23573273,0.73524858
283.22200012,0.01975954,0.01224951,0.01600000,0.82141076,0.23300958,0.71080696
283.32200003,0.02473566,0.00129111,0.01000000,0.81385526,0.22898101,0.72556550
283.42200017,0.01702908,0.00866374,0.01090000,0.80117426,0.23037955,0.74287258
283.52200007,0.00860958,0.01294161,0.01200000,0.78096011,0.23331237,0.73989839
283.62199998,0.00217870,0.01569883,0.01100000,0.74439598,0.23450366,0.72053643
283.72200012,0.01138855,0.01182163,0.01800000,0.75451722,0.22777860,0.73815079
283.82200003,0.01792237,0.00164885,0.02590000,0.78661240,0.22772075,0.75130581
283.92300010,0.01909815,0.00158457,0.03400000,0.77612733,0.21913601,0.77354747
284.02300000,0.02010995,0.00570612,0.04290000,0.76223970,0.22666980,0.78631415
284.12300014,0.02772214,0.00148415,0.04090000,0.76248955,0.22563878,0.77009462
284.22300005,0.01562390,0.00401667,0.04990000,0.75812649,0.22736303,0.80152512
284.32300019,0.01011413,0.00806438,0.05090000,0.74325447,0.22789568,0.75227349
284.42300010,0.03543715,0.00808506,0.06790000,0.78876198,0.23190830,0.77258507
284.52300000,0.02974170,0.01715579,0.06090000,0.78159088,0.25491386,0.75728710
284.62300014,0.03528902,0.02661438,0.03890000,0.78928437,0.27260041,0.74462568
284.72300005,0.02946574,0.02748873,0.03580000,0.78689893,0.26700841,0.72759889
284.82300019,0.02849836,0.01885108,0.03490000,0.79058046,0.25575374,0.74552290
284.92300010,0.02237490,0.01710830,0.03190000,0.77091419,0.24770608,0.75638216
285.02300000,0.01206807,0.01608669,0.02890000,0.74742847,0.24861021,0.72840473
285.12300014,0.00803885,0.01770387,0.04290000,0.72687739,0.24860351,0.77249855
285.22399998,0.01823772,0.01193506,0.04790000,0.77864454,0.23444429,0.74698238
285.32400012,0.02741981,0.01448323,0.03980000,0.77828132,0.25194729,0.73786715
285.42400002,0.01528780,0.01886169,0.02290000,0.71786953,0.25026208,0.67015836
285.52400017,0.02001108,0.01529335,0.02890000,0.73822056,0.24073956,0.71092427
285.62400007,0.02462897,0.01518103,0.03690000,0.76996332,0.23814969,0.74836086
285.72399998,0.01770516,0.01495651,0.03400000,0.78591686,0.24251468,0.74568710
285.82400012,0.01355269,0.01350462,0.03190000,0.77710961,0.24618625,0.74852919
285.92400002,0.01500072,0.01153249,0.02400000,0.77772958,0.23264677,0.70326142
286.02400017,0.01090492,0.00947643,0.01800000,0.78527903,0.22356048,0.71137216
286.12400007,0.01226703,0.00755381,0.01290000,0.81014608,0.22447853,0.70951053
286.22399998,0.01040669,0.00435325,0.01100000,0.80776670,0.22446596,0.72967875
286.32400012,0.00742101,0.00041059,0.00800000,0.81380731,0.22110471,0.71771007
286.42400002,0.00529727,0.00370255,0.00600000,0.83812304,0.21719372,0.71659359
286.52500010,0.00135505,0.00506200,0.00200000,0.84774567,0.22626233,0.73475759
286.62500000,0.00085839,0.00671291,0.00500000,0.79829541,0.23098534,0.71829519
286.72500014,0.00207426,0.00609159,0.00300000,0.82539299,0.23584494,0.71936745
286.82500005,0.00503050,0.00623491,0.00000000,0.81609491,0.23418772,0.70285758
286.92500019,0.00656787,0.00229851,0.00300000,0.83645685,0.22424886,0.70491844
287.02500010,0.00209967,0.00183614,0.00200000,0.82883290,0.23257318,0.70502713
287.12500000,0.00451626,0.00568009,0.00600000,0.82660205,0.23664783,0.70642764
287.22500014,0.00104768,0.01154047,0.00500000,0.83107633,0.23964352,0.70649549
287.32500005,0.00001417,0.01605521,0.00890000,0.82693534,0.25490122,0.71118267
287.42500019,0.00113290,0.01615322,0.00800000,0.78153998,0.25700657,0.73998761
287.52500010,0.00101692,0.01418788,0.01190000,0.82599967,0.25273849,0.72618463
287.62500000,0.00415408,0.01188123,0.00390000,0.84198838,0.24020667,0.72169245
287.72500014,0.00631175,0.00999259,0.00000000,0.82694977,0.23199888,0.69379896
287.82599998,0.00642059,0.01099391,0.00600000,0.85406441,0.23474416,0.71467809
287.92600012,0.00288118,0.01112649,0.00400000,0.82039077,0.24901580,0.70363724
288.02600002,0.00584999,0.01073581,0.00500000,0.83467034,0.25152908,0.70891101
288.12600017,0.01108650,0.00812278,0.00400000,0.86411486,0.24524405,0.71895373
288.22600007,0.00742722,0.00596460,0.00500000,0.84377862,0.24700899,0.69226857
288.32599998,0.00646286,0.00290025,0.02400000,0.85714563,0.23728043,0.72027330
288.42600012,0.00871002,0.00573895,0.02400000,0.89079224,0.23691176,0.74695847
288.52600002,0.01328136,0.01039353,0.02110000,0.94191507,0.24687125,0.74812958
288.62600017,0.01457894,0.00994709,0.02300000,0.95838076,0.25160810,0.75942153
288.72600007,0.01506291,0.00887631,0.01710000,0.92943587,0.25367696,0.72497174
288.82599998,0.01400346,0.00827001,0.02110000,0.91237608,0.25609792,0.72137743
288.92600012,0.00969502,0.00646039,0.02600000,0.90430195,0.24857354,0.76330399
289.02600002,0.00745037,0.00635783,0.02610000,0.84514702,0.24693329,0.73644135
289.12700009,0.00379983,0.00805365,0.03310000,0.83619702,0.24917037,0.73780663
289.22700000,0.01057047,0.01146278,0.03010000,0.87738062,0.25845082,0.74926997
289.32700014,0.01297186,0.01664485,0.03310000,0.89378971,0.25987722,0.77287739
289.42700005,0.00996695,0.01912590,0.03010000,0.90298928,0.26671916,0.77973341
289.52700019,0.00201432,0.01966704,0.02700000,0.85164739,0.28011351,0.70242863
289.62700009,0.00193233,0.01860715,0.02900000,0.84959248,0.27251594,0.72677670
289.72700000,0.00645573,0.00813225,0.03500000,0.89482532,0.24929810,0.75765187
289.82700014,0.01012311,0.00792734,0.03500000,0.93036180,0.24383040,0.77346869
289.92700005,0.00087692,0.00697789,0.03300000,0.88886227,0.24458128,0.79226906
290.02700019,0.00197074,0.00394540,0.03000000,0.86997884,0.24160698,0.73227913
290.12700009,0.00200805,0.00403829,0.03600000,0.87754128,0.23440365,0.79260715
290.22700000,0.00252157,0.00241696,0.03500000,0.87272467,0.22614512,0.80877397
290.32700014,0.00417137,0.00508917,0.03700000,0.86788449,0.22830191,0.80823508
290.42799997,0.00234770,0.00487220,0.03200000,0.85562664,0.22836932,0.75157033
290.52800012,0.00605017,0.00701751,0.03600000,0.89444082,0.23084020,0.79117617
290.62800002,0.00837766,0.00767756,0.03210000,0.87443805,0.23470611,0.76494664
290.72800016,0.00966853,0.00844154,0.02910000,0.85874425,0.23102058,0.76589441
290.82800007,0.00792207,0.01154733,0.02710000,0.85599485,0.24615775,0.78178712
290.92799997,0.00788918,0.00755783,0.03600000,0.84065600,0.22522187,0.80651291
291.02800012,0.00909357,0.00889927,0.03310000,0.85840570,0.23143932,0.81720509
291.12800002,0.00724560,0.00966392,0.03510000,0.85906405,0.22752051,0.80509320
291.22800016,0.00662207,0.01208670,0.02900000,0.85230380,0.23369181,0.81479406
291.32800007,0.00578274,0.01189285,0.03610000,0.83022944,0.23550696,0.79382766
291.42799997,0.01049496,0.01308266,0.03100000,0.79340397,0.24665349,0.77308774
291.52800012,0.01296528,0.00989705,0.03400000,0.79303417,0.24365811,0.73609276
291.62800002,0.01077061,0.00799087,0.03300000,0.76867194,0.24365610,0.72926734
291.72900009,0.00858568,0.00532316,0.03210000,0.76502851,0.22478105,0.73718277
291.82900000,0.00973086,0.00002011,0.03210000,0.76872103,0.22446147,0.72689707
291.92900014,0.00668549,0.00319753,0.02800000,0.76942405,0.22355038,0.73223607
292.02900004,0.00731988,0.00454195,0.02900000,0.74770338,0.22688263,0.73446222
292.12900019,0.00969755,0.00768944,0.03100000,0.74610024,0.24485892,0.74094876
292.22900009,0.01080302,0.00684797,0.03510000,0.77514095,0.22964097,0.73889049
292.32900000,0.01232881,0.00499003,0.03610000,0.76161859,0.24095240,0.72765785
292.42900014,0.01191951,0.00134736,0.04010000,0.75083431,0.23478893,0.68963465
292.52900004,0.01444583,0.00300798,0.03710000,0.76247644,0.23571724,0.70221318
292.62900019,0.01805536,0.00519460,0.03310000,0.77224207,0.22989026,0.71021167
292.72900009,0.01908859,0.00141270,0.03810000,0.78301847,0.22517291,0.72041364
292.82900000,0.01856333,0.00064256,0.04210000,0.78462597,0.22202918,0.70569876
292.93000007,0.01859806,0.00074988,0.04410000,0.78396765,0.22639721,0.75408744
293.02999997,0.01946448,0.00179836,0.04510000,0.78388524,0.22476639,0.74041829
293.13000011,0.02171706,0.00227360,0.04310000,0.80361894,0.22842949,0.75608362
293.23000002,0.02390643,0.00050258,0.04110000,0.79359628,0.23013835,0.69154033
293.33000016,0.02590125,0.00043054,0.04110000,0.82822190,0.22969777,0.67053579
293.43000007,0.02216938,0.00284408,0.03810000,0.81440431,0.23039737,0.65816739
293.52999997,0.02490972,0.00214374,0.03810000,0.83348520,0.23504213,0.66213798
293.63000011,0.02062833,0.00192930,0.04110000,0.80153896,0.23619702,0.67032673
293.73000002,0.02044425,0.00499126,0.04210000,0.76189499,0.24584702,0.66441468
293.83000016,0.02132386,0.00600441,0.04210000,0.80144448,0.24888162,0.64781699
293.93000007,0.01924012,0.00633307,0.04010000,0.75350591,0.25336716,0.65427791
294.02999997,0.01883154,0.00313416,0.03910000,0.77190813,0.24736656,0.62598161
294.13000011,0.01890523,0.00478773,0.03810000,0.76523806,0.25837871,0.61616949
294.23100019,0.02011832,0.00106916,0.03910000,0.72929377,0.24054026,0.62842999
294.33100009,0.02225278,0.00042887,0.03710000,0.79231858,0.23628732,0.62902991
294.43099999,0.02158367,0.00038093,0.03710000,0.74466873,0.23225841,0.65604584
294.53100014,0.02183518,0.00125092,0.03610000,0.78663662,0.22810651,0.68696417
294.63100004,0.02435875,0.00107298,0.03510000,0.82952584,0.22728998,0.69141830
294.73100019,0.02108197,0.00675653,0.03710000,0.78751567,0.23818992,0.68680809
294.83100009,0.02380631,0.00627931,0.03610000,0.84468993,0.24457483,0.69799106
294.93099999,0.02308027,0.00452341,0.03510000,0.81698311,0.24679933,0.70859823
295.03100014,0.02198105,0.00422060,0.03310000,0.75641963,0.24623642,0.69867866
295.13100004,0.02055392,0.00286291,0.03210000,0.76410931,0.23695863,0.72577602
295.23100019,0.02058590,0.00241676,0.03310000,0.76447172,0.23861349,0.74874251
295.33100009,0.02177125,0.00214306,0.03310000,0.74155328,0.24527097,0.74262363
295.43099999,0.02214016,0.00512868,0.03510000,0.77209998,0.25138604,0.71630628
295.53200006,0.02196782,0.00628211,0.03210000,0.76896488,0.25530968,0.72465177
295.63199997,0.01988133,0.00411496,0.03210000,0.76884706,0.25383602,0.72250038
295.73200011,0.01901216,0.00122792,0.03410000,0.80167446,0.24197780,0.71756736
295.83200002,0.02036635,0.00110083,0.03410000,0.79651389,0.24562863,0.72263439
295.93200016,0.01879261,0.00008802,0.03810000,0.78979793,0.24673487,0.73985096
296.03200006,0.01909832,0.00065122,0.03810000,0.78253821,0.24110718,0.75324872
296.13199997,0.02002867,0.00080765,0.03710000,0.77245607,0.24556834,0.76768234
296.23200011,0.01826662,0.00099522,0.03610000,0.76646620,0.24435901,0.73331258
296.33200002,0.01941377,0.00062896,0.03710000,0.78936915,0.24536967,0.76847881
296.43200016,0.02029966,0.00015449,0.03710000,0.75662891,0.24850096,0.76217658
296.53200006,0.02127171,0.00089675,0.03710000,0.78019708,0.24797539,0.77841819
296.63199997,0.02241261,0.00180134,0.03710000,0.77572418,0.24614679,0.77868260
296.73200011,0.02102921,0.00061034,0.03810000,0.78453998,0.24225997,0.77318860
296.83200002,0.01480572,0.00361671,0.03710000,0.75885390,0.24984501,0.76711380
296.93300009,0.01658377,0.00320600,0.03510000,0.77243101,0.24256571,0.78524597
297.03299999,0.01756206,0.00269331,0.03510000,0.76905992,0.24168626,0.77521821
297.13300014,0.01778786,0.00454776,0.03710000,0.75975457,0.25480220,0.77453725
297.23300004,0.01923445,0.00438245,0.03910000,0.75779370,0.25852422,0.77716282
297.33300018,0.01907188,0.00477424,0.03810000,0.79993284,0.26448134,0.75629356
297.43300009,0.01774617,0.00575531,0.03410000,0.77015672,0.26705919,0.74452845
297.53299999,0.01885508,0.00529679,0.03410000,0.76940842,0.27104943,0.76280162
297.63300014,0.01500377,0.00147877,0.03710000,0.76215947,0.25728688,0.74977285
297.73300004,0.01608699,0.00200469,0.03710000,0.76083831,0.25772182,0.74104772
297.83300018,0.01790597,0.00352507,0.03510000,0.76767638,0.26850664,0.74616520
297.93300009,0.01708055,0.00440736,0.03910000,0.74424881,0.27093052,0.73276779
298.03299999,0.01680332,0.00452201,0.03810000,0.74418929,0.26750023,0.73939695
298.13400006,0.01704581,0.00301503,0.03710000,0.76118769,0.26844485,0.75091069
298.23399997,0.01803036,0.00304075,0.03510000,0.75235395,0.25223368,0.73807228
298.33400011,0.01810254,0.00766407,0.03510000,0.77337497,0.26797592,0.73315477
298.43400002,0.01773295,0.00781682,0.03410000,0.78532835,0.26584477,0.73524436
298.53400016,0.01859384,0.00518835,0.03710000,0.76724551,0.26081129,0.78849206
298.63400006,0.01880017,0.00856584,0.03710000,0.77469050,0.26980340,0.78850948
298.73399997,0.01897797,0.01108948,0.03710000,0.75134785,0.26922389,0.77165730
298.83400011,0.02023700,0.00916209,0.03710000,0.75817086,0.26605523,0.79345392
298.93400002,0.01904889,0.00759735,0.03810000,0.75962542,0.26120380,0.76063173
299.03400016,0.01903715,0.00338187,0.03910000,0.76288441,0.24513431,0.74916148
299.13400006,0.01895448,0.00265854,0.03710000,0.75514311,0.24009086,0.71859864
299.23399997,0.01802064,0.00380219,0.03710000,0.76671728,0.23269965,0.71356698
299.33500004,0.01941928,0.00430598,0.03910000,0.77117110,0.23556278,0.72731299
299.43500018,0.01739247,0.00568523,0.03810000,0.76088431,0.24494577,0.72666104
299.53500009,0.01579654,0.00418084,0.03910000,0.78944187,0.22542163,0.73460012
299.63499999,0.01667618,0.00316781,0.03910000,0.80078301,0.23215294,0.71988306
299.73500013,0.01685474,0.00255298,0.03910000,0.81127678,0.23276247,0.71996135
299.83500004,0.01608973,0.00384323,0.03810000,0.79498063,0.23195190,0.74929043
299.93500018,0.01572984,0.00323451,0.03710000,0.79803337,0.23349171,0.74329661
300.03500009,0.01582223,0.00319639,0.03810000,0.79020274,0.23658017,0.75500134
300.13499999,0.01622662,0.00443584,0.03810000,0.78496846,0.23320027,0.74731273
300.23500013,0.01766698,0.00373201,0.03910000,0.76962243,0.22544515,0.76866391
300.33500004,0.01739947,0.00308521,0.03910000,0.77524321,0.21684623,0.75431883
300.43500018,0.01709027,0.00364592,0.03910000,0.76302007,0.21426193,0.78472021
300.53500009,0.01730007,0.00572341,0.03710000,0.78412701,0.22607644,0.78270681
300.63600016,0.01810882,0.00820248,0.03810000,0.79933149,0.21954328,0.79241688
300.73600006,0.01763080,0.00861655,0.03810000,0.79072919,0.21187222,0.79492482
300.83600020,0.01581251,0.00395784,0.03910000,0.78514713,0.19289097,0.80314152
300.93600011,0.01493709,0.00053243,0.04110000,0.78262402,0.17903350,0.80271219
301.03600001,0.01398523,0.00307789,0.03910000,0.80826555,0.17284737,0.79067493
301.13600016,0.01421801,0.00382336,0.03910000,0.81625967,0.16648408,0.78261784
301.23600006,0.01565487,0.00322723,0.03910000,0.81401089,0.16408247,0.78113907
301.33600020,0.01484889,0.00386788,0.03910000,0.81144615,0.17837317,0.80157449
301.43600011,0.01590014,0.00289579,0.04010000,0.79854518,0.16813506,0.79968519
301.53600001,0.01639692,0.00169442,0.04210000,0.76837345,0.16684313,0.79008162
301.63600016,0.01533245,0.00060494,0.03910000,0.76904266,0.17130181,0.77385161
301.73600006,0.01582922,0.00059640,0.03710000,0.75493870,0.16651419,0.77768510
301.83600020,0.01602030,0.00105835,0.03810000,0.74142500,0.17169216,0.77494009
301.93700004,0.01657476,0.00082907,0.03810000,0.73082388,0.16746929,0.76592822
302.03700018,0.01734876,0.00191584,0.04010000,0.74158998,0.17341667,0.79616076
302.13700008,0.01713822,0.00297682,0.03910000,0.72430268,0.16675131,0.79798375
302.23699999,0.01924344,0.00675944,0.03910000,0.74682401,0.18975311,0.79096624
302.33700013,0.01944428,0.00645986,0.04010000,0.75999468,0.19270355,0.77463436
302.43700004,0.01882313,0.00574281,0.04210000,0.74963142,0.18637011,0.80265652
302.53700018,0.01682627,0.00169898,0.04010000,0.72607987,0.17508463,0.78714378
302.63700008,0.01613842,0.00003559,0.04110000,0.71879897,0.17902192,0.78581399
302.73699999,0.01646361,0.00074809,0.04310000,0.68723147,0.17304660,0.79097702
302.83700013,0.01754332,0.00107786,0.04210000,0.66431824,0.16679695,0.76097786
302.93700004,0.01838402,0.00311089,0.04310000,0.67241416,0.17159784,0.72668292
303.03700018,0.01744743,0.00241603,0.04410000,0.66023161,0.16872338,0.72009538
303.13700008,0.01665044,0.00415243,0.04310000,0.68579897,0.17475004,0.71195884
303.23800015,0.01687697,0.00286845,0.04310000,0.68629241,0.17432179,0.71491186
303.33800006,0.01948045,0.00157541,0.04410000,0.71394477,0.17830685,0.70780699
303.43800020,0.01932411,0.00250572,0.04310000,0.70971299,0.18823007,0.74615218
303.53800011,0.01778787,0.00454772,0.04110000,0.69559408,0.21325174,0.69711584
303.63800001,0.01680330,0.00452208,0.04010000,0.69065618,0.20949556,0.67969707
303.73800015,0.01715696,0.00459226,0.03910000,0.69125006,0.21173890,0.68741880
303.83800006,0.01842773,0.00688033,0.03910000,0.64292709,0.21279017,0.68708830
303.93800020,0.01876265,0.00533507,0.03810000,0.63734626,0.21544482,0.68935119
304.03800011,0.01729109,0.00334639,0.03810000,0.64352460,0.20796921,0.67429801
304.13800001,0.01636974,0.00556700,0.03610000,0.60055007,0.22653446,0.67330825
304.23800015,0.01677135,0.00496807,0.03610000,0.59610359,0.23052240,0.64987717
304.33800006,0.01805534,0.00519467,0.03610000,0.59926710,0.22638294,0.63538390
304.43800020,0.01798240,0.00370989,0.03710000,0.58926872,0.21442783,0.60663604
304.53900003,0.01680607,0.00636051,0.03710000,0.59177772,0.22937370,0.61225758
304.63900018,0.01723617,0.00661548,0.03710000,0.60928294,0.22542853,0.61205790
304.73900008,0.01695543,0.00803016,0.03810000,0.57037198,0.22433720,0.59808667
304.83899999,0.01850417,0.00706512,0.03710000,0.57524082,0.22775532,0.61072456
304.93900013,0.01919972,0.00299008,0.03810000,0.59731450,0.21680037,0.60854571
305.03900003,0.01999671,0.00125367,0.04210000,0.58220131,0.21636541,0.63159524
305.13900018,0.01912331,0.00280514,0.04010000,0.58131737,0.21637651,0.63853945
305.23900008,0.01887804,0.00247376,0.04010000,0.60729256,0.22392832,0.64542396
305.33899999,0.01734876,0.00191584,0.03910000,0.61050693,0.22034156,0.66973474
305.43900013,0.01712225,0.00319978,0.03810000,0.60866703,0.22015138,0.68239587
305.53900003,0.01762875,0.00363967,0.03910000,0.60105344,0.22283239,0.66800652
305.63900018,0.01762876,0.00363960,0.03810000,0.61804466,0.22691239,0.65762241
305.74000001,0.01735778,0.00429272,0.04010000,0.58972750,0.22245137,0.67196968
305.84000015,0.01744393,0.00371610,0.04010000,0.58925600,0.22735177,0.67474986
305.94000006,0.01543387,0.00173371,0.03910000,0.59119299,0.23243609,0.71529609
306.04000020,0.01537618,0.00316433,0.03910000,0.61020732,0.23503816,0.71437745
306.14000010,0.01535047,0.00414888,0.03910000,0.60848605,0.22993655,0.71207379
306.24000001,0.01655180,0.00365210,0.03810000,0.61234908,0.22879986,0.70209175
306.34000015,0.01596536,0.00432752,0.03810000,0.62231453,0.23001737,0.69473293
306.44000006,0.01654205,0.00441368,0.03810000,0.59814430,0.22767213,0.69473343
306.54000020,0.01671366,0.00639873,0.03810000,0.58584054,0.24157501,0.67124183
306.64000010,0.01577358,0.00700387,0.03710000,0.58423646,0.23601308,0.70607811
306.74000001,0.01590072,0.00835806,0.03710000,0.57106485,0.24067349,0.71334123
306.84000015,0.01675466,0.00832955,0.04010000,0.57026516,0.24497925,0.69989993
306.94000006,0.01649410,0.00508279,0.04210000,0.60201162,0.23816832,0.72726529
307.04100013,0.01684778,0.00515290,0.04210000,0.59840786,0.24560120,0.72980018
307.14100003,0.01556725,0.00362638,0.04110000,0.62031963,0.24592754,0.75632452
307.24100018,0.01536369,0.00208737,0.04010000,0.63386808,0.24830042,0.75818740
307.34100008,0.01531574,0.00275647,0.04010000,0.64106949,0.25027869,0.76884686
307.44099998,0.01438464,0.00573866,0.04110000,0.62110925,0.26561884,0.79356750
307.54100013,0.01344179,0.00450535,0.04110000,0.64583066,0.24399407,0.79791734
307.64100003,0.01350850,0.00545163,0.04110000,0.64064415,0.25991758,0.81619727
307.74100018,0.01315281,0.00040451,0.04110000,0.62214371,0.25055728,0.84059195
307.84100008,0.01318754,0.00179691,0.04210000,0.67320692,0.25635674,0.87007020
307.94099998,0.01424155,0.00460742,0.04010000,0.65426572,0.26636962,0.85398456
308.04100013,0.01516839,0.00606382,0.04010000,0.63115153,0.25770767,0.86630144
308.14100003,0.01586599,0.00696565,0.03910000,0.63744549,0.26129725,0.84263117
308.24100018,0.01618142,0.00694345,0.04010000,0.62771268,0.25965118,0.81075818
308.34200001,0.01497106,0.00506334,0.03810000,0.60971748,0.26045230,0.81082154
308.44200015,0.01446109,0.00592342,0.03910000,0.60083169,0.26616687,0.79053168
308.54200006,0.01375655,0.00762151,0.03810000,0.58160150,0.27053427,0.79512061
308.64200020,0.01463890,0.00844705,0.03710000,0.60786892,0.26455927,0.78632047
308.74200010,0.01564566,0.00878824,0.03610000,0.61527173,0.26150700,0.79126401
308.84200001,0.01566168,0.00856514,0.03810000,0.62713812,0.26315116,0.77881528
308.94200015,0.01385592,0.00498333,0.03810000,0.63227932,0.25712105,0.77686992
309.04200006,0.01304994,0.00434271,0.03810000,0.64871822,0.25239648,0.75800637
309.14200020,0.01323474,0.00426634,0.03810000,0.65947385,0.25163937,0.77153551
309.24200010,0.01289432,0.00213459,0.03610000,0.68279226,0.24065034,0.78367417
309.34200001,0.01340083,0.00257447,0.03710000,0.67674764,0.24406995,0.79777926
309.44200015,0.01297351,0.00415789,0.03510000,0.69449365,0.25527799,0.78123650
309.54200006,0.01342583,0.00472833,0.03710000,0.70992104,0.25859818,0.78104028
309.64300013,0.01327645,0.00305873,0.03610000,0.73592167,0.24076945,0.76807718
309.74300003,0.01410539,0.00087635,0.03510000,0.74382157,0.23081600,0.77094083
309.84300017,0.01419780,0.00083811,0.03610000,0.72540396,0.22880322,0.78275271
309.94300008,0.01376147,0.00004468,0.03310000,0.69721673,0.22225629,0.75897601
310.04299998,0.01443333,0.00193102,0.03210000,0.68949065,0.22388188,0.72470013
310.14300013,0.01437289,0.00152314,0.03410000,0.69466006,0.21693625,0.72650776
310.24300003,0.01454172,0.00166984,0.03310000,0.67658961,0.20984296,0.70154715
310.34300017,0.01412413,0.00249179,0.03210000,0.71055540,0.20685300,0.71535062
310.44300008,0.01194522,0.00036281,0.03210000,0.71399528,0.20112869,0.72270155
310.54299998,0.01001158,0.00143469,0.03210000,0.72416165,0.21011791,0.70568326
310.64300013,0.01130808,0.00013121,0.03210000,0.73803990,0.21443409,0.68591005
310.74300003,0.01240728,0.00017172,0.03210000,0.73872127,0.21790314,0.66422632
310.84400010,0.01249969,0.00013355,0.03110000,0.75088889,0.21401649,0.62418690
310.94400001,0.01170969,0.00073014,0.03010000,0.72084447,0.21023423,0.58386733
311.04400015,0.01212380,0.00025205,0.03010000,0.75512324,0.21046925,0.58941800
311.14400005,0.01243924,0.00027433,0.03110000,0.77370930,0.21848272,0.59226821
311.24400020,0.01261709,0.00224923,0.03210000,0.81186912,0.21339420,0.60078890
311.34400010,0.01190629,0.00340887,0.03210000,0.83365624,0.22784305,0.63172604
311.44400001,0.01156862,0.00311561,0.03110000,0.82892380,0.22147698,0.62578737
311.54400015,0.01089674,0.00122923,0.03110000,0.81525008,0.19927123,0.65362956
311.64400005,0.01179237,0.00000683,0.03110000,0.80393558,0.19486776,0.65205838
311.74400020,0.01300344,0.00126513,0.03210000,0.78714829,0.20087326,0.67093247
311.84400010,0.01257335,0.00152015,0.03310000,0.77082067,0.19594229,0.65732513
311.94400001,0.01279710,0.00464264,0.03410000,0.76277415,0.21579813,0.67815276
312.04400015,0.01289504,0.00100390,0.03510000,0.77636968,0.20409245,0.68707760
312.14499998,0.01234059,0.00077455,0.03210000,0.76146032,0.19952261,0.68342318
312.24500012,0.01308888,0.00129665,0.03210000,0.76694416,0.19181816,0.69818698
312.34500003,0.01461816,0.00185457,0.03210000,0.77116902,0.19503089,0.70190731
312.44500017,0.01770520,0.00382439,0.03610000,0.81238158,0.20708993,0.70075130
312.54500008,0.01546860,0.00312608,0.03410000,0.75324836,0.20738514,0.73632244
312.64499998,0.01584449,0.00351171,0.03610000,0.74035593,0.21052503,0.75024513
312.74500012,0.01436940,0.00282316,0.03310000,0.74369612,0.21795640,0.74259475
312.84500003,0.01552904,0.00353397,0.03410000,0.75786888,0.22347861,0.73491327
312.94500017,0.01569512,0.00184207,0.03410000,0.78302178,0.21064307,0.70899379
313.04500008,0.01623083,0.00000265,0.03610000,0.81413508,0.21740917,0.72040014
313.14499998,0.01676931,0.00000890,0.03610000,0.86154898,0.21279462,0.72502938
313.24500012,0.01526503,0.00158714,0.03610000,0.80397378,0.21643368,0.71030771
313.34500003,0.01425825,0.00124594,0.03610000,0.77514638,0.21720566,0.71627536
313.44500017,0.01497181,0.00192478,0.03710000,0.76140697,0.21602284,0.68852100
313.54500008,0.01654556,0.00311359,0.03810000,0.79378500,0.23089235,0.68973792
313.64600015,0.01628431,0.00300519,0.03710000,0.76571812,0.22713434,0.71514137
313.74600005,0.01446879,0.00018493,0.03610000,0.74349266,0.20512546,0.73375627
313.84600019,0.01390183,0.00066274,0.03710000,0.76301786,0.20738069,0.75317608
313.94600010,0.01394353,0.00187030,0.03710000,0.75973012,0.21060449,0.77038364
314.04600000,0.01415683,0.00109281,0.03610000,0.77449764,0.21082599,0.79195833
314.14600015,0.01345852,0.00114377,0.03610000,0.74507419,0.21276306,0.78794337
314.24600005,0.01434093,0.00196921,0.03710000,0.73372492,0.20615296,0.78777215
314.34600019,0.01508021,0.00166350,0.03710000,0.71935458,0.20580295,0.76938439
314.44600010,0.01539914,0.00034127,0.03610000,0.72077600,0.20348833,0.74951430
314.54600000,0.01329040,0.00214131,0.03710000,0.72956351,0.21967419,0.75448782
314.64700007,0.01344675,0.00307164,0.03610000,0.72579235,0.23283647,0.72797074
314.74699998,0.01430692,0.00256166,0.03810000,0.76228573,0.24165657,0.73056853
314.84700012,0.01509691,0.00169801,0.03610000,0.78321944,0.23010656,0.71138056
314.94700003,0.01420754,0.00007654,0.03510000,0.78418046,0.22685516,0.72021745
315.04700017,0.01335710,0.00119492,0.03510000,0.80226510,0.22483474,0.73985859
315.14700007,0.01341754,0.00078709,0.03310000,0.76457492,0.22148572,0.71216864
315.24699998,0.01540887,0.00042021,0.03510000,0.75663420,0.23196975,0.70685638
315.34700012,0.01412138,0.00065326,0.03310000,0.72665109,0.23452591,0.69297170
315.44700003,0.01361835,0.00108658,0.03310000,0.70821356,0.23003276,0.68882697
315.54700017,0.01271721,0.00352741,0.03510000,0.70533401,0.23904330,0.68584676
315.64700007,0.01118791,0.00408541,0.03410000,0.68744397,0.24059432,0.66403487
315.74699998,0.01128032,0.00412363,0.03310000,0.71759059,0.23689651,0.65604124
315.84700012,0.01113997,0.00341631,0.03010000,0.70838973,0.22967507,0.66933388
315.94800019,0.01185353,0.00273747,0.02910000,0.70180158,0.23137314,0.67126817
316.04800010,0.01141371,0.00223096,0.03010000,0.71098753,0.22961290,0.71271174
316.14800000,0.01184381,0.00197591,0.03110000,0.68547664,0.22972087,0.68996939
316.24800014,0.01272621,0.00115051,0.03110000,0.70651859,0.21769291,0.69605888
316.34800005,0.01233085,0.00001311,0.03110000,0.72523956,0.21558608,0.71082691
316.44800019,0.01364334,0.00106736,0.03010000,0.76145015,0.21748933,0.70404969
316.54800010,0.01397825,0.00047792,0.03210000,0.75494596,0.22391570,0.76132905
316.64800000,0.01477798,0.00037581,0.03310000,0.76078498,0.22094843,0.74844555
316.74800014,0.01366630,0.00175563,0.03310000,0.75203352,0.22456425,0.71661255
316.84800005,0.01289228,0.00284236,0.03210000,0.74976034,0.24163346,0.71137017
316.94800019,0.01294576,0.00016549,0.03110000,0.75763416,0.22663948,0.71180688
317.04800010,0.01352870,0.00079011,0.03010000,0.74583464,0.22343610,0.71444282
317.14800000,0.01239406,0.00223323,0.03010000,0.74915134,0.23328255,0.69967688
317.24900007,0.01225994,0.00347908,0.02910000,0.78187627,0.22793976,0.72550347
317.34899998,0.01350922,0.00231319,0.03110000,0.77295682,0.22638491,0.71585331
317.44900012,0.01566315,0.00228817,0.03210000,0.78726099,0.22876082,0.72709643
317.54900002,0.01371977,0.00125216,0.03310000,0.75986196,0.21165551,0.73541731
317.64900017,0.01198692,0.00084480,0.03310000,0.75479744,0.21152765,0.74498611
317.74900007,0.00997686,0.00282708,0.03110000,0.77246042,0.22281562,0.75483942
317.84899998,0.01090372,0.00137074,0.03110000,0.77472123,0.20124108,0.78074901
317.94900012,0.01182782,0.00175287,0.03110000,0.76893722,0.20292955,0.77725968
318.04900002,0.01369478,0.00090168,0.03110000,0.74973073,0.20268990,0.78414756
318.14900017,0.01388585,0.00043962,0.03310000,0.71136556,0.20738317,0.76814956
318.24900007,0.01377745,0.00017840,0.03210000,0.75312526,0.20843970,0.78433685
318.34899998,0.01424924,0.00113099,0.03110000,0.77870906,0.20354106,0.78406196
318.44900012,0.01282762,0.00118831,0.03210000,0.78883849,0.21237049,0.77712354
318.55000019,0.01278243,0.00369589,0.03110000,0.80459053,0.23322385,0.76974648
318.65000010,0.01448403,0.00310046,0.03010000,0.80831871,0.23996001,0.80525261
318.75000000,0.01457020,0.00252376,0.02910000,0.82661248,0.23582654,0.79908908
318.85000014,0.01310137,0.00237364,0.03010000,0.80788632,0.22909555,0.80845157
318.95000005,0.01210781,0.00002901,0.03110000,0.78770422,0.21118245,0.82145848
319.05000019,0.01272621,0.00115043,0.03110000,0.78850483,0.21977085,0.82014848
319.15000010,0.01372950,0.00049073,0.03110000,0.79118427,0.22102869,0.80020068
319.25000000,0.01454521,0.00036984,0.03210000,0.79974337,0.21552211,0.79950903
319.35000014,0.01304790,0.00063421,0.03010000,0.77086051,0.21388912,0.78596617
319.45000005,0.01297148,0.00081903,0.03210000,0.77502163,0.21654364,0.79873990
319.55000019,0.01446180,0.00278501,0.03110000,0.73378504,0.23261166,0.80441157
319.65000010,0.01365509,0.00528285,0.03210000,0.73725155,0.23248282,0.76023672
319.75100017,0.01238431,0.00299482,0.03110000,0.71417450,0.22881048,0.76983099
319.85100007,0.01357243,0.00455953,0.03210000,0.68535077,0.22753914,0.78023707
319.95099998,0.01293877,0.00276553,0.03210000,0.69257975,0.22555046,0.78231414
320.05100012,0.01288531,0.00024234,0.03210000,0.67055390,0.20735530,0.75553821
320.15100002,0.01191050,0.00102955,0.03010000,0.68360743,0.20736224,0.75893916
320.25100017,0.01155335,0.00020027,0.03010000,0.69337476,0.21531346,0.76662872
320.35100007,0.01213004,0.00028643,0.03010000,0.66028008,0.22476428,0.73597840
320.45099998,0.01145745,0.00153845,0.03210000,0.68015011,0.22217766,0.72022046
320.55100012,0.01189727,0.00103194,0.03210000,0.66095337,0.22888615,0.71699293
320.65100002,0.00888042,0.00129155,0.03010000,0.66693118,0.23608005,0.73007108
320.75100017,0.01083703,0.00231705,0.03110000,0.67319278,0.24217513,0.71215060
320.85100007,0.01151863,0.00119214,0.03010000,0.66703851,0.23169542,0.68841021
320.95099998,0.01173266,0.00355311,0.03210000,0.66527645,0.25176223,0.66342154
321.05200005,0.01046463,0.00400269,0.03210000,0.66255386,0.24437720,0.67691191
321.15200019,0.01069391,0.00344823,0.03410000,0.69909669,0.24787070,0.69297557
321.25200009,0.01060775,0.00287152,0.03310000,0.74659549,0.24527769,0.67632906
321.35200000,0.01024785,0.00348018,0.03210000,0.72314487,0.23976729,0.68777650
321.45200014,0.01035900,0.00190295,0.03210000,0.70947378,0.22925312,0.67340485
321.55200005,0.01153461,0.00141517,0.03310000,0.71258930,0.22075994,0.69143767
321.65200019,0.01210781,0.00002904,0.03110000,0.68862827,0.22080817,0.70852357
321.75200009,0.01194522,0.00036284,0.02810000,0.67196801,0.21883598,0.66199914
321.85200000,0.01078559,0.00034797,0.02910000,0.66500323,0.22423297,0.66771434
321.95200014,0.01271923,0.00144953,0.03210000,0.66774180,0.22836053,0.64776903
322.05200005,0.01117121,0.00072389,0.03110000,0.66922397,0.23427377,0.60479037
322.15200019,0.01136577,0.00156183,0.03210000,0.63469088,0.22337791,0.59217143
322.25200009,0.01374273,0.00157081,0.03210000,0.63736788,0.22088816,0.60085767
322.35300016,0.01184380,0.00197596,0.03310000,0.64076569,0.22358288,0.62026672
322.45300007,0.01134281,0.00126117,0.03210000,0.66841911,0.23390210,0.62846606
322.55299997,0.01072791,0.00108260,0.03110000,0.65404955,0.22555271,0.64491319
322.65300012,0.01231762,0.00204848,0.03210000,0.69357633,0.22505929,0.65721547
322.75300002,0.01383993,0.00520637,0.03210000,0.70305080,0.23716220,0.67266529
322.85300016,0.01334593,0.00584348,0.03510000,0.73115362,0.24052868,0.68300254
322.95300007,0.01274422,0.00360345,0.03510000,0.75927497,0.21902134,0.66438322
323.05299997,0.01368781,0.00169823,0.03610000,0.74588619,0.21686870,0.69213242
323.15300012,0.01299370,0.00050364,0.03710000,0.75219718,0.21641357,0.70231557
323.25300002,0.01450075,0.00026111,0.03610000,0.74360095,0.21816148,0.67776746
323.35300016,0.01381218,0.00121397,0.03610000,0.72371347,0.21474331,0.68624932
323.45300007,0.01329942,0.00023564,0.03610000,0.72773845,0.20793919,0.69605771
323.55400014,0.01421655,0.00245350,0.03410000,0.75146623,0.21444244,0.70558291
323.65400004,0.01505726,0.00448653,0.03510000,0.76117438,0.22008809,0.70042437
323.75400019,0.01181387,0.00344711,0.03410000,0.75421192,0.20539631,0.70049522
323.85400009,0.01411716,0.00509173,0.03510000,0.77710029,0.22200453,0.70177258
323.95400000,0.01499681,0.00407870,0.03610000,0.77251234,0.21814310,0.74201106
324.05400014,0.01399003,0.00373753,0.03610000,0.81890280,0.20158409,0.74368245
324.15400004,0.01535949,0.00652580,0.03410000,0.85542944,0.22722406,0.74507940
324.25400019,0.01600909,0.00809685,0.03310000,0.84878170,0.22963548,0.72674720
324.35400009,0.01399280,0.00557598,0.03410000,0.78198522,0.22409750,0.75712713
324.45400000,0.01531153,0.00719494,0.03210000,0.79409092,0.22456540,0.74254716
324.55400014,0.01569018,0.00941904,0.03210000,0.83885998,0.22871704,0.77456893
324.65400004,0.01723197,0.01105392,0.03210000,0.83843033,0.23616662,0.78067572
324.75400019,0.01746474,0.01030838,0.03310000,0.84788098,0.23297864,0.75832937
324.85500002,0.01545466,0.00832607,0.03310000,0.84563900,0.23447660,0.74113708
324.95500016,0.01555681,0.00752634,0.03310000,0.83996233,0.23338283,0.75781793
325.05500007,0.01151093,0.00454627,0.03010000,0.81066748,0.22927997,0.74465380
325.15499997,0.01290958,0.00505003,0.03010000,0.81814018,0.22263906,0.77964847
325.25500011,0.01385592,0.00498331,0.02910000,0.85676859,0.23520855,0.79066467
325.35500002,0.01208138,0.00409393,0.02910000,0.84862922,0.23764496,0.78505435
325.45500016,0.01068416,0.00268676,0.03110000,0.86567817,0.22371558,0.78513986
325.55500007,0.01141023,0.00093091,0.02910000,0.86657314,0.21086648,0.80528592
325.65499997,0.01250666,0.00246649,0.03010000,0.89043915,0.21860956,0.75284896
325.75500011,0.01298469,0.00288059,0.03110000,0.88273100,0.22120008,0.73921350
325.85500002,0.01059175,0.00264855,0.03110000,0.87176429,0.21913396,0.74269664
325.95500016,0.01257335,0.00152015,0.03210000,0.87562175,0.22536213,0.74865774
326.05500007,0.01171246,0.00110832,0.03110000,0.85646744,0.23064937,0.75972897
326.15600014,0.01104959,0.00159890,0.03010000,0.86276372,0.23541971,0.73964673
326.25600004,0.01324173,0.00166629,0.03110000,0.85319013,0.24401113,0.73870793
326.35600019,0.01252817,0.00098745,0.03210000,0.87463728,0.24302592,0.75728682
326.45600009,0.01189031,0.00363188,0.03310000,0.87757666,0.25004713,0.74178485
326.55599999,0.01110031,0.00276822,0.03210000,0.89696879,0.24835765,0.75145298
326.65600014,0.01255039,0.00130292,0.03310000,0.91013860,0.24753913,0.77949568
326.75600004,0.01168469,0.00288408,0.03310000,0.87943054,0.25798791,0.78090377
326.85600019,0.00929525,0.00395201,0.03210000,0.87394940,0.27193176,0.76465845
326.95600009,0.00948007,0.00402844,0.03310000,0.87005590,0.27862623,0.77090197
327.05599999,0.01124764,0.00053909,0.03210000,0.87662353,0.26059455,0.75239807
327.15600014,0.01217451,0.00091725,0.03210000,0.82226018,0.25591878,0.74478876
327.25600004,0.01344253,0.00136686,0.03110000,0.83226713,0.24799812,0.74995467
327.35700011,0.01290406,0.00137307,0.03110000,0.83644317,0.24695451,0.74410472
327.45700002,0.01197370,0.00121673,0.03110000,0.83845442,0.24185488,0.73200892
327.55700016,0.01161031,0.00190807,0.03110000,0.83362839,0.24575287,0.74758100
327.65700006,0.01248370,0.00035654,0.03110000,0.81343784,0.23447144,0.74824399
327.75699997,0.01196194,0.00299867,0.03010000,0.82265161,0.23325341,0.71975132
327.85700011,0.01069390,0.00344827,0.03110000,0.82576446,0.25154984,0.76463034
327.95700002,0.00966192,0.00280309,0.03010000,0.83908103,0.22308435,0.79007225
328.05700016,0.01024086,0.00088023,0.03110000,0.83353849,0.22437160,0.79685741
328.15700006,0.01206335,0.00065998,0.03110000,0.83450637,0.22833202,0.84623417
328.25699997,0.01085228,0.00059832,0.03210000,0.84967621,0.23236718,0.86084680
328.35700011,0.01131085,0.00170724,0.02810000,0.81755508,0.22877253,0.86332032
328.45700002,0.00923058,0.00008026,0.03010000,0.81229750,0.22849805,0.85404270
328.55700016,0.00953354,0.00102055,0.03010000,0.80507798,0.22570624,0.85123716
328.65799999,0.01114788,0.00210114,0.02810000,0.78241785,0.22885238,0.82276405
328.75800014,0.00959327,0.00252572,0.03210000,0.74947334,0.22241718,0.81847655
328.85800004,0.01152692,0.00432322,0.03210000,0.73288546,0.23584365,0.81655447
328.95800018,0.01049481,0.00183004,0.03110000,0.73355985,0.22008221,0.78705153
329.05800009,0.01151165,0.00140783,0.03010000,0.72573622,0.21659984,0.77505182
329.15799999,0.01045067,0.00119726,0.03110000,0.73610602,0.22020936,0.78674106
329.25800014,0.01220882,0.00231187,0.03010000,0.73547699,0.22032042,0.78711784
329.35800004,0.01146948,0.00261745,0.03110000,0.74518115,0.21883996,0.77024982
329.45800018,0.01266156,0.00288010,0.03110000,0.73901404,0.21816159,0.81254764
329.55800009,0.01436143,0.00542579,0.03210000,0.78506916,0.20548812,0.79774912
329.65799999,0.01399176,0.00557858,0.02910000,0.76693386,0.20506700,0.80171193
329.75800014,0.01243852,0.00286414,0.02510000,0.69457943,0.19481433,0.78542350
329.85800004,0.01033587,0.00092189,0.02910000,0.71317124,0.17728741,0.80099509
329.95900011,0.01102342,0.00258540,0.02710000,0.72562411,0.19025527,0.80694080
330.05900002,0.01083906,0.00265983,0.03110000,0.71901855,0.18686244,0.82427773
330.15900016,0.01318963,0.00363781,0.03110000,0.73328465,0.18574200,0.83275324
330.25900006,0.01208192,0.00095765,0.03010000,0.71186159,0.17396814,0.82971078
330.35899997,0.01410539,0.00087629,0.02810000,0.76217058,0.16694161,0.82116373
330.45900011,0.01288907,0.00154005,0.03110000,0.71522164,0.16165916,0.85548981
330.55900002,0.01119068,0.00224694,0.03210000,0.70967801,0.16390961,0.85675704
330.65900016,0.01228712,0.00378242,0.03010000,0.72531833,0.18572819,0.84424959
330.75900006,0.00990097,0.00301010,0.03210000,0.75582347,0.19520223,0.86187848
330.85899997,0.01053131,0.00305638,0.03110000,0.72984052,0.19848552,0.89598550
330.95900011,0.01093568,0.00181683,0.03110000,0.75383914,0.17547217,0.87019985
331.05900002,0.01129953,0.00250614,0.03110000,0.76033158,0.18683612,0.89006337
331.15900016,0.01250666,0.00246649,0.03010000,0.79076263,0.17784117,0.88835188
331.25999999,0.01218773,0.00114421,0.02910000,0.76257951,0.18268936,0.84642096
331.36000013,0.01062671,0.00125419,0.03010000,0.76038900,0.18837282,0.83243751
331.46000004,0.01320976,0.00211241,0.03010000,0.75324843,0.18189961,0.83852755
331.56000018,0.01378646,0.00219850,0.02810000,0.74820506,0.18738702,0.84603138
331.66000009,0.01363571,0.00366980,0.02810000,0.73010071,0.20334280,0.85889950
331.75999999,0.01162005,0.00114653,0.02810000,0.73521008,0.18391638,0.85588009
331.86000013,0.01212999,0.00028861,0.02610000,0.74114405,0.18586160,0.88254495
331.96000004,0.01194516,0.00036500,0.02610000,0.76011835,0.18414373,0.89989092
332.06000018,0.01195147,0.00090129,0.02710000,0.79561353,0.18569040,0.92408036
332.16000009,0.01117746,0.00018541,0.03010000,0.80428668,0.19070419,0.92189880
332.25999999,0.01379221,0.00273950,0.02810000,0.80108816,0.19457735,0.93210387
332.36000013,0.01128836,0.00139389,0.03110000,0.79334781,0.19146684,0.93012052
332.46000004,0.01086691,0.00351572,0.02910000,0.79003161,0.21396586,0.94490748
332.56100011,0.01000811,0.00013284,0.03110000,0.78610298,0.19998294,0.92017086
332.66100001,0.01015194,0.00214201,0.03110000,0.78761318,0.21487100,0.93172564
332.76100016,0.01217563,0.00221902,0.03410000,0.79778615,0.22223064,0.92240411
332.86100006,0.01235433,0.00283384,0.03510000,0.80553662,0.23088469,0.91405171
332.96100020,0.01447248,0.00111235,0.03110000,0.81105836,0.22738999,0.92126864
333.06100011,0.01200925,0.00052713,0.03210000,0.78780296,0.22824380,0.92522574
333.16100001,0.01165803,0.00124113,0.03110000,0.77491469,0.23131973,0.92022952
333.26100016,0.00822871,0.00341588,0.03210000,0.77540366,0.24557975,0.90338363
333.36100006,0.00972585,0.00442016,0.02910000,0.76694456,0.24754595,0.91043703
333.46100020,0.01004501,0.00309803,0.02810000,0.74974124,0.25902677,0.91288597
333.56100011,0.01121440,0.00304749,0.03410000,0.75458833,0.24860242,0.91670000
333.66100001,0.01407802,0.00500193,0.03210000,0.76224035,0.26331797,0.88696883
333.76200008,0.01211268,0.00365008,0.03510000,0.75081116,0.25131936,0.87589194
333.86199999,0.01233913,0.00550234,0.03210000,0.73732659,0.24227315,0.85154816
333.96200013,0.00938206,0.00358844,0.03410000,0.73733488,0.23655916,0.83407176
334.06200004,0.00900011,0.00266423,0.03410000,0.71036505,0.22307427,0.85814175
334.16200018,0.01541007,0.00455956,0.03410000,0.73466192,0.22701213,0.83119191
334.26200008,0.01584011,0.00481464,0.03410000,0.71585316,0.22947369,0.81164870
334.36199999,0.01341510,0.00549228,0.03710000,0.69327286,0.22611135,0.82970303
334.46200013,0.01618390,0.00564636,0.03410000,0.72948892,0.21548740,0.82846956
334.56200004,0.01411625,0.00509426,0.03610000,0.70903875,0.22126635,0.83861717
334.66200018,0.01424686,0.00514848,0.03610000,0.71989252,0.21348015,0.84415400
334.76200008,0.01559118,0.00578316,0.03610000,0.77258902,0.21576298,0.84441820
334.86199999,0.01469048,0.00334214,0.03510000,0.71947077,0.22095985,0.85015017
334.96200013,0.01195425,0.00273971,0.03510000,0.72399779,0.20870049,0.85665727
335.06300020,0.01024716,0.00034004,0.03200000,0.73227535,0.20595590,0.82037883
335.16300011,0.01126254,0.00237806,0.03100000,0.70954314,0.20674777,0.85015055
335.26300001,0.01346452,0.00168429,0.03200000,0.70745721,0.19452725,0.86758133
335.36300015,0.01264999,0.00133336,0.03410000,0.72087149,0.19080224,0.86952277
335.46300006,0.01319463,0.00080108,0.03400000,0.74204863,0.18358936,0.86296329
335.56300020,0.01289323,0.00283809,0.03300000,0.72923676,0.18782530,0.87249378
335.66300011,0.01211174,0.00132505,0.03300000,0.73736221,0.18411303,0.88264878
335.76300001,0.01297175,0.00081474,0.03100000,0.73034312,0.18747272,0.90573645
335.86300015,0.01163374,0.00090893,0.03400000,0.73922315,0.17781260,0.89655189
335.96300006,0.01186870,0.00018409,0.03700000,0.72862108,0.17510362,0.92130631
336.06300020,0.01252308,0.00229621,0.03800000,0.72845585,0.17800618,0.91042429
336.16300011,0.01312171,0.00269826,0.03700000,0.74889175,0.17302035,0.92361770
336.26400018,0.01375756,0.00319681,0.03910000,0.75024469,0.17430364,0.89652741
336.36400008,0.01466529,0.00304125,0.03710000,0.75279904,0.17571925,0.91832760
336.46399999,0.01420795,0.00377284,0.04000000,0.78792200,0.17213848,0.90753662
336.56400013,0.01254337,0.00261989,0.04210000,0.80131689,0.16274944,0.90957086
336.66400003,0.01274417,0.00232294,0.04000000,0.79115270,0.16371100,0.86956123
336.76400018,0.01298818,0.00265840,0.03900000,0.81907332,0.16574229,0.89271699
336.86400008,0.01351320,0.00709390,0.03500000,0.80821141,0.18166939,0.92772647
336.96399999,0.01495891,0.00693405,0.03610000,0.82428797,0.18385683,0.91455995
337.06400013,0.01225525,0.00588464,0.03800000,0.83095173,0.18244389,0.93809842
337.16400003,0.01517337,0.00220201,0.04010000,0.84029209,0.16491592,0.89863858
337.26400018,0.01474237,0.00227215,0.04510000,0.86072398,0.17721661,0.87054081
337.36400008,0.01401887,0.00219117,0.04200000,0.84972547,0.18002134,0.86300308
337.46399999,0.01629682,0.00085650,0.04610000,0.83309365,0.17678767,0.89959321
337.56500006,0.01090037,0.00004508,0.04700000,0.81713240,0.18089535,0.89827724
337.66500020,0.01165349,0.00294891,0.05200000,0.81722484,0.17639517,0.85104088
337.76500010,0.01270718,0.00143792,0.04610000,0.80434475,0.17623941,0.84275050
337.86500001,0.01410653,0.00276692,0.04710000,0.80070894,0.17506699,0.84949258
337.96500015,0.01669704,0.00222014,0.04810000,0.81084972,0.17289678,0.86983870
338.06500006,0.01801856,0.00254194,0.05110000,0.86263560,0.17601678,0.87684727
338.16500020,0.01675660,0.00262800,0.03510000,0.80048082,0.17227730,0.84479749
338.26500010,0.01805656,0.00263448,0.03410000,0.79666214,0.17157794,0.81335580
338.36500001,0.01862293,0.00164511,0.03710000,0.87103687,0.18095516,0.82870833
338.46500015,0.01978499,0.00290417,0.04400000,0.86653242,0.18117204,0.83678808
338.56500006,0.01248986,0.00330656,0.03900000,0.80023713,0.18416367,0.81713232
338.66500020,0.00907791,0.00395115,0.03710000,0.77093502,0.18311603,0.80533427
338.76500010,0.00823087,0.00505795,0.04400000,0.76412734,0.18416139,0.79601486
338.86600018,0.01298728,0.00084295,0.04910000,0.78044374,0.17411588,0.82256762
338.96600008,0.01540214,0.00093494,0.04700000,0.77887631,0.18349377,0.82327558
339.06599998,0.01514967,0.00428223,0.03200000,0.77576439,0.18787479,0.74686180
339.16600013,0.01683648,0.00684272,0.02110000,0.78340595,0.20124426,0.71565478
339.26600003,0.01750923,0.00743216,0.01910000,0.77161656,0.20429483,0.68442461
339.36600018,0.01816106,0.00770622,0.02410000,0.76197100,0.19982152,0.71969786
339.46600008,0.01912131,0.01034677,0.01810000,0.71973679,0.20193088,0.69647423
339.56599998,0.01502523,0.00640722,0.03710000,0.68798005,0.19176208,0.73329119
339.66600013,0.01597386,0.00688736,0.03610000,0.70289274,0.20247185,0.74815517
339.76600003,0.01632590,0.00696241,0.04010000,0.69794308,0.20928075,0.74096436
339.86600018,0.01675626,0.00776129,0.04810000,0.69104577,0.21106698,0.79514170
339.96600008,0.02056720,0.00546171,0.05310000,0.72205646,0.21461691,0.76979601
340.06599998,0.01360130,0.00160144,0.04710000,0.69714671,0.21411048,0.76943884
340.16700006,0.01077818,0.00156229,0.04300000,0.69990844,0.21270820,0.73073515
340.26700020,0.01288703,0.00383857,0.04100000,0.70504414,0.22254771,0.73149828
340.36700010,0.01544087,0.00615056,0.04100000,0.70090290,0.22455790,0.77224914
340.46700001,0.01560642,0.01029366,0.03400000,0.69166045,0.22927757,0.73622490
340.56700015,0.01672360,0.01146173,0.03100000,0.69490249,0.23062223,0.76487431
340.66700006,0.01863580,0.01274350,0.03010000,0.72683560,0.22904546,0.76766506
340.76700020,0.01774967,0.01482967,0.02510000,0.72974334,0.25130464,0.80102090
340.86700010,0.02150554,0.01611589,0.02110000,0.75464078,0.25247569,0.79262734
340.96700001,0.01850881,0.01032298,0.03010000,0.77694861,0.23186100,0.77628672
341.06700015,0.02108790,0.00389363,0.03900000,0.79445715,0.22617263,0.80886944
341.16700006,0.02445650,0.00608932,0.04200000,0.78945735,0.22614449,0.82158159
341.26700020,0.02394895,0.01071903,0.03510000,0.77715112,0.23506112,0.81247817
341.36800003,0.01873320,0.01304328,0.02900000,0.78665098,0.24377421,0.77238458
341.46800017,0.01900582,0.01131808,0.03110000,0.74553820,0.23877024,0.76230519
341.56800008,0.02436650,0.00937676,0.03310000,0.74132421,0.23715232,0.75545172
341.66799998,0.02939388,0.00767917,0.03010000,0.78255030,0.23352369,0.77662399
341.76800013,0.02814097,0.00431109,0.02700000,0.83034525,0.23472224,0.79762356
341.86800003,0.03057153,0.00311631,0.02610000,0.82448394,0.23433984,0.77556006
341.96800017,0.03139173,0.00407055,0.01410000,0.84095657,0.24113092,0.79113918
342.06800008,0.01925383,0.00658330,0.00700000,0.79308833,0.23437949,0.78606547
342.16799998,0.02522242,0.00989340,0.00310000,0.79674299,0.23998415,0.76794579
342.26800013,0.02586191,0.01254360,0.02910000,0.78072709,0.24305148,0.80366885
342.36800003,0.02770721,0.01308437,0.03710000,0.79820668,0.24653701,0.86272169
342.46800017,0.02797033,0.01608821,0.03520000,0.80417511,0.25352050,0.85733025
342.56800008,0.03567817,0.01964988,0.03310000,0.90036649,0.27057974,0.84489341
342.66900015,0.03358652,0.02459096,0.02310000,0.91891382,0.26974831,0.80638615
342.76900005,0.03649704,0.02534356,0.02310000,0.89433814,0.26763876,0.81312476
342.86900020,0.03917240,0.03028816,0.03120000,0.89894617,0.26764128,0.90377517
342.96900010,0.03457296,0.03484265,0.02520000,0.86187225,0.27885534,0.85648183
343.06900001,0.03232095,0.03347964,0.01320000,0.85698756,0.28012992,0.85546583
343.16900015,0.03150732,0.02504773,0.01410000,0.85738443,0.26892025,0.85214790
343.26900005,0.03467001,0.02537322,0.01520000,0.85486922,0.27222860,0.88445538
343.36900020,0.03378112,0.02930676,0.00610000,0.85968443,0.27409478,0.88681626
343.46900010,0.03364097,0.02654779,0.00710000,0.86395040,0.26870327,0.89197227
343.56900001,0.02742444,0.02455036,0.01020000,0.88395399,0.26726703,0.88082334
343.66900015,0.02199465,0.02341976,0.01110000,0.83791873,0.26971916,0.86200365
343.76900005,0.02411503,0.02384943,0.01120000,0.80599763,0.27426934,0.85391164
343.86900020,0.02275648,0.02451678,0.01620000,0.82782395,0.26727151,0.83002465
343.97000003,0.02498023,0.02686034,0.02020000,0.81097801,0.26801624,0.83985423
344.07000017,0.01944059,0.00661463,0.02100000,0.78400622,0.23573970,0.85173851
344.17000008,0.01944547,0.02955628,0.01710000,0.78144290,0.26556943,0.85201477
344.26999998,0.02372766,0.03300618,0.01920000,0.77254510,0.27017320,0.85063447
344.37000012,0.02388535,0.00361942,0.02310000,0.76309121,0.22945121,0.86039312
344.47000003,0.02435232,0.03492083,0.02210000,0.75615316,0.26747038,0.84161568
344.57000017,0.02099564,0.00327308,0.01310000,0.76811598,0.22207065,0.80737910
344.67000008,0.02281161,0.03459596,0.01320000,0.77275113,0.25875988,0.79761778
344.76999998,0.02647371,0.03476266,0.01410000,0.83137250,0.26715901,0.79431530
344.87000012,0.02578669,0.00235513,0.02210000,0.80217463,0.21531568,0.79157124
344.97000003,0.02511484,0.03824624,0.02620000,0.81615761,0.26184775,0.80963053
345.07000017,0.01880326,0.00192024,0.02900000,0.75286246,0.20628047,0.81599446
345.17000008,0.02026507,0.03362405,0.02820000,0.73585720,0.25394985,0.81363147
345.27100015,0.01826865,0.00379822,0.02310000,0.73668075,0.20847021,0.82486709
345.37100005,0.01400369,0.00758528,0.02500000,0.73724068,0.21043668,0.82923957
345.47100019,0.01408506,0.00738181,0.02600000,0.73221292,0.20967668,0.83253057
345.57100010,0.01454711,0.00646773,0.03000000,0.73730102,0.20686019,0.84599161
345.67100000,0.01331052,0.00662042,0.03000000,0.70394348,0.19878128,0.83692044
345.77100015,0.01115687,0.00888675,0.03300000,0.68936975,0.20414852,0.80697308
345.87100005,0.01241432,0.00924849,0.04200000,0.70668314,0.20220103,0.84369977
345.97100019,0.01080937,0.01065727,0.04000000,0.72996740,0.20444976,0.82311528
346.07100010,0.00957493,0.00996899,0.03200000,0.73379252,0.19472414,0.77595518
346.17100000,0.00808797,0.01133290,0.03600000,0.71126520,0.18797125,0.77784852
346.27100015,0.00893650,0.00909885,0.04600000,0.70803680,0.18796340,0.84481949
346.37100005,0.00598926,0.01118833,0.04700000,0.71411769,0.19558515,0.82487971
346.47200012,0.00423516,0.01127224,0.04700000,0.69512290,0.19550377,0.82689613
346.57200003,0.00174673,0.01353510,0.04200000,0.69184785,0.20797822,0.81289879
346.67200017,0.00092617,0.01258023,0.04090000,0.67924719,0.20172924,0.82702375
346.77200007,0.01179411,0.01466114,0.03690000,0.66686854,0.19728552,0.75765755
346.87199998,0.01146527,0.01543624,0.03800000,0.68448354,0.19548475,0.74880225
346.97200012,0.01082978,0.01587973,0.03700000,0.67188374,0.19386715,0.77320206
347.07200003,0.01170741,0.00897644,0.04400000,0.67232114,0.17504234,0.79505110
347.17200017,0.01307409,0.00527998,0.04700000,0.67713617,0.17579540,0.78395575
347.27200007,0.01022259,0.00353534,0.04200000,0.63884995,0.17531651,0.72898592
347.37199998,0.00945155,0.00305258,0.03910000,0.66835235,0.17110975,0.71272414
347.47200012,0.01311779,0.00182309,0.03900000,0.66773498,0.17247469,0.69110412
347.57200003,0.01237213,0.00667984,0.03900000,0.64065135,0.18273963,0.68908748
347.67200017,0.01467993,0.00611143,0.04400000,0.63451515,0.18207853,0.70978916
347.77300000,0.01254776,0.00450040,0.04400000,0.64531261,0.18566252,0.71147523
347.87300014,0.01195405,0.00387822,0.04500000,0.66180148,0.18303935,0.68017723
347.97300005,0.01766235,0.00150049,0.03710000,0.70888330,0.18300647,0.65882986
348.07300019,0.01569257,0.00073699,0.03810000,0.64813984,0.18494427,0.64128123
348.17300010,0.01297689,0.00001812,0.04310000,0.67365489,0.18409863,0.60108065
348.27300000,0.01219288,0.00068096,0.04310000,0.67455362,0.18744648,0.63626491
348.37300014,0.01244619,0.00022854,0.04310000,0.68311631,0.18805048,0.65626442
348.47300005,0.00637745,0.00068420,0.04500000,0.68361498,0.19531797,0.64431144
348.57300019,0.00220132,0.00190635,0.03900000,0.67545696,0.19481224,0.62403849
348.67300010,0.00026733,0.00343781,0.04000000,0.68237819,0.19681182,0.59381491
348.77300000,0.00028127,0.00340601,0.03700000,0.67206908,0.20242555,0.61208355
348.87300014,0.00291187,0.00504490,0.04010000,0.66285039,0.20818780,0.64131265
348.97300005,0.01160016,0.00426218,0.03300000,0.64805305,0.20668048,0.61006026
349.07400012,0.01341787,0.00010370,0.03700000,0.65762299,0.19653180,0.61401574
349.17400002,0.01655032,0.00106628,0.03600000,0.66194391,0.19834768,0.57143534
349.27400017,0.01931332,0.00189882,0.03600000,0.73585295,0.20080823,0.57480827
349.37400007,0.01843953,0.00133557,0.03990000,0.72556858,0.20265612,0.58443206
349.47399998,0.01758851,0.00065153,0.04100000,0.71399895,0.19356538,0.59984676
349.57400012,0.02024259,0.00299456,0.03990000,0.72734883,0.19017802,0.58954370
349.67400002,0.02073477,0.00087139,0.04000000,0.73054519,0.19121946,0.60557150
349.77400017,0.02432225,0.00084756,0.03690000,0.74978933,0.19929681,0.59819366
349.87400007,0.02821214,0.00057001,0.03590000,0.75734392,0.19942745,0.61614084
349.97399998,0.02767972,0.00280770,0.03390000,0.73924061,0.20680974,0.61799591
350.07400012,0.02403950,0.00105473,0.04500000,0.72655374,0.21456245,0.62280219
350.17400002,0.02551546,0.00010722,0.05000000,0.71661692,0.22156425,0.69458106
350.27400017,0.02663115,0.00028645,0.05100000,0.70860476,0.21603011,0.72275012
350.37500000,0.02297833,0.00235933,0.04190000,0.72953018,0.22363921,0.66216843
350.47500014,0.02301267,0.00458442,0.04100000,0.70906501,0.23356477,0.64533009
350.57500005,0.02234989,0.00223663,0.04590000,0.72455546,0.21920937,0.66083368
350.67500019,0.02268819,0.00430650,0.04100000,0.76353235,0.22443752,0.66872336
350.77500010,0.02029902,0.00486311,0.03590000,0.76377247,0.22481701,0.65204049
350.87500000,0.01890415,0.00202068,0.03790000,0.78270958,0.20801368,0.63986533
350.97500014,0.01901850,0.00171945,0.03700000,0.76710382,0.20767432,0.66075199
351.07500005,0.01606982,0.00010399,0.03900000,0.76776494,0.20612097,0.68831770
351.17500019,0.01546453,0.00038505,0.03900000,0.78413275,0.20252267,0.70921636
351.27500010,0.01881976,0.00412147,0.03500000,0.75377096,0.22014759,0.70861077
351.37500000,0.01981441,0.00484141,0.03300000,0.75456333,0.21287497,0.66162296
351.47500014,0.01862812,0.00654165,0.03090000,0.76330666,0.21567810,0.64496426
351.57599998,0.01469853,0.00454239,0.03490000,0.75843625,0.21082919,0.65608196
351.67600012,0.00601233,0.00250039,0.04600000,0.71275602,0.19768593,0.68466559
351.77600002,0.00700691,0.00281303,0.04400000,0.69624340,0.19762069,0.69699650
351.87600017,0.00731255,0.00398831,0.04300000,0.74124065,0.20982186,0.66973662
351.97600007,0.00828107,0.00451927,0.04400000,0.76547394,0.20570469,0.65038460
352.07599998,0.00835483,0.00205350,0.03700000,0.75614482,0.18756495,0.65547164
352.17600012,0.01046839,0.00429684,0.03500000,0.75619961,0.20924984,0.65071586
352.27600002,0.00775571,0.00621844,0.03700000,0.75004078,0.20914662,0.68585443
352.37600017,0.00855998,0.00590989,0.03800000,0.71856027,0.21835503,0.68692467
352.47600007,0.00774362,0.00152524,0.03700000,0.76519150,0.20407360,0.69265786
352.57599998,0.00558954,0.00266216,0.03900000,0.77926413,0.20924204,0.67330184
352.67600012,0.00569625,0.00248047,0.04000000,0.78618055,0.21216966,0.66809194
352.77600002,0.00859386,0.00311216,0.03900000,0.80646249,0.21387944,0.66854349
352.87700009,0.00981744,0.00378258,0.03700000,0.82257399,0.22077654,0.68533427
352.97700000,0.00816921,0.00333378,0.04000000,0.81840889,0.20797154,0.66398173
353.07700014,0.01124792,0.00061185,0.04300000,0.86604237,0.20722665,0.68121937
353.17700005,0.01292806,0.00093557,0.04290000,0.87251630,0.19903445,0.68177055
353.27700019,0.00973174,0.00097117,0.04200000,0.85121811,0.19204567,0.68346704
353.37700009,0.00588579,0.00182413,0.03700000,0.86308883,0.19944624,0.67029873
353.47700000,0.00423246,0.00085805,0.03600000,0.84174322,0.19485266,0.68021148
353.57700014,0.00384847,0.00075453,0.04300000,0.84484535,0.20344073,0.69663018
353.67700005,0.00563604,0.00331135,0.04500000,0.85936263,0.20338045,0.68955320
353.77700019,0.00713488,0.00453360,0.04500000,0.82979391,0.21001661,0.69065786
353.87700009,0.00580024,0.00866067,0.04400000,0.82389733,0.23111901,0.71094569
353.97700000,0.00585004,0.00897925,0.04300000,0.80646116,0.23283636,0.70180515
354.07700014,0.00012815,0.00641277,0.04400000,0.82217419,0.23194275,0.71762079
354.17799997,0.00116227,0.00561953,0.04500000,0.81965840,0.22057077,0.72085939
354.27800012,0.00086745,0.00452742,0.04300000,0.81377662,0.22198513,0.70675082
354.37800002,0.00169779,0.00317608,0.04500000,0.81270611,0.22694476,0.72120899
354.47800016,0.00323262,0.00425795,0.04600000,0.83645191,0.23327573,0.74928232
354.57800007,0.00322604,0.00080165,0.04300000,0.83299262,0.22957910,0.74201671
354.67799997,0.00471580,0.00141817,0.04300000,0.84814378,0.23197284,0.75024024
354.77800012,0.00486879,0.00276675,0.04200000,0.83178505,0.23403108,0.75339414
354.87800002,0.00152064,0.00258798,0.04200000,0.83924424,0.23718949,0.75107827
354.97800016,0.00236531,0.00272127,0.04300000,0.81252361,0.24208906,0.76417503
355.07800007,0.00487827,0.00252240,0.04390000,0.81246169,0.24204928,0.79823198
355.17799997,0.00331708,0.00179917,0.04700000,0.85585495,0.24452752,0.80608104
355.27800012,0.00076470,0.00094617,0.04600000,0.84168007,0.24825081,0.80198580
355.37900019,0.00283577,0.00412897,0.04900000,0.84020498,0.25551584,0.84587499
355.47900009,0.00265109,0.00425344,0.04900000,0.85154455,0.25403234,0.84957502
355.57900000,0.00532134,0.00461014,0.04800000,0.89171640,0.24469395,0.77317575
355.67900014,0.00550542,0.00184130,0.04500000,0.88509869,0.24239094,0.77473110
355.77900004,0.00388223,0.00207322,0.04500000,0.84346421,0.24373597,0.80549755
355.87900019,0.00272418,0.00076083,0.04700000,0.81196625,0.23858660,0.80174473
355.97900009,0.00196705,0.00084304,0.04700000,0.80485740,0.24093117,0.75978948
356.07900000,0.00143078,0.00539193,0.05100000,0.79185608,0.24324785,0.82832290
356.17900014,0.00210087,0.00880491,0.05300000,0.80897990,0.25573821,0.81491546
356.27900004,0.00133940,0.01027502,0.05310000,0.78836758,0.26138934,0.79309977
356.37900019,0.00053070,0.00982438,0.05500000,0.79013515,0.26007201,0.79288583
356.47900009,0.00082919,0.01150967,0.05100000,0.78087246,0.25316875,0.77066725
356.57900000,0.00031128,0.01136059,0.04400000,0.78807507,0.25122539,0.71488041
356.68000007,0.00053083,0.01228895,0.04500000,0.78672122,0.25138449,0.70895027
356.77999997,0.00056883,0.01213575,0.04600000,0.77805580,0.26111010,0.79563330
356.88000011,0.00023013,0.01701608,0.04200000,0.80042025,0.26120379,0.74596650
356.98000002,0.00151062,0.01558583,0.04510000,0.79815275,0.25638745,0.79524280
357.08000016,0.00379522,0.01676563,0.04300000,0.76180619,0.25850103,0.77896252
357.18000007,0.00049927,0.01807846,0.03200000,0.73762862,0.25755735,0.76032788
357.27999997,0.00339854,0.02379390,0.02900000,0.77051826,0.26072731,0.73001776
357.38000011,0.00578652,0.00656020,0.02490000,0.75906849,0.23109908,0.73576731
357.48000002,0.00720520,0.02611389,0.02600000,0.74650615,0.25086359,0.73176685
357.58000016,0.01042525,0.00436052,0.02190000,0.76005932,0.20905108,0.72058782
357.68000007,0.01265451,0.02730354,0.02000000,0.73049301,0.23789822,0.70809358
357.77999997,0.01075641,0.02442743,0.02410000,0.71817602,0.23594642,0.71352347
357.88000011,0.01123793,0.00666325,0.02200000,0.74714148,0.20257256,0.70154241
357.98100019,0.00618057,0.00561788,0.02390000,0.72126751,0.19836648,0.70107125
358.08100009,0.00293984,0.00546693,0.02700000,0.74889831,0.19735646,0.69476302
358.18099999,0.00372831,0.00522587,0.02900000,0.74151833,0.19597286,0.67821267
358.28100014,0.00499604,0.00422960,0.02800000,0.72175637,0.19351465,0.69945471
358.38100004,0.00523785,0.00560133,0.03290000,0.72426369,0.19128121,0.71792511
358.48100019,0.00065687,0.00555594,0.03000000,0.73713418,0.19227592,0.67893976
358.58100009,0.00226530,0.00552163,0.02700000,0.76070686,0.18590999,0.66733994
358.68099999,0.00305443,0.00411467,0.02500000,0.73739574,0.19621186,0.67068563
358.78100014,0.00547674,0.00347207,0.02490000,0.72359309,0.19472095,0.68530159
358.88100004,0.00550697,0.00543446,0.03600000,0.69792446,0.19383000,0.74620800
358.98100019,0.00677265,0.00536109,0.03600000,0.69465272,0.19629793,0.71037483
359.08100009,0.00749975,0.00420045,0.03200000,0.69708002,0.20121470,0.68788645
359.18099999,0.00953609,0.00269130,0.02890000,0.73391852,0.20608987,0.68968119
359.28200006,0.00972337,0.00313943,0.02800000,0.72151738,0.20494395,0.70433336
359.38199997,0.00912038,0.00514379,0.02590000,0.75153546,0.20398162,0.71071378
359.48200011,0.01035705,0.00517121,0.02600000,0.73861642,0.21120902,0.71913401
359.58200002,0.01164099,0.00302775,0.02100000,0.71448377,0.22006538,0.70891006
359.68200016,0.01143148,0.00134952,0.01890000,0.72194372,0.22300918,0.71779411
359.78200006,0.01368080,0.00036823,0.01690000,0.70754525,0.21512698,0.75674257
359.88199997,0.01322581,0.00037139,0.01890000,0.73126901,0.21302598,0.71991731
359.98200011,0.01621934,0.00055958,0.01690000,0.78304170,0.22001472,0.72437584
360.08200002,0.01521762,0.00084505,0.01790000,0.81153706,0.22035491,0.70128908
360.18200016,0.01430413,0.00166189,0.02000000,0.79632009,0.21880169,0.68818970
360.28200006,0.01507119,0.00524874,0.02100000,0.80948811,0.22459383,0.71958853
360.38199997,0.01635797,0.00545864,0.01990000,0.83659440,0.23231678,0.71175378
360.48300004,0.01872364,0.00694012,0.01900000,0.81829009,0.23140919,0.71339220
360.58300018,0.02205798,0.00745424,0.02100000,0.84374309,0.24450313,0.72948790
360.68300009,0.02156792,0.01117474,0.01500000,0.89147120,0.26282872,0.71414338
360.78299999,0.02432930,0.01239698,0.01300000,0.93421285,0.26510750,0.71773927
360.88300014,0.02098101,0.00980240,0.01190000,0.93789678,0.25658309,0.71477846
360.98300004,0.02340460,0.01079744,0.01100000,0.90251425,0.26107686,0.73669977
361.08300018,0.01768457,0.00323357,0.01990000,0.88363918,0.23680729,0.72651795
361.18300009,0.01541567,0.00308011,0.02100000,0.80968614,0.23590418,0.75547145
361.28299999,0.01734431,0.00255044,0.01990000,0.85840528,0.23264226,0.73451482
361.38300014,0.01242908,0.00296612,0.02090000,0.80613573,0.23262846,0.73726078
361.48300004,0.00840217,0.00025217,0.02300000,0.77414536,0.22722548,0.73524301
361.58300018,0.00965831,0.00291841,0.02200000,0.76698209,0.22650624,0.74886461
361.68300009,0.01201886,0.00186737,0.01890000,0.74893121,0.22428094,0.74593434
361.78400016,0.01723044,0.00365541,0.01400000,0.77669537,0.22288728,0.75505631
361.88400006,0.01933251,0.00441181,0.01190000,0.77886353,0.22644028,0.73772358
361.98399997,0.02066415,0.01121975,0.00700000,0.80162013,0.24872191,0.69799280
362.08400011,0.01491365,0.01212407,0.01000000,0.75115730,0.24935797,0.73466617
362.18400002,0.01186944,0.01415332,0.01410000,0.72594470,0.24706020,0.70923431
362.28400016,0.01417863,0.01595671,0.01200000,0.70855223,0.24604303,0.71840205
362.38400006,0.01747829,0.02181099,0.00600000,0.76049869,0.25370183,0.69796999
362.48399997,0.02361044,0.02362387,0.00000000,0.75441139,0.26213664,0.70935464
362.58400011,0.02028784,0.01504173,0.00000000,0.75730297,0.25032639,0.72390220
362.68400002,0.01789702,0.01339017,0.00600000,0.77794736,0.24683487,0.75227900
362.78400016,0.02012387,0.01394238,0.00400000,0.77457474,0.23903545,0.74726614
362.88400006,0.01774155,0.01909286,0.00400000,0.79430511,0.24413508,0.71870208
362.98399997,0.01289240,0.01430651,0.03200000,0.72600504,0.23644189,0.78777601
363.08500004,0.01439010,0.00787242,0.03000000,0.71519424,0.21077905,0.75700560
363.18500018,0.01730719,0.00881086,0.02800000,0.72965227,0.20659735,0.71993184
363.28500009,0.01294728,0.00676595,0.03300000,0.68329334,0.20337986,0.77007833
363.38499999,0.00680654,0.00706194,0.04000000,0.67085131,0.19565619,0.76380193
363.48500013,0.00823075,0.00739289,0.03900000,0.68087505,0.19165946,0.73774142
363.58500004,0.01648128,0.00823027,0.03100000,0.77917313,0.19321622,0.70535904
363.68500018,0.02051384,0.00737513,0.02700000,0.77453236,0.18376435,0.65175401
363.78500009,0.01797252,0.00535617,0.02690000,0.73613996,0.18377757,0.64153800
363.88499999,0.00445316,0.00741008,0.03900000,0.66998930,0.18306846,0.71461913
363.98500013,0.00542246,0.00691136,0.03800000,0.65658140,0.18422905,0.71863063
364.08500004,0.00269071,0.00092201,0.03800000,0.65544716,0.17956142,0.69426340
364.18500018,0.00604308,0.00105888,0.03900000,0.64169457,0.18486724,0.70428023
364.28600001,0.00869587,0.00079492,0.03800000,0.65585010,0.18300760,0.69372867
364.38600016,0.01026155,0.00083702,0.03200000,0.64109818,0.18634349,0.71288183
364.48600006,0.01095777,0.00016506,0.03090000,0.63267904,0.19113314,0.63691991
364.58600020,0.00946332,0.00067501,0.02900000,0.61032228,0.19207311,0.62934256
364.68600011,0.00992175,0.00113527,0.02690000,0.61701011,0.19260036,0.65797172
364.78600001,0.01073231,0.00686348,0.02700000,0.60787153,0.20263000,0.65988198
364.88600016,0.01056894,0.00717967,0.02600000,0.63156674,0.20060387,0.67102276
364.98600006,0.01036507,0.00758059,0.02600000,0.63374270,0.19425864,0.68075492
365.08600020,0.01011989,0.00807018,0.02500000,0.63892821,0.19366424,0.69123447
365.18600011,0.00251981,0.01129693,0.04010000,0.64939037,0.19332797,0.74786783
365.28600001,0.00033332,0.01283701,0.04100000,0.64846569,0.18741975,0.79062627
365.38600016,0.00071252,0.01305880,0.04210000,0.65183126,0.18947476,0.79473191
365.48600006,0.00350190,0.01531622,0.03400000,0.67990670,0.19076049,0.75465795
365.58700013,0.00476795,0.01541125,0.02310000,0.66529520,0.20699478,0.74446560
365.68700004,0.00200597,0.01122391,0.02900000,0.66173896,0.18970629,0.72322875
365.78700018,0.00148056,0.00626003,0.03100000,0.66665706,0.18491047,0.71418183
365.88700008,0.00422526,0.00202661,0.03200000,0.66575777,0.18309557,0.73502042
365.98699999,0.01014913,0.00135836,0.03310000,0.68935597,0.18586307,0.72102863
366.08700013,0.00403928,0.00641438,0.03500000,0.68774427,0.18589990,0.72298019
366.18700004,0.00272560,0.01277385,0.03500000,0.69416999,0.18970232,0.74315399
366.28700018,0.00989880,0.01392350,0.03110000,0.71875270,0.20173020,0.73804149
366.38700008,0.01217472,0.01536314,0.03210000,0.72102318,0.20416394,0.75407273
366.48699999,0.01577694,0.01560731,0.03410000,0.76773811,0.20721596,0.74595579
366.58700013,0.00965213,0.01667023,0.03210000,0.71925487,0.21024666,0.77429695
366.68700004,0.01299474,0.01995136,0.03310000,0.70045520,0.22391101,0.77786345
366.78700018,0.01444764,0.02077512,0.03210000,0.72615115,0.23198755,0.79212939
366.88800001,0.01741256,0.02130969,0.03110000,0.72924474,0.24016120,0.79027677
366.98800015,0.01792130,0.02112362,0.02910000,0.72135794,0.24187035,0.77351083
367.08800006,0.01605536,0.02793001,0.02720000,0.72706896,0.24567090,0.78397062
367.18800020,0.01715609,0.02901032,0.02610000,0.74334842,0.24693905,0.77104364
367.28800011,0.02082554,0.03004242,0.02620000,0.74679213,0.24991527,0.78456846
367.38800001,0.01680247,0.02605853,0.02820000,0.71812357,0.25483694,0.78134402
367.48800015,0.01643039,0.02257105,0.02910000,0.73841708,0.24951257,0.80079557
367.58800006,0.00470219,0.02101950,0.02200000,0.68731889,0.22942237,0.79407912
367.68800020,0.00724039,0.02110703,0.02410000,0.71981853,0.23279760,0.81370532
367.78800011,0.00980455,0.01649154,0.02710000,0.71624269,0.23660557,0.80223069
367.88800001,0.00917066,0.01609966,0.03610000,0.74244468,0.23428646,0.80836820
367.98800015,0.01282258,0.01773221,0.03610000,0.74931530,0.23087559,0.79417408
368.08899999,0.01123249,0.01823379,0.03510000,0.76699612,0.24060546,0.78132818
368.18900013,0.01449199,0.01800978,0.03610000,0.80831968,0.24068295,0.79996754
368.28900003,0.01603366,0.02098504,0.03510000,0.80543504,0.25141156,0.80695616
368.38900018,0.01409151,0.02054092,0.03210000,0.77088143,0.25348871,0.78151123
368.48900008,0.01731146,0.02026261,0.03410000,0.84459702,0.25132553,0.77234023
368.58899999,0.01249107,0.01764719,0.05600000,0.76593738,0.24455324,0.84552167
368.68900013,0.01633564,0.01854850,0.05510000,0.81213012,0.24083891,0.86154755
368.78900003,0.01469897,0.01893463,0.05010000,0.77617064,0.24681108,0.85053519
368.88900018,0.01230971,0.02020126,0.04910000,0.78590006,0.24243491,0.88479978
368.98900008,0.01380087,0.02076791,0.04910000,0.81555850,0.24092801,0.87823902
369.08899999,0.01329753,0.02264566,0.04910000,0.80292350,0.23455286,0.87056744
369.18900013,0.01082716,0.02211386,0.04610000,0.80717052,0.22787774,0.87852776
369.28900003,0.01336385,0.02718543,0.03810000,0.77984803,0.25199580,0.81329891
369.39000010,0.01418148,0.01912291,0.03800000,0.78145541,0.23262600,0.79847295
369.49000001,0.01967873,0.03074618,0.03910000,0.84614642,0.25503750,0.82084990
369.59000015,0.01756221,0.01799024,0.04700000,0.83891362,0.23248301,0.81578607
369.69000006,0.01154832,0.03179680,0.05020000,0.80996510,0.25536683,0.80463756
369.79000020,0.00735135,0.02495531,0.05090000,0.80778552,0.24961176,0.83208167
369.89000010,0.00947859,0.02496811,0.04890000,0.83181494,0.24199488,0.84190144
369.99000001,0.01284444,0.03412316,0.04510000,0.81803609,0.24306105,0.83666794
370.09000015,0.01936018,0.02225856,0.04190000,0.86006963,0.21800607,0.82998056
370.19000006,0.01873569,0.04454968,0.03620000,0.86011379,0.25700183,0.74733988
370.29000020,0.01820783,0.01797234,0.03800000,0.85167664,0.22101433,0.79841315
370.39000010,0.01182067,0.01902555,0.03900000,0.79908998,0.21703107,0.78732514
370.49000001,0.01791106,0.04293173,0.03910000,0.87618379,0.24383116,0.77152256
370.59000015,0.01250140,0.02306436,0.02900000,0.83537686,0.22806114,0.68675388
370.69099998,0.00855705,0.02100064,0.02500000,0.83542924,0.22035747,0.68227262
370.79100013,0.01073721,0.02047932,0.02400000,0.83967581,0.21506554,0.66335622
370.89100003,0.01500021,0.02139354,0.02690000,0.89196816,0.22222819,0.66264147
370.99100018,0.01235413,0.02129308,0.02590000,0.81079039,0.21797363,0.66053445
371.09100008,0.00741933,0.01657207,0.01800000,0.82217889,0.20680865,0.65716533
371.19099998,0.00926064,0.01572833,0.01790000,0.81033620,0.19761152,0.65301475
371.29100013,0.01251879,0.01676096,0.01800000,0.82634387,0.19753070,0.64140457
371.39100003,0.01494223,0.01816535,0.01290000,0.85605284,0.18862241,0.63897691
371.49100018,0.01418556,0.01219056,0.01000000,0.84829161,0.18364987,0.63411775
371.59100008,0.01307356,0.00665448,0.00800000,0.80905938,0.17750636,0.61387783
371.69099998,0.01132291,0.00769947,0.01500000,0.76640671,0.18705125,0.60329623
371.79100013,0.01362282,0.00584114,0.01500000,0.83169970,0.17834910,0.58455954
371.89200020,0.01517623,0.00990616,0.01500000,0.83104997,0.17493888,0.60483556
371.99200010,0.01501507,0.00828539,0.01800000,0.80789870,0.17373312,0.57600273
372.09200001,0.00846933,0.00497700,0.01900000,0.73305307,0.16691057,0.56310363
372.19200015,0.00601899,0.00521265,0.01700000,0.70034660,0.17627178,0.57462075
372.29200006,0.00614960,0.00513444,0.01800000,0.70127901,0.17927917,0.56400166
372.39200020,0.00550890,0.01158888,0.01900000,0.74904925,0.17834130,0.58767443
372.49200010,0.00722485,0.01142854,0.01800000,0.76137498,0.17333936,0.60295242
372.59200001,0.00311476,0.01889599,0.02390000,0.73418492,0.19332272,0.63439940
372.69200015,0.00434787,0.01787501,0.02500000,0.74598561,0.18845801,0.63783920
372.79200006,0.00551547,0.01859757,0.02590000,0.74207499,0.18916182,0.66880752
372.89200020,0.00687009,0.01594998,0.02890000,0.73828573,0.18751484,0.68473547
372.99200010,0.00899246,0.01505774,0.03090000,0.74234174,0.19106640,0.66773631
373.09200001,0.01200301,0.01430062,0.03100000,0.79711703,0.19745908,0.67510418
373.19300008,0.01229947,0.01633074,0.02690000,0.79026424,0.20295380,0.66975891
373.29299998,0.01031866,0.01371624,0.02590000,0.79039016,0.19439766,0.69153717
373.39300013,0.00919383,0.00668158,0.02600000,0.77411954,0.16736380,0.69290693
373.49300003,0.01114298,0.00480355,0.02600000,0.81859181,0.16916965,0.71811660
373.59300017,0.00800131,0.00024288,0.02000000,0.74308698,0.16947846,0.70337188
373.69300008,0.01007428,0.00139958,0.02010000,0.79847015,0.17057065,0.70440781
373.79299998,0.00615868,0.00491433,0.03300000,0.76716960,0.17379489,0.76132104
373.89300013,0.00479808,0.00300473,0.03200000,0.78421911,0.17380563,0.77152758
373.99300003,0.00471834,0.00132564,0.03300000,0.78773980,0.17013814,0.76932114
374.09300017,0.00509748,0.00054381,0.02610000,0.80073825,0.17051119,0.75831460
374.19300008,0.00443114,0.00236960,0.02200000,0.78628748,0.17564687,0.72679534
374.29299998,0.00342297,0.00366105,0.01300000,0.76662312,0.17962486,0.67520498
374.39300013,0.00540881,0.00614205,0.01000000,0.75789100,0.18164485,0.68385785
374.49400020,0.00555185,0.00827206,0.00910000,0.75397453,0.18672101,0.67666430
374.59400010,0.00404505,0.00483917,0.01200000,0.73545526,0.18602910,0.69427987
374.69400001,0.00162091,0.00464141,0.02000000,0.75304325,0.18382991,0.72553874
374.79400015,0.00327683,0.00503611,0.02400000,0.75563640,0.17838438,0.78203147
374.89400005,0.00395695,0.00723481,0.02310000,0.75803979,0.18240274,0.76573369
374.99400020,0.00321242,0.00990961,0.02310000,0.76817127,0.18887843,0.77909033
375.09400010,0.00114825,0.00951953,0.01910000,0.77560150,0.19163689,0.73960750
375.19400001,0.00164828,0.00825186,0.01400000,0.78024005,0.19659066,0.72239843
375.29400015,0.00014661,0.00409738,0.01600000,0.79920528,0.19740398,0.73098445
375.39400005,0.00073301,0.00546651,0.01800000,0.81407413,0.20058038,0.76726615
375.49400020,0.00336476,0.00802361,0.02200000,0.79946528,0.21051508,0.80796752
375.59400010,0.00144951,0.00586506,0.02200000,0.76022169,0.20868220,0.79248287
375.69500017,0.00106312,0.00675276,0.01800000,0.76344630,0.21561979,0.72123448
375.79500008,0.00046781,0.00918647,0.01710000,0.74724432,0.22722695,0.70951859
375.89499998,0.00344420,0.00674222,0.01300000,0.74530020,0.22340138,0.70844022
375.99500012,0.00456115,0.00665176,0.01100000,0.75019355,0.22668571,0.73481648
376.09500003,0.00928371,0.00922295,0.01200000,0.80707661,0.22488447,0.70629217
376.19500017,0.01366943,0.01053977,0.01100000,0.81688667,0.22875278,0.72878140
376.29500008,0.01226672,0.01380824,0.01100000,0.82914492,0.23192931,0.74311988
376.39499998,0.00877029,0.01618586,0.01110000,0.78987333,0.25165220,0.73430080
376.49500012,0.00331927,0.01351712,0.00610000,0.72966279,0.24433531,0.75223476
376.59500003,0.00451073,0.01290865,0.00510000,0.77392744,0.23952622,0.73003891
376.69500017,0.00079308,0.00901283,0.00600000,0.72377213,0.22618075,0.70752419
376.79500008,0.00011862,0.00970082,0.00400000,0.71665697,0.22804038,0.70902430
376.89499998,0.00031472,0.01234143,0.00310000,0.70324679,0.22295208,0.69913875
376.99600005,0.00141294,0.01256438,0.00100000,0.67299132,0.22503015,0.69026588
377.09600019,0.00311616,0.01655957,0.00610000,0.65458550,0.23363406,0.72325972
377.19600010,0.00515126,0.02098272,0.00900000,0.69554451,0.24663454,0.72179260
377.29600000,0.00238919,0.02452737,0.00810000,0.65994540,0.25458919,0.75314787
377.39600015,0.00323056,0.01600042,0.00710000,0.69041682,0.23092215,0.75405699
377.49600005,0.00428687,0.01742994,0.00600000,0.74370456,0.23026374,0.73244668
377.59600019,0.00195644,0.01110191,0.01200000,0.71908789,0.22241388,0.71848218
377.69600010,0.00214706,0.01589371,0.00600000,0.74688412,0.22460342,0.71093530
377.79600000,0.00088555,0.01924307,0.00700000,0.74263316,0.24062684,0.70411538
377.89600015,0.00164929,0.01934786,0.00810000,0.74166678,0.23692929,0.69699434
377.99600005,0.00133778,0.02047023,0.00910000,0.75341245,0.23810785,0.70582138
378.09600019,0.00252294,0.02325800,0.00810000,0.74896895,0.24027795,0.68609529
378.19600010,0.00213943,0.02523079,0.00810000,0.74103925,0.24157979,0.69775349
378.29700017,0.00481949,0.02708842,0.00190000,0.74582000,0.26415680,0.70523615
378.39700007,0.00299828,0.02312705,0.00310000,0.73152064,0.23964911,0.69170923
378.49699998,0.00327789,0.02418957,0.00310000,0.71345341,0.24149480,0.68555682
378.59700012,0.00026161,0.02117242,0.01110000,0.68461744,0.23952609,0.72466134
378.69700003,0.00444989,0.02138056,0.01210000,0.73009349,0.23822299,0.72944268
378.79700017,0.00275615,0.02359881,0.01310000,0.70660878,0.23240033,0.73596696
378.89700007,0.00050030,0.02638313,0.01210000,0.73485790,0.22448288,0.75858133
378.99699998,0.00048870,0.02778383,0.01210000,0.73290543,0.23060066,0.74689615
379.09700012,0.00216446,0.02654798,0.00710000,0.73974608,0.22533131,0.69309461
379.19700003,0.00339858,0.03118477,0.00410000,0.72071341,0.24839729,0.72640318
379.29700017,0.00095898,0.03493838,0.00620000,0.75801681,0.24524959,0.73960272
379.39700007,0.00176159,0.03533860,0.00510000,0.72890127,0.24353476,0.73208735
379.49699998,0.00009131,0.03815353,0.00510000,0.75586598,0.24340998,0.71672076
379.59800005,0.00079136,0.03702788,0.00090000,0.73341820,0.23854829,0.70350061
379.69800019,0.00238602,0.03536887,0.00410000,0.75265673,0.23923271,0.72603537
379.79800010,0.00337033,0.03292721,0.00710000,0.75943625,0.24568698,0.74666637
379.89800000,0.00199794,0.03038714,0.01210000,0.76076699,0.22550503,0.78991176
379.99800014,0.00432162,0.03149752,0.01110000,0.76330840,0.23156779,0.79450252
380.09800005,0.00002907,0.03182199,0.01610000,0.77516210,0.22424308,0.81466679
380.19800019,0.00123516,0.02964784,0.01410000,0.78432624,0.22301210,0.78271697
380.29800010,0.00440174,0.03025070,0.01310000,0.78303739,0.22934906,0.81784919
380.39800000,0.00459388,0.03080578,0.00510000,0.76151215,0.22533576,0.75752836
380.49800014,0.00723373,0.03023530,0.00600000,0.75021001,0.22551462,0.77594479
380.59800005,0.00740218,0.03088459,0.00910000,0.73762987,0.23142103,0.79449535
380.69800019,0.00830964,0.03141894,0.01810000,0.75021173,0.24018799,0.85662568
380.79800010,0.00966993,0.03093950,0.02110000,0.73287231,0.25073738,0.85552841
380.89900017,0.01396812,0.03274663,0.02010000,0.80845704,0.24615310,0.85691404
380.99900007,0.01237147,0.03016201,0.01100000,0.81300810,0.25177491,0.84230055
381.09899998,0.01476045,0.03128928,0.00910000,0.81703702,0.25495541,0.81076299
381.19900012,0.01473860,0.03212264,0.00700000,0.79499509,0.25062721,0.81106748
381.29900002,0.01442646,0.03411579,0.00510000,0.81962211,0.26269786,0.78400688
381.39900017,0.01121716,0.03454020,0.00610000,0.77671633,0.25017226,0.77852296
381.49900007,0.01479018,0.03669361,0.00510000,0.83383013,0.25261972,0.77781126
381.59899998,0.01357630,0.03371089,0.00410000,0.81963570,0.25064046,0.76800166
381.69900012,0.01670901,0.03070194,0.00510000,0.82788874,0.23157822,0.79171769
381.79900002,0.02172049,0.03126772,0.00610000,0.80782246,0.23820697,0.82411485
381.89900017,0.01718836,0.03362217,0.00410000,0.82253901,0.24487591,0.84273878
381.99900007,0.02208648,0.03540716,0.00200000,0.78750192,0.26203519,0.82220834
382.10000014,0.01554365,0.00781569,0.00200000,0.78671357,0.21725234,0.80466858
382.20000005,0.01135859,0.03172700,0.00490000,0.73532166,0.24549989,0.81508406
382.30000019,0.01003034,0.01477133,0.00500000,0.74210730,0.22694801,0.79909380
382.40000010,0.01160537,0.02106693,0.00800000,0.71163502,0.23343060,0.77361754
382.50000000,0.01800347,0.04110055,0.00690000,0.79543540,0.26893329,0.78791018
382.60000014,0.02163705,0.01859995,0.00990000,0.78674426,0.23840761,0.80635946
382.70000005,0.02130746,0.03225666,0.01090000,0.79976241,0.25489681,0.79275086
382.80000019,0.01675331,0.01310826,0.01000000,0.72934595,0.23880899,0.78558376
382.90000010,0.01377461,0.00944670,0.00200000,0.74684305,0.22990434,0.78084947
383.00000000,0.01679931,0.02211025,0.00490000,0.73363174,0.24839726,0.79315742
383.10000014,0.01980077,0.02288623,0.00010000,0.79029808,0.24491986,0.77642038
383.20000005,0.01894110,0.03020422,0.01210000,0.79729395,0.25703374,0.77821904
383.30000019,0.01518001,0.01797686,0.00600000,0.76533223,0.23997606,0.78585907
383.40100002,0.01280479,0.01518971,0.00200000,0.78000453,0.23333468,0.76256466
383.50100017,0.01460600,0.01700190,0.00290000,0.80739703,0.22743845,0.75788406
383.60100007,0.01115412,0.02674781,0.00610000,0.78849863,0.23580434,0.75455473
383.70099998,0.01309480,0.02962594,0.01310000,0.77482200,0.23192578,0.74143726
383.80100012,0.01326896,0.02615903,0.01310000,0.77072681,0.22713957,0.74763362
383.90100002,0.01175753,0.02122288,0.01210000,0.77094945,0.21363028,0.74212738
384.00100017,0.01353662,0.02312942,0.01100000,0.74199244,0.21632304,0.73010738
384.10100007,0.00772095,0.02245077,0.00190000,0.72349740,0.21354914,0.73912455
384.20099998,0.01288485,0.02564665,0.01390000,0.73332018,0.21557489,0.75963278
384.30100012,0.01796885,0.02675613,0.01590000,0.73914018,0.22150370,0.75715333
384.40100002,0.02122444,0.02894224,0.01890000,0.76667278,0.22751540,0.75958141
384.50100017,0.02612544,0.03155474,0.01690000,0.78547063,0.24227062,0.77096921
384.60100007,0.01705896,0.03385619,0.01290000,0.75639599,0.24860115,0.75927926
384.70200014,0.01693283,0.03155090,0.01890000,0.76162859,0.24853972,0.78494779
384.80200005,0.01926476,0.02533691,0.02590000,0.80474708,0.24873135,0.78564413
384.90200019,0.02045152,0.02554086,0.02790000,0.81165729,0.24305714,0.76452518
385.00200009,0.02143434,0.02693156,0.02890000,0.82179848,0.24235293,0.73921460
385.10200000,0.01927110,0.03329241,0.03190000,0.83198289,0.25288509,0.75298305
385.20200014,0.01845107,0.03566242,0.03490000,0.81161647,0.25708805,0.76700960
385.30200005,0.01824369,0.03726148,0.03490000,0.76670216,0.25805395,0.77303191
385.40200019,0.01942782,0.04066706,0.03590000,0.80153912,0.26030644,0.75882953
385.50200009,0.02180496,0.04066256,0.03090000,0.79965746,0.25025028,0.74824944
385.60200000,0.02011793,0.04518406,0.03290000,0.78346442,0.24858744,0.75322656
385.70200014,0.01968253,0.05085595,0.04880000,0.79166982,0.25560710,0.78211500
385.80200005,0.01363126,0.05228498,0.07080000,0.75238688,0.25673888,0.84947898
385.90300012,0.00719865,0.04999989,0.05480000,0.75664361,0.24931531,0.81390330
386.00300002,0.00534315,0.05437445,0.06480000,0.73703766,0.26021455,0.87060342
386.10300016,0.00939870,0.05666396,0.06880000,0.72915330,0.26205792,0.88396432
386.20300007,0.01688146,0.05808465,0.07280000,0.70975707,0.26545384,0.89908742
386.30299997,0.01314475,0.05536123,0.05780000,0.68289406,0.26215367,0.84140551
386.40300012,0.01792597,0.06083403,0.07580000,0.65585424,0.26492717,0.91947934
386.50300002,0.01710047,0.05803787,0.06180000,0.65453179,0.26521522,0.85386828
386.60300016,0.01458410,0.06017561,0.06480000,0.66248704,0.26940524,0.85217629
386.70300007,0.01321627,0.06426313,0.07880000,0.68331118,0.27751031,0.90559838
386.80299997,0.01338138,0.06482236,0.07580000,0.69583238,0.28420907,0.85966767
386.90300012,0.01155478,0.05990774,0.06380000,0.65269813,0.28009220,0.84089564
387.00300002,0.01054444,0.06181541,0.06480000,0.64057155,0.27995804,0.84241342
387.10300016,0.01419538,0.06606619,0.08080000,0.65028190,0.27573972,0.86470454
387.20400000,0.01092824,0.06232795,0.06380000,0.66458449,0.27108778,0.83983805
387.30400014,0.01554726,0.06682936,0.08080000,0.64713082,0.27467486,0.83971006
387.40400004,0.01486714,0.06985548,0.08780000,0.65801302,0.27787243,0.84788232
387.50400019,0.01459175,0.07092031,0.07580000,0.67464698,0.27099761,0.85910145
387.60400009,0.01773601,0.07194104,0.08580000,0.66487366,0.26592305,0.88062861
387.70400000,0.01619838,0.07309243,0.08980000,0.61293538,0.26046011,0.89331684
387.80400014,0.01343115,0.07340882,0.10080000,0.62320948,0.26126211,0.87420163
387.90400004,0.01136581,0.07380399,0.10880000,0.61179201,0.25571806,0.90173218
388.00400019,0.01155531,0.07147709,0.08980000,0.62107853,0.24860682,0.82543564
388.10400009,0.01438193,0.07572094,0.10580000,0.60036504,0.25400959,0.84087734
388.20400000,0.01296518,0.07401131,0.10480000,0.61303074,0.25004889,0.82409963
388.30400014,0.01295830,0.07483590,0.10480000,0.63223059,0.25461569,0.82422213
388.40400004,0.01349602,0.07435528,0.10580000,0.63754488,0.24702802,0.80158827
388.50500011,0.01278443,0.06952272,0.08880000,0.64321452,0.24449828,0.79910896
388.60500002,0.01647879,0.07440443,0.10480000,0.65990223,0.26069770,0.83113450
388.70500016,0.01571907,0.07534402,0.10680000,0.68598468,0.26987437,0.81872929
388.80500007,0.01326837,0.06964805,0.08780000,0.69309175,0.26191364,0.75953711
388.90499997,0.01608025,0.07275181,0.10880000,0.70875294,0.26690338,0.80791164
389.00500011,0.01371505,0.06552852,0.08680000,0.70007451,0.26048669,0.74826296
389.10500002,0.01701984,0.07351153,0.10780000,0.70106536,0.26613311,0.74000082
389.20500016,0.01572407,0.06894087,0.08780000,0.71878070,0.25303606,0.69375901
389.30500007,0.01609255,0.07709345,0.10880000,0.72476440,0.26383328,0.71189114
389.40499997,0.01702182,0.07909006,0.11580000,0.74177141,0.26225140,0.71711274
389.50500011,0.01876682,0.07633961,0.11180000,0.77437262,0.27214791,0.68110876
389.60500002,0.01715958,0.07416764,0.11080000,0.77977139,0.27471288,0.67505254
389.70600009,0.01802949,0.08038400,0.12680000,0.73897600,0.28351233,0.76643325
389.80599999,0.01851031,0.08092156,0.12580000,0.73062541,0.27473589,0.70873869
389.90600014,0.01947828,0.08117220,0.12780000,0.71316442,0.26932998,0.76633178
390.00600004,0.01957819,0.08078505,0.12880000,0.73299220,0.26643590,0.76473295
390.10600019,0.01963664,0.08255600,0.12870000,0.75400752,0.27097123,0.75776933
390.20600009,0.02071628,0.08397176,0.12870000,0.75045130,0.27476976,0.74962000
390.30599999,0.02230025,0.08303914,0.12780000,0.74517938,0.27443564,0.71386068
390.40600014,0.02058346,0.07371107,0.11080000,0.74578928,0.27018273,0.68616137
390.50600004,0.02397828,0.08254370,0.13480000,0.80646320,0.27377782,0.74700628
390.60600019,0.02235072,0.08284543,0.13680000,0.72263608,0.28687183,0.71040123
390.70600009,0.02086321,0.08380320,0.13770000,0.71718506,0.28579967,0.70363551
390.80599999,0.02275235,0.08408585,0.13570000,0.74405255,0.29662301,0.70607301
390.90600014,0.02472832,0.08563037,0.13670000,0.80121281,0.30507646,0.72533389
391.00699997,0.02556445,0.08718956,0.13770000,0.82320351,0.30566572,0.74531330
391.10700011,0.02289409,0.07875100,0.12080000,0.78389249,0.29400914,0.72395381
391.20700002,0.02621962,0.08426020,0.13880000,0.83640661,0.30999568,0.79036653
391.30700016,0.02258904,0.07753570,0.12080000,0.75576341,0.29199648,0.74666095
391.40700006,0.02365050,0.07822368,0.13480000,0.73870514,0.29020002,0.80237398
391.50699997,0.02112018,0.07044117,0.11280000,0.73157874,0.29011882,0.76750661
391.60700011,0.02167864,0.05870678,0.09980000,0.73801779,0.27762206,0.77837459
391.70700002,0.02277121,0.05568404,0.08980000,0.75830070,0.27147015,0.76119268
391.80700016,0.02305484,0.05658378,0.09480000,0.76191670,0.27153631,0.76128439
391.90700006,0.02124497,0.05838777,0.09080000,0.74963486,0.27264341,0.79076843
392.00699997,0.02153196,0.05887525,0.09180000,0.72035656,0.26596049,0.75995447
392.10700011,0.02146808,0.06071805,0.09380000,0.71018763,0.26518292,0.78330456
392.20700002,0.02308433,0.05886394,0.09380000,0.72279811,0.26169927,0.81312659
392.30800009,0.02265377,0.05813275,0.09380000,0.72024968,0.25839322,0.82033947
392.40799999,0.02351825,0.05918287,0.09780000,0.72170121,0.25101623,0.84364987
392.50800014,0.02395217,0.05950179,0.09780000,0.72710276,0.24726161,0.83480017
392.60800004,0.02235311,0.05929442,0.09580000,0.73706110,0.23729766,0.83900934
392.70800018,0.02521043,0.05982770,0.09580000,0.70116093,0.23224046,0.84160659
392.80800009,0.02380868,0.05925805,0.09380000,0.70874806,0.23117047,0.81406086
392.90799999,0.02259676,0.05915096,0.09480000,0.71498658,0.23860628,0.82574290
393.00800014,0.02247154,0.05963497,0.09480000,0.74406213,0.24198298,0.81481392
393.10800004,0.02348631,0.06010427,0.09980000,0.75025254,0.23327230,0.82182192
393.20800018,0.02482698,0.05931502,0.09980000,0.72870350,0.22866182,0.82929072
393.30800009,0.02300472,0.05677740,0.09480000,0.72223274,0.23351272,0.81928489
393.40799999,0.02513451,0.05732876,0.09880000,0.74332482,0.22903744,0.77378229
393.50900006,0.02327597,0.05333554,0.09290000,0.72178873,0.21586879,0.76852131
393.60899997,0.02336100,0.06058831,0.09180000,0.70976214,0.22680219,0.75818679
393.70900011,0.02463327,0.05926493,0.09380000,0.73628106,0.21715327,0.77766839
393.80900002,0.02501240,0.05740061,0.09280000,0.73019947,0.21792988,0.78425494
393.90900016,0.02511731,0.05939024,0.09880000,0.74108852,0.22225748,0.79656129
394.00900006,0.02343610,0.06029792,0.09180000,0.73423149,0.22524569,0.79389949
394.10899997,0.02464114,0.06122960,0.09780000,0.74824786,0.23364958,0.81270494
394.20900011,0.02529962,0.05788799,0.09680000,0.71685491,0.23374253,0.79390456
394.30900002,0.02453646,0.05923987,0.09680000,0.73607765,0.23394462,0.77681232
394.40900016,0.02625052,0.06020009,0.09580000,0.76067133,0.23385316,0.78736150
394.50900006,0.02434628,0.05877745,0.08980000,0.77054544,0.23047833,0.78072911
394.60899997,0.02634723,0.06022519,0.09480000,0.75521505,0.23240828,0.79215339
394.70900011,0.02692130,0.06120011,0.09380000,0.76283657,0.23310508,0.79431901
394.81000018,0.02432565,0.06125123,0.08780000,0.73733140,0.23666188,0.80229045
394.91000009,0.02610014,0.06078094,0.08780000,0.72543743,0.23369731,0.81754100
395.00999999,0.02698961,0.06173428,0.09280000,0.74024451,0.23530293,0.80248510
395.11000013,0.02716160,0.06146891,0.09280000,0.75335535,0.23431250,0.82415355
395.21000004,0.02891890,0.06306011,0.09280000,0.79164512,0.24561942,0.80971691
395.31000018,0.02676061,0.06301785,0.08880000,0.80397011,0.24273689,0.80354593
395.41000009,0.02939263,0.06442231,0.08880000,0.79004847,0.25101077,0.81302623
395.50999999,0.03363058,0.06520954,0.09580000,0.81608457,0.26320962,0.81311869
395.61000013,0.03048593,0.06418893,0.08880000,0.76674750,0.26633956,0.80222668
395.71000004,0.03316717,0.06261045,0.09280000,0.74725381,0.26506300,0.80732395
395.81000018,0.02930713,0.06594962,0.08980000,0.78018615,0.26958285,0.82514292
395.91000009,0.03528863,0.06997723,0.09580000,0.85439006,0.27870616,0.84734889
396.01100016,0.03547163,0.07126439,0.09580000,0.87646991,0.28283812,0.84456866
396.11100006,0.03607096,0.07214240,0.10280000,0.85884105,0.27967561,0.86796188
396.21100020,0.03632945,0.07313898,0.10380000,0.86341789,0.28895600,0.88328550
396.31100011,0.03612541,0.07432580,0.10280000,0.87608631,0.29202673,0.87369653
396.41100001,0.03273623,0.07065932,0.09680000,0.83072871,0.27762062,0.88900118
396.51100016,0.03509600,0.07271637,0.10380000,0.88375083,0.28414324,0.92489862
396.61100006,0.03242418,0.07026865,0.09880000,0.86412411,0.28480240,0.91475155
396.71100020,0.03864254,0.07497736,0.10480000,0.91646650,0.28743068,0.93736376
396.81100011,0.02838229,0.06632998,0.08980000,0.88039230,0.28243998,0.91338972
396.91100001,0.02759052,0.06819100,0.09380000,0.86908072,0.27506446,0.90716009
397.01100016,0.02719995,0.06850301,0.09380000,0.83731100,0.26140021,0.88357913
397.11100006,0.02694500,0.06709409,0.09680000,0.81325506,0.26345231,0.85048640
397.21100020,0.02493454,0.06967258,0.09780000,0.77230508,0.25881452,0.81881959
397.31200004,0.02512000,0.06775814,0.09780000,0.79882395,0.24436627,0.83107839
397.41200018,0.02840834,0.06902243,0.09580000,0.78186175,0.24653298,0.86815239
397.51200008,0.02830809,0.06940967,0.09580000,0.78374418,0.25404790,0.83170970
397.61199999,0.02775131,0.06637322,0.09780000,0.76599181,0.25340643,0.84285331
397.71200013,0.02798374,0.06467735,0.09780000,0.76693225,0.25336895,0.83782984
397.81200004,0.02929681,0.06718651,0.09780000,0.75655666,0.25657529,0.85085770
397.91200018,0.03029439,0.06971729,0.09480000,0.74441857,0.25681819,0.84308377
398.01200008,0.02959755,0.06602481,0.09480000,0.72964682,0.24553040,0.84163756
398.11199999,0.02851791,0.06460905,0.09680000,0.69587357,0.24348732,0.84816525
398.21200013,0.02821717,0.06577075,0.09880000,0.68768284,0.25288732,0.84979014
398.31200004,0.02893120,0.06740175,0.09780000,0.65986649,0.25370305,0.84667175
398.41200018,0.02757216,0.06746330,0.09980000,0.63293555,0.25601725,0.83877419
398.51300001,0.02825010,0.06763861,0.09680000,0.65034907,0.25842887,0.81474151
398.61300015,0.02652563,0.06791532,0.09780000,0.67386134,0.25294556,0.81420879
398.71300006,0.02689468,0.06728779,0.09680000,0.68158087,0.25542646,0.80429552
398.81300020,0.02824666,0.06805091,0.09480000,0.69403312,0.25823266,0.79831668
398.91300011,0.02758031,0.06942785,0.09780000,0.68051010,0.25687205,0.81372802
399.01300001,0.02702895,0.07155764,0.09880000,0.66536174,0.25773080,0.79982509
399.11300015,0.02504923,0.07042553,0.09980000,0.63941108,0.26171707,0.79248515
399.21300006,0.02424174,0.06835721,0.09980000,0.66111105,0.26897051,0.76973599
399.31300020,0.02506672,0.06836395,0.09680000,0.68047850,0.27258309,0.75441087
399.41300011,0.02520579,0.06623072,0.09380000,0.69086892,0.26984815,0.76223797
399.51300001,0.02457137,0.06668626,0.09680000,0.70155253,0.27529761,0.75888980
399.61300015,0.02563382,0.07016350,0.09680000,0.67575109,0.28018334,0.77791709
399.71300006,0.02564138,0.07212828,0.09680000,0.66463098,0.28266945,0.78769493
399.81400013,0.02517484,0.06994139,0.09880000,0.68587392,0.27583076,0.77028965
399.91400003,0.02625792,0.07094485,0.09480000,0.67401238,0.27451427,0.78245751
400.01400018,0.02562350,0.07140039,0.09780000,0.68990551,0.28182784,0.78695581
400.11400008,0.02594941,0.07014184,0.09780000,0.71245597,0.28442447,0.80282592
400.21399999,0.02536856,0.06999147,0.09880000,0.72141139,0.28869239,0.80145689
400.31400013,0.02448558,0.06821368,0.09780000,0.74311962,0.28313954,0.83227155
400.41400003,0.02311237,0.06713493,0.10080000,0.70643900,0.28790776,0.82202990
400.51400018,0.02279344,0.06756885,0.10080000,0.72528266,0.29423662,0.79542924
400.61400008,0.02472617,0.06848238,0.09980000,0.70689066,0.29045487,0.84201773
400.71399999,0.02417825,0.07019987,0.09980000,0.71086085,0.28316680,0.84916195
400.81400013,0.02435006,0.06993458,0.09980000,0.73213058,0.27381126,0.82088775
400.91400003,0.02397776,0.07097434,0.09780000,0.71481027,0.27486056,0.78915670
401.01400018,0.02389903,0.07167710,0.09780000,0.73644047,0.26855758,0.78352523
401.11500001,0.02373402,0.07111784,0.10080000,0.73347724,0.27023797,0.77225101
401.21500015,0.02432961,0.07240829,0.10180000,0.75153145,0.27214975,0.78570913
401.31500006,0.02413943,0.07194587,0.10080000,0.75840758,0.26827544,0.78038178
401.41500020,0.02419743,0.07371692,0.10280000,0.75812884,0.27138851,0.80208458
401.51500010,0.02373845,0.07349480,0.09780000,0.77419164,0.27225472,0.80235594
401.61500001,0.02488196,0.07306776,0.10280000,0.76848652,0.26881790,0.84764175
401.71500015,0.02609379,0.07317489,0.10280000,0.76542935,0.27173771,0.84996483
401.81500006,0.02667120,0.07373755,0.10280000,0.75100755,0.27020535,0.85550248
401.91500020,0.02720548,0.07366921,0.09880000,0.73038274,0.26927316,0.86706319
402.01500010,0.02712675,0.07437197,0.09880000,0.71017210,0.26598837,0.83326633
402.11500001,0.02743062,0.07279808,0.09580000,0.70446794,0.25983875,0.81749256
402.21500015,0.02754592,0.07355081,0.09580000,0.72285212,0.25301108,0.81655217
402.31599998,0.02747761,0.07301665,0.09580000,0.73061860,0.24450367,0.83567248
402.41600013,0.02740243,0.07330707,0.09580000,0.72954425,0.24536287,0.83940122
402.51600003,0.02720537,0.07366925,0.09580000,0.71962650,0.25092009,0.85605780
402.61600018,0.02691162,0.07400632,0.09680000,0.71229281,0.25559882,0.84124497
402.71600008,0.02654558,0.07422171,0.09680000,0.74766272,0.25499254,0.82752023
402.81599998,0.02675316,0.07262258,0.09780000,0.77405166,0.25432284,0.83047992
402.91600013,0.02626579,0.07290952,0.09780000,0.76164271,0.25910344,0.85331126
403.01600003,0.02607905,0.07203481,0.09780000,0.77015117,0.25612805,0.85923098
403.11600018,0.02639808,0.07160085,0.09780000,0.76605564,0.25718321,0.86705346
403.21600008,0.02588887,0.07157239,0.09780000,0.76180503,0.24935655,0.86178727
403.31599998,0.02607905,0.07203481,0.09980000,0.75657035,0.24412523,0.89675991
403.41600013,0.02549819,0.07188444,0.09980000,0.74846000,0.25486433,0.88359520
403.51600003,0.02549819,0.07188444,0.09980000,0.77740623,0.25758793,0.88484947
403.61700010,0.02596405,0.07128196,0.10080000,0.78592527,0.24856509,0.87751746
403.71700001,0.02614303,0.07019197,0.10080000,0.76637866,0.24913110,0.88592789
403.81700015,0.02551549,0.06982292,0.10080000,0.74166049,0.25283743,0.87742912
403.91700006,0.02513159,0.06931041,0.10180000,0.73573252,0.26019930,0.84686627
404.01700020,0.02633988,0.06982987,0.10280000,0.76152260,0.25838355,0.85362152
404.11700010,0.02580925,0.06948584,0.10280000,0.74977756,0.26391507,0.84693593
404.21700001,0.02520678,0.06901999,0.10380000,0.75998970,0.26787526,0.85451729
404.31700015,0.02646529,0.06934579,0.10380000,0.75491846,0.26568432,0.85475309
404.41700006,0.02663384,0.06949272,0.10380000,0.75581087,0.26111255,0.85918500
404.51700020,0.02590577,0.06951101,0.10380000,0.76997326,0.26036117,0.85253525
404.61700010,0.02559401,0.06912023,0.10380000,0.76701333,0.25209331,0.82467877
404.71700001,0.02501650,0.06855760,0.10380000,0.79585379,0.25595784,0.83846324
404.81700015,0.02548246,0.06795509,0.10280000,0.80599710,0.25692213,0.83159785
404.91799998,0.02560089,0.06829564,0.10280000,0.79838096,0.25760972,0.84370680
405.01800013,0.02524216,0.06768629,0.10280000,0.82848037,0.25677795,0.83771993
405.11800003,0.02461778,0.06690505,0.10280000,0.85846728,0.26091307,0.83973902
405.21800017,0.02416252,0.06627053,0.10280000,0.86232741,0.26946124,0.84562352
405.31800008,0.02481167,0.06695507,0.10080000,0.87958409,0.26834826,0.85852314
405.41799998,0.02435613,0.06632065,0.10080000,0.84305860,0.27067826,0.85648710
405.51800013,0.02563283,0.06737424,0.09980000,0.82805827,0.26944558,0.86524796
405.61800003,0.02515222,0.06683663,0.09980000,0.85200793,0.26364421,0.85551492
405.71800017,0.02459544,0.06380019,0.09980000,0.86803288,0.25754493,0.86029827
405.81800008,0.02102332,0.05006666,0.08290000,0.79209047,0.23020813,0.78285002
405.91799998,0.01849155,0.04827497,0.07790000,0.76516069,0.22930020,0.78227766
406.01900005,0.01673769,0.04627148,0.07090000,0.74025706,0.23006628,0.78090615
406.11900020,0.01668763,0.04646507,0.07190000,0.72227318,0.23667420,0.78483821
406.21900010,0.01696324,0.04540020,0.07090000,0.72962202,0.23708941,0.75874318
406.31900001,0.01800308,0.04577269,0.07290000,0.72498560,0.24871420,0.73247973
406.41900015,0.01949845,0.04677959,0.07790000,0.72281887,0.24524548,0.72528092
406.51900005,0.01830382,0.04461099,0.07290000,0.74131895,0.23933677,0.71347395
406.61900020,0.00884747,0.01809482,0.02190000,0.74796352,0.21819206,0.67871456
406.71900010,0.01149079,0.02105164,0.03290000,0.72315216,0.22619727,0.70355948
406.81900001,0.00755358,0.01910271,0.02490000,0.74131839,0.21840111,0.65371128
406.91900015,0.00996447,0.02375541,0.03090000,0.76680403,0.22109521,0.68298641
407.01900005,0.01562012,0.02904155,0.04690000,0.76812339,0.22490952,0.74421646
407.11900020,0.00981165,0.02753782,0.03990000,0.75914318,0.22738293,0.71832198
407.21900010,0.00896986,0.02959242,0.04390000,0.75557998,0.22970788,0.74540417
407.32000017,0.01130457,0.03174628,0.04690000,0.73865089,0.23265783,0.73500661
407.42000008,0.01489780,0.03422595,0.05690000,0.74887515,0.23448926,0.75159827
407.51999998,0.01480542,0.03657786,0.06090000,0.73790196,0.23995608,0.73871524
407.62000012,0.01093308,0.03557538,0.05790000,0.72391387,0.23754810,0.73468610
407.72000003,0.00949715,0.03034871,0.04890000,0.72919278,0.23886425,0.75657388
407.82000017,0.01011930,0.02555151,0.04190000,0.71014621,0.23191375,0.74060305
407.92000008,0.01073553,0.02436818,0.03690000,0.69472484,0.22790260,0.74783913
408.01999998,0.01062384,0.02320310,0.03690000,0.69591119,0.22906698,0.74024526
408.12000012,0.01208493,0.02833292,0.04490000,0.67006863,0.23452118,0.74924341
408.22000003,0.01247216,0.02843317,0.04290000,0.66288543,0.23086673,0.75545385
408.32000017,0.01299945,0.02918945,0.04890000,0.65939494,0.23519212,0.75405793
408.42000008,0.01149522,0.02342861,0.03890000,0.65527240,0.23480257,0.74545881
408.52100015,0.01496902,0.02277846,0.04390000,0.72217738,0.23424752,0.74865515
408.62100005,0.01057871,0.01699355,0.02400000,0.69488119,0.23415982,0.72894596
408.72100019,0.01092369,0.01925209,0.02890000,0.66693668,0.23435201,0.74361961
408.82100010,0.01118218,0.02024868,0.02790000,0.63648410,0.23379976,0.72669180
408.92100000,0.01033695,0.02271558,0.03390000,0.62706557,0.23213028,0.75785797
409.02100015,0.01163630,0.02687390,0.03690000,0.67546918,0.23179408,0.75407133
409.12100005,0.00928769,0.02636928,0.03090000,0.65825246,0.22259161,0.73979759
409.22100019,0.00846320,0.02636236,0.03290000,0.65595454,0.21394243,0.72776878
409.32100010,0.00673196,0.02746363,0.03390000,0.63638185,0.21308298,0.73112193
409.42100000,0.00754623,0.02870739,0.03690000,0.64413904,0.21191232,0.79087624
409.52100015,0.00701898,0.02795110,0.03590000,0.66642069,0.20522402,0.82452730
409.62100005,0.00739536,0.01771888,0.01890000,0.65351740,0.19274509,0.77110331
409.72100019,0.00433383,0.01837248,0.00990000,0.62966438,0.19271646,0.75137652
409.82200003,0.00386698,0.01618569,0.01090000,0.64831636,0.18948012,0.74856959
409.92200017,0.00341587,0.01792824,0.01090000,0.66390218,0.19238855,0.77163043
410.02200007,0.00875952,0.02282369,0.02090000,0.68054548,0.20253842,0.74980503
410.12199998,0.00896444,0.02442619,0.02490000,0.72239559,0.20031230,0.77108156
410.22200012,0.01083677,0.02677021,0.03090000,0.74066512,0.20028176,0.78632522
410.32200003,0.00855657,0.02679972,0.02790000,0.72843170,0.20430905,0.76347109
410.42200017,0.01077629,0.02820074,0.03390000,0.73750533,0.21338248,0.80588405
410.52200007,0.01073305,0.02756976,0.03290000,0.74527406,0.20960121,0.79793137
410.62199998,0.00766810,0.02863565,0.03390000,0.74111191,0.21405584,0.82171769
410.72200012,0.00737080,0.02938505,0.03590000,0.69444557,0.20890231,0.82163134
410.82200003,0.00629262,0.02197847,0.02590000,0.68655349,0.19072510,0.73648573
410.92200017,0.00711033,0.02280994,0.02590000,0.72755353,0.19544638,0.72726564
411.02300000,0.00702040,0.02196028,0.02490000,0.74131908,0.19237513,0.72987404
411.12300014,0.00534513,0.01925408,0.01790000,0.70385395,0.19114254,0.72281270
411.22300005,0.00583707,0.02134405,0.02090000,0.70062101,0.19609702,0.72561904
411.32300019,0.00091015,0.01882901,0.01490000,0.71116820,0.19586870,0.72823894
411.42300010,0.00344635,0.02299767,0.01990000,0.71633440,0.20381882,0.75938654
411.52300000,0.00306599,0.02207283,0.01990000,0.72694721,0.19810491,0.75823729
411.62300014,0.00074690,0.01685058,0.00990000,0.71213271,0.19119859,0.73965841
411.72300005,0.00086978,0.01413306,0.00390000,0.69924387,0.18838243,0.73783730
411.82300019,0.00100195,0.01544170,0.00690000,0.72102296,0.19397962,0.73004480
411.92300010,0.00500805,0.01896021,0.01590000,0.73190397,0.19779866,0.77036983
412.02300000,0.00071898,0.01557733,0.00790000,0.75642538,0.19712946,0.76398803
412.12300014,0.00565377,0.02005704,0.01890000,0.79932112,0.21185369,0.78718159
412.22300005,0.00099221,0.01771399,0.01190000,0.74034293,0.21428148,0.78199510
412.32400012,0.00206498,0.01995434,0.01690000,0.74127524,0.22675605,0.78017355
412.42400002,0.00227136,0.01556602,0.01190000,0.74260234,0.22492930,0.76320480
412.52400017,0.00642626,0.01467900,0.01200000,0.79210322,0.22672719,0.72846910
412.62400007,0.00214508,0.01326079,0.00390000,0.73101425,0.23698281,0.73378106
412.72399998,0.00233868,0.01331092,0.00490000,0.75043736,0.23334728,0.74654487
412.82400012,0.00235342,0.01445100,0.00690000,0.76611717,0.23735653,0.73800106
412.92400002,0.00014198,0.01411488,0.00590000,0.75184269,0.23991407,0.76478608
413.02400017,0.00176913,0.01471293,0.01190000,0.75984162,0.24393041,0.74034582
413.12400007,0.00131114,0.01728007,0.01590000,0.75809767,0.24149057,0.75523591
413.22399998,0.00046938,0.01933468,0.01590000,0.76136226,0.25109930,0.74121940
413.32400012,0.00196817,0.01992928,0.01790000,0.74920626,0.25057307,0.79354519
413.42400002,0.00311612,0.02187921,0.02090000,0.76344528,0.24706457,0.78624734
413.52500010,0.00312742,0.02343159,0.02390000,0.78065804,0.26443694,0.79855663
413.62500000,0.00039848,0.01869682,0.01590000,0.76790983,0.25012348,0.78946607
413.72500014,0.00134594,0.01597243,0.01290000,0.77612495,0.23966035,0.72215874
413.82500005,0.00063634,0.01522646,0.01190000,0.78803082,0.24359235,0.72002311
413.92500019,0.00246154,0.01602844,0.01790000,0.79447648,0.25177762,0.78755732
414.02500010,0.00225661,0.01442594,0.01790000,0.79744377,0.25204892,0.81134765
414.12500000,0.00025654,0.01576750,0.01190000,0.81775313,0.25632316,0.75056727
414.22500014,0.00157651,0.01745207,0.01390000,0.82117245,0.25656579,0.81402255
414.32500005,0.00545331,0.02083150,0.02190000,0.88200303,0.27354960,0.82219798
414.42500019,0.00327337,0.02047377,0.01790000,0.84833053,0.26225092,0.80509147
414.52500010,0.00330286,0.02275393,0.01890000,0.85382472,0.27413711,0.80806801
414.62500000,0.00232102,0.02415249,0.02090000,0.82492908,0.26974312,0.79469691
414.72500014,0.00279031,0.02313772,0.02090000,0.87495989,0.27116225,0.80382962
414.82599998,0.00433383,0.01837248,0.01490000,0.85982696,0.24859999,0.78838514
414.92600012,0.00579383,0.02071308,0.01890000,0.85338043,0.25704409,0.78299793
415.02600002,0.00573243,0.01935431,0.01890000,0.84696419,0.24252678,0.79284373
415.12600017,0.00116765,0.01703633,0.00990000,0.78947165,0.24651361,0.72973509
415.22600007,0.00010660,0.01278118,0.00490000,0.78341049,0.23000282,0.70596282
415.32599998,0.00029777,0.00952950,0.00300000,0.76581779,0.23029936,0.69334236
415.42600012,0.00257896,0.01357973,0.00790000,0.82154098,0.22788433,0.68995231
415.52600002,0.00229887,0.01226765,0.00700000,0.78917021,0.22549513,0.68829259
415.62600017,0.00188451,0.01366377,0.00390000,0.81177052,0.22453642,0.70993100
415.72600007,0.00316121,0.01261018,0.00110000,0.86398626,0.22465643,0.71524607
415.82599998,0.00327179,0.01423430,0.00090000,0.84034816,0.22638843,0.69280719
415.92600012,0.00347573,0.01542107,0.00090000,0.84387826,0.21944252,0.70119506
416.02700019,0.00117109,0.01662404,0.00690000,0.79849090,0.21818781,0.68385441
416.12700009,0.00133020,0.01990177,0.00290000,0.78910350,0.21117135,0.71309813
416.22700000,0.00197936,0.01921724,0.00190000,0.79483777,0.21471044,0.70033738
416.32700014,0.00106140,0.01966147,0.00590000,0.79660065,0.20714627,0.67240761
416.42700005,0.00273322,0.01654296,0.00010000,0.80790403,0.20419340,0.66612323
416.52700019,0.00062903,0.01472767,0.00090000,0.75019055,0.20301130,0.69193248
416.62700009,0.00134693,0.01318316,0.00410000,0.70044246,0.20446491,0.69743465
416.72700000,0.00100982,0.01347703,0.00310000,0.70042804,0.20750483,0.70797250
416.82700014,0.00019554,0.01472079,0.00110000,0.69937099,0.21489403,0.70475831
416.92700005,0.00191018,0.01815823,0.00590000,0.69868541,0.22177269,0.71960149
417.02700019,0.00106495,0.02062513,0.00890000,0.68139298,0.22547389,0.77998805
417.12700009,0.00139510,0.01895531,0.00490000,0.69335856,0.20722507,0.71349623
417.22700000,0.00163540,0.01868650,0.00690000,0.66594630,0.19659332,0.70011607
417.32800007,0.00238047,0.01993272,0.01090000,0.65593072,0.21342318,0.76787548
417.42799997,0.00139061,0.02133228,0.00990000,0.65620173,0.21640893,0.77223190
417.52800012,0.00270137,0.02507733,0.01490000,0.66083606,0.21587505,0.79436352
417.62800002,0.00026981,0.01780048,0.00790000,0.64630717,0.19750412,0.77711507
417.72800016,0.00204967,0.01310454,0.00390000,0.63390933,0.20128878,0.74334806
417.82800007,0.00084128,0.01362396,0.00590000,0.63296785,0.20134304,0.74395650
417.92799997,0.00148943,0.01572869,0.00790000,0.62968168,0.20223333,0.79253279
418.02800012,0.00370126,0.01629235,0.00290000,0.63351162,0.21730364,0.73529261
418.12800002,0.00102602,0.01832777,0.00690000,0.62298925,0.22125043,0.71500598
418.22800016,0.00063447,0.01989390,0.01090000,0.61407501,0.23424976,0.77753312
418.32800007,0.00019356,0.02029932,0.00990000,0.63426283,0.24432042,0.77537686
418.42799997,0.00053609,0.01483923,0.00690000,0.65620355,0.22159017,0.72650613
418.52900004,0.00500846,0.01016933,0.00110000,0.69102110,0.21888106,0.74966475
418.62900019,0.00570429,0.00926612,0.00510000,0.67806146,0.21146097,0.78772144
418.72900009,0.00186734,0.01160229,0.00290000,0.63831845,0.21228890,0.78126992
418.82900000,0.00059408,0.01306817,0.00390000,0.64863227,0.21627635,0.76289881
418.92900014,0.00212484,0.01339496,0.00090000,0.66891663,0.22360170,0.75978296
419.02900004,0.00242902,0.01496896,0.00190000,0.68499167,0.22227980,0.75634955
419.12900019,0.00530821,0.01412030,0.00210000,0.73005500,0.21433986,0.78835256
419.22900009,0.00599963,0.01559405,0.00110000,0.72928210,0.22722915,0.76647125
419.32900000,0.00458288,0.01730368,0.00010000,0.67026541,0.23523404,0.77698318
419.42900014,0.00256021,0.01906686,0.00490000,0.66460373,0.22994060,0.81982965
419.52900004,0.00458290,0.01730367,0.00390000,0.69006884,0.22785296,0.82835701
419.62900019,0.00181969,0.01461023,0.00190000,0.69013220,0.22407493,0.82515168
419.73000002,0.00526596,0.01196201,0.00310000,0.74584744,0.21787334,0.81107868
419.83000016,0.00501883,0.01140620,0.00310000,0.75120230,0.21712131,0.80396031
419.93000007,0.00542664,0.01377975,0.00410000,0.75227448,0.21505633,0.80022028
420.02999997,0.00590632,0.01603139,0.00410000,0.78777750,0.21279793,0.79138777
420.13000011,0.00395193,0.01726043,0.00310000,0.76590219,0.22166277,0.77155571
420.23000002,0.00579473,0.01719654,0.00310000,0.75599726,0.22270329,0.77861033
420.33000016,0.00834367,0.01746635,0.00610000,0.82995449,0.23554181,0.80571039
420.43000007,0.00532197,0.01576949,0.01110000,0.77118247,0.23031196,0.82406887
420.52999997,0.00575589,0.01545056,0.01310000,0.76053855,0.22993197,0.79688530
420.63000011,0.00986610,0.01097771,0.02110000,0.81262566,0.22658930,0.79389866
420.73000002,0.01081354,0.00825333,0.02210000,0.84768518,0.22214957,0.78403877
420.83000016,0.00853926,0.01183769,0.01410000,0.86771700,0.22284432,0.77634037
420.93000007,0.01194820,0.01343431,0.01710000,0.87277184,0.22605265,0.77515745
421.03100014,0.00511704,0.01737199,0.00710000,0.82180339,0.22397106,0.71013769
421.13100004,0.00439270,0.01776610,0.00810000,0.82143534,0.21367477,0.70952087
421.23100019,0.00462516,0.01946196,0.00610000,0.82165531,0.22564022,0.70212962
421.33100009,0.00807387,0.02001531,0.00910000,0.84998955,0.22750095,0.68773817
421.43099999,0.00904881,0.02058930,0.01010000,0.83817280,0.23107713,0.69742836
421.53100014,0.00590081,0.02119765,0.00710000,0.78444317,0.23171036,0.70408324
421.63100004,0.00526739,0.01795284,0.00910000,0.79678760,0.21396630,0.71864606
421.73100019,0.00280838,0.01683339,0.00610000,0.81774917,0.22265272,0.71304730
421.83100009,0.00575589,0.01545056,0.00810000,0.80790204,0.22547584,0.71875763
421.93099999,0.00837660,0.01559848,0.01110000,0.83214352,0.22238814,0.71844312
422.03100014,0.00910339,0.01840593,0.01210000,0.85604250,0.22184988,0.74146856
422.13100004,0.00749302,0.02016568,0.00910000,0.80222424,0.24124744,0.76025890
422.23200011,0.00780515,0.01977497,0.00910000,0.81437662,0.24481884,0.74567515
422.33200002,0.00497600,0.02081729,0.00610000,0.86015726,0.24745264,0.73994181
422.43200016,0.00648023,0.01505645,0.01010000,0.86191429,0.22578670,0.72297258
422.53200006,0.00815891,0.01276253,0.01710000,0.84008636,0.22973735,0.76015739
422.63199997,0.00555094,0.01705307,0.01110000,0.84377681,0.24266699,0.69653518
422.73200011,0.00978301,0.01265198,0.02210000,0.91327992,0.23516419,0.74540483
422.83200002,0.00522860,0.01620684,0.01310000,0.87020782,0.24198233,0.70556361
422.93200016,0.00774562,0.01555524,0.01810000,0.88160892,0.24196745,0.73095350
423.03200006,0.00613181,0.01690269,0.01510000,0.84911728,0.24357881,0.75922319
423.13199997,0.00793580,0.01509282,0.01510000,0.86211051,0.24252237,0.73899661
423.23200011,0.00774218,0.01514294,0.01410000,0.85966038,0.23756042,0.71079768
423.33200002,0.00351798,0.01757936,0.00810000,0.84878841,0.23818529,0.72052655
423.43200016,0.00440989,0.01982758,0.00710000,0.81479436,0.23599901,0.68659926
423.53299999,0.00415484,0.02123646,0.00510000,0.84063148,0.24585149,0.68567995
423.63300014,0.00722865,0.01754841,0.01210000,0.82623692,0.22122870,0.70801793
423.73300004,0.00855990,0.01431147,0.01810000,0.84235783,0.22078415,0.74753210
423.83300018,0.00791859,0.01303135,0.01310000,0.80564291,0.21711005,0.66426677
423.93300009,0.00916678,0.01146866,0.01810000,0.78630139,0.21466442,0.71999760
424.03299999,0.00547234,0.01635034,0.00910000,0.76924170,0.21203259,0.68272480
424.13300014,0.00643943,0.01888898,0.00910000,0.77591047,0.22124509,0.67764178
424.23300004,0.00999530,0.02065415,0.01310000,0.76769642,0.23484881,0.68498259
424.33300018,0.00947145,0.02182273,0.01010000,0.79802377,0.23138398,0.68206470
424.43300009,0.01251428,0.01442403,0.01710000,0.85908809,0.21384592,0.74772051
424.53299999,0.01152901,0.01261317,0.02010000,0.85555919,0.20387984,0.72907259
424.63300014,0.01211774,0.01049811,0.02210000,0.81142581,0.20056955,0.71079422
424.73399997,0.01207794,0.01154138,0.02110000,0.82314576,0.20601087,0.69014162
424.83400011,0.01169315,0.01484319,0.01910000,0.82183432,0.20268379,0.68766005
424.93400002,0.01295510,0.01492968,0.01910000,0.81233560,0.20490261,0.68255324
425.03400016,0.01257915,0.01347757,0.01510000,0.83900717,0.19951740,0.65834101
425.13400006,0.01292314,0.01400830,0.01410000,0.82804572,0.20346942,0.62207689
425.23399997,0.01215114,0.01741034,0.01110000,0.82045895,0.20986222,0.62326166
425.33400011,0.00852942,0.01938089,0.00910000,0.76838271,0.21690222,0.57425363
425.43400002,0.00751709,0.02305175,0.00810000,0.73645910,0.23476562,0.57684554
425.53400016,0.00903065,0.02131707,0.00810000,0.73536945,0.23529129,0.57834991
425.63400006,0.00754999,0.02118390,0.00810000,0.74706669,0.23505528,0.57506738
425.73399997,0.00897118,0.01709731,0.01010000,0.74467835,0.21053435,0.56882222
425.83400011,0.01184008,0.01501174,0.01310000,0.79670303,0.21274306,0.55708300
425.93500018,0.01233887,0.01374635,0.01510000,0.79868493,0.20723373,0.60223305
426.03500009,0.01131623,0.01618032,0.01410000,0.74496356,0.21293078,0.57244331
426.13499999,0.01207596,0.01711991,0.01110000,0.82795501,0.21264922,0.56279800
426.23500013,0.01131621,0.01618034,0.01010000,0.76297933,0.20983707,0.57320560
426.33500004,0.00949747,0.01913029,0.00810000,0.73374757,0.22419245,0.57022920
426.43500018,0.00966507,0.02177261,0.00810000,0.73668536,0.22817900,0.55931117
426.53500009,0.01009310,0.01783983,0.00910000,0.75166847,0.21641053,0.59016671
426.63499999,0.01275804,0.01456751,0.01310000,0.77091599,0.22847344,0.61976363
426.73500013,0.01569523,0.01194779,0.01710000,0.79866395,0.22885329,0.65809583
426.83500004,0.01413153,0.01348888,0.01610000,0.79950074,0.23837315,0.68863879
426.93500018,0.01330694,0.01349576,0.01410000,0.79227303,0.24281961,0.67921090
427.03500009,0.01170790,0.01370311,0.01310000,0.80010420,0.24388441,0.65661763
427.13499999,0.01249268,0.01473950,0.01110000,0.81901127,0.24539770,0.65071214
427.23600006,0.00962036,0.01641276,0.01010000,0.80372871,0.24697122,0.68608611
427.33600020,0.01060220,0.01781132,0.01210000,0.78136317,0.25132844,0.68689365
427.43600011,0.01020363,0.01946396,0.01010000,0.77070808,0.27027674,0.68878631
427.53600001,0.00870482,0.02005857,0.00610000,0.75291975,0.26034921,0.66638410
427.63600016,0.00700111,0.02225566,0.00410000,0.74931051,0.26229977,0.68653773
427.73600006,0.00911813,0.01726585,0.00710000,0.77518698,0.24529372,0.71758934
427.83600020,0.00871715,0.01571691,0.00810000,0.77527700,0.24445909,0.73480275
427.93600011,0.00867489,0.01355862,0.01010000,0.78420255,0.25147246,0.71401425
428.03600001,0.00766354,0.01444023,0.01010000,0.78960255,0.25352726,0.73181510
428.13600016,0.00524678,0.01547906,0.00610000,0.79110061,0.25271586,0.75987814
428.23600006,0.00682766,0.01599947,0.00810000,0.76211440,0.25048044,0.75076497
428.33600020,0.00698835,0.01781721,0.00710000,0.74622852,0.25285031,0.72845193
428.43700004,0.00596425,0.01426036,0.00810000,0.74478284,0.22882391,0.77307933
428.53700018,0.00976582,0.01059050,0.01410000,0.75237620,0.22076529,0.78695942
428.63700008,0.01039680,0.01063375,0.01810000,0.74965697,0.21874641,0.85255718
428.73699999,0.00965428,0.01175563,0.01810000,0.74878413,0.21717819,0.82821873
428.83700013,0.00931717,0.01204949,0.01510000,0.75015413,0.21675706,0.79003684
428.93700004,0.00786504,0.01242542,0.01010000,0.71968487,0.21730528,0.77659660
429.03700018,0.01024201,0.01242985,0.01010000,0.71592169,0.22374746,0.77323480
429.13700008,0.00960317,0.01435128,0.00810000,0.71272010,0.22499447,0.78441360
429.23699999,0.01011325,0.01153353,0.00910000,0.71296022,0.22472567,0.77615252
429.33700013,0.00998551,0.00784791,0.01310000,0.71076627,0.22214021,0.77239657
429.43700004,0.01037373,0.00495840,0.01700000,0.77242539,0.21793455,0.81747633
429.53700018,0.00594904,0.00662034,0.01300000,0.75309833,0.22043631,0.76611821
429.63800001,0.00786260,0.00922386,0.01710000,0.76276652,0.22172063,0.82648165
429.73800015,0.00631267,0.01241411,0.01610000,0.80397932,0.21262526,0.77488294
429.83800006,0.00535488,0.01390163,0.01210000,0.78569854,0.21727822,0.74759396
429.93800020,0.00645171,0.01454735,0.01210000,0.78156332,0.21219980,0.71083232
430.03800011,0.00658048,0.01544368,0.01310000,0.78200850,0.20851060,0.71962908
430.13800001,0.00508166,0.01603829,0.01010000,0.76799965,0.20788709,0.72925751
430.23800015,0.00585613,0.01583779,0.01110000,0.74571551,0.21262932,0.72310793
430.33800006,0.00471261,0.01541075,0.00910000,0.72253596,0.20782703,0.68886135
430.43800020,0.00652445,0.01163622,0.01410000,0.74881705,0.20699582,0.68464716
430.53800011,0.00749254,0.01138560,0.01710000,0.75076284,0.20922052,0.70157933
430.63800001,0.00760755,0.01063274,0.01710000,0.77345250,0.20647213,0.70353866
430.73800015,0.01098110,0.01089566,0.02010000,0.82878634,0.20928629,0.77919955
430.83800006,0.00955747,0.01178069,0.01710000,0.85827122,0.21857939,0.71226561
430.93900013,0.00918841,0.01115317,0.01710000,0.83441824,0.21663920,0.66514303
431.03900003,0.00851663,0.01494246,0.01510000,0.77198990,0.21330400,0.67194968
431.13900018,0.00751563,0.01706093,0.01510000,0.75616332,0.21411400,0.66061771
431.23900008,0.00636279,0.01260773,0.01910000,0.73695848,0.19931421,0.64897485
431.33899999,0.00780559,0.00820565,0.02210000,0.76049632,0.19577538,0.67425735
431.43900013,0.00806064,0.00679677,0.02100000,0.73013382,0.20585884,0.66050302
431.53900003,0.00779083,0.00934574,0.02010000,0.74196293,0.20986730,0.62340816
431.63900018,0.01000612,0.01032170,0.02110000,0.77587847,0.20830384,0.63012039
431.73900008,0.00791517,0.01261904,0.01910000,0.74417646,0.20280675,0.59029901
431.83899999,0.00701096,0.01471246,0.01610000,0.74394989,0.20506816,0.59101520
431.93900013,0.00463743,0.01512033,0.01710000,0.74095230,0.20374089,0.60622171
432.03900003,0.00386296,0.01532082,0.01710000,0.76843672,0.19908626,0.63946898
432.14000010,0.00345066,0.01532426,0.01810000,0.73591823,0.19851395,0.66978392
432.24000001,0.00627872,0.01707125,0.01210000,0.73029283,0.21072882,0.63655841
432.34000015,0.00717852,0.01735479,0.01210000,0.71640879,0.21038607,0.63018633
432.44000006,0.00750534,0.01582403,0.01510000,0.74333175,0.19731801,0.67058121
432.54000020,0.00689350,0.01226375,0.02110000,0.75173475,0.19598086,0.71754762
432.64000010,0.00758247,0.01053595,0.02410000,0.72163022,0.19414150,0.74128353
432.74000001,0.00540945,0.01171827,0.02010000,0.71984722,0.19349949,0.66914359
432.84000015,0.00513622,0.01385494,0.01810000,0.67844001,0.19552459,0.66455724
432.94000006,0.00468755,0.01531394,0.01810000,0.69990264,0.19446477,0.69580733
433.04000020,0.00635492,0.01457240,0.01910000,0.69086896,0.18812455,0.71035631
433.14000010,0.00623993,0.01532525,0.01810000,0.72185951,0.19599826,0.70906723
433.24000001,0.00501089,0.01337090,0.02010000,0.71769065,0.19613170,0.71520500
433.34100008,0.00773286,0.01111679,0.02310000,0.72976182,0.19292989,0.75573118
433.44099998,0.00944003,0.00933198,0.02510000,0.75821697,0.19340788,0.77092618
433.54100013,0.00742524,0.00913049,0.02310000,0.72180221,0.19068668,0.77991661
433.64100003,0.00706305,0.00932756,0.02110000,0.72319296,0.18914617,0.77461041
433.74100018,0.00770092,0.01019538,0.02010000,0.72004729,0.19467071,0.72576532
433.84100008,0.00643017,0.01486280,0.01910000,0.70910816,0.19994765,0.67653176
433.94099998,0.00951668,0.01561323,0.02010000,0.73429233,0.19609858,0.70504572
434.04100013,0.00927637,0.01588203,0.02010000,0.75201590,0.19221342,0.75043360
434.14100003,0.00739030,0.01657690,0.01510000,0.71599118,0.19626431,0.73000957
434.24100018,0.00754067,0.01715775,0.01310000,0.71872187,0.21896572,0.71914366
434.34100008,0.00609888,0.01877055,0.01310000,0.69769794,0.21688705,0.72921610
434.44099998,0.00635148,0.01416011,0.01710000,0.68782341,0.19909381,0.70957297
434.54200006,0.00680015,0.01270110,0.01810000,0.70064977,0.19620759,0.71957234
434.64200020,0.00848914,0.01164408,0.02110000,0.71688601,0.19716323,0.78712426
434.74200010,0.00855399,0.01069762,0.02110000,0.70732433,0.20145133,0.77633111
434.84200001,0.00726599,0.01330359,0.01910000,0.64473867,0.20944868,0.73503639
434.94200015,0.00650185,0.01474096,0.01610000,0.65803080,0.21452770,0.73975158
435.04200006,0.00855203,0.01627614,0.01610000,0.70914859,0.21916401,0.73046633
435.14200020,0.00784144,0.01831944,0.01510000,0.65744008,0.23119892,0.74640172
435.24200010,0.00814661,0.01710417,0.01410000,0.69073824,0.21961179,0.73217052
435.34200001,0.00650430,0.01794252,0.01310000,0.67997321,0.22026307,0.75300433
435.44200015,0.00532439,0.01897105,0.01310000,0.68342599,0.23741252,0.76097538
435.54200006,0.00466838,0.01883099,0.01110000,0.68703968,0.23949535,0.74291311
435.64200020,0.00525121,0.01310209,0.01110000,0.68925219,0.22809061,0.73498313
435.74200010,0.00721687,0.01032069,0.01410000,0.69671403,0.22283915,0.74588061
435.84300017,0.00714412,0.01323184,0.01510000,0.67472774,0.22551805,0.74445525
435.94300008,0.00762816,0.01310653,0.01610000,0.70290629,0.22536427,0.71288784
436.04299998,0.00662716,0.01522500,0.01510000,0.69425632,0.23271901,0.72924358
436.14300013,0.00692103,0.01556211,0.01410000,0.69946047,0.24065496,0.71437046
436.24300003,0.00595638,0.01622503,0.01310000,0.66577821,0.22824970,0.73260537
436.34300017,0.00549740,0.01644715,0.01310000,0.66110015,0.22852846,0.72365245
436.44300008,0.00555438,0.01746536,0.01210000,0.68381848,0.22717483,0.72391155
436.54299998,0.00711118,0.01509970,0.01310000,0.71154612,0.22997028,0.71296651
436.64300013,0.00796529,0.01281266,0.01710000,0.69635385,0.22922640,0.71185212
436.74300003,0.00731957,0.01390949,0.01810000,0.70734327,0.22586479,0.71484923
436.84300017,0.00857808,0.01358369,0.01910000,0.76177788,0.22835364,0.76460522
436.94300008,0.00943117,0.01408591,0.01810000,0.77922522,0.22497769,0.74248701
437.04400015,0.00799377,0.01332177,0.01710000,0.75834847,0.21933906,0.72397025
437.14400005,0.00759523,0.01497440,0.01610000,0.69096262,0.21986485,0.70428814
437.24400020,0.00737214,0.01730467,0.01610000,0.68440040,0.21887794,0.70777611
437.34400010,0.00834367,0.01746635,0.01610000,0.72272274,0.21124103,0.72362506
437.44400001,0.00770482,0.01938777,0.01510000,0.74970688,0.21887033,0.72684992
437.54400015,0.00705558,0.02007234,0.01310000,0.72467449,0.23156103,0.78741350
437.64400005,0.00694408,0.02123746,0.01110000,0.75785132,0.23122024,0.80565015
437.74400020,0.00786306,0.01800395,0.01410000,0.81227307,0.21465148,0.81716908
437.84400010,0.00858053,0.01678525,0.01510000,0.82461368,0.20162717,0.82492112
437.94400001,0.00703159,0.01718624,0.01610000,0.79556368,0.19972230,0.82982204
438.04400015,0.00710327,0.01706440,0.01510000,0.78293513,0.20301300,0.84864769
438.14400005,0.00677995,0.01900743,0.01310000,0.77721450,0.20620957,0.83937298
438.24500012,0.00554207,0.02180700,0.01010000,0.76606826,0.22608227,0.80580083
438.34500003,0.00464477,0.02472501,0.01010000,0.73646141,0.21863604,0.81523716
438.44500017,0.00470277,0.02295395,0.01110000,0.75152050,0.21089779,0.83527049
438.54500008,0.00492343,0.01742211,0.01410000,0.76546764,0.18818013,0.81699870
438.64499998,0.00517841,0.01601325,0.01810000,0.74476845,0.18750469,0.81804305
438.74500012,0.00760997,0.01383432,0.02010000,0.71890393,0.18227920,0.86443542
438.84500003,0.00553031,0.01457929,0.01610000,0.70050969,0.18277372,0.78368374
438.94500017,0.00644141,0.01331045,0.01910000,0.73885129,0.18347317,0.84193366
439.04500008,0.00523990,0.01465447,0.01710000,0.71703986,0.18675230,0.82974111
439.14499998,0.00653036,0.01525006,0.01710000,0.72517624,0.17975253,0.80672547
439.24500012,0.00601682,0.01765553,0.01610000,0.75053565,0.17798295,0.80959959
439.34500003,0.00376070,0.02051212,0.01410000,0.77999570,0.18642195,0.78610145
439.44500017,0.00241229,0.02168757,0.01310000,0.79990088,0.19714197,0.80908955
439.54600000,0.00110365,0.02181976,0.01410000,0.77565163,0.19705079,0.81298795
439.64600015,0.00235972,0.01829240,0.01610000,0.77648570,0.17897027,0.82846029
439.74600005,0.00288350,0.01712383,0.01510000,0.80349192,0.17648066,0.81499349
439.84600019,0.00437204,0.01529233,0.01610000,0.76990602,0.17996659,0.81493301
439.94600010,0.00523988,0.01465447,0.01610000,0.77043532,0.17649324,0.82218304
440.04600000,0.00251796,0.01690857,0.01610000,0.76955306,0.17694292,0.81734884
440.14600015,0.00467625,0.01686632,0.01410000,0.80099707,0.18306533,0.83140015
440.24600005,0.00485848,0.01836859,0.01310000,0.82261381,0.18395815,0.84824257
440.34600019,0.00432783,0.01871256,0.01310000,0.82059182,0.17739480,0.85475202
440.44600010,0.00399612,0.01384020,0.01910000,0.82382165,0.17308029,0.84412704
440.54600000,0.00554949,0.01106224,0.02110000,0.82044916,0.16948034,0.90918244
440.64600015,0.00672595,0.00962141,0.02310000,0.78342652,0.16568929,0.89169114
440.74699998,0.00621586,0.01243918,0.02010000,0.78056953,0.16580221,0.86408814
440.84700012,0.00834667,0.01230175,0.02110000,0.83632276,0.16780671,0.86373823
440.94700003,0.01070787,0.01303233,0.01910000,0.84293669,0.17595056,0.82367089
441.04700017,0.00979233,0.01667814,0.01810000,0.84975568,0.18792255,0.79311255
441.14700007,0.00948718,0.01789339,0.01810000,0.87890511,0.19122850,0.80804117
441.24699998,0.00840754,0.01930915,0.01710000,0.87149853,0.19350574,0.79022170
441.34700012,0.00933230,0.01968954,0.01610000,0.87932636,0.20311765,0.77771591
441.44700003,0.00884047,0.02177949,0.01410000,0.90701910,0.22718557,0.76875049
441.54700017,0.00838149,0.02200160,0.01510000,0.92293393,0.23124518,0.75968587
441.64700007,0.00926848,0.01784672,0.01510000,0.90452131,0.21923108,0.77587985
441.74699998,0.00850191,0.01608252,0.01610000,0.90046080,0.21894305,0.78699358
441.84700012,0.00755789,0.01921922,0.01810000,0.89783916,0.21925508,0.79930617
441.94800019,0.00847241,0.01836269,0.01810000,0.95977256,0.21632302,0.81062288
442.04800010,0.00778001,0.01967820,0.01510000,0.95373335,0.21282812,0.78896986
442.14800000,0.00739269,0.01977848,0.01310000,0.92181017,0.21398768,0.77890073
442.24800014,0.00510471,0.02171363,0.01110000,0.90815763,0.22455052,0.76906137
442.34800005,0.00459465,0.02453139,0.01010000,0.87513203,0.23185215,0.77714099
442.44800019,0.00547677,0.01397337,0.01910000,0.87386770,0.20647747,0.83902316
442.54800010,0.00804147,0.01031382,0.02110000,0.88592580,0.20920222,0.81978137
442.64800000,0.00852203,0.00977625,0.02210000,0.88637369,0.20622752,0.81451199
442.74800014,0.00864293,0.01263724,0.02110000,0.87243601,0.21376218,0.80805683
442.84800005,0.00755987,0.01364069,0.02110000,0.80246307,0.21905189,0.85742883
442.94800019,0.00486642,0.01640390,0.01810000,0.82860122,0.21780019,0.82860817
443.04800010,0.00685616,0.01650858,0.01910000,0.79963049,0.21317085,0.89204152
443.14900017,0.00666598,0.01697100,0.01710000,0.77679748,0.22024086,0.85407127
443.24900007,0.00528109,0.01960204,0.01710000,0.79178616,0.22507835,0.83923480
443.34899998,0.00800897,0.02096178,0.01610000,0.76964530,0.24740910,0.81654899
443.44900012,0.00667531,0.02099715,0.01310000,0.75870734,0.26175680,0.80659890
443.54900002,0.00332681,0.02083104,0.01110000,0.75639197,0.27096776,0.80056764
443.64900017,0.00416370,0.01648252,0.01310000,0.74451125,0.25243079,0.79172629
443.74900007,0.00585607,0.01583782,0.01510000,0.76737322,0.24867314,0.78902369
443.84899998,0.00690300,0.01670355,0.01210000,0.76103848,0.24117080,0.77667057
443.94900012,0.00504871,0.01790616,0.01310000,0.77657392,0.24711185,0.74349904
444.04900002,0.00447817,0.01929342,0.01010000,0.75670954,0.24973667,0.71484620
444.14900017,0.00613712,0.02093002,0.00910000,0.75272594,0.26229995,0.71742106
444.24900007,0.00836430,0.01994012,0.01010000,0.73545927,0.24047494,0.71175776
444.34899998,0.00612395,0.01886736,0.00810000,0.74910910,0.23436230,0.71827479
444.45000005,0.00700966,0.01192454,0.01310000,0.73860607,0.22755338,0.75410156
444.55000019,0.00725223,0.01165440,0.01510000,0.72197241,0.21543886,0.75953747
444.65000010,0.00902331,0.01171238,0.01510000,0.67484302,0.20968373,0.75615193
444.75000000,0.00824655,0.01191446,0.01710000,0.69623467,0.21135882,0.75820445
444.85000014,0.00709145,0.01303960,0.01610000,0.68427630,0.20866297,0.75480469
444.95000005,0.00841640,0.01455521,0.01610000,0.68254635,0.21388278,0.77722720
445.05000019,0.00819002,0.01688708,0.01510000,0.68764890,0.21508173,0.78483562
445.15000010,0.00829358,0.01768662,0.01310000,0.66107810,0.22208263,0.80394452
445.25000000,0.00874218,0.01581374,0.01110000,0.65781683,0.21196804,0.80937747
445.35000014,0.00921827,0.01806719,0.01010000,0.69569687,0.22714616,0.83851080
445.45000005,0.00638572,0.01869659,0.01310000,0.70159371,0.22403050,0.85051474
445.55000019,0.00438724,0.02293234,0.01310000,0.70576084,0.24894321,0.82945680
445.65100002,0.00510222,0.01851209,0.01510000,0.73241341,0.23287875,0.85456678
445.75100017,0.00714343,0.01643476,0.01610000,0.73481015,0.23463800,0.85777596
445.85100007,0.00869552,0.01603240,0.01710000,0.73032701,0.22576889,0.90204869
445.95099998,0.00803301,0.01548163,0.01710000,0.74987081,0.22517272,0.88967733
446.05100012,0.00754229,0.01478222,0.01510000,0.75316879,0.23198882,0.82876149
446.15100002,0.00793822,0.01829439,0.01610000,0.78247661,0.24374982,0.82019690
446.25100017,0.00758731,0.01693909,0.01610000,0.78682311,0.24283986,0.80851826
446.35100007,0.00832534,0.01860803,0.01510000,0.77327855,0.24512616,0.80682964
446.45099998,0.00809107,0.02207679,0.01310000,0.78419854,0.25484435,0.79327314
446.55100012,0.00679461,0.01828096,0.01610000,0.80808477,0.23131569,0.85026234
446.65100002,0.00948185,0.01469369,0.01710000,0.81436632,0.21571756,0.84922952
446.75100017,0.01044687,0.01082741,0.01810000,0.87420286,0.20996183,0.82777529
446.85200000,0.00771022,0.01422155,0.01710000,0.82119821,0.21510850,0.83280202
446.95200014,0.00878925,0.01600903,0.01610000,0.80373357,0.23366861,0.84741796
447.05200005,0.00948718,0.01789339,0.01610000,0.76188358,0.22653458,0.85450623
447.15200019,0.01091081,0.01700836,0.01610000,0.80543568,0.22327628,0.86120027
447.25200009,0.01161511,0.01455504,0.01410000,0.78350187,0.21378408,0.82252557
447.35200000,0.01100515,0.01378175,0.01210000,0.79162884,0.21381521,0.79406896
447.45200014,0.00936972,0.01544469,0.01210000,0.76737206,0.22081049,0.81075544
447.55200005,0.00852561,0.01938257,0.01110000,0.77297021,0.23021889,0.78067425
447.65200019,0.01002798,0.01920051,0.01010000,0.78347730,0.23850919,0.76903090
447.75200009,0.01167940,0.01319400,0.01310000,0.85664398,0.22662461,0.76818149
447.85200000,0.00975215,0.01214478,0.01510000,0.81172050,0.22025444,0.78113740
447.95200014,0.01225679,0.01263135,0.01710000,0.86698412,0.21125760,0.83448668
448.05299997,0.01142433,0.01460290,0.01310000,0.83455969,0.21244147,0.76450975
448.15300012,0.01189064,0.01561994,0.01310000,0.82277903,0.21726686,0.77239455
448.25300002,0.01119798,0.01693532,0.01110000,0.82524577,0.21113388,0.74600578
448.35300016,0.00991072,0.01633761,0.01110000,0.78067564,0.21731673,0.72008039
448.45300007,0.01070581,0.01861090,0.00810000,0.73968525,0.22677527,0.70925316
448.55299997,0.00799121,0.01332331,0.01110000,0.73400030,0.20669649,0.71475164
448.65300012,0.01079091,0.01135809,0.01310000,0.73938216,0.20243835,0.72881590
448.75300002,0.00851420,0.01174088,0.01410000,0.74044722,0.19937466,0.71796255
448.85300016,0.01005421,0.01051726,0.01610000,0.75825001,0.19863596,0.71188305
448.95300007,0.00955742,0.01178073,0.01410000,0.77393084,0.20218412,0.70439151
449.05299997,0.00781836,0.01264410,0.01210000,0.76648156,0.19196189,0.68308822
449.15300012,0.00568596,0.01319659,0.01110000,0.77646108,0.18571006,0.67391283
449.25400019,0.00621141,0.01481615,0.01010000,0.77900736,0.18215328,0.65732642
449.35400009,0.00524235,0.01785603,0.01010000,0.76395774,0.19591255,0.67432321
449.45400000,0.00598834,0.01755989,0.00910000,0.75144916,0.19072683,0.67384384
449.55400014,0.00618194,0.01709631,0.00710000,0.75324119,0.19510521,0.68059775
449.65400004,0.00709396,0.01303824,0.00810000,0.71804438,0.17764188,0.70764045
449.75400019,0.00718491,0.01260227,0.01210000,0.72115613,0.18474638,0.71739339
449.85400009,0.00701149,0.01512610,0.01210000,0.70508916,0.19701353,0.72907490
449.95400000,0.00824884,0.01191288,0.01410000,0.69373648,0.19655973,0.70761646
450.05400014,0.00843007,0.01062751,0.01310000,0.70311755,0.18900794,0.72562256
450.15400004,0.00984565,0.01170740,0.01210000,0.71795528,0.19658401,0.72241533
450.25400019,0.01054955,0.01441621,0.01210000,0.71072846,0.20061431,0.73745735
450.35400009,0.00946655,0.01541961,0.01210000,0.70656916,0.20450201,0.73317130
450.45400000,0.01011929,0.00957078,0.01510000,0.71175188,0.20475192,0.73444503
450.55500007,0.01105037,0.00757227,0.01710000,0.69136093,0.19420182,0.74677984
450.65499997,0.01291495,0.00440613,0.02000000,0.74464397,0.19170827,0.80282363
450.75500011,0.01108739,0.00932040,0.01710000,0.69850886,0.18846570,0.75014408
450.85500002,0.01338067,0.00779536,0.01910000,0.75379637,0.18752824,0.79065358
450.95500016,0.01151183,0.01055167,0.01510000,0.68422537,0.19647643,0.73983935
451.05500007,0.01160998,0.01094114,0.01710000,0.71364077,0.20238701,0.72581209
451.15499997,0.01062237,0.01150501,0.01710000,0.73772992,0.20327567,0.73937295
451.25500011,0.01082045,0.01228160,0.01610000,0.73556816,0.20624181,0.74755119
451.35500002,0.01020292,0.01388742,0.01510000,0.72217672,0.20865820,0.77707239
451.45500016,0.01179337,0.01523044,0.01410000,0.70769247,0.21349810,0.79554101
451.55500007,0.01022185,0.01873616,0.01510000,0.71693075,0.23199715,0.81123685
451.65499997,0.00998278,0.01662992,0.01810000,0.71575742,0.23833504,0.78506275
451.75600004,0.01132410,0.01421565,0.02010000,0.68960322,0.22371010,0.79795863
451.85600019,0.01350955,0.01189589,0.02010000,0.73737229,0.22456511,0.78958557
451.95600009,0.01345456,0.01407923,0.01610000,0.72842366,0.22783022,0.76621554
452.05599999,0.01211574,0.01607666,0.01710000,0.73657834,0.23312708,0.77067199
452.15600014,0.01183895,0.01821563,0.01910000,0.70342671,0.26548320,0.80965598
452.25600004,0.01200425,0.01765638,0.01810000,0.76770453,0.26998034,0.76228944
452.35600019,0.01014800,0.01607072,0.01710000,0.73027785,0.25889434,0.75996897
452.45600009,0.01274175,0.01292083,0.02010000,0.78128065,0.25001603,0.79373472
452.55599999,0.01260315,0.01078752,0.02110000,0.78203169,0.25223964,0.78210693
452.65600014,0.01215066,0.00863026,0.02410000,0.73938914,0.24485858,0.79798980
452.75600004,0.01304258,0.01087847,0.02010000,0.79360306,0.24847986,0.77517733
452.85600019,0.01345951,0.01170221,0.02310000,0.77889993,0.24932405,0.77345690
452.95700002,0.01140133,0.01213135,0.01910000,0.72682139,0.23905173,0.72890074
453.05700016,0.00980223,0.01233841,0.01810000,0.73586328,0.23957499,0.74409602
453.15700006,0.00810814,0.01577207,0.01810000,0.73061913,0.24825059,0.72443808
453.25699997,0.00887093,0.01671007,0.01710000,0.72962409,0.25361442,0.75013637
453.35700011,0.00838691,0.01683537,0.01610000,0.74441103,0.25248101,0.73990263
453.45700002,0.00785281,0.01718090,0.01510000,0.75602693,0.25163925,0.74125071
453.55700016,0.00788793,0.01851461,0.01510000,0.74298486,0.24996569,0.75601934
453.65700006,0.00935249,0.01338323,0.01710000,0.73748366,0.23845110,0.74457822
453.75699997,0.01063506,0.01036704,0.01910000,0.73033214,0.23775025,0.74534450
453.85700011,0.00941396,0.01202445,0.01910000,0.72208040,0.24543173,0.75017426
453.95700002,0.01092892,0.01070414,0.02010000,0.72250597,0.24509447,0.75218807
454.05700016,0.01008106,0.01381565,0.01410000,0.72556255,0.24336901,0.73641879
454.15799999,0.01135354,0.01193554,0.01510000,0.70564838,0.24440595,0.73549057
454.25800014,0.00970206,0.01195115,0.01410000,0.69228015,0.24185686,0.72164954
454.35800004,0.00899968,0.01802043,0.01310000,0.69952829,0.25815147,0.69792015
454.45800018,0.00890287,0.01804547,0.01310000,0.72034369,0.25926724,0.68874232
454.55800009,0.00895295,0.01823910,0.01110000,0.73017253,0.25688333,0.68631127
454.65799999,0.00782441,0.01667179,0.01010000,0.72806941,0.23800183,0.66943987
454.75800014,0.00641901,0.01682874,0.01110000,0.73062573,0.23310609,0.68548620
