time_s,LoPE,LaPE,VPE,LoPL_adjusted,LaPL_adjusted,VPL_adjusted
0.00000000,0.45328440,0.45587741,1.86960000,1.33043810,1.81221222,2.55017239
0.10000014,0.45582686,0.47113882,1.85660000,1.32987943,1.85820100,2.53863687
0.20000005,0.48568507,0.39863435,1.83960000,1.36987408,1.79845434,2.50988435
0.30000019,0.47482584,0.36222041,1.82160000,1.36799983,1.78979311,2.48105054
0.40000010,0.48197269,0.33964573,1.79560000,1.37568255,1.78353565,2.44923362
0.50000000,0.46342550,0.35237590,1.77260000,1.34140272,1.81025081,2.44619058
0.60000014,0.46908598,0.35609026,1.75360000,1.33612307,1.79975876,2.43288176
0.70000005,0.45395742,0.36202160,1.62960000,1.33483940,1.73099745,2.31237550
0.80000019,0.43804627,0.34158383,1.56160000,1.30882545,1.74201471,2.22161436
0.90000010,0.41634902,0.33042094,1.44950000,1.25664867,1.73510929,2.12436505
1.00000000,0.42689007,0.34872201,1.37950000,1.30170422,1.81721726,2.02544594
1.10100007,0.40942426,0.34856625,1.28460000,1.27657859,1.82049264,1.96200471
1.20100021,0.40045025,0.34397071,1.21950000,1.24944164,1.81075394,1.93198764
1.30100012,0.36813998,0.32527306,1.15050000,1.18536107,1.75359282,1.88140957
1.40100002,0.34477292,0.30674999,1.06140000,1.13259716,1.69006637,1.82469705
1.50100017,0.28720176,0.23209147,0.86140000,1.07053264,1.57457888,1.71756139
1.60100007,0.27628981,0.21206129,0.75730000,1.05222239,1.55118261,1.59567298
1.70100021,0.23214102,0.18247593,0.62730000,1.00095295,1.50402556,1.40432536
1.80100012,0.18606715,0.17079320,0.54430000,0.90173767,1.48086228,1.29343470
1.90100002,0.17849272,0.17077690,0.54220000,0.88303139,1.39889723,1.26435922
2.00100017,0.18993536,0.14660426,0.47520000,0.86975990,1.36557317,1.19612381
2.10100007,0.14449663,0.09753838,0.35610000,0.83022556,1.34054000,1.06047636
2.20100021,0.04879496,0.04474921,0.17710000,0.75641982,1.28596849,0.87819263
2.30200005,0.02365290,0.02158681,0.11600000,0.74172685,1.27460459,0.80431157
2.40200019,0.00929024,0.02734120,0.03900000,0.75761529,1.31819394,0.75275909
2.50200009,0.00689883,0.01285209,0.07500000,0.77057548,1.38224038,0.79214222
2.60200000,0.01767589,0.00900294,0.08500000,0.74355259,1.41836818,0.80508107
2.70200014,0.00871066,0.00522823,0.08400000,0.70655094,1.42146762,0.82406126
2.80200005,0.00578112,0.00221555,0.07600000,0.67580741,1.37521421,0.81436081
2.90200019,0.00567001,0.00274790,0.06300000,0.66547109,1.40814452,0.79262996
3.00200009,0.01066609,0.00686545,0.06900000,0.64150134,1.43535624,0.78724094
3.10200000,0.00853108,0.01267205,0.07690000,0.63186608,1.37967917,0.79702792
3.20200014,0.01043138,0.00101800,0.07200000,0.63732310,1.35661940,0.78946674
3.30200005,0.00919575,0.00094770,0.07900000,0.68693730,1.32601608,0.81915913
3.40200019,0.00703696,0.00022616,0.08900000,0.68171751,1.34438401,0.84080279
3.50300002,0.01881927,0.01683939,0.07290000,0.70376377,1.38107479,0.87120488
3.60300016,0.01277250,0.00561366,0.07100000,0.70112141,1.34551548,0.82457324
3.70300007,0.00733207,0.00277323,0.06600000,0.70631747,1.29560973,0.83524913
3.80300021,0.00024097,0.00297354,0.06300000,0.66649967,1.20357150,0.80271177
3.90300012,0.00089947,0.00188440,0.05700000,0.64758366,1.21253572,0.83271320
4.00300002,0.01056982,0.01487309,0.04700000,0.64567541,1.22572363,0.80726348
4.10300016,0.00885563,0.01575271,0.05300000,0.60513963,1.22928421,0.77683796
4.20300007,0.01136505,0.01710221,0.06100000,0.60281454,1.22502487,0.78812741
4.30300021,0.00858983,0.01833616,0.06100000,0.59689373,1.30410352,0.78596039
4.40300012,0.00886670,0.01284491,0.06500000,0.63390051,1.34128230,0.78290189
4.50300002,0.01223024,0.00903057,0.05400000,0.63342313,1.39926809,0.78959587
4.60300016,0.01101718,0.00911821,0.06000000,0.62150829,1.43553359,0.79076607
4.70400000,0.00912170,0.00799029,0.05900000,0.64642161,1.43506145,0.78769239
4.80400014,0.00796543,0.00776093,0.06500000,0.67611945,1.49731605,0.80523669
4.90400004,0.00065643,0.02271055,0.05000000,0.64681394,1.46362465,0.81167671
5.00400019,0.00182657,0.01902928,0.04200000,0.67032482,1.49968085,0.80701976
5.10400009,0.01010744,0.01168074,0.05100000,0.67179975,1.46369480,0.81579208
5.20400000,0.01807077,0.01406191,0.06600000,0.74990715,1.44928144,0.83620462
5.30400014,0.00823455,0.02261244,0.06000000,0.68938392,1.44661765,0.83105841
5.40400004,0.01130106,0.02823643,0.05200000,0.71387477,1.53157647,0.84921896
5.50400019,0.00231660,0.02360367,0.05400000,0.64350947,1.52149665,0.81436063
5.60400009,0.00675297,0.02656402,0.05700000,0.62896769,1.58842956,0.82041839
5.70400000,0.00109501,0.03275852,0.06200000,0.63290809,1.67619743,0.82399790
5.80400014,0.01784817,0.03234089,0.06900000,0.71420868,1.71801937,0.84089228
5.90500021,0.02048399,0.05246881,0.06500000,0.72001750,1.71192221,0.84589892
6.00500011,0.01559572,0.05221938,0.06500000,0.71549062,1.74523108,0.86073348
6.10500002,0.01509896,0.02914895,0.06600000,0.73289597,0.78844299,0.86031523
6.20500016,0.01323574,0.05224189,0.05900000,0.73266121,0.79079494,0.81002626
6.30500007,0.01873106,0.03748063,0.03700000,0.74982357,0.72442575,0.80141796
6.40500021,0.01802054,0.04350931,0.04000000,0.70107052,0.70744783,0.78603762
6.50500011,0.01498906,0.04925432,0.04200000,0.69589061,0.70260342,0.77761945
6.60500002,0.00675545,0.03225498,0.04000000,0.65807850,0.62259125,0.73311736
6.70500016,0.00846334,0.04860012,0.03800000,0.65822868,0.59604086,0.76598601
6.80500007,0.00429676,0.03312986,0.04400000,0.66533450,0.52871878,0.75654637
6.90500021,0.00004423,0.04955561,0.04500000,0.67051085,0.52923224,0.78303054
7.00500011,0.00578815,0.05920386,0.03200000,0.70713021,0.52982978,0.76828844
7.10600019,0.00889140,0.05276204,0.02600000,0.73830087,0.54226803,0.75346776
7.20600009,0.00891966,0.04628271,0.01700000,0.74782107,0.48780983,0.76225389
7.30599999,0.01194489,0.04409637,0.01700000,0.76457793,0.46975927,0.77051981
7.40600014,0.01425766,0.04202022,0.01710000,0.77363565,0.43550598,0.76471385
7.50600004,0.01378063,0.04340615,0.03300000,0.76977940,0.45272469,0.80375263
7.60600019,0.00581322,0.03176187,0.02100000,0.71891769,0.24826868,0.77699794
7.70600009,0.00541642,0.03028981,0.02300000,0.72826729,0.23789296,0.81128375
7.80599999,0.00183797,0.03439072,0.03400000,0.69582363,0.24055550,0.83573409
7.90600014,0.01065804,0.04246606,0.03400000,0.75065691,0.23910371,0.85201850
8.00600004,0.00946016,0.04771232,0.03400000,0.71685678,0.25817358,0.83694414
8.10600019,0.00051540,0.04748657,0.03600000,0.74458816,0.25414846,0.82943176
8.20600009,0.00672513,0.04549365,0.04000000,0.76180090,0.25245246,0.81089150
8.30700016,0.00211334,0.05226149,0.04100000,0.75974118,0.25720740,0.82409897
8.40700006,0.00194542,0.05568362,0.04500000,0.77573270,0.25838366,0.84695779
8.50700021,0.00215990,0.03952107,0.03190000,0.80889553,0.22916086,0.81082875
8.60700011,0.00746837,0.03863656,0.05600000,0.79146167,0.23143863,0.83537131
8.70700002,0.01588003,0.04028790,0.05300000,0.84561422,0.23449234,0.82563295
8.80700016,0.02180839,0.04821664,0.04600000,0.86354423,0.24442408,0.84073822
8.90700006,0.02397572,0.04978529,0.05100000,0.86189592,0.24634773,0.87044672
9.00700021,0.01254704,0.03683981,0.04190000,0.82672468,0.22517580,0.84272942
9.10700011,0.01226258,0.03739825,0.04200000,0.85361953,0.21948774,0.84482960
9.20700002,0.00480171,0.04410979,0.04100000,0.79313992,0.23715916,0.86914773
9.30700016,0.00504035,0.03301325,0.04300000,0.79708579,0.20709991,0.87716485
9.40700006,0.00645213,0.02230202,0.06700000,0.80530425,0.19620680,0.93144767
9.50800014,0.00751923,0.02257590,0.06100000,0.83553169,0.20024125,0.90718226
9.60800004,0.00421671,0.02417559,0.05100000,0.82645172,0.19181491,0.85466523
9.70800018,0.00220974,0.03530166,0.05100000,0.78999933,0.19793743,0.87398213
9.80800009,0.00200635,0.03475952,0.05500000,0.82051430,0.20254008,0.87674890
9.90799999,0.00572898,0.03575233,0.06500000,0.81461214,0.20988359,0.92649188
10.00800014,0.00407657,0.03214656,0.05900000,0.82794391,0.21732491,0.87703822
10.10800004,0.00097880,0.03477847,0.04700000,0.80913877,0.22450282,0.86553726
10.20800018,0.00154828,0.02759878,0.05200000,0.80793168,0.21516169,0.91698277
10.30800009,0.00183213,0.02238958,0.04700000,0.82063631,0.21179203,0.91909247
10.40799999,0.00097506,0.02728276,0.04400000,0.84473874,0.22271307,0.90069733
10.50800014,0.00663438,0.03053957,0.05100000,0.85450764,0.21875136,0.95131330
10.60800004,0.00935458,0.03122726,0.05600000,0.88037116,0.21666178,0.92375552
10.70900011,0.00069709,0.03178937,0.04800000,0.83430454,0.22081981,0.92028172
10.80900002,0.00793993,0.01899915,0.05300000,0.81862739,0.21128470,0.90124577
10.90900016,0.00820471,0.01562251,0.06500000,0.82931623,0.20612745,0.95395748
11.00900006,0.00297961,0.02564687,0.08200000,0.80451051,0.22233487,0.94042256
11.10900021,0.01753073,0.02671561,0.08800000,0.86203488,0.22334531,0.97569902
11.20900011,0.00448096,0.00800756,0.08300000,0.75562147,0.20696838,0.96894052
11.30900002,0.00506320,0.00589356,0.08800000,0.75604007,0.19816838,0.97960654
11.40900016,0.01269479,0.02312752,0.07700000,0.80671551,0.21814469,0.97434691
11.50900006,0.01513723,0.02457365,0.08200000,0.77576311,0.23064650,0.93596659
11.60900021,0.01166613,0.03350927,0.07300000,0.77472779,0.25639187,0.93051707
11.70900011,0.00589853,0.01943032,0.05900000,0.74104608,0.22019056,0.88837069
11.80900002,0.00868518,0.01449854,0.07000000,0.73369074,0.21153840,0.96827534
11.91000009,0.01200169,0.02249910,0.08000000,0.75874951,0.23083545,0.96365258
12.00999999,0.00691704,0.01745980,0.08300000,0.71699088,0.23525162,0.94671732
12.11000013,0.00172183,0.02361367,0.05700000,0.72615748,0.22669798,0.87771417
12.21000004,0.00020100,0.02755285,0.04500000,0.70278828,0.25178612,0.85441455
12.31000018,0.00032798,0.02180487,0.04900000,0.73826506,0.24045540,0.85148138
12.41000009,0.00522407,0.01861368,0.04700000,0.72787418,0.24165845,0.84996864
12.50999999,0.00165769,0.02321857,0.03700000,0.71449632,0.24884801,0.83015990
12.61000013,0.00818230,0.02292204,0.04600000,0.70619730,0.25194835,0.87479848
12.71000004,0.00905152,0.02400354,0.04800000,0.75658842,0.25241744,0.88054060
12.81000018,0.00247267,0.00953551,0.05600000,0.74099844,0.24892200,0.87489836
12.91000009,0.00261494,0.00981744,0.05700000,0.70750244,0.24523426,0.86050497
13.00999999,0.01500051,0.00943952,0.03800000,0.76920973,0.24002414,0.84112354
13.11100006,0.01134147,0.00868741,0.04700000,0.75079549,0.22719306,0.85169926
13.21100020,0.01132109,0.01253527,0.05400000,0.75618916,0.23396801,0.85496872
13.31100011,0.00825423,0.00835031,0.05910000,0.68142093,0.22287794,0.88658562
13.41100001,0.00509804,0.00953992,0.05700000,0.67538859,0.22135560,0.88961268
13.51100016,0.01428966,0.00610619,0.04000000,0.74267231,0.21296938,0.83330985
13.61100006,0.01499230,0.00669932,0.04100000,0.74115936,0.21392863,0.80309621
13.71100020,0.02380805,0.00542832,0.03710000,0.73936687,0.20856278,0.82447903
13.81100011,0.02530324,0.00588608,0.03800000,0.72617029,0.20390875,0.83232274
13.91100001,0.01827373,0.00231751,0.02700000,0.72273968,0.20581797,0.82887000
14.01100016,0.01229433,0.00354536,0.02400000,0.69777720,0.21288064,0.81361408
14.11100006,0.01203086,0.00378266,0.02300000,0.72137591,0.21515030,0.81541126
14.21100020,0.00962327,0.00060227,0.02600000,0.66676615,0.21157236,0.82454732
14.31100011,0.00110175,0.00569791,0.02200000,0.68856352,0.22396967,0.84358608
14.41200018,0.00440988,0.01882161,0.02790000,0.71290811,0.23769533,0.85989746
14.51200008,0.00131862,0.02419341,0.02800000,0.69024270,0.25600848,0.85590272
14.61199999,0.00009264,0.02674774,0.02800000,0.71708579,0.24549302,0.87293101
14.71200013,0.00630038,0.02774212,0.03890000,0.71475804,0.24579978,0.86892568
14.81200004,0.00501870,0.03058125,0.02700000,0.71229640,0.25679765,0.84664522
14.91200018,0.00607397,0.03460631,0.02800000,0.73123695,0.26740530,0.82675947
15.01200008,0.00527731,0.03691504,0.03200000,0.70386388,0.26535021,0.81579291
15.11199999,0.01312033,0.02654255,0.04700000,0.74880431,0.25392768,0.89254191
15.21200013,0.00435894,0.02178255,0.05000000,0.72166109,0.23748663,0.88291513
15.31200004,0.00504890,0.02554758,0.03700000,0.73986049,0.24928655,0.88041382
15.41200018,0.01166342,0.02470758,0.03400000,0.76365583,0.23645831,0.81760702
15.51200008,0.00225297,0.02225138,0.03500000,0.71193277,0.23346869,0.83006957
15.61300015,0.00900640,0.03096619,0.04400000,0.72268275,0.24747638,0.89773302
15.71300006,0.00214503,0.01675944,0.03500000,0.72159965,0.21532344,0.83956359
15.81300020,0.00218191,0.02092079,0.03300000,0.71828215,0.22260987,0.84249308
15.91300011,0.00377409,0.01762289,0.03200000,0.71721027,0.21193277,0.85060971
16.01300001,0.00887518,0.01174058,0.03010000,0.72199024,0.20242621,0.86298584
16.11300015,0.01089393,0.01172272,0.02900000,0.71155786,0.20711428,0.85651826
16.21300006,0.00849257,0.00135512,0.02000000,0.69819547,0.20527570,0.84543390
16.31300020,0.01417206,0.00448137,0.01500000,0.77458558,0.20412622,0.84640378
16.41300011,0.01522049,0.00808621,0.01100000,0.79287654,0.21113417,0.83391961
16.51300001,0.00718890,0.02432159,0.00900000,0.72905638,0.22520324,0.83498396
16.61300015,0.01073022,0.02113557,0.01600000,0.72477242,0.22498480,0.83578214
16.71300006,0.02259594,0.01776044,0.02200000,0.79591795,0.22070541,0.82440972
16.81400013,0.01227836,0.01826066,0.02000000,0.78036920,0.22198356,0.83478056
16.91400003,0.01181482,0.01728612,0.01500000,0.74816707,0.22154274,0.83620629
17.01400018,0.01211679,0.01785255,0.01400000,0.76828350,0.22443661,0.81644437
17.11400008,0.00915207,0.02647715,0.00900000,0.75118835,0.23070617,0.81172372
17.21399999,0.00758941,0.02723272,0.02700000,0.72319544,0.22517833,0.83612205
17.31400013,0.01140130,0.02619733,0.02200000,0.72601720,0.22662043,0.80417386
17.41400003,0.01533497,0.02777065,0.01290000,0.76187227,0.21341212,0.77866106
17.51400018,0.01312029,0.03745541,0.01400000,0.70592355,0.21632713,0.77411122
17.61400008,0.01485500,0.03847569,0.01200000,0.70753800,0.20932504,0.76784472
17.71399999,0.01319617,0.03377678,0.00200000,0.71232480,0.21246911,0.75814280
17.81400013,0.00904784,0.03548784,0.00400000,0.70540197,0.22140709,0.76522157
17.91400003,0.01034863,0.03678187,0.00600000,0.69577552,0.21300545,0.78019929
18.01500010,0.00694618,0.05994298,0.02300000,0.68635995,0.24067447,0.78883081
18.11500001,0.01552329,0.03811178,0.03600000,0.72429223,0.21718547,0.82040884
18.21500015,0.01201885,0.06227590,0.02000000,0.70935641,0.25332906,0.78421478
18.31500006,0.00643738,0.02516685,0.02500000,0.69462051,0.20765916,0.81520086
18.41500020,0.00096257,0.06392897,0.05600000,0.66185913,0.25493023,0.83169371
18.51500010,0.01072356,0.06787706,0.06900000,0.68515866,0.25857998,0.84624009
18.61500001,0.01368717,0.03038406,0.07400000,0.67916870,0.20582561,0.85469120
18.71500015,0.01631107,0.06909847,0.09000000,0.68266035,0.25698825,0.89808217
18.81500006,0.01607220,0.03391363,0.09000000,0.69702627,0.21079693,0.88246605
18.91500020,0.02119017,0.07040296,0.07710000,0.70038471,0.25895438,0.82300469
19.01500010,0.01883755,0.07151760,0.09900000,0.69807443,0.25569211,0.88079997
19.11500001,0.02273103,0.02712103,0.10500000,0.70425009,0.21322220,0.86138529
19.21500015,0.00933385,0.07776438,0.13100000,0.72310347,0.27619991,0.91865510
19.31599998,0.00345251,0.06279944,0.13600000,0.72795649,0.25428440,0.93437187
19.41600013,0.00165012,0.06076263,0.12100000,0.68275814,0.25613722,0.89815697
19.51600003,0.00040420,0.05634791,0.12800000,0.68730891,0.25113749,0.89088573
19.61600018,0.00452284,0.05300183,0.13610000,0.71564493,0.25332552,0.89140220
19.71600008,0.01341344,0.04672751,0.14000000,0.71848340,0.24909330,0.90993429
19.81599998,0.01888935,0.05647869,0.13900000,0.71811134,0.26327271,0.90509312
19.91600013,0.03355884,0.05022752,0.13910000,0.74729254,0.26210197,0.91328436
20.01600003,0.03307413,0.04087104,0.13900000,0.75683847,0.24544163,0.91418851
20.11600018,0.03585610,0.04027952,0.14310000,0.76080028,0.23211435,0.91080690
20.21600008,0.04161986,0.03226077,0.12500000,0.80295949,0.21076228,0.88082976
20.31599998,0.04757105,0.03085053,0.12210000,0.82187253,0.21029572,0.87665399
20.41600013,0.05045653,0.03143228,0.13200000,0.84371055,0.20806795,0.88022316
20.51700020,0.05771668,0.03122556,0.13010000,0.84404921,0.21327754,0.88507876
20.61700010,0.06027332,0.03125408,0.12710000,0.82417508,0.21924484,0.88913038
20.71700001,0.06360547,0.03026788,0.13410000,0.84049469,0.22536105,0.90558305
20.81700015,0.06849682,0.02832730,0.13410000,0.84707641,0.22545443,0.90213868
20.91700006,0.07336306,0.02586352,0.13410000,0.83994723,0.22307245,0.91792316
21.01700020,0.07376744,0.02209557,0.13100000,0.82864332,0.22674363,0.91762964
21.11700010,0.07273493,0.02101905,0.12910000,0.84050148,0.23054972,0.90888457
21.21700001,0.07998188,0.01608845,0.13010000,0.86440746,0.21852907,0.91030950
21.31700015,0.08216451,0.01904636,0.11210000,0.85615851,0.22117141,0.85136249
21.41700006,0.08033395,0.03043776,0.08810000,0.85230297,0.23126175,0.81309476
21.51700020,0.07716715,0.03147049,0.08210000,0.85166018,0.23383472,0.81771506
21.61700010,0.08992086,0.01868527,0.10010000,0.86592407,0.21884949,0.82804089
21.71800017,0.08653047,0.02245102,0.09610000,0.87025247,0.22946816,0.79790147
21.81800008,0.09756827,0.02235538,0.10410000,0.89350021,0.22832656,0.80223156
21.91799998,0.10162732,0.02157009,0.10110000,0.86950695,0.23240253,0.80414746
22.01800013,0.11449376,0.01060517,0.11220000,0.86458384,0.22479890,0.82623922
22.11800003,0.11957744,0.00910145,0.10710000,0.84377285,0.22802083,0.83889386
22.21800017,0.12581691,0.01000627,0.10520000,0.86098161,0.23007192,0.86687774
22.31800008,0.12520619,0.01139777,0.10010000,0.87687860,0.22690827,0.82807754
22.41799998,0.12981443,0.01105326,0.09820000,0.87610129,0.22700088,0.81992491
22.51800013,0.12965074,0.01679806,0.08520000,0.87687329,0.23941187,0.82319092
22.61800003,0.13840393,0.01581619,0.08320000,0.87462332,0.23951081,0.81723987
22.71800017,0.14042002,0.00673047,0.08220000,0.85569339,0.23046819,0.79089331
22.81800008,0.13965195,0.00328985,0.09220000,0.86002776,0.21844860,0.79554464
22.91799998,0.13856227,0.00971065,0.10220000,0.82897019,0.22770656,0.83111352
23.01900005,0.14155215,0.00684388,0.09620000,0.83018325,0.22698140,0.80051955
23.11900020,0.14424490,0.00525257,0.09420000,0.81050633,0.23478648,0.77596058
23.21900010,0.15242779,0.00533835,0.10020000,0.81195166,0.23644202,0.78910083
23.31900001,0.15659789,0.01360001,0.10820000,0.82931038,0.24452158,0.81708333
23.41900015,0.15834136,0.01875698,0.10620000,0.83283921,0.24864318,0.77379280
23.51900005,0.16164043,0.02791094,0.09720000,0.79711630,0.26016488,0.79949444
23.61900020,0.16389587,0.03327751,0.08520000,0.79417254,0.27462089,0.76682487
23.71900010,0.16274442,0.02723917,0.09620000,0.82559147,0.25893118,0.77362098
23.81900001,0.17405110,0.01642151,0.11220000,0.80673538,0.24030243,0.78482370
23.91900015,0.16353412,0.02866343,0.11320000,0.77198557,0.24713065,0.78817549
24.01900005,0.17623079,0.02767304,0.10120000,0.78984149,0.23817536,0.78876953
24.11900020,0.17957710,0.03146925,0.10220000,0.82275340,0.24438853,0.74940936
24.22000003,0.17963456,0.03266302,0.08520000,0.83904987,0.24807503,0.74637492
24.32000017,0.17692267,0.02640397,0.07620000,0.82666919,0.24424803,0.72160407
24.42000008,0.18302192,0.01711252,0.06930000,0.82645949,0.23333091,0.71900740
24.51999998,0.18571451,0.02771084,0.08220000,0.83368799,0.24647219,0.72384552
24.62000012,0.18844647,0.02844415,0.08030000,0.87873246,0.24419862,0.73365220
24.72000003,0.18744660,0.04329354,0.10220000,0.85595482,0.26360474,0.75941457
24.82000017,0.19638621,0.04543476,0.09730000,0.87936290,0.27171712,0.78141368
24.92000008,0.20398830,0.03906523,0.09120000,0.87757823,0.27084638,0.81047478
25.01999998,0.20724911,0.04006613,0.09030000,0.88538808,0.27232072,0.80070818
25.12000012,0.21048206,0.04143082,0.08830000,0.88979226,0.25981245,0.78737742
25.22000003,0.21031583,0.04757700,0.09720000,0.91481985,0.27180268,0.78990146
25.32000017,0.21341683,0.04360361,0.10930000,0.90226219,0.26679609,0.78078665
25.42000008,0.21942579,0.04789700,0.13120000,0.88811109,0.26856221,0.80105241
25.52100015,0.22394319,0.05685234,0.14330000,0.88558793,0.29461225,0.81261832
25.62100005,0.22854946,0.04989906,0.14820000,0.92382879,0.27916370,0.82569756
25.72100019,0.23417100,0.05155494,0.14130000,0.93132214,0.28182026,0.83499482
25.82100010,0.23621028,0.03753282,0.16720000,0.93581021,0.24611576,0.88886913
25.92100000,0.24380228,0.03701753,0.21930000,0.93100508,0.24506486,0.92456024
26.02100015,0.24310119,0.02808258,0.24920000,0.95542106,0.24073460,0.89688114
26.12100005,0.24674970,0.03268128,0.25630000,0.95546289,0.24492536,0.91656760
26.22100019,0.24548413,0.03028599,0.26330000,0.98928988,0.24770180,0.96632333
26.32100010,0.25345596,0.02861529,0.26730000,0.96940415,0.24759563,0.95863600
26.42100000,0.26206962,0.03091540,0.26440000,0.94112901,0.24541477,0.95727860
26.52100015,0.27189675,0.03575540,0.25430000,0.93703066,0.24823028,0.96376645
26.62100005,0.28465031,0.04481317,0.25740000,0.97222947,0.25292672,0.94079018
26.72200012,0.27987813,0.03719264,0.30430000,0.96134099,0.25605544,1.05866847
26.82200003,0.28507379,0.03634051,0.30740000,0.96242612,0.26229372,1.04897239
26.92200017,0.28540706,0.03424898,0.31240000,0.95678342,0.26818946,1.04951726
27.02200007,0.28387178,0.03541203,0.31130000,0.97515085,0.27301339,1.07408589
27.12199998,0.28316371,0.04113151,0.30940000,0.95671544,0.28398437,1.05819148
27.22200012,0.28487674,0.05027420,0.31030000,0.95388933,0.28580351,1.08089377
27.32200003,0.28838412,0.05019760,0.31430000,0.91217756,0.27947291,1.06711948
27.42200017,0.29400980,0.06012949,0.30940000,0.92940985,0.30534840,1.02927874
27.52200007,0.28617072,0.05731465,0.31430000,0.93714244,0.28322434,1.03267180
27.62199998,0.29119855,0.04667083,0.31840000,0.94776703,0.27098822,1.03327600
27.72200012,0.29040667,0.04799382,0.32130000,0.92093039,0.27774047,1.03047148
27.82200003,0.30322741,0.04419578,0.33240000,0.94288586,0.28051036,1.04087897
27.92200017,0.30844211,0.05411972,0.32540000,0.91622468,0.27918265,1.01368556
28.02300000,0.29860009,0.05456075,0.31730000,0.91756165,0.28317164,0.99435078
28.12300014,0.30136384,0.05235340,0.32140000,0.92276997,0.27202969,0.99789298
28.22300005,0.29636072,0.05397927,0.32040000,0.93211063,0.27902422,1.01036290
28.32300019,0.29523024,0.05503603,0.32830000,0.92728986,0.27558532,0.97897213
28.42300010,0.29930093,0.05963835,0.34440000,0.92793427,0.28271179,0.98890628
28.52300000,0.30148067,0.04945115,0.32940000,0.92495718,0.26186924,0.98924568
28.62300014,0.30291629,0.04888775,0.33130000,0.92365351,0.25137377,0.95594045
28.72300005,0.30670425,0.04044591,0.33340000,0.91436429,0.24613237,0.93937063
28.82300019,0.31636592,0.04789492,0.37640000,0.91754868,0.24735942,0.98319004
28.92300010,0.32446386,0.05092371,0.35940000,0.91932493,0.25598760,0.96787276
29.02300000,0.33256945,0.05671667,0.34940000,0.92304377,0.26168678,0.97446012
29.12300014,0.33651162,0.05649892,0.35140000,0.89329157,0.25759752,1.01418229
29.22399998,0.32697740,0.05303425,0.35140000,0.90284770,0.24810176,1.01648706
29.32400012,0.32835581,0.05059906,0.34240000,0.87964402,0.23466495,1.00096260
29.42400002,0.32612895,0.05253828,0.33240000,0.90133731,0.24059916,0.99918241
29.52400017,0.33188355,0.05768047,0.32340000,0.91779953,0.27083719,1.01609651
29.62400007,0.33211527,0.06009032,0.32240000,0.94104224,0.27385623,1.04944162
29.72399998,0.32303048,0.05107374,0.34840000,0.93131029,0.25068816,1.05975362
29.82400012,0.33457238,0.05095157,0.34540000,0.95727300,0.24920435,1.04822234
29.92400002,0.33673089,0.05148039,0.33440000,0.93066235,0.24639870,1.05066815
30.02400017,0.33938240,0.05131792,0.33440000,0.94786576,0.23617300,1.03672688
30.12400007,0.34002136,0.07136951,0.33440000,0.93864789,0.27103612,1.01775821
30.22399998,0.33195741,0.07208277,0.32940000,0.96020039,0.27363344,1.00903949
30.32400012,0.33807554,0.06676097,0.34740000,0.97308987,0.27688426,1.02230517
30.42400002,0.34542508,0.06700691,0.35740000,0.99012177,0.27514408,1.05572159
30.52500010,0.34124018,0.06968932,0.36540000,0.97682101,0.27373775,1.06837546
30.62500000,0.34759910,0.08918831,0.36340000,0.99095579,0.29998479,1.09294520
30.72500014,0.34848862,0.00176919,0.36140000,0.95560703,0.20118808,1.09473703
30.82500005,0.36378709,0.09458965,0.36740000,0.97405741,0.30609174,1.11293762
30.92500019,0.37093384,0.00808324,0.38050000,0.97313811,0.19838912,1.14763884
31.02500010,0.37880258,0.07778005,0.39940000,1.00616141,0.28032288,1.17354456
31.12500000,0.38259494,0.08427525,0.39250000,0.98674879,0.28084958,1.16952691
31.22500014,0.38124216,0.00758038,0.41050000,0.96761728,0.19496762,1.18199760
31.32500005,0.38360745,0.08536352,0.42340000,0.98504923,0.28354006,1.18701963
31.42500019,0.38089983,0.01072116,0.41550000,0.95320359,0.19681852,1.20109833
31.52500010,0.38384159,0.09804287,0.44440000,0.97563659,0.31093754,1.23551498
31.62500000,0.38291400,0.09838415,0.45750000,0.94868239,0.30916261,1.24198888
31.72600007,0.37934887,0.00233993,0.46150000,0.96588146,0.18094936,1.27520872
31.82600021,0.38069232,0.00462689,0.45950000,0.95918161,0.18153367,1.26694955
31.92600012,0.38746789,0.00337721,0.48650000,0.96873847,0.18903676,1.27430499
32.02600002,0.39211920,0.00122958,0.48650000,0.99929593,0.19391239,1.27436702
32.12600017,0.39480464,0.00215139,0.49150000,1.00818167,0.19586645,1.25623642
32.22600007,0.39573774,0.00860744,0.47140000,1.02733119,0.19405205,1.23742739
32.32600021,0.39713128,0.00904213,0.47250000,1.01381217,0.20167611,1.22222651
32.42600012,0.39991952,0.01311791,0.47050000,1.00452946,0.20231834,1.21744377
32.52600002,0.39968514,0.01213372,0.46750000,1.00556324,0.20069171,1.19676952
32.62600017,0.40248878,0.01312365,0.46950000,1.02260940,0.19092388,1.16162205
32.72600007,0.39855247,0.01617949,0.46440000,1.00426171,0.19646735,1.14373007
32.82600021,0.39256570,0.00759542,0.46650000,0.99132838,0.18832604,1.16927250
32.92600012,0.39730088,0.00390497,0.46450000,0.98781573,0.18945145,1.16341298
33.02700019,0.39941961,0.00629810,0.46750000,0.99608845,0.18685602,1.15658999
33.12700009,0.40007462,0.00661418,0.46950000,1.00939073,0.19520348,1.17324788
33.22700000,0.40327020,0.00774917,0.46640000,1.02291510,0.18783818,1.16232618
33.32700014,0.40487819,0.00823768,0.46650000,1.01830842,0.17519627,1.14922846
33.42700005,0.41140040,0.00667896,0.47050000,1.00660662,0.16749058,1.16609177
33.52700019,0.40871269,0.00565932,0.47750000,1.01671868,0.16935744,1.16095960
33.62700009,0.40805503,0.00369991,0.47250000,1.02234596,0.15693144,1.12723880
33.72700000,0.40864544,0.00398408,0.46350000,1.04964028,0.16716736,1.10766344
33.82700014,0.40802634,0.00316598,0.46950000,1.07436663,0.16780812,1.12880742
33.92700005,0.41272983,0.00291531,0.46850000,1.07173028,0.16678301,1.12913842
34.02700019,0.40833692,0.00339699,0.46350000,1.06183809,0.17313079,1.10818667
34.12700009,0.40610658,0.00029815,0.45950000,1.07234973,0.17001892,1.08341604
34.22800016,0.40191932,0.00682224,0.45350000,1.08157235,0.17773642,1.05526267
34.32800007,0.40430272,0.00916456,0.45950000,1.11806189,0.18181540,1.06140015
34.42800021,0.40447882,0.00970491,0.45740000,1.07383880,0.18659628,1.05494086
34.52800012,0.40844801,0.02059903,0.45350000,1.12612150,0.18941898,1.03136644
34.62800002,0.40534331,0.01317763,0.45650000,1.13152416,0.18481525,1.02029945
34.72800016,0.41578039,0.01082069,0.46750000,1.14746521,0.18293937,1.06210305
34.82800007,0.41761102,0.01418581,0.47550000,1.13857284,0.19092743,1.07064366
34.92800021,0.41821904,0.01419733,0.47550000,1.14195895,0.18705527,1.10194971
35.02800012,0.39927874,0.01518252,0.46050000,1.15863940,0.17839193,1.10099952
35.12800002,0.41094541,0.01099698,0.47050000,1.13817316,0.16783341,1.10233617
35.22800016,0.42192779,0.01368189,0.46850000,1.17357393,0.16798349,1.11189970
35.32800007,0.42334593,0.01305321,0.46850000,1.19028322,0.17301571,1.11912451
35.42800021,0.42371548,0.01307224,0.46750000,1.20037352,0.17655574,1.09580270
35.52900004,0.41483474,0.00561423,0.45950000,1.21907119,0.17077633,1.12607691
35.62900019,0.41897529,0.00052230,0.45750000,1.24645287,0.16405713,1.13879162
35.72900009,0.42451740,0.01108968,0.45350000,1.25332527,0.17302630,1.14272198
35.82900000,0.41999981,0.00506164,0.44950000,1.24648688,0.16797761,1.14128280
35.92900014,0.42112440,0.00394127,0.44550000,1.26485896,0.17459807,1.13039225
36.02900004,0.41565882,0.00516851,0.44750000,1.24353274,0.17131287,1.13584972
36.12900019,0.41980191,0.01583572,0.44150000,1.24077514,0.19413091,1.11790977
36.22900009,0.42201321,0.02265176,0.44350000,1.24786573,0.20844406,1.10280400
36.32900000,0.42429277,0.03659907,0.43250000,1.24891131,0.24219317,1.10571133
36.42900014,0.42763552,0.04096872,0.47150000,1.24585530,0.24998396,1.13946460
36.52900004,0.42849345,0.04307976,0.46750000,1.26494621,0.25711546,1.13966306
36.62900019,0.43662364,0.03814721,0.47350000,1.29777693,0.24932544,1.14412646
36.72900009,0.42862131,0.03000572,0.46650000,1.29070863,0.24692489,1.14623190
36.83000016,0.43092127,0.03608106,0.47650000,1.28741577,0.25147261,1.14152210
36.93000007,0.43701458,0.04295160,0.48150000,1.29319722,0.26167559,1.11188133
37.03000021,0.43810768,0.04215406,0.48160000,1.30563407,0.26774871,1.11434182
37.13000011,0.43955094,0.04363041,0.47850000,1.33133007,0.27097034,1.09638045
37.23000002,0.45398217,0.03839007,0.47060000,1.33486541,0.26119913,1.07720487
37.33000016,0.44531240,0.03332670,0.46550000,1.30325266,0.26101881,1.08699274
37.43000007,0.44562048,0.04130115,0.47360000,1.27798595,0.26883629,1.12739938
37.53000021,0.46015096,0.04574556,0.47850000,1.32872712,0.27524554,1.10597461
37.63000011,0.46271246,0.04670330,0.47560000,1.31268429,0.27459222,1.11969713
37.73000002,0.46035875,0.04120480,0.48050000,1.29403547,0.27177425,1.13964123
37.83000016,0.45757166,0.02969144,0.47060000,1.30279285,0.24744993,1.11976272
37.93000007,0.44638482,0.03578139,0.47050000,1.29850704,0.24794593,1.11767158
38.03100014,0.45248071,0.03235207,0.47160000,1.30454158,0.24683242,1.10072859
38.13100004,0.45525644,0.03187826,0.46850000,1.28797395,0.25290468,1.07967473
38.23100019,0.45865635,0.03011589,0.46260000,1.32285988,0.25612283,1.07330027
38.33100009,0.46687667,0.03311168,0.46550000,1.30021673,0.26853740,1.05761099
38.43099999,0.47447003,0.03706110,0.46260000,1.29313781,0.27360521,1.05899042
38.53100014,0.47368891,0.03695453,0.45250000,1.25869378,0.26420394,1.04756446
38.63100004,0.47718377,0.03568761,0.44960000,1.26945952,0.26509844,1.04717185
38.73100019,0.48200830,0.04155118,0.43360000,1.24027653,0.27351894,1.00808747
38.83100009,0.48720426,0.04381451,0.42560000,1.22224110,0.28000314,1.00629673
38.93099999,0.48340918,0.03419661,0.42860000,1.24015936,0.26579104,1.01905591
39.03100014,0.46293146,0.02457165,0.45160000,1.21330911,0.24910321,1.04533550
39.13100004,0.46563337,0.02358248,0.44250000,1.23464724,0.24843863,1.04737370
39.23100019,0.47289898,0.01712686,0.44060000,1.25090395,0.23455894,1.06446280
39.33200002,0.46571079,0.02555364,0.45260000,1.20802743,0.23551911,1.09167278
39.43200016,0.47025314,0.02190352,0.44860000,1.20867186,0.22527894,1.11440985
39.53200006,0.46825264,0.02434515,0.45050000,1.22585794,0.22829570,1.09230278
39.63200021,0.46846381,0.01782292,0.46360000,1.23400386,0.21291141,1.07665041
39.73200011,0.46562453,0.02372698,0.44960000,1.19880237,0.22373403,1.08562195
39.83200002,0.46156389,0.02915793,0.45150000,1.17277736,0.23787307,1.10355967
39.93200016,0.45755611,0.03334113,0.44250000,1.18015646,0.23834029,1.10323715
40.03200006,0.45940729,0.03664346,0.44260000,1.18996604,0.23913447,1.13201251
40.13200021,0.46259025,0.03099015,0.44360000,1.17002204,0.23293578,1.11460311
40.23200011,0.45900652,0.03888643,0.46150000,1.16081177,0.23216617,1.13174269
40.33200002,0.46386324,0.04473239,0.44360000,1.16670663,0.23679378,1.13896047
40.43200016,0.46565008,0.04371726,0.43160000,1.16047530,0.23280878,1.12632978
40.53299999,0.46169943,0.04900208,0.42050000,1.18564797,0.24164366,1.10900985
40.63300014,0.45415618,0.04749907,0.42550000,1.18177405,0.23551984,1.13017117
40.73300004,0.45515931,0.04803775,0.41950000,1.18483316,0.24228488,1.09475828
40.83300018,0.45406223,0.04712051,0.42350000,1.18342262,0.24731150,1.12174920
40.93300009,0.46052556,0.04996456,0.43060000,1.16360733,0.24613934,1.09999337
41.03299999,0.44576940,0.04345574,0.42560000,1.13804280,0.24815751,1.11776310
41.13300014,0.44067316,0.04450126,0.42050000,1.10545306,0.24890736,1.11666137
41.23300004,0.44023158,0.04372235,0.41750000,1.10635166,0.24313866,1.12861951
41.33300018,0.44066501,0.06294444,0.39650000,1.07309111,0.27192600,1.10640454
41.43300009,0.44625319,0.06547101,0.38060000,1.08389869,0.27388770,1.11582648
41.53299999,0.44099029,0.05702949,0.40050000,1.11297462,0.26175340,1.11855263
41.63300014,0.44003604,0.05717216,0.39650000,1.15658802,0.26220377,1.16343880
41.73300004,0.44232378,0.05809134,0.41150000,1.13421434,0.26643952,1.15310803
41.83400011,0.44819201,0.05460123,0.41160000,1.16585141,0.26059155,1.15210747
41.93400002,0.44297028,0.05103227,0.39260000,1.18453428,0.24813578,1.10276453
42.03400016,0.43589678,0.05073900,0.37950000,1.14255400,0.24706240,1.09638211
42.13400006,0.42947683,0.05232049,0.37650000,1.14616320,0.26238775,1.08655535
42.23400021,0.43289952,0.05438988,0.38650000,1.16353263,0.26182724,1.07262352
42.33400011,0.43045006,0.05673909,0.38850000,1.16688388,0.25896800,1.08586236
42.43400002,0.43236070,0.05667938,0.38350000,1.20660568,0.25289223,1.07285250
42.53400016,0.42999519,0.05549546,0.38650000,1.19823116,0.24983342,1.03693450
42.63400006,0.42828695,0.05331045,0.37560000,1.19077371,0.25063629,1.07983525
42.73400021,0.42501063,0.04879553,0.35450000,1.21206350,0.24370911,1.05885450
42.83400011,0.42430795,0.04810222,0.35050000,1.21441977,0.24298155,0.99855737
42.93400002,0.42710076,0.05607999,0.36750000,1.22932699,0.25931835,1.00215331
43.03500009,0.42662323,0.05668458,0.36550000,1.20946611,0.25760170,1.00489995
43.13499999,0.42316139,0.05655872,0.35750000,1.18757401,0.25766279,0.99251145
43.23500013,0.41151169,0.04736653,0.35150000,1.20106808,0.23214659,1.00137230
43.33500004,0.41331838,0.05385353,0.34550000,1.18983907,0.25536162,1.00511346
43.43500018,0.40732695,0.03890970,0.33350000,1.16339956,0.23791329,0.99201821
43.53500009,0.41297946,0.06853443,0.33150000,1.19397115,0.27460830,1.01196587
43.63499999,0.40601787,0.07133783,0.33140000,1.16779561,0.27099362,1.02326966
43.73500013,0.39945518,0.02779609,0.31950000,1.12851196,0.22323544,1.01468538
43.83500004,0.38960368,0.06714901,0.31750000,1.11008922,0.27016345,1.07321314
43.93500018,0.38418562,0.02528580,0.32140000,1.10633085,0.21747137,1.05393977
44.03500009,0.38666060,0.07459006,0.31550000,1.14522301,0.28051590,1.05453429
44.13499999,0.38422091,0.06635954,0.32750000,1.13701988,0.26756326,1.04406238
44.23500013,0.37904826,0.02927780,0.33250000,1.15511863,0.22180413,1.03922338
44.33600020,0.37521676,0.02787031,0.32740000,1.13718083,0.22605049,1.02505664
44.43600011,0.36846056,0.02446356,0.31550000,1.14899576,0.22077608,1.04604507
44.53600001,0.37232528,0.02372101,0.31550000,1.15003472,0.21329535,1.02247806
44.63600016,0.37433973,0.01603786,0.30740000,1.15559934,0.20705349,1.01197468
44.73600006,0.37374610,0.02133188,0.30550000,1.12506766,0.21067047,0.97136086
44.83600020,0.37209317,0.02182841,0.30150000,1.13589848,0.20738397,0.95685916
44.93600011,0.35567317,0.02335796,0.29050000,1.08239517,0.21004588,0.94362915
45.03600001,0.34938505,0.02376900,0.28940000,1.06497037,0.20535273,0.96306387
45.13600016,0.35637403,0.01269643,0.29740000,1.08870238,0.20098452,0.96730293
45.23600006,0.36176102,0.00993248,0.27740000,1.08263279,0.19997653,0.95714791
45.33600020,0.36015256,0.01225182,0.27150000,1.07145015,0.20229558,0.96412267
45.43600011,0.33904877,0.03299547,0.27740000,1.05405953,0.22419778,0.95832883
45.53600001,0.34307720,0.03022061,0.26940000,1.05203526,0.22991309,0.95618708
45.63700008,0.33292166,0.03959377,0.25640000,1.03857556,0.24091023,0.95137588
45.73699999,0.33209835,0.03918735,0.25240000,1.01617339,0.24207620,0.93669687
45.83700013,0.32879109,0.03964281,0.25940000,0.96107117,0.23533527,0.96593188
45.93700004,0.32985124,0.02701280,0.27440000,0.97553397,0.22563840,1.01970158
46.03700018,0.31688768,0.03001597,0.26640000,0.98013725,0.22588614,1.00972080
46.13700008,0.31157238,0.03149051,0.22740000,0.97735957,0.23766399,0.97516394
46.23699999,0.30671680,0.03264421,0.22140000,0.99072235,0.22793805,0.97006093
46.33700013,0.29171699,0.02622248,0.22340000,0.95139510,0.21612689,0.98087558
46.43700004,0.29862592,0.02459594,0.22640000,0.96687200,0.21052800,0.97519197
46.53700018,0.29849183,0.01965261,0.22940000,0.95072404,0.19929363,0.98582219
46.63700008,0.29428706,0.02052258,0.22230000,0.94156735,0.20699581,0.97197371
46.73699999,0.28357463,0.03127426,0.20630000,0.92615922,0.22179339,0.93645141
46.83800006,0.28122191,0.03427324,0.20230000,0.94034124,0.22309237,0.95869709
46.93800020,0.27905263,0.03790235,0.19430000,0.94380026,0.24256999,0.90878272
47.03800011,0.27809162,0.03698245,0.18930000,0.94948756,0.23494216,0.89581976
47.13800001,0.27495048,0.03746482,0.18230000,0.92984055,0.23086185,0.90690588
47.23800015,0.26655854,0.03663491,0.18330000,0.95130924,0.23180494,0.87777459
47.33800006,0.26409408,0.03555411,0.17130000,0.94667593,0.23425003,0.85086709
47.43800020,0.26770530,0.03394987,0.17230000,0.97005300,0.21719755,0.83842222
47.53800011,0.26615910,0.03406101,0.15730000,0.94904627,0.22285787,0.77671002
47.63800001,0.26370405,0.03409917,0.14930000,0.94548343,0.22204258,0.78367793
47.73800015,0.26210459,0.02724765,0.14040000,0.90677741,0.21018127,0.76021618
47.83800006,0.25986367,0.02903266,0.13840000,0.91469354,0.21119227,0.77469637
47.93800020,0.25765471,0.02514423,0.13830000,0.90199744,0.20739413,0.80618323
48.03800011,0.25568849,0.02405573,0.13130000,0.90169851,0.20803736,0.79461371
48.13900018,0.24737662,0.01712950,0.12730000,0.88604254,0.20474479,0.79677326
48.23900008,0.23980390,0.02618512,0.12830000,0.87638351,0.21213987,0.76419872
48.33899999,0.23560820,0.02577802,0.12830000,0.84903420,0.22352885,0.74121040
48.43900013,0.22775476,0.02796333,0.12720000,0.83736134,0.22274008,0.73728472
48.53900003,0.21971943,0.03128872,0.12520000,0.83943556,0.22602851,0.72800598
48.63900018,0.21227784,0.03031778,0.12420000,0.81666649,0.22218562,0.71648056
48.73900008,0.21230922,0.03010973,0.12830000,0.82781131,0.22273046,0.74896522
48.83899999,0.21001501,0.02673005,0.12830000,0.82496728,0.22096692,0.75280742
48.93900013,0.22359487,0.02487236,0.14530000,0.83948836,0.22054636,0.78276013
49.03900003,0.21165892,0.03040774,0.14130000,0.81494611,0.22983779,0.79982835
49.13900018,0.20447763,0.03474045,0.13620000,0.75613360,0.23377797,0.77163234
49.23900008,0.20420072,0.02700678,0.14220000,0.74053268,0.22176360,0.77904973
49.34000015,0.20950187,0.02739355,0.14820000,0.73107460,0.23247527,0.76904846
49.44000006,0.20398620,0.03720321,0.14020000,0.73107329,0.26746912,0.73623121
49.54000020,0.20738550,0.03557616,0.14130000,0.75863074,0.27182747,0.75788674
49.64000010,0.19718316,0.03859859,0.13830000,0.78165593,0.28142905,0.72806913
49.74000001,0.19844247,0.03387575,0.14530000,0.78483505,0.26285052,0.72085514
49.84000015,0.20305593,0.03415712,0.15320000,0.78984021,0.26036765,0.72936250
49.94000006,0.20819873,0.03812949,0.14720000,0.79352818,0.27832327,0.71409043
50.04000020,0.21232350,0.03702083,0.15320000,0.79320589,0.27221154,0.72232097
50.14000010,0.21967058,0.03151900,0.14930000,0.81564118,0.26319072,0.74731049
50.24000001,0.21066138,0.03666703,0.14030000,0.80479304,0.27966154,0.72317059
50.34000015,0.21540778,0.03674437,0.13730000,0.78472782,0.27623909,0.76171835
50.44000006,0.21405887,0.03243859,0.15830000,0.77433979,0.25947019,0.80923010
50.54000020,0.21181836,0.03123765,0.15920000,0.76291738,0.25829516,0.83865565
50.64100003,0.20956005,0.03143494,0.16320000,0.78093569,0.25273555,0.87102835
50.74100018,0.21585279,0.03261402,0.14730000,0.81331591,0.25419758,0.85175019
50.84100008,0.21076196,0.02827219,0.14030000,0.81395256,0.26185925,0.90369363
50.94099998,0.20589864,0.02764777,0.14430000,0.80331488,0.26305054,0.93560318
51.04100013,0.20650542,0.02829332,0.14430000,0.81067853,0.26279702,0.94342122
51.14100003,0.19455895,0.02116757,0.14920000,0.83179253,0.25525185,0.96011890
51.24100018,0.19223427,0.02504924,0.15820000,0.82519863,0.25689117,0.97864818
51.34100008,0.19538846,0.02494232,0.16520000,0.82200148,0.26094264,0.99693588
51.44099998,0.18610093,0.02869537,0.15220000,0.84987334,0.25711475,1.00538871
51.54100013,0.18370678,0.02327915,0.15820000,0.86342884,0.25233558,1.01166220
51.64100003,0.18070157,0.02243728,0.16830000,0.84399682,0.25354621,1.06860333
51.74100018,0.17768105,0.02037094,0.15520000,0.88335108,0.24470904,0.99660328
51.84200001,0.18120645,0.02892808,0.14620000,0.90850119,0.25607431,0.94830311
51.94200015,0.18363847,0.03281469,0.12920000,0.91967454,0.26933131,0.91890111
52.04200006,0.18321306,0.02121024,0.12620000,0.93796459,0.24774333,0.89816770
52.14200020,0.18294487,0.02031736,0.12620000,0.95979876,0.24167617,0.86511363
52.24200010,0.17810324,0.02609976,0.14320000,0.94948176,0.24742828,0.91545619
52.34200001,0.17222247,0.02879968,0.13520000,0.96078619,0.23270290,0.88281837
52.44200015,0.17113552,0.02141033,0.10320000,0.96329149,0.22822525,0.85850925
52.54200006,0.16853891,0.02185079,0.11120000,0.96665426,0.21889711,0.87121118
52.64200020,0.16209941,0.02424110,0.14020000,0.94964344,0.22155885,0.88017833
52.74200010,0.16525816,0.03065537,0.14020000,0.94164832,0.23493651,0.90406216
52.84200001,0.17164365,0.02926701,0.12720000,0.95245865,0.21793691,0.91394170
52.94200015,0.17302890,0.02880573,0.12420000,0.94063283,0.22094655,0.91003007
53.04200006,0.17129370,0.02694660,0.13320000,0.95187496,0.21990245,0.90765939
53.14300013,0.17025086,0.02584522,0.13920000,0.95205386,0.21867498,0.92147930
53.24300003,0.16535932,0.02993818,0.12220000,0.92059477,0.21869402,0.91262996
53.34300017,0.15999366,0.02992336,0.12520000,0.93485969,0.22646542,0.91225000
53.44300008,0.15983475,0.02706477,0.13720000,0.93287375,0.22669393,0.91856001
53.54299998,0.17140339,0.01222127,0.13120000,0.94525358,0.21294911,0.88494930
53.64300013,0.16448628,0.01947831,0.09920000,0.92000233,0.21591133,0.84851463
53.74300003,0.16096879,0.02124852,0.11020000,0.89545327,0.21357480,0.84233633
53.84300017,0.16247053,0.01887265,0.10920000,0.87236523,0.21184898,0.85551727
53.94300008,0.16912610,0.00668757,0.13620000,0.87393902,0.19601670,0.84676615
54.04299998,0.15698692,0.01223137,0.14620000,0.85473956,0.20025784,0.89078524
54.14300013,0.15347602,0.01269335,0.14820000,0.86847086,0.20570856,0.87897594
54.24300003,0.15639214,0.01103945,0.15620000,0.86261762,0.19587572,0.88256062
54.34300017,0.15086304,0.01264887,0.16120000,0.87215642,0.20282685,0.88888353
54.44400001,0.14652522,0.02230696,0.15620000,0.88477476,0.21179812,0.88575279
54.54400015,0.15180347,0.02348521,0.15020000,0.88488043,0.21398425,0.87273073
54.64400005,0.14925980,0.01502307,0.12820000,0.88371553,0.20701616,0.79457521
54.74400020,0.14514065,0.01846945,0.12220000,0.89532094,0.20688974,0.79454050
54.84400010,0.14845083,0.01870324,0.12120000,0.85695435,0.20935063,0.82230546
54.94400001,0.14903944,0.01641907,0.11520000,0.83018673,0.20482632,0.82360714
55.04400015,0.14351158,0.01374611,0.10920000,0.82981513,0.20020389,0.82621756
55.14400005,0.13174981,0.02035894,0.09320000,0.81640882,0.20601894,0.80997270
55.24400020,0.14461854,0.00131456,0.09120000,0.81435118,0.18323838,0.83064464
55.34400010,0.14444975,0.01308131,0.08120000,0.85632043,0.19314419,0.81273968
55.44400001,0.14610075,0.01531314,0.07920000,0.84493117,0.21174855,0.83773656
55.54400015,0.13771385,0.01631397,0.07520000,0.83680821,0.21956998,0.87371378
55.64499998,0.12736815,0.02108115,0.08510000,0.80407729,0.22502848,0.88292875
55.74500012,0.12279425,0.11112399,0.09210000,0.80119634,0.34691475,0.88835209
55.84500003,0.14219955,0.01429333,0.07920000,0.82239376,0.22546578,0.86878581
55.94500017,0.13652521,0.10645167,0.08320000,0.81183259,0.34465638,0.86633995
56.04500008,0.13916879,0.01656196,0.09320000,0.81902282,0.22541079,0.87106103
56.14499998,0.14445713,0.01335616,0.09420000,0.81923121,0.21851244,0.86139258
56.24500012,0.14189812,0.09822100,0.09320000,0.81404575,0.33410744,0.87052329
56.34500003,0.13207240,0.01156379,0.09020000,0.80097155,0.22847099,0.83425359
56.44500017,0.15417074,0.08030412,0.08420000,0.80214234,0.30054645,0.82476458
56.54500008,0.15319264,0.00748427,0.08320000,0.83656305,0.22110931,0.83266643
56.64499998,0.15408228,0.00939267,0.08110000,0.83813196,0.22220699,0.84213472
56.74500012,0.14146186,0.07697015,0.06510000,0.85294234,0.29931189,0.83581100
56.84500003,0.14041657,0.00289085,0.08620000,0.85924631,0.22789525,0.86134956
56.94600010,0.13668262,0.08766014,0.10020000,0.87090086,0.31971006,0.84115335
57.04600000,0.13508509,0.08657661,0.09620000,0.87414118,0.31715375,0.84109870
57.14600015,0.13301534,0.07946477,0.10720000,0.85995128,0.30596438,0.89106331
57.24600005,0.13747210,0.07789219,0.08620000,0.83509667,0.30173208,0.81631945
57.34600019,0.13684476,0.07738471,0.08210000,0.81104171,0.30860761,0.80069032
57.44600010,0.14077402,0.08396604,0.09620000,0.82896296,0.31254471,0.79550002
57.54600000,0.14390947,0.08141691,0.09820000,0.81044544,0.29514233,0.82392407
57.64600015,0.15403687,0.07354790,0.07320000,0.81570321,0.29142665,0.75843523
57.74600005,0.15581657,0.07636935,0.06220000,0.80101027,0.29605319,0.75316967
57.84600019,0.15422774,0.07929933,0.06320000,0.79357108,0.30077777,0.75246908
57.94600010,0.15770193,0.07397054,0.07820000,0.81633538,0.30079575,0.74390306
58.04600000,0.15654035,0.07813577,0.08020000,0.82308965,0.30858014,0.72647967
58.14600015,0.15995741,0.06667082,0.06320000,0.82500971,0.29815696,0.70562646
58.24699998,0.16234217,0.05931333,0.05120000,0.82924990,0.29871727,0.68793700
58.34700012,0.16397733,0.05788777,0.04920000,0.86123984,0.30100969,0.68960269
58.44700003,0.16505782,0.04908865,0.04020000,0.86862478,0.28319901,0.67660579
58.54700017,0.16689761,0.04450661,0.06820000,0.88117490,0.27128868,0.68222588
58.64700007,0.16803907,0.04627484,0.03820000,0.93038484,0.26656272,0.62203007
58.74699998,0.15884547,0.04037779,0.05620000,0.93174305,0.26047270,0.65002447
58.84700012,0.16016852,0.03650294,0.05520000,0.91465192,0.25016134,0.66871423
58.94700003,0.14418481,0.04089730,0.07120000,0.87892354,0.24990993,0.69363873
59.04700017,0.15613649,0.03059473,0.06720000,0.87839208,0.24259971,0.67481724
59.14700007,0.15147055,0.03512380,0.06020000,0.88090594,0.24205392,0.66639861
59.24699998,0.15223406,0.03864078,0.05620000,0.87476826,0.24268458,0.69423564
59.34700012,0.15259865,0.03764004,0.05120000,0.86429644,0.22974804,0.69773712
59.44800019,0.15397020,0.02445459,0.05820000,0.86925034,0.21508651,0.70392784
59.54800010,0.15458693,0.02054581,0.05220000,0.89812849,0.20970497,0.69725306
59.64800000,0.17054085,0.01887299,0.05620000,0.90913031,0.20520140,0.69672793
59.74800014,0.17230140,0.02568708,0.06720000,0.92713673,0.21061499,0.72246758
59.84800005,0.18340871,0.01235094,0.07520000,0.92654082,0.20067749,0.71309385
59.94800019,0.16487541,0.02011438,0.06320000,0.90447746,0.20040628,0.70636361
60.04800010,0.14967202,0.02669320,0.06510000,0.86912064,0.20857662,0.73818222
60.14800000,0.15085803,0.02945005,0.06820000,0.86504140,0.20651215,0.71901065
60.24800014,0.16518590,0.02329418,0.07020000,0.89690942,0.20953953,0.73666612
60.34800005,0.16629933,0.01876731,0.07020000,0.93054282,0.20630812,0.73810851
60.44800019,0.16875846,0.02891836,0.07320000,0.93539130,0.21621979,0.76580892
60.54800010,0.16415699,0.02598102,0.07920000,0.91133771,0.21321213,0.78489455
60.64800000,0.17372451,0.01721412,0.07620000,0.94436738,0.20482426,0.78483599
60.74900007,0.18079130,0.01214773,0.07520000,0.97113484,0.20087292,0.79954555
60.84899998,0.18327152,0.00732112,0.08020000,0.95978655,0.19999057,0.81564572
60.94900012,0.18599042,0.00931950,0.09220000,0.93754373,0.19410840,0.87782542
61.04900002,0.18785737,0.00834917,0.09130000,0.93014433,0.19112489,0.88241924
61.14900017,0.18687056,0.01270416,0.08120000,0.94006077,0.19716708,0.84763558
61.24900007,0.18002130,0.01897842,0.07720000,0.93158436,0.20246795,0.85309887
61.34899998,0.17820122,0.02092144,0.07320000,0.90967494,0.19398111,0.84646395
61.44900012,0.18798008,0.00882830,0.07120000,0.88465285,0.18874323,0.84618901
61.54900002,0.18835230,0.01166503,0.07720000,0.86703482,0.19511976,0.85449681
61.64900017,0.18822525,0.01053443,0.08430000,0.86154028,0.20488811,0.87866388
61.74900007,0.17848415,0.01007854,0.08220000,0.81103696,0.19862973,0.88890546
61.84899998,0.17753480,0.00976805,0.08120000,0.83718257,0.19900591,0.86553835
61.95000005,0.18895396,0.00031533,0.07730000,0.86637806,0.19083269,0.86938014
62.05000019,0.20147197,0.00647177,0.07720000,0.89778184,0.19006510,0.85320099
62.15000010,0.20536285,0.01117671,0.07620000,0.92873172,0.19342264,0.85611507
62.25000000,0.20795308,0.01905873,0.07630000,0.93019651,0.20851797,0.84563760
62.35000014,0.20227620,0.02466495,0.08120000,0.92693681,0.21458931,0.88144056
62.45000005,0.19989741,0.02797921,0.08320000,0.93587714,0.22033084,0.86615647
62.55000019,0.20446244,0.02592993,0.07830000,0.95136977,0.22274157,0.81923793
62.65000010,0.20174267,0.02842509,0.08020000,0.94226969,0.23176615,0.86792486
62.75000000,0.19966563,0.02936404,0.08220000,0.93772539,0.23475529,0.87161910
62.85000014,0.20609642,0.03450373,0.08230000,0.94587482,0.24915692,0.87475534
62.95000005,0.20704465,0.03713388,0.08320000,0.93716904,0.25200944,0.87545805
63.05000019,0.20855647,0.03886965,0.08430000,0.94584859,0.26361354,0.88606356
63.15000010,0.20633042,0.04523559,0.09020000,0.96589277,0.27417301,0.89494572
63.25100017,0.19770863,0.05386611,0.09720000,0.96527939,0.28924298,0.91420376
63.35100007,0.19688197,0.05543590,0.09630000,0.96431761,0.28795398,0.87789183
63.45100021,0.21559820,0.05577731,0.09320000,0.96846825,0.28785049,0.87484357
63.55100012,0.22967002,0.04958721,0.07730000,1.00503425,0.27804832,0.85062534
63.65100002,0.23167747,0.05196189,0.07520000,1.00715629,0.27775121,0.82183118
63.75100017,0.22612658,0.04622053,0.07330000,0.99398675,0.28638668,0.82328559
63.85100007,0.22640012,0.04592131,0.07330000,0.97012852,0.27625413,0.82118034
63.95100021,0.23765930,0.04253596,0.04930000,0.99400880,0.27083695,0.74546339
64.05100012,0.22095624,0.03945276,0.06030000,0.98799169,0.26134636,0.72762264
64.15100002,0.22262413,0.03470079,0.04920000,0.98394477,0.25473044,0.70378728
64.25100017,0.22364380,0.03141242,0.03630000,0.95434304,0.24034045,0.69132852
64.35100007,0.23444572,0.03813524,0.03730000,0.95752008,0.25006473,0.69364632
64.45100021,0.23262012,0.04086431,0.06530000,0.96647264,0.26044832,0.78005246
64.55200005,0.23316995,0.03269291,0.07830000,0.97697678,0.24854746,0.76219125
64.65200019,0.22115753,0.01393365,0.05020000,0.98265991,0.22198860,0.69587674
64.75200009,0.22084675,0.01093582,0.04930000,0.98078985,0.21467199,0.68464586
64.85200000,0.23727412,0.02674026,0.03930000,1.00990889,0.23370001,0.67664094
64.95200014,0.24707220,0.03947414,0.02030000,1.00955288,0.24839817,0.66499810
65.05200005,0.25455979,0.03359755,0.00030000,1.01202016,0.24645909,0.62498257
65.15200019,0.26118009,0.03737873,0.01470000,0.99971617,0.25306776,0.63521437
65.25200009,0.25855551,0.01439501,0.00370000,0.98500864,0.22775996,0.62057315
65.35200000,0.25944762,0.02854578,0.01170000,0.99147895,0.23429050,0.63701149
65.45200014,0.26023011,0.02442248,0.01570000,1.03116517,0.22550041,0.64480699
65.55200005,0.25244191,0.02280904,0.01730000,1.01889209,0.22683854,0.65866526
65.65200019,0.25538479,0.01841493,0.02030000,1.00745343,0.22336589,0.67393292
65.75300002,0.26891422,0.01522863,0.00640000,1.00766219,0.21842026,0.65569890
65.85300016,0.27377675,0.02560117,0.01230000,1.00829270,0.22742824,0.64215970
65.95300007,0.28431913,0.03989002,0.03060000,1.00331204,0.24418590,0.64739523
66.05300021,0.27331636,0.04622357,0.00670000,1.02449159,0.25121852,0.64088026
66.15300012,0.26211507,0.04970404,0.01030000,1.02170554,0.24566368,0.63151922
66.25300002,0.26370002,0.04854751,0.01030000,1.01887348,0.23762117,0.64750192
66.35300016,0.26675973,0.04637257,0.00930000,1.04931347,0.22886043,0.65161051
66.45300007,0.26910821,0.05855385,0.00730000,1.04912736,0.24612450,0.68091234
66.55300021,0.25829035,0.05857862,0.01530000,1.02352249,0.24235029,0.70116306
66.65300012,0.26322691,0.06317464,0.04030000,1.01413273,0.26782003,0.75304151
66.75300002,0.26189962,0.07146299,0.02630000,1.01076363,0.27241363,0.72600719
66.85300016,0.25586837,0.06912377,0.02830000,0.98895809,0.26125346,0.77926557
66.95300007,0.26572916,0.07341023,0.00130000,1.00321669,0.26631361,0.71158831
67.05400014,0.26325504,0.07307825,0.00430000,0.98947176,0.25708854,0.70987235
67.15400004,0.27635154,0.07155947,0.00770000,1.02615689,0.25101507,0.71699393
67.25400019,0.27189298,0.06723822,0.00230000,1.01508866,0.25019326,0.74841972
67.35400009,0.26339133,0.05500044,0.02030000,1.00145386,0.24152967,0.76682589
67.45400000,0.26056274,0.05492091,0.02030000,1.00883376,0.24280006,0.75985852
67.55400014,0.25691763,0.08041985,0.01730000,1.01873679,0.26484337,0.73664994
67.65400004,0.29372457,0.08102047,0.01870000,1.05343994,0.26140763,0.78190770
67.75400019,0.29187831,0.09499282,0.01870000,1.03439637,0.28276530,0.77759953
67.85400009,0.29091883,0.09224903,0.02470000,1.04189939,0.27687657,0.77778079
67.95400000,0.27137948,0.08673176,0.02760000,1.01785474,0.26882355,0.77651412
68.05400014,0.27223161,0.08654179,0.03070000,1.01073012,0.26983260,0.82348692
68.15400004,0.28044769,0.09363886,0.01960000,0.98032443,0.28648339,0.77521581
68.25400019,0.28537654,0.10447431,0.01370000,0.99181799,0.31466849,0.77590048
68.35500002,0.27383422,0.10298810,0.01470000,0.97924719,0.31709416,0.74848267
68.45500016,0.26658957,0.03811036,0.00970000,0.95773920,0.23324033,0.73127582
68.55500007,0.26326090,0.07472233,0.00670000,0.91044856,0.27797700,0.71434478
68.65500021,0.26548647,0.04133468,0.01270000,0.92225307,0.23511013,0.71380012
68.75500011,0.25686315,0.03287158,0.00270000,0.92744344,0.22689393,0.69076113
68.85500002,0.27031402,0.05777387,0.03230000,0.95555326,0.25852724,0.72216043
68.95500016,0.29807373,0.01275514,0.03040000,0.95354215,0.21436384,0.73454052
69.05500007,0.29044008,0.06252422,0.01740000,0.98009737,0.27178038,0.73499500
69.15500021,0.30159159,0.02475260,0.00570000,0.95955117,0.21905844,0.71170673
69.25500011,0.29906839,0.01571211,0.00860000,0.97035066,0.21251301,0.71094845
69.35500002,0.23856022,0.05666772,0.01430000,0.90344336,0.26851435,0.67781679
69.45500016,0.23211045,0.02023340,0.00830000,0.85414578,0.23056513,0.67947559
69.55500007,0.24927921,0.04396333,0.00230000,0.87931822,0.24170528,0.63582125
69.65600014,0.26148613,0.00668537,0.02470000,0.90399917,0.21183979,0.66362703
69.75600004,0.24365260,0.00083808,0.03970000,0.88363299,0.20669349,0.65756146
69.85600019,0.24704151,0.01398395,0.04670000,0.90585646,0.22473765,0.64356610
69.95600009,0.24949879,0.01057034,0.03370000,0.93167364,0.22430903,0.65898012
70.05599999,0.23538099,0.01496129,0.04370000,0.92451827,0.23167527,0.67030030
70.15600014,0.24389002,0.00855897,0.03970000,0.92624160,0.23533646,0.67709663
70.25600004,0.24339919,0.00080251,0.04770000,0.92064956,0.22940934,0.69386356
70.35600019,0.21729250,0.01001892,0.06170000,0.93285135,0.24367779,0.74536905
70.45600009,0.19467537,0.02898277,0.06770000,0.93034454,0.26971846,0.74720816
70.55599999,0.21089424,0.04465558,0.07380000,0.97016731,0.28529376,0.74142699
70.65600014,0.25135858,0.04472356,0.06370000,0.98960584,0.28652798,0.76351264
70.75700021,0.25016192,0.05117808,0.07570000,0.98556604,0.31252834,0.76369040
70.85700011,0.24693118,0.04502001,0.07970000,0.98097596,0.29591851,0.76028575
70.95700002,0.24287713,0.01924164,0.07770000,0.94792743,0.27065288,0.75212187
71.05700016,0.22291856,0.02321372,0.08980000,0.95424736,0.26935095,0.75627825
71.15700006,0.27299375,0.04054742,0.10070000,1.04078463,0.29652139,0.77469174
71.25700021,0.27481779,0.03678698,0.11260000,1.07426596,0.28317414,0.78840170
71.35700011,0.26480768,0.02183287,0.12070000,1.06836651,0.26488670,0.77870838
71.45700002,0.25140519,0.00282657,0.11170000,1.00487560,0.24767935,0.78775864
71.55700016,0.23725230,0.00077321,0.10270000,1.04282747,0.24355166,0.79594238
71.65700006,0.23113409,0.04134927,0.12770000,1.07138703,0.28555596,0.81749046
71.75700021,0.22635344,0.04302521,0.14770000,1.06136651,0.29526854,0.85421301
71.85700011,0.22593162,0.03581347,0.15270000,1.06270308,0.27222618,0.86122579
71.95700002,0.20691275,0.02056316,0.12880000,1.01917822,0.26010583,0.85098624
72.05800009,0.20566703,0.00391339,0.12070000,1.02165913,0.23947545,0.80719326
72.15799999,0.23025054,0.03290502,0.06980000,1.00859219,0.26509400,0.75819925
72.25800014,0.20340254,0.03538272,0.04070000,0.99706820,0.27031307,0.68675521
72.35800004,0.22192378,0.05013121,0.00280000,0.97824236,0.29550142,0.63355206
72.45800018,0.21274844,0.04301654,0.05780000,0.96095960,0.27117852,0.69241852
72.55800009,0.21367375,0.04216086,0.05870000,0.97608814,0.26319761,0.68047489
72.65799999,0.20353546,0.04817473,0.00980000,0.94496344,0.28043359,0.65473098
72.75800014,0.20381193,0.04652221,0.00780000,0.95477294,0.27665169,0.65212910
72.85800004,0.16621815,0.02616745,0.01510000,0.91053133,0.24840523,0.70075598
72.95800018,0.14960751,0.02719346,0.01620000,0.89622986,0.24750656,0.74729419
73.05800009,0.13939902,0.04391938,0.00720000,0.87886270,0.26461451,0.71108582
73.15799999,0.19540120,0.06766197,0.02720000,0.92492924,0.29350856,0.72162589
73.25800014,0.15898468,0.05187332,0.01120000,0.92410268,0.27987001,0.71182032
73.35900021,0.16549610,0.04373525,0.02920000,0.93183201,0.26087209,0.74421560
73.45900011,0.16571133,0.03433662,0.02220000,0.92584278,0.23749011,0.74059476
73.55900002,0.15697729,0.04116821,0.03720000,0.90395300,0.23398934,0.75967671
73.65900016,0.15803071,0.04091032,0.03020000,0.87108786,0.24022160,0.78562248
73.75900006,0.15427608,0.04835847,0.02120000,0.88419662,0.24215750,0.75925026
73.85900021,0.14335918,0.04893592,0.01520000,0.88095061,0.24078259,0.74409072
73.95900011,0.15080504,0.04962750,0.01810000,0.89347036,0.24003745,0.75809734
74.05900002,0.14160648,0.05390831,0.02320000,0.90874898,0.24968223,0.76303683
74.15900016,0.13628590,0.06164969,0.03110000,0.86490437,0.27690717,0.77540754
74.25900006,0.12116745,0.05398240,0.04220000,0.85446828,0.23367658,0.79624510
74.35900021,0.10742814,0.04529033,0.03410000,0.80797545,0.22467391,0.77074759
74.45900011,0.10924026,0.05792759,0.04710000,0.82897868,0.23373657,0.79030036
74.56000018,0.11355490,0.06547622,0.05310000,0.84735723,0.25307474,0.80930491
74.66000009,0.13263968,0.06407508,0.07120000,0.81639713,0.25681919,0.83900703
74.75999999,0.12796885,0.05571125,0.08010000,0.78747590,0.23628384,0.87072837
74.86000013,0.12652415,0.05486019,0.08920000,0.79714659,0.24038013,0.85486113
74.96000004,0.12190666,0.04450635,0.08210000,0.79431161,0.23037202,0.83978118
75.06000018,0.12184086,0.04197172,0.08910000,0.80468780,0.22728315,0.86406406
75.16000009,0.13058044,0.04006643,0.06920000,0.84091316,0.22203258,0.87333205
75.25999999,0.12986690,0.04555293,0.07410000,0.84625011,0.22231795,0.90444170
75.36000013,0.11833568,0.04887206,0.08820000,0.83596197,0.21970678,0.92624370
75.46000004,0.11258449,0.04566522,0.10010000,0.84987530,0.22197369,0.98155653
75.56000018,0.11189885,0.04423221,0.10610000,0.87966449,0.22823685,1.04903944
75.66000009,0.10206194,0.04851485,0.09510000,0.87224141,0.23992802,1.00160286
75.75999999,0.09394484,0.03838812,0.12810000,0.87294916,0.23432085,1.09869919
75.86100006,0.08878307,0.04393890,0.13110000,0.86761957,0.24002970,1.09758938
75.96100020,0.09510633,0.05636369,0.12110000,0.89278891,0.24489249,1.08248785
76.06100011,0.10317723,0.05714988,0.12810000,0.88047445,0.24791662,1.06870408
76.16100001,0.10109644,0.05737387,0.14010000,0.87082121,0.24557947,1.09531083
76.26100016,0.09791540,0.06244898,0.14110000,0.87061079,0.26351250,1.07871150
76.36100006,0.10038600,0.06421044,0.14510000,0.88010693,0.26228965,1.07840408
76.46100020,0.10225690,0.06816939,0.14910000,0.86752462,0.28447227,1.06687873
76.56100011,0.10243768,0.06519273,0.16410000,0.85945052,0.28662005,1.09442985
76.66100001,0.09400230,0.06928908,0.17810000,0.86885577,0.30566335,1.10689527
76.76100016,0.08612118,0.07709087,0.19310000,0.87064424,0.30816480,1.09323863
76.86100006,0.08737163,0.08294130,0.19610000,0.85024671,0.31153617,1.12284170
76.96100020,0.04916200,0.06540640,0.18610000,0.78351292,0.28456854,1.07680116
77.06100011,0.04730225,0.06949962,0.17600000,0.78201001,0.30769672,1.05502969
77.16200018,0.04658301,0.07427727,0.15700000,0.79097426,0.30719749,1.05609657
77.26200008,0.06290601,0.07204668,0.20100000,0.78890571,0.30354153,1.10234434
77.36199999,0.06225468,0.07159536,0.20800000,0.77221115,0.31708818,1.09579434
77.46200013,0.06858542,0.08932172,0.12000000,0.79431004,0.33722391,1.04487714
77.56200004,0.06193234,0.06122667,0.11610000,0.77594286,0.29579326,1.07607402
77.66200018,0.06933509,0.05577755,0.09710000,0.77104328,0.28702202,1.01072306
77.76200008,0.07525821,0.05796793,0.08510000,0.78409448,0.29257768,0.98361224
77.86199999,0.08387061,0.05290425,0.07110000,0.79172804,0.28761211,0.93674880
77.96200013,0.08381429,0.04774950,0.07210000,0.79482756,0.28746997,0.93481976
78.06200004,0.07891400,0.04746567,0.05710000,0.78739297,0.29488544,0.92270517
78.16200018,0.07320060,0.04763026,0.05610000,0.77212880,0.29834531,0.89777668
78.26200008,0.06282135,0.04127430,0.06610000,0.74659644,0.29227034,0.89495500
78.36300015,0.06183021,0.03753831,0.06210000,0.74518521,0.29042999,0.85601384
78.46300006,0.07026944,0.03242245,0.03810000,0.75953945,0.28353720,0.80226131
78.56300020,0.05913100,0.04323072,0.03710000,0.75878405,0.29255627,0.78240577
78.66300011,0.05662829,0.05547465,0.04510000,0.73805932,0.29797154,0.78089743
78.76300001,0.05897088,0.05780082,0.04210000,0.75240185,0.29608836,0.77449826
78.86300015,0.07373725,0.05064373,0.04110000,0.77481784,0.28331113,0.75647580
78.96300006,0.06426152,0.04864316,0.04710000,0.76313547,0.28322997,0.75178996
79.06300020,0.05301253,0.05953143,0.04810000,0.74929742,0.29786953,0.75816440
79.16300011,0.04948742,0.06473357,0.04010000,0.76152032,0.30008197,0.75109621
79.26300001,0.04928084,0.06500491,0.03510000,0.76608970,0.31798389,0.72204185
79.36300015,0.04931130,0.05821861,0.02710000,0.72496618,0.28650818,0.74230324
79.46300006,0.05725997,0.05957169,0.03210000,0.70696697,0.28432984,0.75570130
79.56300020,0.04614681,0.06582068,0.03710000,0.71785504,0.29090251,0.75390513
79.66400003,0.05857917,0.06511260,0.03310000,0.70733963,0.28929743,0.75043551
79.76400018,0.06695450,0.06171867,0.02610000,0.76609205,0.28480898,0.73161895
79.86400008,0.06946825,0.06454101,0.02510000,0.75434749,0.29246147,0.73800240
79.96399999,0.07331550,0.05563558,0.02010000,0.77257120,0.26010482,0.69262534
80.06400013,0.06114773,0.06453127,0.02110000,0.79129058,0.27868896,0.72793262
80.16400003,0.06507721,0.07340311,0.01910000,0.79696957,0.28340996,0.73728224
80.26400018,0.06548019,0.06302352,0.02010000,0.77989602,0.27618013,0.74374169
80.36400008,0.06514884,0.06172754,0.01910000,0.78370506,0.26968201,0.72408994
80.46399999,0.05471953,0.05715971,0.02910000,0.79629168,0.26266756,0.74024869
80.56400013,0.05490254,0.05489746,0.03010000,0.80539584,0.25319519,0.72174281
80.66400003,0.05273673,0.05988829,0.03110000,0.80099609,0.26958413,0.69763508
80.76400018,0.04897835,0.05572541,0.02400000,0.74757504,0.26869689,0.70668696
80.86400008,0.04878545,0.05363572,0.02500000,0.74635788,0.26110296,0.72424908
80.96500015,0.04148370,0.01951492,0.03100000,0.74330459,0.21542791,0.73439120
81.06500006,0.04867195,0.05289406,0.03300000,0.77770800,0.23962891,0.73012650
81.16500020,0.04136973,0.02644609,0.03000000,0.69642436,0.21551820,0.72758314
81.26500010,0.04235543,0.03289799,0.02810000,0.70440297,0.22064393,0.72129028
81.36500001,0.04457114,0.03733448,0.03000000,0.69118346,0.22708165,0.73738251
81.46500015,0.03563273,0.01946711,0.04310000,0.69539786,0.21206430,0.74651175
81.56500006,0.03485201,0.05238929,0.04010000,0.68638741,0.25494289,0.79973289
81.66500020,0.02260001,0.02199408,0.04110000,0.67723063,0.21539769,0.80005793
81.76500010,0.01741358,0.02320016,0.04100000,0.65205802,0.21408430,0.80336486
81.86500001,0.01777417,0.04885201,0.05000000,0.65878770,0.23529162,0.81131821
81.96500015,0.01874616,0.02848125,0.05400000,0.66010868,0.22645335,0.81430918
82.06500006,0.01554711,0.04397246,0.05300000,0.62051242,0.23478918,0.82855233
82.16600013,0.01192619,0.03559742,0.05100000,0.60842430,0.22667712,0.83570347
82.26600003,0.00079805,0.02777793,0.04400000,0.56214718,0.21700816,0.81095689
82.36600018,0.00299297,0.02353598,0.04800000,0.57150431,0.20892863,0.84562593
82.46600008,0.00729929,0.03202265,0.05000000,0.60698617,0.21750802,0.83172943
82.56599998,0.00936826,0.03826246,0.04400000,0.63138454,0.23210561,0.79611270
82.66600013,0.01110657,0.04080508,0.04300000,0.62052787,0.23452610,0.81755220
82.76600003,0.00814237,0.03137327,0.04500000,0.63612841,0.21672125,0.79316078
82.86600018,0.01308512,0.03184320,0.05000000,0.63282248,0.21053345,0.81388535
82.96600008,0.01433338,0.03153164,0.04990000,0.64434156,0.22140779,0.79470273
83.06599998,0.01643341,0.03026406,0.04800000,0.63101773,0.23122879,0.81579654
83.16600013,0.02088976,0.02849242,0.04800000,0.60938077,0.23018362,0.80613764
83.26600003,0.02008458,0.03046736,0.05000000,0.61644219,0.23060350,0.77959462
83.36600018,0.01918757,0.03306111,0.05100000,0.61939571,0.23394607,0.75188498
83.46700001,0.02031592,0.03439540,0.05100000,0.63994540,0.23516295,0.77454928
83.56700015,0.02733960,0.03280863,0.05200000,0.62574433,0.23825154,0.77156072
83.66700006,0.02814730,0.03399087,0.05100000,0.62137782,0.23679492,0.77479865
83.76700020,0.02477174,0.03689852,0.06600000,0.62679819,0.24224303,0.78248856
83.86700010,0.02516799,0.03743985,0.06800000,0.62893313,0.26159419,0.78121612
83.96700001,0.02671401,0.03553550,0.07400000,0.63260628,0.25107876,0.81923545
84.06700015,0.02643289,0.03668341,0.07500000,0.62911599,0.25849417,0.83290970
84.16700006,0.02344632,0.02928054,0.06990000,0.61698105,0.25477608,0.77711882
84.26700020,0.02607661,0.02973534,0.07290000,0.63752292,0.23973714,0.75363279
84.36700010,0.02702445,0.02925969,0.07900000,0.62365705,0.23246110,0.80339289
84.46700001,0.02682083,0.02857435,0.08000000,0.62418230,0.22994735,0.80680613
84.56700015,0.02862680,0.02946110,0.08100000,0.61220200,0.23163946,0.81227489
84.66700006,0.02896722,0.02837252,0.08300000,0.59796536,0.23833035,0.79264819
84.76800013,0.03240427,0.02472374,0.08200000,0.60881126,0.23379276,0.78672915
84.86800003,0.03471294,0.02156622,0.07590000,0.63293183,0.24070385,0.72937638
84.96800017,0.03705409,0.01516228,0.07090000,0.61834735,0.23550047,0.73651782
85.06800008,0.03503518,0.02159783,0.07700000,0.61253698,0.23108968,0.73725980
85.16799998,0.03381876,0.03156440,0.07500000,0.63167116,0.24490834,0.73142575
85.26800013,0.03433298,0.03230211,0.07400000,0.63940047,0.23749609,0.71575822
85.36800003,0.04059256,0.03041207,0.07390000,0.70727709,0.23914742,0.72339759
85.46800017,0.04613722,0.02438559,0.07290000,0.69582360,0.23026906,0.70653187
85.56800008,0.03996485,0.02345167,0.07490000,0.64092674,0.23331611,0.70682380
85.66799998,0.04205984,0.02269317,0.07600000,0.62735556,0.22994727,0.72603510
85.76800013,0.04419961,0.02224399,0.07600000,0.66239210,0.23064658,0.72400497
85.86800003,0.04440279,0.02233030,0.07490000,0.65657579,0.23118659,0.73641070
85.96900010,0.04368842,0.02591181,0.07890000,0.58862842,0.23598229,0.73653001
86.06900001,0.04379718,0.02784056,0.07700000,0.58987604,0.22636372,0.73506547
86.16900015,0.04527844,0.03064234,0.07100000,0.60217797,0.23298465,0.71395125
86.26900005,0.04759826,0.03116064,0.07100000,0.67533595,0.23971100,0.72411903
86.36900020,0.04833520,0.03244316,0.07190000,0.67761596,0.23772511,0.75818607
86.46900010,0.04698507,0.02982253,0.07990000,0.64741195,0.23124547,0.78013611
86.56900001,0.04761631,0.02623256,0.07890000,0.63601661,0.23114967,0.73988325
86.66900015,0.04788869,0.02755019,0.07190000,0.66292736,0.22807138,0.69771638
86.76900005,0.04209201,0.03786176,0.08200000,0.68097641,0.24778999,0.69493535
86.86900020,0.04171424,0.03963397,0.08200000,0.66856504,0.24738147,0.71103374
86.96900010,0.03747394,0.03941832,0.08900000,0.67249313,0.24518067,0.70360841
87.06900001,0.04381169,0.03938509,0.08590000,0.67937950,0.24420715,0.70321927
87.16900015,0.03937922,0.03129627,0.08690000,0.65906618,0.22223798,0.71383150
87.26999998,0.04997999,0.02796749,0.08100000,0.70003074,0.21348609,0.70508560
87.37000012,0.04965745,0.02941288,0.08100000,0.71686789,0.22199416,0.73038341
87.47000003,0.05145721,0.02806306,0.07190000,0.80028795,0.21784092,0.71599052
87.57000017,0.04353122,0.02348112,0.08090000,0.76802580,0.21504552,0.74573177
87.67000008,0.04167196,0.01871838,0.08300000,0.78111237,0.21107058,0.74230493
87.76999998,0.04022263,0.02178509,0.08500000,0.78911591,0.21081870,0.74945041
87.87000012,0.04022407,0.02339282,0.08690000,0.75728980,0.20437821,0.75083197
87.97000003,0.03300598,0.02599414,0.08800000,0.75945478,0.20053851,0.74839907
88.07000017,0.04261908,0.02164750,0.09500000,0.77273251,0.19735360,0.75603970
88.17000008,0.04778920,0.01747690,0.09390000,0.79290434,0.20477852,0.76831733
88.26999998,0.04870511,0.01722535,0.09300000,0.80369242,0.19637286,0.76185879
88.37000012,0.04331372,0.01756421,0.09100000,0.79619365,0.20337010,0.76141962
88.47000003,0.04158503,0.02171946,0.10090000,0.80483704,0.20897784,0.75464620
88.57000017,0.04915740,0.02011965,0.09800000,0.81602429,0.21535016,0.74005764
88.67000008,0.05671426,0.01953208,0.09990000,0.88286605,0.21964409,0.74541142
88.77100015,0.04606103,0.02176240,0.10200000,0.81840703,0.22214779,0.74362016
88.87100005,0.04555550,0.02275645,0.10290000,0.81386321,0.23275950,0.73301407
88.97100019,0.05953514,0.01443284,0.10000000,0.87715969,0.23161454,0.72820576
89.07100010,0.04509341,0.02041334,0.10490000,0.85619932,0.23157064,0.71731761
89.17100000,0.04527179,0.02494324,0.11100000,0.87588666,0.24419142,0.75178108
89.27100015,0.04393132,0.02604783,0.11400000,0.89115369,0.25882676,0.77518299
89.37100005,0.05436125,0.03107643,0.11190000,0.93817541,0.25802212,0.77465847
89.47100019,0.04912991,0.02340902,0.11000000,0.88869517,0.24217498,0.76553532
89.57100010,0.04763700,0.02208997,0.11790000,0.88637633,0.24007976,0.77291828
89.67200017,0.04861843,0.02770303,0.12800000,0.92409059,0.25645117,0.80881355
89.77200007,0.04842580,0.02887216,0.12990000,0.92139910,0.25231528,0.84328374
89.87199998,0.04083760,0.02595323,0.12900000,0.91772588,0.24914893,0.85552710
89.97200012,0.03626713,0.02803828,0.12390000,0.92627733,0.26211704,0.84129658
90.07200003,0.03486601,0.02859879,0.12500000,0.93444307,0.24794028,0.83662331
90.17200017,0.03001581,0.02656410,0.13390000,0.93434210,0.24290340,0.85223858
90.27200007,0.03025110,0.02558752,0.14300000,0.93837759,0.24035094,0.83830096
90.37199998,0.02806480,0.02630698,0.14490000,0.91402898,0.24008469,0.84501042
90.47200012,0.03696173,0.00661746,0.12900000,0.91618408,0.20734779,0.83255229
90.57200003,0.04209429,0.00204222,0.12900000,0.88195972,0.20654271,0.85690106
90.67200017,0.04724372,0.00028439,0.12590000,0.88005212,0.20747149,0.84595520
90.77200007,0.05054831,0.00313023,0.12900000,0.91126001,0.21175341,0.83664650
90.87199998,0.05068477,0.00401428,0.13090000,0.92082799,0.21244561,0.83731989
90.97200012,0.04658009,0.00159533,0.13090000,0.88975055,0.21942852,0.83342583
91.07300019,0.03170287,0.00823579,0.13500000,0.86812040,0.22338939,0.85650318
91.17300010,0.03211176,0.00976138,0.12490000,0.88276978,0.21904542,0.83443026
91.27300000,0.03079746,0.01379045,0.12800000,0.86936274,0.21423007,0.81975708
91.37300014,0.03627637,0.02001312,0.13300000,0.87727309,0.23840288,0.82245347
91.47300005,0.03885503,0.01932839,0.12190000,0.87759082,0.23470773,0.78571434
91.57300019,0.04314654,0.01470464,0.12290000,0.86487211,0.23096018,0.80635220
91.67300010,0.04312795,0.00871663,0.12400000,0.84937596,0.21842708,0.84126513
91.77300000,0.04185265,0.00645332,0.12300000,0.85423939,0.20521148,0.84926212
91.87300014,0.03650909,0.00664353,0.12590000,0.87012499,0.19856190,0.86437359
91.97300005,0.03200984,0.01015775,0.13600000,0.89106018,0.19659949,0.89628702
92.07300019,0.03082485,0.00944661,0.13400000,0.88477294,0.18553377,0.89582647
92.17300010,0.03179780,0.00867813,0.14390000,0.86545842,0.18971965,0.91307838
92.27300000,0.02820389,0.01215567,0.14890000,0.85090811,0.18429834,0.88681706
92.37400007,0.02558795,0.01143796,0.15800000,0.82818362,0.18300746,0.88349464
92.47399998,0.02206426,0.00633550,0.16600000,0.80075676,0.16973111,0.89717594
92.57400012,0.02855780,0.01133809,0.15900000,0.81799047,0.17476731,0.91222314
92.67400002,0.03513958,0.01587797,0.15400000,0.78659318,0.17899772,0.90009289
92.77400017,0.03673820,0.01883282,0.15590000,0.74586223,0.18165047,0.90882352
92.87400007,0.02788060,0.01572871,0.16290000,0.71978426,0.18238491,0.89236897
92.97399998,0.02597062,0.02016003,0.16400000,0.70352455,0.18811782,0.89698551
93.07400012,0.02308186,0.02109497,0.16000000,0.67520094,0.17922909,0.90152239
93.17400002,0.03735093,0.01214117,0.16100000,0.70516565,0.18815127,0.89319530
93.27400017,0.04634289,0.01042051,0.15100000,0.70996909,0.18887777,0.88458108
93.37400007,0.04775054,0.00918729,0.15200000,0.72597867,0.19311342,0.91020464
93.47399998,0.04301418,0.01915803,0.16900000,0.72607004,0.20671319,0.94398344
93.57500005,0.03699828,0.01980851,0.16600000,0.72124298,0.21250918,0.95553970
93.67500019,0.04525682,0.07633623,0.17300000,0.75700354,0.28081744,0.95680483
93.77500010,0.03913707,0.01181905,0.16100000,0.73983724,0.20504266,0.93440456
93.87500000,0.03253283,0.02152730,0.15500000,0.68743897,0.21620435,0.95991475
93.97500014,0.03333766,0.06721474,0.14900000,0.74435171,0.27519645,0.95294544
94.07500005,0.03077671,0.02009263,0.15400000,0.68612331,0.21473003,0.97458035
94.17500019,0.02867807,0.06407010,0.15100000,0.66682216,0.27386684,0.94133774
94.27500010,0.02944720,0.02883111,0.14700000,0.63792340,0.23630143,0.95851641
94.37500000,0.02274349,0.02663726,0.16500000,0.62131050,0.24234494,0.99373792
94.47500014,0.01170473,0.04943480,0.14300000,0.59228099,0.26406855,0.96518754
94.57500005,0.00356669,0.02322173,0.16200000,0.59888745,0.22616202,1.00245702
94.67500019,0.00177493,0.06545769,0.15800000,0.60297648,0.27692285,0.99232973
94.77500010,0.00940987,0.02403548,0.17400000,0.63107849,0.22793163,1.01873966
94.87600017,0.00434402,0.06626862,0.18000000,0.60577923,0.28228081,1.02763395
94.97600007,0.00223960,0.07289036,0.18500000,0.60348725,0.29691177,1.03215965
95.07600021,0.01823651,0.06587807,0.17600000,0.58229071,0.28778165,1.01073010
95.17600012,0.02545322,0.06264753,0.16810000,0.59005059,0.29087034,1.00791017
95.27600002,0.02640988,0.06443794,0.17210000,0.60008763,0.28805600,0.99712634
95.37600017,0.02550329,0.07059449,0.16000000,0.58675768,0.29643732,1.00317482
95.47600007,0.02586608,0.06511164,0.15000000,0.59419065,0.29176849,0.99359396
95.57600021,0.03030158,0.05492817,0.14710000,0.62823019,0.29016655,0.95837118
95.67600012,0.03143235,0.06201715,0.16100000,0.59834084,0.29722600,0.95137097
95.77600002,0.03269322,0.06283314,0.16000000,0.62697158,0.29512849,0.97209617
95.87600017,0.03809097,0.05401627,0.17010000,0.68217657,0.28307587,0.97859532
95.97600007,0.04417303,0.05218116,0.15500000,0.69743672,0.28055210,1.00048660
96.07700014,0.03672331,0.05159359,0.15910000,0.64556898,0.27788896,1.00324157
96.17700005,0.01199926,0.05813396,0.17200000,0.65534537,0.28580830,0.99781154
96.27700019,0.00895943,0.07558928,0.15310000,0.66418267,0.29507777,1.00278878
96.37700009,0.00309556,0.06539279,0.15500000,0.67650815,0.27730272,1.00167089
96.47700000,0.00537558,0.05507761,0.17210000,0.67405843,0.25982721,0.98675534
96.57700014,0.00385702,0.05478114,0.17000000,0.68438170,0.25203453,0.95825778
96.67700005,0.00342382,0.05071624,0.16300000,0.67538384,0.24989004,0.93575781
96.77700019,0.00004689,0.04814185,0.13800000,0.63862043,0.24280343,0.89991536
96.87700009,0.00287220,0.04820384,0.13700000,0.64531137,0.24873164,0.90540750
96.97700000,0.01435109,0.04822122,0.12900000,0.66479131,0.23869474,0.88595557
97.07700014,0.00245209,0.06153899,0.14100000,0.63477091,0.24342994,0.89605304
97.17700005,0.02280900,0.06820498,0.13290000,0.65235238,0.24024477,0.87713068
97.27700019,0.01665236,0.05451366,0.13700000,0.67914040,0.22077801,0.90765962
97.37800002,0.01186844,0.04970946,0.13600000,0.65324774,0.21110600,0.87310672
97.47800016,0.01665712,0.04903703,0.15610000,0.67214668,0.21081443,0.87380789
97.57800007,0.02951231,0.04452486,0.16500000,0.69181912,0.21013034,0.88806688
97.67800021,0.03533763,0.04146253,0.17110000,0.68447058,0.19801975,0.87985308
97.77800012,0.03694067,0.04239867,0.15910000,0.70154233,0.21129738,0.87243702
97.87800002,0.04287535,0.03749406,0.16200000,0.70451860,0.20179755,0.85875510
97.97800016,0.04311890,0.02904859,0.16810000,0.70775352,0.19854443,0.84004278
98.07800007,0.04890084,0.02468274,0.17310000,0.70734334,0.18950221,0.83518597
98.17800021,0.05743631,0.02107511,0.17710000,0.76958911,0.18999821,0.82644786
98.27800012,0.06290612,0.02162822,0.18000000,0.80896768,0.18749039,0.83403851
98.37800002,0.06532006,0.02422520,0.19110000,0.82300594,0.19010012,0.85626906
98.47800016,0.06755558,0.02447046,0.20110000,0.82876586,0.18966352,0.85524320
98.57800007,0.07131941,0.02324568,0.20410000,0.83159928,0.18996093,0.85767536
98.67900014,0.07452953,0.01659668,0.20810000,0.78361817,0.19196839,0.93357342
98.77900004,0.07255992,0.00865036,0.20610000,0.80559191,0.18296071,0.90413605
98.87900019,0.07342035,0.00962821,0.20710000,0.80928976,0.18778182,0.94566790
98.97900009,0.07572759,0.01105225,0.20410000,0.82578374,0.19062034,0.88648160
99.07900000,0.07437841,0.00621062,0.20910000,0.81860139,0.18248947,0.94436589
99.17900014,0.08073963,0.00030411,0.21910000,0.82117873,0.17950027,0.95457544
99.27900004,0.06832785,0.00077149,0.22500000,0.77857916,0.17969927,1.00422811
99.37900019,0.06810713,0.00026250,0.22500000,0.77644176,0.18275207,1.00231847
99.47900009,0.08170141,0.00475497,0.21410000,0.82928323,0.19077043,0.97974550
99.57900000,0.08010171,0.00386333,0.21110000,0.77250597,0.19292479,0.98001601
99.67900014,0.07526613,0.00193366,0.20810000,0.77867199,0.19405854,0.97678184
99.77900004,0.07115501,0.00268601,0.20910000,0.77451377,0.19421748,0.97635361
99.88000011,0.06485774,0.00175876,0.20010000,0.79047396,0.19748813,0.94038881
99.98000002,0.07432474,0.00603426,0.19410000,0.81472267,0.19958899,0.90009635
100.08000016,0.08441037,0.00655276,0.17610000,0.82130238,0.21174561,0.88948989
100.18000007,0.08562652,0.00147978,0.16810000,0.82355280,0.21117344,0.86297268
100.28000021,0.08762829,0.00292112,0.15410000,0.80787748,0.22070211,0.85781480
100.38000011,0.08761092,0.00340234,0.15610000,0.79174083,0.22405197,0.85484908
100.48000002,0.08563165,0.01597312,0.16520000,0.81467538,0.24187262,0.87842925
100.58000016,0.09194039,0.02287279,0.16410000,0.81786885,0.26434989,0.86268350
100.68000007,0.09448707,0.01388142,0.16510000,0.83129351,0.24177071,0.85751167
100.78000021,0.09578153,0.01047612,0.17110000,0.85257403,0.24189522,0.88726300
100.88000011,0.09433281,0.01172394,0.17610000,0.83014134,0.24699352,0.88977570
100.98000002,0.08880088,0.01597824,0.16610000,0.82550257,0.24351709,0.87311188
101.08000016,0.08530666,0.00905008,0.16110000,0.84980922,0.23204807,0.88704468
101.18099999,0.08179927,0.00474335,0.16610000,0.83707644,0.22546103,0.88925108
101.28100014,0.08290043,0.00884128,0.14310000,0.79632263,0.23155675,0.87947238
101.38100004,0.08157866,0.00886696,0.14210000,0.81409372,0.23019967,0.87811587
101.48100019,0.09128768,0.00042431,0.13910000,0.81746966,0.21540561,0.87471156
101.58100009,0.10144551,0.00046683,0.14210000,0.87689069,0.21986919,0.87992738
101.68099999,0.09494388,0.01068968,0.14910000,0.82670985,0.22728245,0.88972581
101.78100014,0.09481338,0.01077368,0.15010000,0.86690599,0.21816333,0.89275144
101.88100004,0.09834560,0.00627632,0.13710000,0.89131992,0.21428950,0.85995510
101.98100019,0.11138530,0.02572089,0.15110000,0.87597518,0.24963527,0.87872216
102.08100009,0.11280328,0.02804765,0.15110000,0.88053538,0.25526106,0.88867609
102.18099999,0.10242782,0.01747918,0.15310000,0.86112029,0.24891147,0.85907802
102.28100014,0.10528409,0.02712545,0.14210000,0.88020111,0.26113831,0.84134129
102.38200021,0.10564117,0.02887391,0.14210000,0.84865523,0.25874791,0.80258428
102.48200011,0.08889852,0.03751031,0.14710000,0.78116797,0.26297608,0.84239163
102.58200002,0.08002254,0.03590980,0.15610000,0.77106252,0.26662466,0.86562828
102.68200016,0.08089460,0.02855456,0.14310000,0.76012894,0.25766250,0.86286092
102.78200006,0.07955473,0.02939735,0.14200000,0.73569770,0.26582825,0.88678940
102.88200021,0.08595012,0.03145183,0.14810000,0.74553199,0.26548454,0.89540451
102.98200011,0.07679486,0.03756434,0.15400000,0.76060911,0.27057168,0.88971650
103.08200002,0.07221402,0.02513752,0.14910000,0.75700078,0.25891231,0.90692910
103.18200016,0.07827058,0.01772698,0.14510000,0.76041922,0.23490090,0.90131131
103.28200006,0.07813360,0.01803860,0.14710000,0.73448897,0.23273135,0.89760515
103.38200021,0.07429886,0.02107246,0.15010000,0.75485370,0.23921149,0.88865768
103.48200011,0.07557291,0.01851986,0.14910000,0.73368001,0.23370295,0.88216678
103.58200002,0.07869834,0.01669796,0.14610000,0.74464208,0.22210670,0.89669126
103.68300009,0.07885542,0.00791469,0.14410000,0.72534258,0.20801029,0.92041125
103.78299999,0.08340522,0.00274584,0.12810000,0.74185008,0.20488296,0.90737985
103.88300014,0.08234658,0.00001202,0.12810000,0.71502190,0.20284011,0.92486451
103.98300004,0.07547682,0.00694479,0.12400000,0.71676847,0.20161804,0.93136210
104.08300018,0.07725570,0.01296059,0.12810000,0.72861540,0.21599844,0.94133969
104.18300009,0.06171354,0.01010788,0.12900000,0.69719661,0.21834014,0.94965850
104.28299999,0.06464963,0.01042040,0.12210000,0.72638550,0.21834099,0.94545692
104.38300014,0.06695103,0.01328495,0.12210000,0.75013310,0.21972251,0.92708546
104.48300004,0.06552180,0.00968057,0.11900000,0.73944879,0.22076857,0.88527448
104.58300018,0.05691389,0.01236566,0.12410000,0.74690586,0.23462761,0.89174848
104.68300009,0.06162137,0.02238876,0.12910000,0.75329029,0.24336010,0.90165856
104.78299999,0.06810710,0.01717273,0.11700000,0.77031059,0.23816845,0.88910331
104.88300014,0.06830522,0.01865734,0.10710000,0.79098528,0.24068410,0.86578073
104.98400021,0.05740114,0.02607603,0.11800000,0.78966829,0.24920987,0.86839180
105.08400011,0.06348011,0.01959503,0.11010000,0.81219772,0.23751842,0.84803011
105.18400002,0.06455539,0.01997426,0.10500000,0.81032324,0.23301483,0.83828610
105.28400016,0.06003831,0.01967692,0.10410000,0.80573007,0.23475212,0.84478383
105.38400006,0.05888167,0.02182931,0.11100000,0.77605711,0.23478083,0.84248124
105.48400021,0.05912566,0.02847449,0.11110000,0.80878394,0.25222037,0.86966243
105.58400011,0.06593203,0.02955635,0.10500000,0.83557939,0.25449336,0.81021887
105.68400002,0.06807913,0.02555390,0.10110000,0.82720735,0.24858337,0.78522953
105.78400016,0.05880347,0.02864476,0.09000000,0.84794776,0.25691671,0.77901496
105.88400006,0.06032364,0.02685346,0.08710000,0.83592508,0.25169648,0.76913175
105.98400021,0.06734353,0.02255702,0.10100000,0.88952141,0.24618613,0.77552728
106.08400011,0.06855227,0.02297905,0.11110000,0.87947933,0.25037959,0.77347539
106.18500018,0.05848726,0.07432880,0.11110000,0.80486709,0.30869039,0.76348780
106.28500009,0.05358261,0.03074743,0.11300000,0.81592292,0.25120128,0.75742185
106.38499999,0.05854926,0.03442825,0.11210000,0.83360348,0.25597745,0.75440787
106.48500013,0.05680839,0.06005312,0.10310000,0.85945814,0.29746422,0.76625054
106.58500004,0.05236465,0.04282924,0.09900000,0.87955897,0.27506970,0.76311083
106.68500018,0.04567580,0.05514501,0.10210000,0.87222905,0.30589659,0.73786670
106.78500009,0.04498170,0.04934548,0.10500000,0.88440955,0.30061926,0.74092820
106.88499999,0.04342513,0.05009210,0.10300000,0.86555695,0.29357449,0.73954890
106.98500013,0.06055964,0.05275670,0.09810000,0.93957212,0.29392913,0.71744813
107.08500004,0.06015592,0.04666385,0.10100000,0.95522010,0.27092099,0.69761300
107.18500018,0.05122041,0.04897050,0.09900000,0.87091058,0.27017187,0.69690526
107.28500009,0.05514142,0.04925610,0.09710000,0.91198501,0.26029199,0.69927115
107.38499999,0.05422629,0.05043421,0.09700000,0.88222134,0.25847498,0.71294379
107.48600006,0.04528577,0.05796041,0.10700000,0.80581886,0.27776623,0.73515209
107.58600020,0.05393849,0.06715012,0.09510000,0.85071420,0.28949618,0.74134266
107.68600011,0.04403456,0.06282680,0.10210000,0.78914937,0.28190722,0.74378606
107.78600001,0.04029370,0.05425189,0.10100000,0.76073377,0.27859790,0.77072833
107.88600016,0.02769600,0.04789344,0.10510000,0.73337225,0.25877081,0.76423144
107.98600006,0.02058800,0.06308767,0.11510000,0.71891945,0.28178809,0.82071287
108.08600020,0.01851368,0.06889153,0.11500000,0.74639643,0.28467729,0.85883221
108.18600011,0.00992591,0.05748466,0.12200000,0.75118603,0.28205635,0.87946617
108.28600001,0.00607723,0.04724741,0.12610000,0.74438666,0.26458321,0.88728898
108.38600016,0.00270049,0.04770448,0.12700000,0.76532182,0.26129483,0.88849970
108.48600006,0.02324303,0.05061039,0.11210000,0.79007546,0.25784220,0.88940810
108.58600020,0.02911694,0.05627134,0.10700000,0.75434529,0.25442132,0.81682079
108.68600011,0.03126310,0.05462114,0.10110000,0.73445929,0.25819359,0.82283294
108.78700018,0.04144835,0.06092876,0.09110000,0.79210759,0.27889562,0.83378517
108.88700008,0.02528175,0.05219629,0.09800000,0.72107309,0.25780614,0.82954875
108.98699999,0.01833770,0.05011965,0.10510000,0.72654090,0.25516621,0.84162587
109.08700013,0.01612810,0.05086201,0.10500000,0.72951448,0.25381543,0.87129960
109.18700004,0.02239103,0.05766682,0.08800000,0.74449856,0.27234745,0.86784268
109.28700018,0.03085532,0.05592959,0.07710000,0.76886780,0.25822682,0.88464216
109.38700008,0.03322626,0.05820366,0.07700000,0.80104685,0.27711696,0.88804796
109.48699999,0.03429719,0.06147059,0.08110000,0.80371690,0.28272607,0.89228896
109.58700013,0.03157209,0.06320074,0.06900000,0.79150625,0.27600090,0.87190294
109.68700004,0.03135089,0.05566841,0.06910000,0.77386035,0.26968447,0.85059345
109.78700018,0.03024948,0.05711627,0.06910000,0.76505552,0.26848102,0.85706536
109.88700008,0.03541253,0.04871029,0.07000000,0.78321647,0.23919132,0.84550186
109.98800015,0.03128431,0.05506852,0.06710000,0.76354654,0.26319653,0.83795918
110.08800006,0.03712495,0.04822684,0.06410000,0.75506330,0.23793532,0.85119646
110.18800020,0.04416013,0.03926682,0.05900000,0.77328817,0.23407942,0.84790177
110.28800011,0.02674584,0.03752372,0.06300000,0.80125885,0.23309175,0.83391567
110.38800001,0.02652433,0.03716598,0.06010000,0.78931066,0.23757296,0.81395825
110.48800015,0.00725600,0.03983278,0.07010000,0.73117584,0.25041030,0.82740040
110.58800006,0.00503949,0.03619148,0.08100000,0.74187403,0.24802300,0.85084304
110.68800020,0.00466928,0.03335233,0.08000000,0.76954611,0.23725710,0.84427413
110.78800011,0.00913100,0.03281196,0.07200000,0.74873193,0.23287447,0.86684860
110.88800001,0.00860288,0.03212492,0.07100000,0.77583525,0.23083256,0.83894946
110.98800015,0.01351700,0.03604581,0.07000000,0.76714996,0.24074882,0.83877750
111.08800006,0.01121027,0.04055342,0.07610000,0.74635045,0.23894035,0.83552849
111.18800020,0.00867332,0.03835653,0.06910000,0.71635493,0.23844303,0.81499802
111.28900003,0.00470686,0.03832148,0.06700000,0.68267030,0.22596237,0.81291713
111.38900018,0.00425630,0.03879747,0.06700000,0.69171281,0.22225023,0.81247212
111.48900008,0.00074369,0.05037040,0.07700000,0.67553929,0.23768023,0.86453067
111.58899999,0.00590173,0.04401442,0.07300000,0.68242207,0.23503031,0.87175068
111.68900013,0.00059358,0.03552095,0.06800000,0.67687803,0.22083850,0.82971602
111.78900003,0.01420048,0.03825959,0.06700000,0.72694662,0.23514590,0.85188567
111.88900018,0.00872181,0.03543938,0.06000000,0.71128897,0.21121315,0.83995627
111.98900008,0.00745340,0.02995141,0.06800000,0.72045512,0.20804023,0.88650294
112.08899999,0.00425385,0.02592961,0.07400000,0.71466576,0.20476538,0.89741791
112.18900013,0.00887973,0.02263737,0.06200000,0.72717633,0.19975775,0.88961042
112.28900003,0.00023973,0.02482323,0.06600000,0.69385142,0.19868520,0.88669168
112.38900018,0.00511116,0.03274227,0.06400000,0.68162528,0.21977465,0.86887016
112.48900008,0.00418878,0.03243816,0.05200000,0.67159647,0.22080332,0.80250024
112.59000015,0.00669617,0.03289318,0.05000000,0.70715687,0.21790683,0.80621749
112.69000006,0.00019859,0.02289543,0.04900000,0.68848245,0.19907330,0.80856464
112.79000020,0.00791364,0.02779666,0.03910000,0.69367771,0.20006057,0.81590103
112.89000010,0.01569763,0.02401842,0.03500000,0.73940145,0.18869019,0.82282844
112.99000001,0.00381361,0.02221500,0.04000000,0.65622349,0.19655863,0.81257973
113.09000015,0.00210386,0.01431446,0.04000000,0.66092327,0.19243240,0.81912498
113.19000006,0.00982583,0.01127622,0.04400000,0.69600405,0.19253579,0.79440288
113.29000020,0.00765465,0.00506026,0.03500000,0.66552561,0.18474217,0.77158061
113.39000010,0.00362311,0.00056840,0.02800000,0.64274049,0.17629184,0.75147043
113.49000001,0.00035207,0.00846853,0.02800000,0.66140970,0.19166034,0.77379860
113.59000015,0.01179083,0.01454222,0.02700000,0.71159058,0.19588435,0.77676567
113.69000006,0.01146572,0.01495417,0.02200000,0.66030947,0.18776880,0.75303001
113.79000020,0.00503713,0.01602833,0.01400000,0.62387547,0.19800013,0.75979690
113.89100003,0.00297420,0.01163633,0.00900000,0.64274358,0.20007458,0.70446707
113.99100018,0.00068595,0.00991310,0.02700000,0.62707984,0.19480566,0.71655596
114.09100008,0.00024403,0.01071776,0.02800000,0.62321577,0.18722555,0.72780755
114.19099998,0.00295619,0.00233901,0.02700000,0.63295208,0.19596914,0.75001334
114.29100013,0.00603704,0.00488612,0.03200000,0.65016141,0.19632627,0.73343009
114.39100003,0.01809444,0.00476248,0.03300000,0.73189989,0.19669453,0.70204983
114.49100018,0.03471509,0.00352029,0.03410000,0.72922279,0.19741707,0.71587371
114.59100008,0.02008929,0.00451890,0.03300000,0.71555247,0.21096003,0.71378392
114.69099998,0.00242707,0.00060771,0.01600000,0.67856860,0.20530925,0.69796237
114.79100013,0.00659179,0.00026132,0.02000000,0.67406882,0.19966799,0.69607333
114.89100003,0.01529418,0.00387918,0.02800000,0.72508991,0.19022096,0.67766608
114.99100018,0.02631902,0.01013308,0.02300000,0.73087228,0.20650668,0.67214795
115.09200001,0.02554824,0.01280380,0.00800000,0.72508158,0.20178798,0.67839393
115.19200015,0.01538365,0.00475851,0.00600000,0.67823142,0.19356606,0.65888620
115.29200006,0.00478230,0.00069975,0.00200000,0.65377624,0.19504432,0.62505182
115.39200020,0.01391640,0.00888278,0.00300000,0.67359313,0.20775270,0.65474626
115.49200010,0.01661307,0.00560052,0.00500000,0.68743626,0.20941465,0.65026138
115.59200001,0.02117637,0.01021280,0.01600000,0.73974739,0.20634809,0.64864141
115.69200015,0.02277706,0.01609986,0.00010000,0.74150412,0.20975816,0.63461955
115.79200006,0.00815687,0.02241574,0.01000000,0.68118350,0.21158583,0.61978482
115.89200020,0.00922272,0.02252424,0.01200000,0.67767302,0.21359671,0.63584884
115.99200010,0.01783109,0.02315992,0.01700000,0.75443636,0.22045185,0.61121010
116.09200001,0.01901809,0.02729564,0.01900000,0.78115105,0.22359076,0.63259903
116.19200015,0.02643903,0.02848364,0.01510000,0.79881640,0.23260583,0.62980945
116.29200006,0.02137005,0.02828817,0.00810000,0.76533650,0.23431116,0.63165866
116.39300013,0.01393116,0.03355507,0.01200000,0.71469157,0.24551291,0.66314085
116.49300003,0.00325814,0.03912703,0.01600000,0.70340200,0.26936367,0.67347404
116.59300017,0.00181094,0.04318287,0.01800000,0.70955399,0.26485406,0.70687699
116.69300008,0.01055240,0.04361751,0.01500000,0.74546399,0.26943430,0.64697058
116.79299998,0.00702264,0.04322653,0.01090000,0.73991293,0.27238064,0.65844124
116.89300013,0.00931811,0.04389240,0.01090000,0.73766320,0.26857041,0.63467492
116.99300003,0.00596568,0.02825351,0.03000000,0.73041460,0.23917199,0.72950328
117.09300017,0.02156392,0.03103300,0.03400000,0.79725653,0.23789537,0.73327765
117.19300008,0.02874156,0.03706983,0.03800000,0.80498349,0.24922488,0.76797859
117.29299998,0.02496968,0.03982418,0.02910000,0.79441078,0.24980369,0.72755118
117.39300013,0.02291439,0.03198360,0.01500000,0.79032597,0.24090064,0.69319478
117.49300003,0.02553380,0.03559319,0.00800000,0.77398551,0.25007592,0.70547377
117.59300017,0.03012411,0.04310671,0.01300000,0.79236906,0.26178153,0.70629458
117.69400001,0.02920086,0.04805163,0.01400000,0.78318054,0.27785372,0.69158762
117.79400015,0.02339169,0.04807410,0.01800000,0.77646128,0.27358129,0.68503026
117.89400005,0.02680293,0.04717725,0.01800000,0.79476517,0.26948596,0.66436979
117.99400020,0.02463413,0.04364126,0.00600000,0.79311877,0.27404210,0.66125863
118.09400010,0.02569526,0.04687050,0.00100000,0.79165700,0.27187851,0.66513996
118.19400001,0.02280332,0.04406755,0.00700000,0.79776923,0.27336528,0.66751072
118.29400015,0.02100519,0.04219753,0.01400000,0.79758336,0.27276153,0.64862545
118.39400005,0.02184180,0.04038695,0.01100000,0.81891529,0.27372477,0.62912742
118.49400020,0.02277272,0.04031951,0.00200000,0.81644565,0.27015488,0.59970813
118.59400010,0.00767171,0.04777400,0.00000000,0.76577311,0.26927712,0.60225805
118.69400001,0.00571798,0.05004423,0.00100000,0.74621036,0.27268726,0.63918401
118.79400015,0.01237798,0.05180228,0.00500000,0.73020320,0.28074771,0.66333886
118.89499998,0.00295524,0.04694802,0.00700000,0.69139410,0.27777227,0.69072825
118.99500012,0.00063379,0.07962191,0.00100000,0.71355683,0.32036967,0.68692565
119.09500003,0.00384432,0.04630152,0.00900000,0.72242770,0.27977087,0.69423256
119.19500017,0.00375120,0.06885600,0.01100000,0.71262292,0.31516965,0.69211532
119.29500008,0.01262189,0.04548811,0.00700000,0.70479039,0.27205298,0.66463654
119.39499998,0.01304017,0.04473873,0.00600000,0.72154237,0.27043880,0.66391526
119.49500012,0.01520057,0.07229075,0.00910000,0.79098340,0.30781900,0.65822012
119.59500003,0.01832495,0.05026576,0.01300000,0.77844558,0.27046377,0.66548324
119.69500017,0.01097430,0.06749974,0.01000000,0.72151692,0.30839178,0.67193110
119.79500008,0.01154538,0.05123196,0.00990000,0.72352775,0.27618040,0.65466627
119.89499998,0.00841103,0.05226609,0.01090000,0.74368683,0.28039381,0.63711063
119.99500012,0.00221722,0.06965008,0.02000000,0.76146845,0.30999838,0.66955241
120.09500003,0.00446265,0.04680603,0.02990000,0.77199244,0.27555483,0.72227102
120.19600010,0.00092104,0.06764852,0.03700000,0.76781049,0.31498939,0.75457036
120.29600000,0.00078376,0.06445887,0.04700000,0.78483039,0.31158817,0.73811975
120.39600015,0.00533272,0.06952016,0.03900000,0.78937289,0.31790797,0.76343075
120.49600005,0.00112462,0.06813835,0.04100000,0.77302711,0.32188617,0.75460353
120.59600019,0.01016229,0.06215149,0.03210000,0.78704257,0.30479476,0.73365408
120.69600010,0.00763556,0.06388567,0.03310000,0.77052235,0.31388183,0.73120694
120.79600000,0.01414014,0.06378665,0.04300000,0.81836956,0.30520844,0.74628816
120.89600015,0.01948395,0.06234121,0.04300000,0.79577697,0.30477863,0.73537748
120.99600005,0.02625158,0.06611433,0.04390000,0.81936458,0.31428462,0.72582554
121.09600019,0.00994325,0.06935165,0.02400000,0.73965097,0.31943715,0.67942964
121.19600010,0.01054626,0.06292993,0.02700000,0.76009360,0.31553762,0.65365700
121.29600000,0.01476909,0.05495720,0.03700000,0.78927560,0.29319220,0.69648099
121.39600015,0.01473268,0.04768824,0.03700000,0.76534083,0.28522388,0.72387180
121.49699998,0.00025111,0.05215551,0.03600000,0.69262030,0.28977708,0.75584723
121.59700012,0.01099089,0.05675359,0.03400000,0.76098475,0.29227825,0.74771263
121.69700003,0.03322378,0.05358452,0.04200000,0.76768034,0.29206072,0.72725366
121.79700017,0.02076711,0.04567983,0.04300000,0.77992456,0.28829495,0.69237051
121.89700007,0.00084237,0.04879437,0.04000000,0.72019079,0.28674734,0.67509935
121.99699998,0.00608990,0.05209024,0.02900000,0.75139936,0.28915603,0.60695871
122.09700012,0.00245665,0.04884562,0.02400000,0.75489491,0.28429124,0.58127069
122.19700003,0.00256250,0.04828585,0.02410000,0.71465179,0.28371549,0.60204670
122.29700017,0.00567617,0.04495855,0.03200000,0.69829863,0.28229970,0.65773399
122.39700007,0.00172005,0.04291225,0.03100000,0.70630728,0.27820533,0.61575686
122.49699998,0.00193614,0.04378803,0.02800000,0.69521657,0.27767493,0.58436654
122.59700012,0.00160757,0.04513619,0.02710000,0.68597361,0.27791152,0.59991004
122.69700003,0.01258706,0.04683862,0.02900000,0.75950365,0.27729225,0.62248542
122.79800010,0.00608444,0.04487538,0.02200000,0.68928547,0.27254216,0.59281824
122.89800000,0.00630178,0.04448896,0.01910000,0.66802000,0.27464376,0.60682891
122.99800014,0.00767013,0.04503586,0.01900000,0.62938656,0.27591404,0.62991295
123.09800005,0.00209872,0.04074132,0.02600000,0.63869893,0.27002452,0.64184178
123.19800019,0.00619230,0.03415634,0.02500000,0.63867184,0.25826988,0.63989992
123.29800010,0.00425074,0.04066671,0.03200000,0.64549513,0.26324539,0.63388017
123.39800000,0.00280981,0.04879144,0.03900000,0.64159677,0.28527458,0.67904144
123.49800014,0.00539944,0.04634152,0.03800000,0.66793306,0.27990348,0.65168275
123.59800005,0.00991349,0.04092215,0.03100000,0.69867271,0.27018356,0.61354008
123.69800019,0.01486341,0.04274083,0.04100000,0.73212374,0.26892282,0.64817441
123.79800010,0.01929070,0.03975172,0.04200000,0.75714748,0.26573100,0.63054619
123.89800000,0.01193690,0.03421009,0.03700000,0.78576109,0.25225528,0.62744672
123.99900007,0.00298268,0.02957742,0.02200000,0.75314491,0.24422676,0.58094073
124.09899998,0.00094440,0.02643914,0.01600000,0.76262278,0.24353325,0.59654470
124.19900012,0.00131421,0.02920330,0.01110000,0.74088045,0.23349691,0.58306566
124.29900002,0.00141041,0.02488395,0.00600000,0.74416140,0.22263240,0.58741767
124.39900017,0.00657756,0.01708759,0.00900000,0.74232065,0.21174302,0.58762154
124.49900007,0.01019204,0.00920774,0.02400000,0.80133419,0.21111673,0.60783882
124.59899998,0.01347862,0.01556203,0.02200000,0.81658546,0.21742769,0.58486150
124.69900012,0.01035959,0.01827919,0.01700000,0.78826075,0.21351890,0.55864121
124.79900002,0.01023779,0.01719528,0.01800000,0.82560089,0.21438937,0.60300897
124.89900017,0.00008848,0.01448075,0.01700000,0.77666509,0.21260329,0.62266943
124.99900007,0.00003705,0.01275769,0.01800000,0.77893670,0.21230763,0.62168553
125.09899998,0.00841013,0.01350554,0.01400000,0.84606121,0.21803817,0.63586019
125.19900012,0.00554559,0.01353168,0.01400000,0.79398635,0.22028064,0.66365889
125.30000019,0.00055904,0.01424702,0.01800000,0.80048819,0.22421970,0.63859255
125.40000010,0.00135086,0.01467430,0.01900000,0.82628131,0.22074695,0.62999761
125.50000000,0.00295147,0.01525185,0.02000000,0.81966268,0.21790979,0.64257489
125.60000014,0.00251847,0.01052556,0.02010000,0.83609714,0.20921228,0.66967446
125.70000005,0.00319389,0.00400488,0.02000000,0.83133956,0.20612154,0.64099584
125.80000019,0.00538055,0.00479476,0.01800000,0.81878087,0.20851510,0.64448299
125.90000010,0.00349326,0.00272161,0.01800000,0.82139372,0.20878020,0.64784087
126.00000000,0.00367204,0.00285589,0.01700000,0.80313305,0.20486372,0.63811201
126.10000014,0.00444633,0.00260770,0.02200000,0.83390419,0.20783801,0.61421288
126.20000005,0.00127368,0.00115660,0.02500000,0.82250887,0.21274060,0.62042241
126.30000019,0.00297485,0.00329701,0.02200000,0.82224393,0.21748839,0.62544782
126.40000010,0.00604950,0.00618737,0.02400000,0.82440903,0.22214061,0.63092589
126.50000000,0.00351435,0.00615056,0.02000000,0.83775066,0.21857045,0.59645576
126.60000014,0.00240788,0.00662511,0.01700000,0.83969030,0.21299002,0.61221897
126.70100021,0.00170804,0.00361699,0.01700000,0.88344731,0.20614110,0.59480543
126.80100012,0.00157648,0.00429938,0.01600000,0.84950851,0.20418341,0.62010009
126.90100002,0.00129864,0.00494101,0.02000000,0.84189077,0.20888199,0.64765320
127.00100017,0.00040794,0.00358937,0.02800000,0.81534577,0.20219992,0.67620401
127.10100007,0.00243055,0.00043864,0.02700000,0.82378800,0.20178537,0.66563956
127.20100021,0.00227524,0.00400915,0.01800000,0.81546434,0.19795439,0.68073276
127.30100012,0.00623135,0.01010051,0.02200000,0.82107722,0.21060473,0.67750112
127.40100002,0.00903076,0.00835137,0.02300000,0.87228387,0.22258437,0.70004869
127.50100017,0.01144284,0.00084351,0.01900000,0.88674371,0.22318714,0.71170212
127.60100007,0.01196050,0.00132533,0.01810000,0.87782999,0.21206971,0.71680096
127.70100021,0.00940307,0.01116747,0.03100000,0.87124282,0.21857433,0.75703786
127.80200005,0.00651277,0.01323721,0.03000000,0.83833077,0.22342470,0.76867626
127.90200019,0.00333274,0.01097920,0.01600000,0.82399137,0.21350460,0.75962088
128.00200009,0.00317552,0.01131442,0.01500000,0.83945695,0.21791967,0.77412380
128.10200000,0.00274458,0.01240997,0.01800000,0.83034728,0.21912542,0.79485609
128.20200014,0.01088443,0.00973546,0.02000000,0.87264050,0.21555791,0.79498459
128.30200005,0.01074130,0.00956684,0.02400000,0.86036228,0.21530177,0.78397157
128.40200019,0.01195925,0.00905629,0.02300000,0.90439952,0.21211037,0.79365347
128.50200009,0.01072771,0.01598487,0.03400000,0.89701533,0.21826786,0.81887992
128.60200000,0.01110861,0.02343520,0.03500000,0.91034126,0.24575120,0.83566546
128.70200014,0.01652054,0.02249071,0.02600000,0.90745019,0.25370711,0.81936868
128.80200005,0.01272603,0.02001170,0.02200000,0.88535941,0.23291029,0.82677288
128.90200019,0.00468898,0.01938333,0.03100000,0.83579565,0.23015939,0.82456751
129.00200009,0.00181431,0.02467201,0.04500000,0.83426822,0.23143332,0.82013232
129.10200000,0.00180361,0.03014493,0.04600000,0.84171660,0.25439688,0.83426225
129.20300007,0.01531186,0.02485250,0.05490000,0.85869829,0.23079031,0.88810489
129.30300021,0.01704211,0.02492903,0.05200000,0.88019086,0.22947739,0.88028982
129.40300012,0.01087637,0.02609453,0.05500000,0.80394339,0.23095537,0.89899139
129.50300002,0.00150480,0.02804257,0.05400000,0.80481222,0.23158833,0.88972840
129.60300016,0.00079652,0.02095938,0.05500000,0.80101691,0.22485700,0.93485688
129.70300007,0.00519012,0.01861592,0.06400000,0.77895994,0.22966314,0.92137070
129.80300021,0.00757749,0.02143809,0.06590000,0.75577750,0.22846645,0.93962376
129.90300012,0.00751308,0.02253361,0.06700000,0.78095283,0.23415791,0.95317188
130.00300002,0.00686123,0.01822563,0.05900000,0.80723840,0.23562384,0.94626677
130.10300016,0.00387446,0.01861796,0.05910000,0.82840872,0.24756939,0.95315301
130.20300007,0.00498524,0.01934935,0.06000000,0.80724664,0.24745405,0.96820060
130.30300021,0.02078734,0.02944973,0.06600000,0.87966438,0.25768998,0.98159589
130.40400004,0.00680374,0.02706121,0.06000000,0.81860746,0.25794789,0.99430881
130.50400019,0.01827062,0.02684091,0.06700000,0.88452899,0.25530992,1.00797819
130.60400009,0.01496528,0.03115590,0.07500000,0.90237182,0.25772999,1.01278068
130.70400000,0.00335209,0.03186932,0.07600000,0.87541187,0.26251111,1.00550645
130.80400014,0.00192996,0.03391571,0.08400000,0.84858321,0.26694656,0.98877750
130.90400004,0.00294131,0.02899515,0.08500000,0.83630201,0.26301033,0.99268901
131.00400019,0.00130464,0.03420962,0.07800000,0.79749088,0.27699298,0.95207777
131.10400009,0.00384185,0.03966371,0.08690000,0.79116695,0.27427174,0.94257038
131.20400000,0.00263526,0.04118684,0.08800000,0.79412620,0.27929113,0.93648017
131.30400014,0.00809811,0.03355876,0.06100000,0.80192240,0.27062507,0.88874049
131.40400004,0.01468909,0.03589332,0.06100000,0.85456537,0.26821974,0.89077612
131.50400019,0.02427948,0.04455432,0.06100000,0.85176580,0.28681506,0.92463488
131.60400009,0.02878049,0.04247097,0.05610000,0.86391153,0.26697268,0.91192104
131.70500016,0.02813887,0.07582647,0.04710000,0.85423645,0.31460334,0.83028737
131.80500007,0.02712914,0.04286280,0.02600000,0.88620238,0.27236212,0.83067359
131.90500021,0.02081674,0.06221739,0.03000000,0.88367291,0.30693430,0.82943096
132.00500011,0.02062905,0.05550047,0.02000000,0.89332288,0.29385406,0.82238269
132.10500002,0.01473696,0.06383574,0.01600000,0.86633838,0.29770844,0.85903217
132.20500016,0.01391378,0.05135452,0.02800000,0.90283987,0.28144404,0.85533401
132.30500007,0.01691168,0.06150849,0.03100000,0.91628980,0.29401751,0.87045528
132.40500021,0.01673010,0.05494965,0.02700000,0.90363388,0.28690576,0.85559041
132.50500011,0.00094515,0.05027481,0.02810000,0.87046410,0.28568161,0.83773873
132.60500002,0.00183463,0.06529475,0.02590000,0.86162501,0.30332195,0.83974861
132.70500016,0.00078032,0.05048852,0.02300000,0.83984605,0.28744551,0.83303482
132.80500007,0.00644615,0.05948191,0.02600000,0.84031753,0.28816501,0.85869135
132.90500021,0.00433895,0.05129497,0.02900000,0.85116069,0.29290959,0.82914582
133.00600004,0.00264907,0.04984207,0.03300000,0.83790297,0.28456295,0.84445057
133.10600019,0.00216290,0.04825984,0.03200000,0.78003237,0.28016385,0.83662588
133.20600009,0.00704144,0.04542365,0.03100000,0.75686190,0.27139644,0.81510552
133.30599999,0.00992160,0.04029965,0.02500000,0.75026840,0.24960142,0.77389901
133.40600014,0.00817534,0.03795226,0.02600000,0.72105672,0.24907263,0.76235405
133.50600004,0.00924523,0.04267817,0.02700000,0.77441896,0.25235593,0.72543090
133.60600019,0.00551841,0.04215350,0.02400000,0.76555530,0.24679108,0.67538054
133.70600009,0.00057426,0.03853466,0.02900000,0.73928140,0.24985628,0.68162620
133.80599999,0.00921047,0.03572810,0.03790000,0.73406710,0.24654177,0.70562470
133.90600014,0.01307035,0.03210087,0.04300000,0.74547894,0.24389795,0.72337245
134.00600004,0.01831663,0.03492322,0.04100000,0.74425234,0.24903645,0.70027506
134.10600019,0.02054741,0.03384337,0.04100000,0.75094594,0.24975303,0.71216862
134.20600009,0.00499032,0.03869505,0.04200000,0.73669074,0.25190493,0.69985766
134.30700016,0.00335600,0.03612392,0.04700000,0.73978791,0.24613413,0.74912784
134.40700006,0.00169920,0.03634175,0.04710000,0.73387013,0.24732287,0.75130499
134.50700021,0.00845812,0.03118301,0.04900000,0.75589960,0.25028551,0.76335232
134.60700011,0.00990356,0.03813030,0.04500000,0.73976700,0.25364714,0.74803868
134.70700002,0.01545386,0.03075887,0.02400000,0.73720946,0.25556515,0.69502065
134.80700016,0.01773419,0.02912779,0.02310000,0.74657661,0.24375975,0.70589166
134.90700006,0.02065622,0.02730532,0.03500000,0.72761533,0.23776302,0.70664051
135.00700021,0.02277792,0.02787950,0.04700000,0.71970871,0.23061455,0.76978561
135.10700011,0.02795298,0.02958261,0.03710000,0.72969336,0.23883098,0.69736656
135.20700002,0.03020010,0.03596880,0.05000000,0.76359462,0.24720394,0.73517249
135.30700016,0.02991357,0.03400688,0.05710000,0.74189471,0.24248849,0.73791035
135.40700006,0.03371653,0.02412665,0.06710000,0.77676689,0.23296795,0.74492177
135.50700021,0.03672352,0.01186899,0.03500000,0.77254339,0.22304272,0.68145317
135.60800004,0.04029745,0.00876332,0.03510000,0.76111566,0.22315222,0.67828934
135.70800018,0.04207569,0.01374905,0.03300000,0.74006480,0.22628067,0.67590499
135.80800009,0.03862190,0.01838584,0.03310000,0.75061537,0.24069139,0.67686689
135.90799999,0.03675869,0.01098449,0.03010000,0.77590253,0.24932133,0.67312274
136.00800014,0.04536772,0.00278755,0.03800000,0.79375371,0.24256512,0.72016062
136.10800004,0.04759405,0.00327818,0.04210000,0.78679232,0.24644645,0.70517437
136.20800018,0.04064703,0.00616673,0.04100000,0.80327988,0.25170471,0.71566575
136.30800009,0.05097818,0.00110698,0.03910000,0.83418993,0.24983996,0.72648063
136.40799999,0.05446290,0.00980011,0.02900000,0.87756761,0.25941022,0.74258883
136.50800014,0.05683948,0.01279546,0.02410000,0.86874592,0.26356725,0.72838538
136.60800004,0.05897855,0.02072512,0.03300000,0.84971186,0.27323932,0.75255744
136.70800018,0.05433384,0.02416679,0.04210000,0.83899649,0.27376660,0.78634760
136.80900002,0.05102829,0.02307733,0.04500000,0.85326377,0.26267993,0.77841696
136.90900016,0.05794915,0.02125620,0.04810000,0.83617925,0.26816640,0.75650598
137.00900006,0.06498888,0.02684893,0.05000000,0.86917359,0.26476972,0.77032184
137.10900021,0.07935668,0.02966575,0.05110000,0.94525848,0.27534235,0.78322216
137.20900011,0.08284704,0.03193459,0.04010000,0.97717267,0.27327562,0.78819312
137.30900002,0.06910443,0.03167187,0.03110000,0.91089989,0.28048791,0.79224417
137.40900016,0.06955129,0.02302929,0.04510000,0.89474980,0.27055750,0.80589270
137.50900006,0.07279266,0.01563997,0.04910000,0.90557494,0.26355241,0.80882060
137.60900021,0.07868584,0.01484953,0.04610000,0.89656897,0.26090128,0.78896302
137.70900011,0.07999604,0.01790207,0.06210000,0.91964315,0.26657386,0.76979106
137.80900002,0.07023743,0.03115498,0.07300000,0.90933703,0.27009960,0.81516913
137.90900016,0.07525802,0.03581285,0.07110000,0.90342316,0.28448804,0.82952507
138.00900006,0.08034623,0.03545876,0.06910000,0.88787377,0.61365114,0.79173889
138.11000013,0.07825276,0.03220629,0.07300000,0.90788329,0.62722540,0.84127339
138.21000004,0.06611064,0.03133933,0.09210000,0.88775968,0.62172827,0.85134678
138.31000018,0.05300412,0.04067203,0.09210000,0.89686244,0.61254864,0.84932718
138.41000009,0.06187105,0.03837998,0.08100000,0.89934770,0.62337350,0.82544385
138.50999999,0.06502445,0.04395908,0.07400000,0.91694330,0.66820470,0.83290001
138.61000013,0.06493622,0.04688718,0.07410000,0.89796056,0.69751696,0.84694221
138.71000004,0.09074851,0.04023130,0.06510000,0.92348642,0.67611001,0.81954867
138.81000018,0.08466070,0.03826129,0.08210000,0.93753060,0.69929274,0.87684625
138.91000009,0.08700103,0.04022476,0.08310000,0.95231950,0.71961169,0.85411857
139.00999999,0.07720306,0.05398821,0.08210000,0.90818441,0.72644730,0.85136206
139.11000013,0.09161996,0.06066748,0.07710000,0.90464600,0.76988535,0.81386097
139.21000004,0.10134470,0.05323769,0.07910000,0.91173348,0.74218885,0.81686301
139.31000018,0.11634618,0.06234089,0.07620000,0.92666223,0.76061958,0.81065330
139.41100001,0.12383354,0.07889115,0.07110000,0.91607126,0.81885211,0.81228838
139.51100016,0.13141607,0.08472630,0.05720000,0.88443680,0.85782226,0.76671909
139.61100006,0.12397542,0.08632147,0.05510000,0.87859325,0.79656989,0.76227328
139.71100020,0.12426951,0.08320612,0.06010000,0.86386669,0.76271905,0.76700303
139.81100011,0.13355085,0.07656116,0.08620000,0.90722835,0.78123676,0.84372521
139.91100001,0.13590207,0.07915243,0.08510000,0.88912278,0.76159984,0.83870469
140.01100016,0.14344605,0.09026511,0.08120000,0.93999334,0.78357163,0.84721980
140.11100006,0.14560973,0.09326338,0.08210000,0.90300478,0.72214264,0.82484264
140.21100020,0.14435163,0.09425872,0.09120000,0.89274073,0.70677928,0.84065576
140.31100011,0.15027716,0.09837274,0.07420000,0.87594584,0.67767353,0.80942411
140.41100001,0.16067106,0.10445301,0.06020000,0.89268373,0.66794340,0.74668874
140.51100016,0.16265813,0.10848254,0.06720000,0.91581844,0.65784917,0.74471810
140.61100006,0.16504658,0.11382001,0.08010000,0.90815945,0.63687550,0.79897931
140.71200013,0.16787057,0.11825042,0.08220000,0.90583310,0.59705343,0.79499953
140.81200004,0.16918626,0.12226614,0.05510000,0.88811208,0.63588520,0.74974180
140.91200018,0.17179583,0.12561705,0.02420000,0.91766719,0.61936599,0.72951135
141.01200008,0.17462454,0.12315893,0.03620000,0.92242185,0.63063457,0.75033301
141.11199999,0.17800462,0.12764997,0.03310000,0.93551565,0.60358990,0.71694915
141.21200013,0.18907322,0.14506677,0.03820000,0.97904682,0.65084605,0.73447459
141.31200004,0.17891763,0.13557246,0.03310000,0.91153689,0.64857315,0.75344140
141.41200018,0.19384974,0.12060285,0.05920000,0.93700975,0.60794100,0.78372436
141.51200008,0.19777231,0.12210931,0.05920000,0.94503671,0.57146503,0.80551084
141.61199999,0.18698270,0.13088285,0.06420000,0.86837126,0.53278721,0.80006378
141.71200013,0.20089944,0.13550714,0.07220000,0.93239800,0.54139978,0.83937335
141.81200004,0.21194967,0.14136982,0.02420000,0.95334207,0.56790286,0.73010467
141.91200018,0.21788098,0.14534778,0.01520000,0.95531573,0.57099870,0.72538814
142.01300001,0.22107017,0.14655658,0.01420000,0.94515660,0.56972272,0.73970655
142.11300015,0.21339156,0.13768330,0.01920000,0.95655383,0.55977719,0.74032623
142.21300006,0.20631749,0.13643457,0.01620000,0.90481623,0.54704457,0.74856026
142.31300020,0.20686457,0.15941512,0.01720000,0.91636409,0.57174562,0.74751662
142.41300011,0.20888255,0.16264003,0.01620000,0.92189254,0.56338996,0.73583827
142.51300001,0.21999717,0.18341506,0.01280000,0.98487743,0.59986877,0.71693377
142.61300015,0.23463566,0.17423004,0.01420000,1.01452546,0.63213281,0.70941159
142.71300006,0.23639993,0.17821417,0.03020000,1.02945766,0.62398277,0.73009992
142.81300020,0.22495649,0.18630251,0.01020000,1.02631157,0.64893782,0.71374082
142.91300011,0.22106386,0.27763514,0.07110000,0.93565680,0.76120089,0.80481322
